canonical_taxon_id,bio1,bio2,bio3,bio4,bio5,bio6,bio7,bio8,bio9,bio10,bio11,bio12,bio13,bio14,bio15,bio16,bio17,bio18,bio19,elevation,habitat_suitability
abditomys_latidens,16.6,9.34,51.0,3031.2,26.68,8.36,18.31,18.44,14.77,23.01,10.19,955.83,119.69,47.63,40.21,335.12,119.06,272.51,181.67,328.2,0.9674
abeomelomys_sevia,22.08,8.41,89.37,1063.8,27.26,17.85,9.41,23.03,21.14,25.38,18.79,1804.66,201.32,109.64,27.09,563.69,274.11,502.68,335.12,410.0,0.9715
abrawayaomys_ruschii,15.87,9.52,50.52,3144.6,26.23,7.39,18.85,17.75,13.98,22.46,9.27,899.39,113.33,44.25,40.96,317.31,110.62,256.76,171.17,388.3,0.9541
abrocoma_bennettii,9.91,10.37,33.58,5695.2,26.9,-3.99,30.89,13.0,6.82,20.73,-0.9,461.41,66.31,16.16,57.97,185.67,40.4,135.65,90.43,105.4,0.6864
abrocoma_boliviensis,16.44,9.33,48.86,3195.0,26.94,7.85,19.09,18.35,14.53,23.12,9.76,895.69,113.17,43.81,41.3,316.89,109.53,255.85,170.57,276.0,0.9571
abrocoma_cinerea,15.84,9.4,45.89,3490.2,27.11,6.62,20.48,17.89,13.79,23.01,8.67,789.67,101.4,37.33,43.27,283.91,93.33,226.35,150.9,229.8,0.9296
abrothrix_andinus,13.97,9.69,40.55,4215.6,27.12,3.22,23.91,16.36,11.58,22.34,5.61,582.87,77.78,25.21,48.1,217.78,63.02,168.48,112.32,176.3,0.8295
abrothrix_illuteus,12.63,9.96,38.73,4599.0,26.77,1.05,25.72,15.2,10.06,21.63,3.63,505.16,68.75,20.77,50.66,192.51,51.93,146.66,97.78,203.1,0.7666
abrothrix_jelskii,16.61,9.25,47.78,3254.4,27.26,7.89,19.37,18.54,14.67,23.39,9.83,879.89,111.54,42.75,41.7,312.31,106.88,251.52,167.68,222.9,0.955
abrothrix_lanosus,-1.02,12.28,25.13,9496.8,25.85,-23.0,48.85,3.87,-5.9,16.08,-18.11,878.7,149.48,12.22,83.31,418.55,30.55,269.46,179.64,0.0,0.6005
abrothrix_longipilis,4.63,11.27,28.24,7601.4,26.57,-13.32,39.9,8.62,0.64,18.59,-9.33,751.03,117.88,18.35,70.68,330.06,45.88,225.56,150.38,22.2,0.6951
abrothrix_olivaceus,7.15,10.85,30.52,6678.0,26.7,-8.84,35.53,10.7,3.6,19.59,-5.29,575.72,86.67,17.02,64.52,242.68,42.56,171.14,114.09,68.3,0.6855
abrothrix_sanborni,4.94,11.2,28.29,7534.8,26.71,-12.88,39.58,8.89,0.98,18.79,-8.92,741.32,116.01,18.39,70.23,324.83,45.97,222.48,148.32,6.2,0.6997
acerodon_celebensis,24.67,7.93,88.8,246.6,29.58,20.65,8.93,25.56,23.78,27.8,21.54,1980.16,209.66,129.3,21.64,587.04,323.24,546.17,364.11,396.4,0.9282
acerodon_jubatus,18.92,8.96,62.69,2178.0,26.78,12.5,14.29,20.35,17.49,23.92,13.92,1340.78,159.94,73.16,34.52,447.84,182.91,378.45,252.3,372.6,0.994
acerodon_mackloti,20.51,8.67,73.2,1659.6,27.02,15.19,11.84,21.7,19.33,24.66,16.37,1579.26,182.71,90.72,31.06,511.58,226.81,443.03,295.36,371.6,0.9878
acinonyx_jubatus,23.71,8.03,88.92,763.2,28.68,19.65,9.03,24.61,22.81,26.87,20.55,1907.75,208.83,119.09,25.09,584.74,297.74,529.48,352.99,301.0,0.9462
acomys_kempi,25.01,7.91,88.77,50.0,29.91,21.0,8.91,25.9,24.12,28.13,21.89,1983.1,207.02,131.85,20.22,579.65,329.62,545.57,363.71,444.9,0.9214
acomys_louisae,20.35,8.75,76.24,1582.2,26.66,15.19,11.47,21.5,19.2,24.36,16.33,1603.43,184.64,92.8,30.55,517.0,232.0,449.4,299.6,433.4,0.9893
acomys_minous,7.71,10.8,31.75,6355.8,26.42,-7.6,34.01,11.11,4.31,19.61,-4.2,517.39,76.73,16.22,62.37,214.85,40.56,153.24,102.16,133.9,0.6675
acomys_percivali,23.98,8.08,88.99,405.0,28.98,19.9,9.08,24.89,23.07,27.16,20.8,1957.95,209.46,126.12,22.7,586.49,315.31,541.08,360.72,427.8,0.9414
acomys_russatus,13.2,9.97,42.59,4111.2,26.08,2.67,23.41,15.54,10.86,21.4,5.01,582.66,77.33,25.54,47.41,216.52,63.84,168.22,112.14,344.0,0.8184
acomys_spinosissimus,17.42,9.21,54.76,2714.4,26.67,9.86,16.82,19.11,15.74,23.31,11.54,1092.4,134.38,56.35,38.1,376.27,140.88,310.29,206.86,351.1,0.9842
acomys_subspinosus,9.19,10.51,32.95,5911.2,26.74,-5.17,31.91,12.38,6.0,20.36,-1.98,472.82,68.66,15.99,59.41,192.25,39.99,139.34,92.9,115.3,0.6769
acomys_wilsoni,23.49,8.18,89.11,532.8,28.54,19.36,9.18,24.41,22.57,26.71,20.28,1935.56,208.78,123.31,23.55,584.59,308.27,535.72,357.15,443.0,0.9501
aconaemys_sagei,6.12,11.01,29.35,7093.8,26.74,-10.76,37.5,9.87,2.37,19.24,-7.01,654.95,100.49,17.85,67.29,281.37,44.63,195.6,130.4,32.1,0.6971
acrobates_pygmaeus,12.36,10.09,40.07,4483.8,26.21,1.03,25.17,14.88,9.84,21.17,3.55,510.03,69.01,21.3,49.89,193.22,53.24,147.88,98.59,298.4,0.7648
addax_nasomaculatus,16.1,9.24,43.09,3693.6,27.9,6.46,21.44,18.25,13.96,23.61,8.6,740.34,96.11,34.16,44.62,269.1,85.41,212.71,141.81,93.8,0.9167
aepeomys_lugens,23.47,8.02,88.91,979.2,28.43,19.41,9.02,24.37,22.56,26.62,20.31,1857.38,206.11,113.72,26.53,577.1,284.3,516.84,344.56,237.3,0.9503
aepyceros_melampus,18.91,8.9,59.46,2323.8,27.15,12.17,14.97,20.41,17.41,24.15,13.67,1281.67,154.19,68.9,35.49,431.73,172.25,362.39,241.59,306.0,0.9925
aepyprymnus_rufescens,11.87,10.15,38.64,4716.0,26.31,0.04,26.27,14.49,9.24,21.06,2.67,478.98,65.58,19.38,51.44,183.62,48.46,139.25,92.83,265.3,0.7376
aeromys_tephromelas,24.94,7.76,88.59,466.2,29.76,21.0,8.76,25.82,24.06,28.01,21.87,1975.39,212.17,126.58,23.11,594.06,316.44,546.3,364.2,251.7,0.9228
aeromys_thomasi,24.48,7.9,88.76,486.0,29.37,20.47,8.9,25.37,23.59,27.59,21.36,1962.97,211.1,125.56,23.24,591.08,313.91,543.0,362.0,313.5,0.932
aethalops_alecto,25.3,7.7,88.51,340.2,30.08,21.38,8.7,26.17,24.43,28.34,22.25,1991.9,212.2,129.03,22.27,594.15,322.57,550.03,366.69,255.9,0.9154
aethomys_chrysophilus,16.94,9.24,50.71,3013.2,26.97,8.74,18.23,18.76,15.12,23.32,10.56,969.98,121.34,48.43,40.09,339.74,121.07,276.49,184.32,285.0,0.9707
aethomys_hindei,24.31,7.95,88.82,493.2,29.23,20.29,8.95,25.21,23.42,27.44,21.18,1958.45,210.71,125.2,23.29,590.0,312.99,541.79,361.2,335.7,0.9352
aethomys_kaiseri,21.05,8.53,74.36,1582.2,27.36,15.89,11.47,22.2,19.9,25.06,17.03,1619.6,186.5,93.74,30.55,522.21,234.34,453.93,302.62,325.6,0.983
ailuropoda_melanoleuca,10.65,10.21,33.87,5536.8,27.23,-2.92,30.15,13.66,7.63,21.2,0.1,462.42,65.95,16.6,56.91,184.66,41.51,135.7,90.47,67.0,0.7032
ailurops_ursinus,24.37,7.98,88.86,354.6,29.31,20.33,8.98,25.27,23.47,27.51,21.23,1969.83,210.04,127.44,22.36,588.12,318.6,544.03,362.69,391.7,0.9341
ailurus_fulgens,12.26,9.88,35.12,5108.4,27.73,-0.39,28.12,15.08,9.45,22.11,2.42,478.32,66.79,18.31,54.06,187.02,45.78,139.68,93.12,19.7,0.7443
akodon_aerosus,21.64,8.34,72.4,1593.0,27.98,16.46,11.52,22.8,20.49,25.68,17.61,1629.49,187.77,94.21,30.62,525.74,235.53,456.76,304.51,228.9,0.9765
akodon_affinis,23.59,7.97,88.85,1006.2,28.52,19.55,8.97,24.48,22.69,26.73,20.45,1853.68,206.04,113.22,26.71,576.92,283.04,515.98,343.99,206.2,0.9482
akodon_albiventer,15.04,9.53,43.59,3783.6,27.07,5.2,21.87,17.23,12.85,22.69,7.39,693.55,90.47,31.66,45.22,253.31,79.15,199.47,132.98,215.2,0.8914
akodon_azarae,10.26,10.41,35.64,5337.0,26.32,-2.88,29.2,13.18,7.34,20.48,0.04,439.4,62.06,16.27,55.58,173.76,40.66,128.65,85.77,220.9,0.6806
akodon_bogotensis,23.11,8.09,88.36,1090.8,28.14,18.99,9.15,24.02,22.19,26.31,19.9,1821.23,203.51,110.38,27.27,569.82,275.95,507.46,338.31,240.0,0.9563
akodon_boliviensis,15.29,9.48,43.87,3727.8,27.17,5.57,21.6,17.45,13.13,22.85,7.73,712.89,92.71,32.76,44.85,259.6,81.91,204.9,136.6,203.3,0.9009
akodon_budini,13.7,9.78,40.85,4221.0,26.87,2.93,23.93,16.1,11.31,22.08,5.33,575.78,76.86,24.88,48.14,215.19,62.21,166.44,110.96,215.3,0.8222
akodon_cursor,13.52,9.92,43.26,4006.8,26.12,3.2,22.92,15.81,11.23,21.54,5.5,609.6,80.46,27.07,46.71,225.29,67.68,175.78,117.19,344.5,0.8365
akodon_dayi,18.13,9.02,54.78,2640.6,27.18,10.72,16.47,19.77,16.48,23.89,12.36,1137.28,139.32,59.14,37.6,390.1,147.84,322.76,215.18,277.7,0.9877
akodon_dolores,9.76,10.46,34.35,5599.8,26.51,-3.94,30.44,12.81,6.72,20.42,-0.89,447.91,64.08,15.93,57.33,179.41,39.82,131.54,87.69,173.1,0.6748
akodon_fumeus,16.58,9.28,48.37,3214.8,27.13,7.95,19.18,18.49,14.66,23.29,9.86,892.19,112.85,43.54,41.43,315.99,108.86,254.91,169.94,246.2,0.9572
akodon_iniscatus,3.3,11.52,27.51,8017.2,26.32,-15.53,41.86,7.49,-0.88,17.95,-11.35,818.66,130.86,18.11,73.45,366.4,45.29,247.01,164.67,30.8,0.6812
akodon_juninensis,21.0,8.43,65.68,1872.0,28.06,15.22,12.84,22.29,19.72,25.5,16.51,1510.25,176.95,84.98,32.48,495.46,212.44,424.74,283.16,196.5,0.9827
akodon_kofordi,18.95,8.84,56.48,2466.0,27.55,11.91,15.64,20.51,17.38,24.42,13.47,1225.38,148.63,64.9,36.44,416.16,162.26,347.05,231.37,233.4,0.9905
akodon_latebricola,25.68,7.58,88.35,343.8,30.4,21.82,8.58,26.54,24.82,28.68,22.68,2000.57,213.17,129.55,22.29,596.87,323.87,552.45,368.3,195.4,0.9072
akodon_lindberghi,17.55,9.24,57.62,2547.0,26.37,10.34,16.03,19.16,15.95,23.16,11.94,1160.91,141.46,60.97,36.98,396.09,152.42,329.11,219.4,410.0,0.9888
akodon_lutescens,15.41,9.48,44.78,3634.2,27.05,5.88,21.16,17.52,13.29,22.81,8.0,739.7,95.72,34.38,44.23,268.01,85.95,212.38,141.58,229.0,0.9112
akodon_mimus,17.62,9.1,52.05,2853.0,27.23,9.76,17.47,19.37,15.88,23.74,11.51,1044.35,129.48,53.07,39.02,362.54,132.68,297.13,198.08,255.0,0.9806
akodon_molinae,7.01,10.92,31.01,6607.8,26.37,-8.83,35.2,10.53,3.49,19.33,-5.31,556.07,83.44,16.66,64.05,233.63,41.64,165.17,110.11,123.5,0.6716
akodon_mollis,24.92,7.72,88.53,597.6,29.71,20.99,8.72,25.79,24.04,27.97,21.86,1960.79,212.39,124.21,23.98,594.68,310.52,543.12,362.08,193.6,0.9232
akodon_neocenus,5.7,11.14,29.71,7090.2,26.31,-11.17,37.48,9.45,1.95,18.82,-7.42,644.37,98.85,17.58,67.27,276.78,43.94,192.43,128.29,98.2,0.6819
akodon_orophilus,22.81,8.1,80.83,1276.2,28.33,18.3,10.03,23.82,21.81,26.32,19.31,1761.82,199.14,104.96,28.51,557.58,262.41,492.0,328.0,197.8,0.9609
akodon_sanctipaulensis,12.86,10.04,42.01,4213.8,26.0,2.1,23.9,15.25,10.47,21.22,4.49,557.4,74.37,24.11,48.09,208.24,60.28,161.11,107.41,348.8,0.7998
akodon_serrensis,12.4,10.11,40.77,4402.8,26.03,1.24,24.79,14.88,9.92,21.08,3.72,520.23,70.1,21.96,49.35,196.27,54.89,150.7,100.47,330.4,0.7714
akodon_siberiae,16.72,9.26,49.28,3133.8,27.06,8.26,18.8,18.6,14.84,23.3,10.14,922.82,116.21,45.46,40.89,325.39,113.64,263.42,175.61,261.7,0.963
akodon_simulator,12.76,9.95,39.24,4521.6,26.71,1.35,25.35,15.3,10.23,21.64,3.89,515.43,69.88,21.41,50.14,195.65,53.54,149.51,99.67,218.6,0.7747
akodon_spegazzinii,12.49,9.98,38.49,4645.8,26.76,0.82,25.94,15.09,9.9,21.57,3.41,498.28,67.98,20.36,50.97,190.34,50.89,144.74,96.5,202.0,0.7602
akodon_subfuscus,18.96,8.83,56.11,2484.0,27.61,11.88,15.73,20.53,17.39,24.47,13.46,1218.51,147.95,64.42,36.56,414.25,161.05,345.18,230.12,222.8,0.9902
akodon_surdus,19.53,8.71,58.23,2322.0,27.76,12.79,14.96,21.02,18.03,24.76,14.29,1296.59,155.97,69.71,35.48,436.71,174.28,366.6,244.4,212.2,0.9904
akodon_sylvanus,14.62,9.63,43.33,3861.0,26.85,4.61,22.23,16.84,12.39,22.4,6.84,665.85,87.21,30.11,45.74,244.2,75.27,191.68,127.79,243.8,0.8759
akodon_toba,13.94,9.79,42.74,4001.4,26.53,3.64,22.9,16.23,11.65,21.96,5.93,620.48,81.87,27.57,46.68,229.25,68.93,178.91,119.27,281.7,0.8475
akodon_torques,19.15,8.79,57.0,2419.2,27.64,12.21,15.42,20.69,17.61,24.55,13.75,1248.84,151.07,66.47,36.13,422.99,166.18,353.5,235.67,224.0,0.9906
akodon_varius,15.7,9.45,46.33,3472.2,26.91,6.52,20.4,17.74,13.66,22.83,8.56,791.54,101.54,37.5,43.15,284.3,93.75,226.83,151.22,260.8,0.929
alcelaphus_buselaphus,23.38,8.02,88.91,1045.8,28.34,19.33,9.02,24.29,22.48,26.54,20.23,1839.23,204.94,111.93,26.97,573.84,279.82,512.2,341.47,218.6,0.9518
alcelaphus_caama,14.8,9.56,42.62,3902.4,27.14,4.71,22.43,17.05,12.56,22.65,6.95,660.95,86.76,29.73,46.02,242.93,74.33,190.36,126.91,196.0,0.8759
alcelaphus_lichtensteinii,19.39,8.85,63.7,2093.4,27.02,13.14,13.89,20.78,18.0,24.25,14.53,1385.47,164.46,76.25,33.96,460.49,190.63,390.67,260.45,341.0,0.9931
alionycteris_paucidentata,21.09,8.58,80.36,1414.8,26.96,16.28,10.68,22.15,20.02,24.82,17.35,1677.97,191.27,98.68,29.43,535.57,246.69,469.36,312.9,398.6,0.9829
allactaga_elater,5.89,11.07,29.49,7102.8,26.53,-11.01,37.54,9.64,2.13,19.03,-7.25,651.96,100.07,17.74,67.35,280.2,44.34,194.73,129.82,63.2,0.69
allactaga_tetradactyla,9.88,10.44,34.63,5540.4,26.47,-3.69,30.16,12.9,6.86,20.44,-0.68,445.08,63.49,15.97,56.94,177.76,39.93,130.62,87.08,183.1,0.6757
allenopithecus_nigroviridis,26.08,7.58,88.34,50.0,30.8,22.22,8.58,26.94,25.22,29.08,23.08,2007.7,209.56,133.51,20.2,586.77,333.76,552.32,368.22,281.0,0.8984
allocebus_trichotis,16.34,9.44,52.15,2986.2,26.3,8.19,18.1,18.15,14.53,22.68,10.0,965.81,120.63,48.36,39.91,337.77,120.91,275.21,183.47,390.0,0.9674
alouatta_belzebul,21.41,8.56,87.48,1224.0,26.79,17.01,9.78,22.39,20.44,24.84,17.99,1745.08,196.61,104.47,28.16,550.51,261.18,487.02,324.68,437.9,0.9796
alouatta_caraya,14.62,9.71,45.61,3661.2,26.33,5.04,21.29,16.75,12.49,22.07,7.17,714.37,92.58,33.09,44.41,259.21,82.74,205.17,136.78,337.9,0.8946
alouatta_guariba,14.0,9.85,44.83,3803.4,26.08,4.12,21.96,16.19,11.8,21.68,6.31,664.81,86.81,30.27,45.36,243.07,75.68,191.25,127.5,366.2,0.8679
alouatta_palliata,23.23,7.99,80.61,1251.0,28.68,18.77,9.91,24.22,22.24,26.7,19.76,1779.04,200.77,106.24,28.34,562.16,265.6,496.66,331.1,145.5,0.9542
alouatta_pigra,17.12,9.05,45.28,3384.0,28.11,8.13,19.98,19.12,15.12,24.11,10.13,850.8,108.62,40.72,42.56,304.13,101.81,243.57,162.38,83.1,0.9512
alouatta_sara,17.96,9.07,54.93,2649.6,27.04,10.53,16.51,19.61,16.31,23.74,12.18,1129.95,138.49,58.7,37.66,387.78,146.74,320.72,213.81,299.0,0.9873
alouatta_seniculus,25.77,7.64,88.42,122.4,30.52,21.88,8.64,26.63,24.91,28.79,22.75,2004.64,210.52,132.28,20.82,589.46,330.7,552.09,368.06,285.4,0.9053
alticola_argentatus,6.12,10.98,29.03,7162.2,26.92,-10.9,37.82,9.9,2.33,19.35,-7.12,672.56,103.51,18.08,67.75,289.83,45.19,201.01,134.01,0.0,0.7044
alticola_roylei,10.59,10.19,33.34,5626.8,27.4,-3.17,30.57,13.65,7.53,21.29,-0.11,469.62,67.27,16.63,57.51,188.35,41.57,137.95,91.97,33.7,0.7063
alticola_stoliczkanus,9.59,10.35,31.88,6026.4,27.44,-5.02,32.46,12.83,6.34,20.95,-1.77,499.86,72.99,16.59,60.18,204.36,41.47,147.5,98.33,0.0,0.7023
alticola_strelzowi,1.24,11.87,26.16,8757.0,26.19,-19.17,45.35,5.78,-3.29,17.12,-14.63,895.97,147.82,16.14,78.38,413.88,40.36,272.54,181.7,0.0,0.6499
amblysomus_hottentotus,10.3,10.39,35.48,5353.2,26.4,-2.88,29.28,13.23,7.37,20.55,0.05,441.26,62.37,16.29,55.69,174.63,40.74,129.22,86.15,206.8,0.6827
ametrida_centurio,24.31,7.99,88.87,392.4,29.25,20.26,8.99,25.21,23.41,27.45,21.16,1966.29,210.18,126.8,22.62,588.5,317.0,543.3,362.2,383.5,0.9352
ammodillus_imbellis,21.22,8.59,85.33,1285.2,26.76,16.69,10.07,22.23,20.21,24.74,17.7,1722.29,194.78,102.52,28.57,545.38,256.31,481.01,320.67,438.9,0.9816
ammodorcas_clarkei,21.73,8.5,89.47,1112.4,26.96,17.46,9.5,22.68,20.78,25.06,18.41,1783.78,199.59,107.89,27.42,558.85,269.74,497.15,331.44,441.3,0.9759
ammospermophilus_harrisii,9.47,10.47,33.34,5803.2,26.74,-4.66,31.4,12.61,6.33,20.46,-1.52,464.35,67.08,15.99,58.69,187.83,39.97,136.68,91.12,122.8,0.6782
ammospermophilus_interpres,11.0,10.14,34.27,5421.6,27.28,-2.32,29.6,13.96,8.04,21.36,0.64,461.73,65.48,16.87,56.14,183.35,42.19,135.32,90.21,66.3,0.7101
ammospermophilus_leucurus,8.72,10.61,32.68,6030.0,26.58,-5.9,32.47,11.96,5.47,20.08,-2.65,480.38,70.16,15.93,60.2,196.43,39.83,141.76,94.51,132.1,0.6703
ammospermophilus_nelsoni,7.15,10.94,31.79,6438.6,26.07,-8.33,34.4,10.59,3.71,19.19,-4.89,521.86,77.69,16.12,62.92,217.54,40.31,154.71,103.14,180.7,0.6561
ammotragus_lervia,13.82,9.64,38.4,4471.2,27.64,2.52,25.11,16.33,11.31,22.61,5.03,545.15,73.71,22.8,49.81,206.4,57.0,158.04,105.36,79.3,0.8075
anathana_ellioti,18.33,8.87,50.39,2880.0,28.01,10.41,17.6,20.09,16.57,24.49,12.17,1050.5,130.44,53.23,39.2,365.22,133.06,298.97,199.31,134.3,0.9812
andalgalomys_olrogi,11.62,10.13,36.83,4975.2,26.74,-0.75,27.49,14.37,8.87,21.24,2.0,463.55,64.3,18.09,53.17,180.05,45.23,135.16,90.11,181.4,0.7235
andalgalomys_pearsoni,15.01,9.6,45.54,3619.8,26.61,5.52,21.09,17.12,12.9,22.39,7.63,734.36,94.96,34.19,44.13,265.88,85.47,210.81,140.54,297.0,0.9056
andinomys_edax,14.26,9.66,41.65,4066.2,27.02,3.82,23.2,16.58,11.94,22.38,6.14,615.24,81.46,27.12,47.11,228.09,67.79,177.53,118.35,202.8,0.8492
anisomys_imitator,21.59,8.51,88.0,1200.6,26.91,17.24,9.67,22.56,20.63,24.98,18.21,1756.05,197.56,105.36,28.0,553.17,263.39,489.94,326.63,421.1,0.9776
anomalurus_beecrofti,24.29,7.8,88.64,880.2,29.13,20.32,8.8,25.17,23.41,27.37,21.2,1898.38,209.35,117.28,25.87,586.18,293.19,527.62,351.75,157.6,0.9355
anomalurus_derbianus,24.21,7.86,88.71,799.2,29.08,20.22,8.86,25.1,23.32,27.31,21.11,1912.7,209.86,119.02,25.33,587.6,297.55,531.09,354.06,207.4,0.9371
anomalurus_pelii,23.61,7.92,85.72,1110.6,28.69,19.45,9.24,24.53,22.68,26.84,20.37,1827.52,204.46,110.56,27.4,572.49,276.4,509.33,339.55,153.8,0.9478
anomalurus_pusillus,26.54,7.41,88.11,93.6,31.17,22.76,8.41,27.39,25.7,29.49,23.6,2021.52,211.89,133.72,20.62,593.29,334.29,556.55,371.03,180.0,0.888
anotomys_leander,25.93,7.54,88.29,257.4,30.63,22.09,8.54,26.79,25.08,28.92,22.95,2009.18,212.88,131.07,21.72,596.07,327.68,554.25,369.5,196.7,0.9018
anoura_caudifer,21.11,8.56,78.5,1461.6,27.1,16.2,10.9,22.2,20.02,24.92,17.29,1662.84,190.09,97.35,29.74,532.25,243.38,465.38,310.25,373.3,0.9826
anoura_cultrata,25.57,7.63,88.41,306.0,30.32,21.69,8.63,26.43,24.71,28.59,22.55,1999.52,212.53,129.9,22.04,595.09,324.76,551.91,367.94,230.1,0.9096
anoura_geoffroyi,26.2,7.54,88.28,50.0,30.9,22.36,8.54,27.06,25.35,29.19,23.21,2011.33,210.14,133.59,20.3,588.4,333.97,553.42,368.95,255.5,0.8957
anoura_latidens,20.85,8.54,70.26,1726.2,27.53,15.38,12.15,22.06,19.63,25.1,16.59,1562.27,181.46,89.17,31.51,508.1,222.92,438.61,292.41,289.1,0.9846
anourosorex_squamipes,13.44,9.7,37.59,4618.8,27.64,1.83,25.81,16.02,10.86,22.47,4.41,522.29,71.16,21.42,50.79,199.24,53.54,151.67,101.11,68.7,0.7893
antechinomys_laniger,11.04,10.34,38.27,4876.2,25.9,-1.13,27.03,13.74,8.33,20.5,1.58,452.31,62.43,17.9,52.51,174.81,44.75,131.74,87.83,317.6,0.7051
antechinus_agilis,6.6,11.06,31.63,6559.2,25.84,-9.13,34.97,10.1,3.11,18.85,-5.64,535.72,80.21,16.19,63.73,224.58,40.48,159.04,106.02,208.3,0.6501
antechinus_bellus,18.19,9.12,60.93,2323.8,26.43,11.45,14.97,19.69,16.7,23.43,12.95,1265.11,152.2,68.01,35.49,426.15,170.02,357.7,238.47,416.5,0.9934
antechinus_flavipes,11.09,10.34,38.46,4845.6,25.87,-1.01,26.88,13.78,8.4,20.5,1.68,454.59,62.65,18.07,52.3,175.42,45.17,132.35,88.24,323.9,0.7075
antechinus_godmani,15.84,9.5,49.35,3229.2,26.43,7.18,19.25,17.76,13.91,22.58,9.1,870.4,110.19,42.41,41.53,308.52,106.03,248.73,165.82,353.0,0.9485
antechinus_leo,18.26,9.09,60.14,2354.4,26.58,11.46,15.12,19.77,16.75,23.55,12.97,1254.34,151.17,67.22,35.7,423.27,168.04,354.79,236.52,391.6,0.993
antechinus_minimus,4.63,11.41,29.89,7236.0,25.62,-12.55,38.17,8.44,0.81,17.98,-8.73,657.26,101.49,17.4,68.24,284.18,43.49,196.6,131.07,194.6,0.6605
antechinus_stuartii,11.63,10.19,38.11,4813.2,26.33,-0.4,26.73,14.3,8.96,20.99,2.28,468.44,64.45,18.7,52.09,180.47,46.76,136.34,90.89,255.6,0.7267
antechinus_swainsonii,7.46,10.91,32.42,6276.6,25.96,-7.68,33.64,10.83,4.1,19.24,-4.31,495.82,73.26,15.77,61.84,205.13,39.41,146.73,97.82,209.2,0.6487
antidorcas_marsupialis,15.36,9.45,43.71,3733.2,27.25,5.62,21.63,17.52,13.19,22.93,7.79,713.11,92.77,32.75,44.89,259.75,81.88,204.98,136.65,190.4,0.9016
antilocapra_americana,7.21,10.82,30.37,6697.8,26.81,-8.82,35.63,10.77,3.65,19.68,-5.26,581.79,87.66,17.14,64.65,245.46,42.84,172.98,115.32,49.8,0.6901
antilope_cervicapra,16.75,9.16,45.97,3375.0,27.71,7.78,19.94,18.74,14.75,23.73,9.77,844.95,107.82,40.49,42.5,301.89,101.22,241.87,161.25,144.7,0.9485
antrozous_pallidus,9.0,10.45,31.34,6217.2,27.35,-6.01,33.36,12.34,5.67,20.68,-2.67,519.99,76.62,16.71,61.45,214.53,41.76,153.77,102.52,0.0,0.7002
aonyx_capensis,21.9,8.26,71.48,1600.2,28.26,16.7,11.56,23.06,20.75,25.95,17.86,1632.87,188.24,94.34,30.67,527.06,235.85,457.75,305.17,185.8,0.9732
aonyx_cinerea,20.82,8.43,61.95,2034.0,28.3,14.69,13.61,22.18,19.46,25.58,16.05,1442.2,170.6,79.85,33.56,477.68,199.62,406.38,270.92,149.0,0.9837
aotus_azarae,16.74,9.28,50.2,3069.0,26.91,8.42,18.49,18.59,14.89,23.21,10.27,945.68,118.66,46.92,40.46,332.26,117.3,269.74,179.82,289.2,0.9666
aotus_hershkovitzi,24.58,7.81,88.65,628.2,29.42,20.61,8.81,25.46,23.7,27.66,21.49,1948.97,211.52,123.13,24.19,592.26,307.82,540.05,360.03,231.1,0.93
aotus_lemurinus,23.27,8.02,86.49,1117.8,28.38,19.1,9.28,24.2,22.35,26.52,20.03,1817.88,203.47,109.9,27.45,569.73,274.76,506.69,337.79,201.8,0.9536
aotus_miconax,23.42,8.0,88.2,1072.8,28.41,19.34,9.07,24.33,22.51,26.59,20.25,1833.16,204.61,111.29,27.15,572.91,278.21,510.67,340.45,200.3,0.9511
aotus_nancymaae,23.81,7.97,88.85,826.2,28.74,19.77,8.97,24.71,22.91,26.95,20.67,1898.26,208.63,117.84,25.51,584.16,294.59,527.25,351.5,256.6,0.9444
aotus_nigriceps,21.77,8.38,79.37,1389.6,27.58,17.01,10.56,22.82,20.71,25.46,18.07,1701.93,193.71,100.32,29.26,542.38,250.81,475.91,317.28,305.8,0.9752
aotus_trivirgatus,23.66,8.05,88.95,747.0,28.64,19.59,9.05,24.57,22.76,26.83,20.5,1909.46,208.81,119.37,24.98,584.66,298.43,529.86,353.24,316.1,0.9471
aotus_vociferans,25.6,7.67,88.46,190.8,30.36,21.7,8.67,26.46,24.73,28.63,22.56,2001.79,211.17,131.33,21.27,591.28,328.33,551.77,367.84,279.9,0.909
aplodontia_rufa,3.3,11.61,28.49,7779.6,25.71,-15.03,40.74,7.38,-0.77,17.56,-10.95,764.2,120.89,17.92,71.86,338.49,44.8,229.97,153.32,142.2,0.6665
apodemus_agrarius,4.99,11.18,28.27,7529.4,26.75,-12.81,39.56,8.95,1.04,18.84,-8.85,741.27,115.97,18.41,70.2,324.73,46.03,222.45,148.3,0.0,0.701
apodemus_flavicollis,-0.45,12.22,25.74,9201.6,25.65,-21.81,47.45,4.29,-5.2,16.15,-17.06,889.17,149.44,13.82,81.34,418.43,34.56,271.79,181.2,51.9,0.6135
apodemus_mystacinus,6.03,11.16,31.04,6766.2,25.8,-10.15,35.95,9.62,2.43,18.61,-6.55,570.89,86.29,16.6,65.11,241.62,41.5,169.87,113.25,199.4,0.6548
apodemus_semotus,13.18,9.93,41.26,4248.0,26.41,2.35,24.06,15.58,10.77,21.6,4.76,559.48,74.78,24.1,48.32,209.4,60.24,161.78,107.85,283.4,0.806
apodemus_speciosus,5.44,11.29,30.93,6885.0,25.52,-10.99,36.51,9.09,1.79,18.22,-7.34,586.41,89.12,16.66,65.9,249.54,41.66,174.72,116.48,234.6,0.6479
apodemus_sylvaticus,1.86,11.75,26.47,8555.4,26.28,-18.12,44.4,6.3,-2.58,17.4,-13.68,884.3,144.65,16.92,77.04,405.03,42.31,268.4,178.93,0.0,0.6616
apodemus_uralensis,2.37,11.8,28.22,8011.8,25.38,-16.45,41.83,6.56,-1.81,17.01,-12.27,796.02,127.21,17.64,73.41,356.18,44.09,240.16,160.11,176.4,0.6534
apodemus_witherbyi,5.13,11.35,30.67,6989.4,25.48,-11.52,37.01,8.83,1.43,18.08,-7.82,605.53,92.47,16.86,66.6,258.91,42.14,180.63,120.42,232.9,0.6495
apomys_abrae,16.82,9.31,51.96,2946.6,26.67,8.75,17.91,18.61,15.02,23.09,10.55,991.1,123.52,49.85,39.64,345.86,124.62,282.29,188.19,335.6,0.9728
apomys_datae,16.52,9.36,50.71,3060.0,26.67,8.22,18.45,18.37,14.68,22.98,10.06,943.72,118.36,46.87,40.4,331.4,117.18,269.15,179.43,327.6,0.9653
apomys_hylocetes,21.2,8.57,82.11,1362.6,26.94,16.51,10.43,22.25,20.16,24.85,17.55,1697.63,192.9,100.32,29.08,540.12,250.81,474.56,316.37,405.3,0.9818
apomys_insignis,21.02,8.59,79.51,1441.8,26.96,16.15,10.81,22.1,19.94,24.8,17.23,1667.39,190.38,97.8,29.61,533.07,244.51,466.55,311.03,396.6,0.9835
apomys_littoralis,20.69,8.65,76.33,1553.4,26.92,15.59,11.34,21.82,19.56,24.66,16.72,1621.49,186.4,94.11,30.36,521.91,235.26,454.31,302.87,394.6,0.9865
apomys_microdon,18.19,9.08,58.41,2444.4,26.74,11.2,15.54,19.75,16.64,23.63,12.75,1216.57,147.38,64.58,36.3,412.65,161.46,344.47,229.65,360.0,0.9916
apomys_musculus,17.27,9.23,53.98,2775.6,26.68,9.57,17.11,18.98,15.56,23.26,11.28,1065.41,131.52,54.6,38.5,368.24,136.5,302.84,201.9,345.8,0.9817
apomys_sacobianus,17.47,9.19,54.36,2732.4,26.77,9.87,16.9,19.16,15.78,23.39,11.56,1086.62,133.81,55.95,38.22,374.66,139.87,308.72,205.81,334.9,0.9839
aproteles_bulmerae,22.08,8.42,89.38,1044.0,27.26,17.84,9.42,23.02,21.14,25.38,18.78,1809.6,201.62,110.14,26.96,564.54,275.36,503.94,335.96,420.0,0.9715
arborimus_albipes,3.22,11.63,28.57,7776.0,25.62,-15.1,40.72,7.3,-0.85,17.48,-11.03,761.48,120.44,17.87,71.84,337.23,44.67,229.14,152.76,156.3,0.6637
arborimus_longicaudus,3.03,11.66,28.41,7848.0,25.61,-15.45,41.06,7.14,-1.08,17.4,-11.34,774.05,122.82,17.85,72.32,343.88,44.64,233.11,155.41,152.4,0.6629
arborimus_pomo,4.96,11.34,30.0,7155.0,25.74,-12.04,37.79,8.74,1.18,18.19,-8.26,644.06,99.09,17.34,67.7,277.45,43.34,192.48,128.32,181.1,0.6631
archboldomys_luzonensis,18.11,9.1,58.31,2457.0,26.69,11.09,15.6,19.67,16.55,23.57,12.65,1209.64,146.64,64.13,36.38,410.6,160.33,342.56,228.37,366.6,0.9914
arctictis_binturong,21.3,8.38,67.78,1771.2,28.1,15.74,12.36,22.54,20.06,25.63,16.97,1555.81,181.2,88.41,31.81,507.36,221.03,437.03,291.36,198.0,0.9799
arctocebus_aureus,26.39,7.47,88.19,73.8,31.05,22.58,8.47,27.24,25.54,29.35,23.42,2017.09,211.15,133.65,20.49,591.21,334.11,555.2,370.13,213.2,0.8914
arctocebus_calabarensis,23.81,7.91,88.77,993.6,28.71,19.81,8.91,24.7,22.92,26.93,20.7,1861.99,206.81,113.85,26.62,579.06,284.64,518.22,345.48,176.9,0.9444
arctogalidia_trivirgata,20.67,8.5,64.07,1962.0,27.97,14.71,13.27,22.0,19.35,25.32,16.03,1467.46,172.85,81.84,33.08,483.99,204.59,413.15,275.43,204.7,0.9854
arctonyx_collaris,17.46,9.07,49.34,3045.6,27.57,9.19,18.38,19.3,15.63,23.9,11.03,970.55,121.63,48.28,40.3,340.55,120.7,276.76,184.5,189.3,0.9722
ardops_nichollsi,17.55,9.15,53.78,2757.6,26.91,9.89,17.02,19.25,15.85,23.51,11.59,1078.7,133.02,55.39,38.38,372.46,138.47,306.56,204.37,311.4,0.9834
arielulus_circumdatus,21.26,8.35,64.62,1888.2,28.37,15.45,12.92,22.55,19.97,25.78,16.74,1509.97,177.09,84.82,32.59,495.85,212.06,424.74,283.16,148.8,0.9799
artibeus_amplus,23.08,8.15,89.07,948.6,28.12,18.97,9.15,24.0,22.17,26.29,19.88,1855.66,205.52,113.93,26.32,575.46,284.83,516.17,344.12,310.4,0.9568
artibeus_aztecus,18.28,8.85,49.33,2953.8,28.16,10.21,17.95,20.08,16.49,24.57,12.0,1022.4,127.47,51.38,39.69,356.92,128.46,291.23,194.15,106.1,0.9786
artibeus_cinereus,22.66,8.27,89.21,975.6,27.76,18.49,9.27,23.59,21.74,25.91,19.42,1839.73,204.1,112.68,26.5,571.49,281.69,511.91,341.27,362.3,0.9633
artibeus_concolor,24.48,7.98,88.86,270.0,29.42,20.44,8.98,25.38,23.58,27.62,21.34,1975.41,209.48,128.73,21.8,586.53,321.83,545.01,363.34,414.4,0.932
artibeus_fimbriatus,12.88,10.03,41.85,4226.4,26.06,2.1,23.96,15.28,10.48,21.27,4.5,555.95,74.23,24.01,48.18,207.84,60.02,160.72,107.15,339.3,0.7993
artibeus_glaucus,21.39,8.51,81.86,1355.4,27.11,16.71,10.4,22.43,20.35,25.03,17.75,1704.19,193.56,100.78,29.04,541.97,251.95,476.35,317.57,380.3,0.9797
artibeus_gnomus,24.65,7.93,88.81,253.8,29.56,20.63,8.93,25.54,23.75,27.77,21.52,1979.53,209.69,129.18,21.69,587.13,322.94,546.05,364.03,396.5,0.9286
artibeus_hirsutus,14.72,9.52,40.89,4080.6,27.52,4.25,23.27,17.05,12.4,22.87,6.58,623.3,82.59,27.42,47.2,231.25,68.56,179.89,119.92,124.5,0.8583
artibeus_jamaicensis,26.18,7.54,88.29,52.2,30.88,22.34,8.54,27.03,25.32,29.17,23.19,2011.18,210.23,133.5,20.35,588.64,333.74,553.43,368.95,255.7,0.8962
artibeus_lituratus,23.95,7.99,88.87,671.4,28.9,19.91,8.99,24.85,23.05,27.1,20.81,1928.34,209.86,121.36,24.48,587.61,303.41,534.61,356.41,307.0,0.9419
artibeus_obscurus,20.61,8.66,75.18,1593.0,26.94,15.42,11.52,21.76,19.45,24.64,16.57,1605.54,185.01,92.83,30.62,518.02,232.07,450.05,300.03,388.5,0.9871
artibeus_phaeotis,21.18,8.34,62.94,1960.2,28.48,15.22,13.26,22.51,19.86,25.82,16.54,1479.94,174.31,82.55,33.07,488.06,206.36,416.65,277.77,127.1,0.9805
artibeus_toltecus,19.61,8.62,54.53,2500.2,28.31,12.5,15.81,21.19,18.03,25.15,14.08,1227.1,149.13,64.76,36.67,417.56,161.91,347.68,231.79,114.8,0.9876
artibeus_watsoni,19.98,8.56,56.35,2368.8,28.33,13.14,15.19,21.5,18.46,25.29,14.66,1288.18,155.38,68.93,35.79,435.05,172.32,364.42,242.95,120.6,0.9874
arvicanthis_abyssinicus,19.49,8.88,68.2,1911.6,26.65,13.62,13.03,20.79,18.18,24.05,14.93,1459.83,171.45,81.82,32.74,480.05,204.55,410.76,273.84,411.2,0.9937
arvicanthis_blicki,21.36,8.56,85.87,1263.6,26.84,16.87,9.97,22.35,20.36,24.84,17.87,1731.99,195.61,103.31,28.42,547.72,258.27,483.59,322.39,428.1,0.9801
arvicanthis_niloticus,22.1,8.24,74.47,1495.8,28.19,17.12,11.06,23.21,21.0,25.97,18.23,1674.15,191.78,97.7,29.97,536.99,244.24,468.74,312.49,204.2,0.9708
arvicola_amphibius,-0.42,12.2,25.67,9216.0,25.72,-21.8,47.52,4.33,-5.17,16.21,-17.05,890.46,149.75,13.77,81.44,419.29,34.43,272.23,181.49,39.6,0.6143
arvicola_sapidus,4.36,11.3,27.87,7736.4,26.65,-13.88,40.53,8.41,0.31,18.55,-9.83,778.16,122.87,18.43,71.58,344.02,46.08,234.06,156.04,0.0,0.6965
asellia_tridens,16.54,9.31,49.07,3169.8,26.97,8.0,18.97,18.43,14.64,23.18,9.9,906.32,114.36,44.46,41.13,320.2,111.15,258.81,172.54,273.3,0.9595
aselliscus_stoliczkanus,18.34,8.91,52.06,2775.6,27.74,10.64,17.11,20.05,16.63,24.32,12.35,1089.98,134.55,55.86,38.5,376.74,139.64,309.83,206.55,182.0,0.9844
aselliscus_tricuspidatus,21.62,8.48,85.44,1254.6,27.08,17.16,9.92,22.62,20.63,25.1,18.15,1740.86,196.51,103.92,28.36,550.22,259.81,486.02,324.01,391.2,0.9771
atelerix_albiventris,26.4,7.49,88.22,50.0,31.07,22.58,8.49,27.25,25.55,29.37,23.43,2013.53,209.84,134.15,20.05,587.56,335.39,553.77,369.18,243.1,0.8912
atelerix_algirus,9.44,10.37,31.75,6073.2,27.42,-5.26,32.68,12.71,6.18,20.88,-1.99,504.35,73.81,16.61,60.49,206.66,41.52,148.9,99.27,0.0,0.7015
atelerix_frontalis,14.08,9.69,41.09,4145.4,27.05,3.47,23.58,16.44,11.73,22.34,5.83,597.03,79.38,26.05,47.64,222.26,65.13,172.43,114.95,192.2,0.8381
ateles_belzebuth,25.93,7.61,88.38,79.2,30.67,22.06,8.61,26.79,25.07,28.94,22.92,2006.81,210.15,132.9,20.53,588.41,332.26,552.4,368.27,280.8,0.9018
ateles_chamek,22.41,8.23,82.69,1261.8,27.89,17.93,9.96,23.41,21.41,25.9,18.93,1756.86,198.4,104.81,28.41,555.52,262.02,490.53,327.02,266.8,0.9668
ateles_fusciceps,23.14,8.05,84.97,1159.2,28.35,18.87,9.47,24.08,22.19,26.45,19.82,1803.39,202.37,108.61,27.73,566.64,271.53,502.9,335.27,203.2,0.9557
ateles_geoffroyi,20.34,8.5,58.52,2228.4,28.33,13.81,14.52,21.8,18.89,25.43,15.26,1353.25,161.9,73.46,34.86,453.33,183.66,382.19,254.8,130.3,0.9864
ateles_marginatus,22.8,8.28,89.22,844.2,27.9,18.62,9.28,23.73,21.87,26.05,19.55,1871.43,205.91,115.98,25.63,576.55,289.96,519.91,346.61,403.3,0.9612
ateles_paniscus,24.23,8.02,88.91,370.8,29.19,20.17,9.02,25.13,23.33,27.38,21.07,1965.7,209.82,127.0,22.47,587.5,317.49,543.0,362.0,406.0,0.9368
atelocynus_microtis,18.3,9.03,57.54,2476.8,26.93,11.24,15.7,19.87,16.73,23.8,12.81,1206.15,146.39,63.81,36.51,409.88,159.53,341.65,227.77,327.7,0.9911
atherurus_africanus,26.77,7.38,88.06,50.0,31.38,23.0,8.38,27.61,25.93,29.7,23.84,2022.22,210.77,134.71,20.06,590.17,336.78,556.17,370.78,185.2,0.8827
atherurus_macrourus,19.93,8.6,58.08,2289.6,28.08,13.26,14.81,21.41,18.45,25.11,14.75,1319.01,158.37,71.16,35.26,443.43,177.89,372.79,248.53,165.2,0.9886
atilax_paludinosus,21.9,8.26,71.56,1598.4,28.25,16.7,11.55,23.05,20.74,25.94,17.85,1633.34,188.27,94.39,30.66,527.15,235.96,457.87,305.25,187.8,0.9732
atlantoxerus_getulus,10.58,10.17,32.93,5693.4,27.57,-3.31,30.89,13.67,7.5,21.39,-0.23,476.69,68.5,16.7,57.96,191.81,41.75,140.14,93.42,3.0,0.7103
auliscomys_boliviensis,16.93,9.2,49.0,3130.2,27.26,8.48,18.78,18.81,15.05,23.5,10.36,928.82,116.94,45.77,40.87,327.44,114.42,265.12,176.74,231.6,0.9648
auliscomys_pictus,18.88,8.84,55.51,2523.6,27.63,11.72,15.92,20.47,17.29,24.45,13.31,1200.82,146.13,63.22,36.82,409.16,158.05,340.33,226.88,216.9,0.9897
auliscomys_sublimis,16.09,9.34,46.2,3436.2,27.21,6.98,20.23,18.11,14.06,23.16,9.01,811.15,103.85,38.59,42.91,290.78,96.48,232.36,154.91,217.7,0.937
avahi_laniger,14.78,9.71,46.94,3533.4,26.16,5.47,20.69,16.85,12.71,22.02,7.54,752.8,96.89,35.41,43.56,271.29,88.52,215.89,143.92,373.0,0.9092
avahi_occidentalis,15.9,9.52,50.72,3128.4,26.22,7.45,18.77,17.77,14.02,22.47,9.32,905.57,114.0,44.63,40.86,319.21,111.58,258.47,172.32,391.6,0.9554
axis_axis,17.74,8.96,48.02,3105.0,28.01,9.34,18.66,19.61,15.87,24.27,11.21,956.2,120.22,47.25,40.7,336.62,118.13,272.85,181.9,118.7,0.9707
axis_calamianensis,19.15,8.89,62.67,2158.2,26.95,12.76,14.19,20.57,17.73,24.12,14.18,1353.95,161.33,74.03,34.39,451.72,185.07,382.08,254.72,347.2,0.9935
axis_kuhlii,22.9,8.17,89.09,1042.2,27.94,18.77,9.17,23.82,21.98,26.11,19.69,1828.98,203.76,111.34,26.95,570.52,278.36,509.32,339.55,294.6,0.9596
axis_porcinus,16.21,9.2,42.84,3702.6,28.03,6.54,21.48,18.36,14.06,23.73,8.69,740.54,96.18,34.14,44.68,269.31,85.34,212.79,141.86,73.0,0.9174
babyrousa_babyrussa,23.78,8.11,89.02,491.4,28.79,19.68,9.11,24.69,22.87,26.97,20.59,1946.31,209.38,124.44,23.28,586.27,311.1,538.42,358.95,418.6,0.945
baiomys_musculus,17.98,8.91,48.4,3051.0,28.11,9.7,18.41,19.82,16.14,24.42,11.54,980.61,122.92,48.75,40.34,344.18,121.88,279.64,186.43,107.0,0.974
baiomys_taylori,13.06,9.79,37.26,4714.2,27.5,1.24,26.26,15.68,10.43,22.25,3.86,506.56,69.35,20.5,51.43,194.18,51.26,147.26,98.18,83.1,0.7744
balantiopteryx_io,18.07,8.88,48.37,3042.0,28.18,9.81,18.36,19.91,16.24,24.5,11.65,985.93,123.53,49.07,40.28,345.88,122.67,281.13,187.42,96.9,0.9746
balantiopteryx_plicata,17.4,9.0,46.13,3283.2,28.13,8.63,19.5,19.35,15.45,24.23,10.58,888.94,112.87,43.05,41.89,316.03,107.62,254.19,169.46,87.0,0.9595
balionycteris_maculata,26.09,7.55,88.3,102.6,30.79,22.24,8.55,26.94,25.23,29.08,23.1,2011.33,210.95,132.94,20.68,590.65,332.35,553.8,369.2,245.9,0.8982
bandicota_bengalensis,16.33,9.2,43.71,3610.8,27.91,6.86,21.05,18.44,14.23,23.7,8.97,767.36,99.18,35.76,44.07,277.69,89.41,220.26,146.84,97.3,0.9265
bandicota_indica,16.49,9.16,43.56,3603.6,28.05,7.03,21.02,18.59,14.39,23.85,9.14,772.93,99.86,36.05,44.02,279.6,90.14,221.84,147.89,76.5,0.929
bandicota_savilei,17.7,8.99,48.8,3056.4,27.83,9.4,18.43,19.54,15.85,24.15,11.24,972.12,121.9,48.3,40.38,341.31,120.75,277.24,184.82,148.4,0.9728
barbastella_barbastellus,3.65,11.43,27.45,7970.4,26.55,-15.09,41.64,7.81,-0.52,18.22,-10.93,816.27,130.21,18.27,73.14,364.58,45.68,246.16,164.11,0.0,0.6891
barbastella_leucomelas,11.23,10.05,33.59,5488.2,27.68,-2.23,29.92,14.22,8.24,21.7,0.76,471.86,67.14,17.07,56.59,187.98,42.68,138.39,92.26,0.0,0.7209
bassaricyon_beddardi,24.26,7.95,88.83,513.0,29.18,20.23,8.95,25.15,23.36,27.39,21.12,1955.29,210.64,124.78,23.42,589.8,311.95,541.05,360.7,334.5,0.9362
bassaricyon_gabbii,23.93,7.9,88.76,914.4,28.83,19.93,8.9,24.82,23.04,27.05,20.82,1882.86,208.09,115.96,26.1,582.65,289.9,523.53,349.02,196.1,0.9422
bassaricyon_lasius,21.54,8.29,66.07,1810.8,28.44,15.89,12.55,22.79,20.28,25.93,17.14,1546.13,180.5,87.52,32.07,505.39,218.8,434.52,289.68,143.4,0.9771
bassaricyon_pauli,22.14,8.19,71.03,1594.8,28.48,16.95,11.53,23.29,20.98,26.17,18.1,1640.2,189.02,94.81,30.63,529.25,237.04,459.77,306.52,152.3,0.9701
bassariscus_astutus,11.0,10.18,34.85,5337.0,27.07,-2.14,29.2,13.93,8.08,21.23,0.78,456.67,64.5,16.9,55.58,180.59,42.26,133.71,89.14,105.8,0.707
bassariscus_sumichrasti,19.02,8.72,51.9,2710.8,28.26,11.46,16.8,20.7,17.34,24.9,13.14,1130.72,139.07,58.35,38.07,389.39,145.88,321.17,214.11,106.6,0.9856
bathyergus_janetta,11.19,10.14,35.05,5281.2,27.1,-1.83,28.94,14.08,8.29,21.32,1.06,458.22,64.54,17.1,55.21,180.7,42.76,134.08,89.39,103.9,0.7118
bathyergus_suillus,9.13,10.52,32.76,5952.6,26.79,-5.32,32.11,12.34,5.91,20.36,-2.11,477.57,69.49,16.04,59.68,194.57,40.11,140.81,93.87,105.5,0.6784
batomys_granti,17.36,9.22,54.38,2743.2,26.68,9.73,16.95,19.05,15.66,23.29,11.42,1079.74,133.04,55.53,38.29,372.52,138.82,306.8,204.53,348.1,0.9831
batomys_salomonseni,20.69,8.65,76.33,1553.4,26.92,15.59,11.34,21.82,19.56,24.66,16.72,1621.49,186.4,94.11,30.36,521.91,235.26,454.31,302.87,394.6,0.9865
bauerus_dubiaquercus,18.32,8.85,49.46,2941.2,28.16,10.27,17.89,20.11,16.53,24.58,12.06,1027.77,128.05,51.72,39.61,358.54,129.31,292.71,195.14,106.8,0.9791
bdeogale_crassicauda,19.47,8.86,66.34,1981.8,26.82,13.46,13.36,20.81,18.14,24.15,14.8,1431.92,168.86,79.7,33.21,472.82,199.24,403.24,268.82,380.2,0.9934
bdeogale_jacksoni,25.12,7.87,88.73,50.0,30.0,21.13,8.87,26.0,24.23,28.22,22.01,1986.32,207.53,131.92,20.3,581.08,329.81,546.53,364.36,422.3,0.9191
bdeogale_nigripes,25.84,7.61,88.39,131.4,30.58,21.97,8.61,26.71,24.98,28.86,22.83,2006.58,210.85,132.31,20.88,590.38,330.77,552.69,368.46,269.8,0.9037
beamys_hindei,21.46,8.54,86.92,1233.0,26.86,17.04,9.82,22.44,20.48,24.9,18.02,1743.55,196.55,104.29,28.22,550.34,260.73,486.64,324.43,426.2,0.979
beatragus_hunteri,24.8,7.95,88.82,102.6,29.72,20.77,8.95,25.69,23.9,27.93,21.66,1981.49,207.82,130.97,20.68,581.89,327.43,545.59,363.73,444.8,0.9257
berylmys_bowersi,18.64,8.85,53.19,2676.6,27.79,11.15,16.64,20.3,16.98,24.46,12.82,1135.09,139.34,58.79,37.84,390.14,146.98,322.28,214.85,181.9,0.9869
bettongia_gaimardi,3.8,11.53,28.97,7581.6,25.69,-14.11,39.8,7.78,-0.18,17.73,-10.13,726.89,113.99,17.84,70.54,319.17,44.61,218.27,145.51,159.2,0.6666
bettongia_lesueur,13.92,9.74,41.41,4134.6,26.86,3.34,23.52,16.27,11.57,22.15,5.69,595.14,79.08,26.01,47.56,221.43,65.01,171.86,114.58,222.4,0.835
bettongia_penicillata,7.87,10.86,33.23,6071.4,25.84,-6.83,32.67,11.14,4.61,19.31,-3.56,467.8,68.45,15.41,60.48,191.67,38.52,138.11,92.08,242.4,0.6421
bettongia_tropica,16.57,9.38,52.26,2953.8,26.45,8.5,17.95,18.37,14.78,22.86,10.29,982.92,122.55,49.4,39.69,343.14,123.5,279.98,186.65,369.3,0.9707
bibimys_chacoensis,11.26,10.25,37.52,4939.2,26.28,-1.04,27.32,13.99,8.52,20.82,1.69,455.75,63.11,17.88,52.93,176.7,44.69,132.83,88.56,254.3,0.7117
bibimys_torresi,9.5,10.57,35.11,5526.0,26.05,-4.04,30.09,12.51,6.49,20.03,-1.03,435.07,62.02,15.65,56.84,173.64,39.12,127.66,85.11,248.2,0.6609
bison_bison,3.45,11.49,27.57,7975.8,26.37,-15.3,41.66,7.62,-0.72,18.03,-11.13,812.95,129.71,18.17,73.17,363.19,45.44,245.18,163.45,27.6,0.6834
blarina_brevicauda,3.67,11.42,27.46,7963.2,26.55,-15.05,41.6,7.83,-0.49,18.23,-10.89,815.17,129.99,18.28,73.09,363.98,45.7,245.81,163.87,0.0,0.6893
blarina_carolinensis,10.06,10.26,32.34,5871.6,27.51,-4.22,31.73,13.23,6.89,21.16,-1.05,487.22,70.62,16.59,59.14,197.73,41.47,143.52,95.68,0.0,0.7054
blarina_hylophaga,8.01,10.63,30.48,6541.2,27.2,-7.69,34.89,11.5,4.52,20.22,-4.2,564.18,84.4,17.11,63.61,236.31,42.77,167.45,111.63,0.0,0.7008
blarinomys_breviceps,15.18,9.64,48.19,3389.4,26.18,6.18,20.01,17.18,13.18,22.18,8.18,804.33,102.72,38.48,42.6,287.61,96.19,230.28,153.52,379.3,0.9279
blastocerus_dichotomus,15.19,9.59,46.64,3508.2,26.5,5.94,20.57,17.25,13.13,22.39,7.99,769.47,98.9,36.3,43.39,276.92,90.75,220.6,147.07,321.5,0.9184
bos_frontalis,18.84,8.75,51.13,2777.4,28.25,11.13,17.12,20.55,17.13,24.83,12.85,1100.85,135.9,56.4,38.52,380.53,141.01,312.92,208.62,104.1,0.9842
bos_grunniens,9.15,10.43,31.47,6168.6,27.37,-5.76,33.13,12.46,5.84,20.75,-2.44,514.41,75.62,16.67,61.12,211.74,41.66,152.04,101.36,0.0,0.7006
bos_javanicus,22.04,8.27,75.67,1467.0,28.05,17.13,10.93,23.14,20.95,25.87,18.22,1682.59,192.41,98.46,29.78,538.75,246.15,470.94,313.96,226.9,0.9716
bos_sauveli,19.19,8.76,55.8,2476.8,27.82,12.12,15.7,20.76,17.62,24.68,13.69,1226.58,148.87,64.89,36.51,416.82,162.24,347.44,231.62,191.6,0.9897
bos_taurus,19.18,8.78,56.88,2422.8,27.67,12.23,15.44,20.72,17.63,24.58,13.77,1248.0,151.0,66.4,36.15,422.79,166.01,353.28,235.52,218.3,0.9905
boselaphus_tragocamelus,15.0,9.45,41.1,4023.0,27.65,4.66,23.0,17.3,12.7,23.05,6.96,640.74,84.64,28.4,46.82,237.0,70.99,184.8,123.2,108.1,0.8692
brachylagus_idahoensis,3.94,11.45,28.47,7671.6,26.06,-14.16,40.23,7.96,-0.08,18.02,-10.14,752.58,118.49,18.1,71.14,331.77,45.24,226.2,150.8,95.2,0.6785
brachyphylla_cavernarum,17.41,9.17,52.65,2840.4,26.98,9.57,17.41,19.15,15.66,23.5,11.31,1044.02,129.35,53.13,38.94,362.17,132.82,296.99,197.99,294.6,0.9802
brachyphylla_nana,15.92,9.31,43.62,3670.2,27.65,6.32,21.33,18.05,13.79,23.39,8.45,742.12,96.22,34.34,44.47,269.41,85.86,213.16,142.11,133.1,0.916
brachytarsomys_albicauda,15.38,9.61,48.81,3321.0,26.2,6.52,19.68,17.35,13.41,22.27,8.49,830.2,105.63,40.03,42.14,295.75,100.07,237.5,158.33,380.5,0.9361
brachyteles_arachnoides,13.25,9.97,42.86,4078.8,26.05,2.79,23.26,15.58,10.93,21.39,5.11,589.72,78.13,25.95,47.19,218.77,64.88,170.19,113.46,351.4,0.8227
brachyuromys_betsileoensis,14.55,9.75,46.3,3612.6,26.13,5.07,21.06,16.65,12.44,21.92,7.18,725.62,93.79,33.81,44.08,262.61,84.53,208.28,138.86,371.5,0.8977
brachyuromys_ramirohitra,13.85,9.87,44.41,3859.2,26.07,3.85,22.22,16.07,11.63,21.63,6.07,648.52,84.93,29.33,45.73,237.82,73.33,186.68,124.46,362.9,0.859
bradypus_torquatus,15.72,9.55,49.92,3202.2,26.24,7.12,19.12,17.63,13.81,22.41,9.03,876.64,110.81,42.85,41.35,310.27,107.12,250.43,166.95,383.7,0.9488
bradypus_tridactylus,23.86,8.06,88.96,558.0,28.85,19.79,9.06,24.77,22.96,27.03,20.69,1941.33,209.74,123.4,23.72,587.28,308.51,537.48,358.32,374.0,0.9436
bradypus_variegatus,22.74,8.22,89.15,1038.6,27.81,18.6,9.22,23.67,21.82,25.97,19.52,1826.26,203.41,111.21,26.92,569.54,278.03,508.54,339.03,320.5,0.9621
brucepattersonius_iheringi,9.85,10.53,36.09,5333.4,25.9,-3.28,29.19,12.77,6.93,20.07,-0.36,429.88,60.7,15.92,55.56,169.96,39.8,125.86,83.91,284.9,0.6657
bubalus_bubalis,16.0,9.24,42.31,3776.4,28.01,6.18,21.83,18.19,13.82,23.65,8.36,717.53,93.56,32.78,45.18,261.97,81.95,206.35,137.57,70.2,0.9082
bubalus_depressicornis,24.73,7.91,88.78,239.4,29.63,20.72,8.91,25.62,23.84,27.85,21.61,1981.69,209.72,129.48,21.6,587.22,323.69,546.55,364.36,390.2,0.9271
bubalus_mindorensis,18.65,8.99,60.19,2314.8,26.86,11.93,14.93,20.14,17.16,23.87,13.42,1279.27,153.82,68.83,35.43,430.7,172.08,361.67,241.11,350.4,0.9932
bubalus_quarlesi,24.2,8.01,88.9,419.4,29.16,20.15,9.01,25.1,23.3,27.35,21.05,1962.05,210.09,126.23,22.8,588.26,315.58,542.31,361.54,387.1,0.9373
budorcas_taxicolor,11.26,10.06,33.97,5427.0,27.55,-2.08,29.63,14.22,8.29,21.63,0.89,467.92,66.38,17.09,56.18,185.85,42.72,137.14,91.43,24.9,0.7191
bullimus_bagobus,20.46,8.69,74.24,1632.6,26.9,15.19,11.71,21.63,19.29,24.56,16.36,1587.8,183.4,91.45,30.88,513.51,228.63,445.29,296.86,393.0,0.9883
bunolagus_monticularis,9.83,10.4,33.74,5682.6,26.79,-4.04,30.83,12.91,6.75,20.62,-0.96,458.11,65.8,16.08,57.88,184.23,40.2,134.66,89.77,123.9,0.6826
bunomys_chrysocomus,24.37,7.98,88.86,354.6,29.31,20.33,8.98,25.27,23.47,27.51,21.23,1969.87,210.05,127.44,22.36,588.13,318.61,544.04,362.7,391.5,0.9341
bunomys_fratrorum,24.96,7.88,88.74,153.0,29.84,20.96,8.88,25.85,24.07,28.07,21.85,1986.6,209.05,130.75,21.02,585.34,326.88,547.33,364.89,396.0,0.9224
bunopithecus_hoolock,14.69,9.47,39.59,4219.2,27.85,3.93,23.92,17.09,12.3,23.07,6.32,598.95,79.94,25.89,48.13,223.83,64.73,173.13,115.42,63.6,0.8463
burramys_parvus,6.78,11.02,31.62,6532.2,25.94,-8.9,34.85,10.26,3.29,18.98,-5.42,533.7,79.8,16.21,63.55,223.45,40.53,158.39,105.59,194.1,0.6535
cabassous_centralis,21.06,8.39,63.92,1933.2,28.28,15.15,13.13,22.37,19.75,25.65,16.46,1487.65,174.94,83.2,32.89,489.82,208.0,418.69,279.13,159.2,0.9818
cabassous_chacoensis,14.89,9.64,45.55,3632.4,26.53,5.37,21.15,17.01,12.78,22.3,7.49,728.3,94.24,33.86,44.22,263.86,84.64,209.1,139.4,309.0,0.9024
cabassous_tatouay,14.56,9.75,46.28,3612.6,26.14,5.08,21.06,16.66,12.45,21.93,7.19,725.86,93.82,33.82,44.08,262.7,84.56,208.35,138.9,369.9,0.8979
cabassous_unicinctus,22.13,8.39,89.35,1076.4,27.29,17.9,9.39,23.07,21.19,25.42,18.84,1802.42,201.22,109.38,27.18,563.43,273.46,502.13,334.75,397.4,0.9708
cacajao_calvus,23.11,8.11,89.02,1031.4,28.12,19.01,9.11,24.02,22.2,26.3,19.92,1836.54,204.46,111.91,26.88,572.49,279.78,511.36,340.91,267.4,0.9563
cacajao_melanocephalus,25.71,7.67,88.46,95.4,30.48,21.81,8.67,26.58,24.85,28.75,22.68,2002.42,209.91,132.43,20.64,587.76,331.08,551.3,367.54,306.9,0.9066
caenolestes_caniventer,24.27,7.83,88.68,817.2,29.13,20.29,8.83,25.15,23.38,27.36,21.17,1910.58,209.86,118.7,25.45,587.61,296.74,530.61,353.74,190.3,0.9359
caenolestes_condorensis,24.75,7.75,88.57,653.4,29.56,20.81,8.75,25.62,23.87,27.81,21.69,1949.34,211.9,122.88,24.36,593.33,307.2,540.32,360.21,193.1,0.9266
caenolestes_convelatus,26.38,7.46,88.18,109.8,31.03,22.57,8.46,27.22,25.53,29.34,23.42,2018.2,211.77,133.32,20.73,592.95,333.29,555.74,370.5,198.3,0.8917
caenolestes_fuliginosus,23.7,7.97,88.85,918.0,28.63,19.66,8.97,24.59,22.8,26.84,20.56,1876.62,207.45,115.54,26.12,580.85,288.84,521.81,347.88,230.7,0.9463
calcochloris_obtusirostris,13.05,9.97,41.41,4249.8,26.28,2.21,24.07,15.45,10.64,21.47,4.62,556.15,74.35,23.95,48.33,208.17,59.86,160.82,107.21,302.9,0.8021
callicebus_brunneus,20.36,8.65,68.9,1812.6,27.27,14.71,12.56,21.62,19.1,24.76,15.96,1518.33,177.27,85.93,32.08,496.36,214.83,426.71,284.48,323.3,0.9886
callicebus_cinerascens,21.01,8.57,77.0,1510.2,27.13,16.0,11.13,22.12,19.89,24.9,17.11,1643.86,188.48,95.8,30.07,527.73,239.5,460.34,306.89,366.2,0.9835
callicebus_cupreus,22.54,8.22,85.74,1184.4,27.82,18.22,9.59,23.5,21.58,25.9,19.18,1782.49,200.34,107.1,27.9,560.94,267.76,497.22,331.48,283.3,0.965
callicebus_donacophilus,17.3,9.19,52.57,2856.6,26.92,9.43,17.49,19.05,15.55,23.42,11.18,1035.44,128.4,52.6,39.04,359.52,131.49,294.61,196.4,303.7,0.9791
callicebus_hoffmannsi,23.24,8.19,89.12,714.6,28.29,19.1,9.19,24.16,22.32,26.45,20.02,1905.06,207.9,119.44,24.76,582.11,298.6,528.43,352.29,396.8,0.9543
callicebus_modestus,18.05,9.03,54.0,2692.8,27.24,10.53,16.72,19.72,16.38,23.9,12.2,1115.18,137.02,57.66,37.95,383.65,144.16,316.68,211.12,265.1,0.9864
callicebus_moloch,21.08,8.6,81.53,1386.0,26.87,16.33,10.54,22.13,20.02,24.77,17.38,1687.15,191.98,99.49,29.24,537.55,248.71,471.76,314.51,413.8,0.983
callicebus_oenanthe,23.64,7.95,88.83,1002.6,28.57,19.61,8.95,24.54,22.75,26.78,20.51,1855.92,206.25,113.39,26.68,577.49,283.48,516.58,344.39,198.8,0.9474
callicebus_olallae,18.05,9.03,54.0,2692.8,27.24,10.53,16.72,19.72,16.38,23.9,12.2,1115.18,137.02,57.66,37.95,383.65,144.16,316.68,211.12,265.1,0.9864
callicebus_personatus,14.97,9.68,47.52,3465.0,26.17,5.81,20.36,17.01,12.94,22.1,7.85,776.99,99.63,36.84,43.1,278.97,92.11,222.65,148.43,375.1,0.9184
callimico_goeldii,23.46,8.03,88.92,959.4,28.43,19.4,9.03,24.37,22.56,26.62,20.3,1861.96,206.36,114.21,26.4,577.81,285.52,517.99,345.33,246.8,0.9505
callistomys_pictus,18.47,9.06,61.79,2259.0,26.54,11.87,14.67,19.94,17.01,23.61,13.34,1297.72,155.54,70.23,35.06,435.5,175.57,366.64,244.43,403.8,0.9941
callithrix_argentata,23.51,8.17,89.09,556.2,28.55,19.39,9.17,24.43,22.6,26.72,20.3,1933.43,208.87,122.92,23.71,584.83,307.3,535.28,356.85,428.9,0.9497
callithrix_aurita,12.98,10.02,42.32,4167.0,26.0,2.32,23.68,15.34,10.61,21.26,4.69,567.77,75.57,24.71,47.78,211.6,61.77,164.02,109.35,352.7,0.8072
callithrix_emiliae,20.17,8.75,72.36,1713.6,26.82,14.73,12.09,21.38,18.96,24.4,15.94,1551.44,180.07,88.66,31.42,504.2,221.65,435.51,290.34,398.6,0.9903
callithrix_flaviceps,14.0,9.84,44.77,3808.8,26.09,4.1,21.99,16.2,11.8,21.69,6.3,663.55,86.67,30.2,45.39,242.68,75.49,190.9,127.27,363.6,0.8674
callithrix_geoffroyi,15.11,9.65,47.93,3418.2,26.18,6.04,20.14,17.12,13.09,22.15,8.06,793.92,101.55,37.85,42.79,284.33,94.63,227.37,151.58,377.0,0.9245
callithrix_humeralifera,22.54,8.31,89.26,964.8,27.66,18.35,9.31,23.47,21.61,25.8,19.28,1839.32,203.92,112.76,26.43,570.97,281.91,511.73,341.15,386.9,0.9651
callithrix_jacchus,21.57,8.52,88.86,1184.4,26.84,17.25,9.59,22.53,20.61,24.92,18.21,1760.03,197.81,105.75,27.9,553.87,264.39,490.96,327.3,433.1,0.9778
callithrix_kuhlii,16.86,9.35,54.09,2811.6,26.36,9.09,17.28,18.59,15.13,22.91,10.81,1042.28,128.92,53.2,38.74,360.98,133.01,296.4,197.6,392.0,0.9784
callithrix_mauesi,23.64,8.12,89.03,576.0,28.66,19.54,9.12,24.55,22.73,26.83,20.45,1934.08,209.2,122.75,23.84,585.77,306.87,535.58,357.06,399.7,0.9475
callithrix_nigriceps,21.64,8.44,81.39,1348.2,27.35,16.98,10.37,22.68,20.61,25.27,18.02,1712.45,194.41,101.34,28.99,544.35,253.34,478.62,319.08,343.9,0.9768
callithrix_penicillata,18.31,9.1,61.6,2282.4,26.44,11.66,14.78,19.79,16.83,23.48,13.14,1284.56,154.17,69.35,35.22,431.67,173.37,363.03,242.02,417.6,0.9939
callithrix_pygmaea,22.98,8.13,89.05,1072.8,28.01,18.88,9.13,23.9,22.07,26.18,19.79,1823.11,203.49,110.67,27.15,569.77,276.69,507.87,338.58,267.3,0.9583
callosciurus_adamsi,23.75,8.04,88.94,691.2,28.72,19.68,9.04,24.65,22.84,26.91,20.58,1920.6,209.28,120.67,24.61,585.99,301.66,532.59,355.06,329.1,0.9455
callosciurus_baluensis,23.18,8.15,89.07,876.6,28.21,19.06,9.15,24.09,22.26,26.38,19.98,1873.58,206.57,115.78,25.84,578.4,289.45,520.71,347.14,329.6,0.9552
callosciurus_caniceps,20.66,8.47,61.69,2059.2,28.21,14.48,13.72,22.03,19.29,25.46,15.86,1428.5,169.23,78.89,33.73,473.84,197.23,402.64,268.43,161.4,0.985
callosciurus_erythraeus,16.42,9.24,45.49,3452.4,27.58,7.28,20.3,18.45,14.39,23.52,9.31,814.03,104.31,38.66,43.02,292.07,96.64,233.23,155.48,158.9,0.9397
callosciurus_melanogaster,25.79,7.55,88.3,338.4,30.5,21.95,8.55,26.65,24.94,28.79,22.8,2003.43,213.4,129.8,22.26,597.52,324.49,553.2,368.8,180.4,0.9048
callosciurus_nigrovittatus,26.09,7.55,88.3,100.8,30.8,22.25,8.55,26.95,25.24,29.09,23.1,2011.39,210.93,132.97,20.67,590.6,332.42,553.81,369.21,245.9,0.8982
callosciurus_notatus,26.27,7.51,88.26,50.0,30.96,22.44,8.51,27.13,25.42,29.26,23.29,2012.83,210.25,133.73,20.28,588.69,334.31,553.8,369.2,245.9,0.8942
callosciurus_orestes,23.63,8.06,88.97,723.6,28.62,19.56,9.06,24.54,22.73,26.81,20.46,1912.76,208.86,119.83,24.82,584.8,299.57,530.62,353.75,331.5,0.9476
callosciurus_prevostii,26.1,7.55,88.3,99.0,30.8,22.25,8.55,26.95,25.24,29.09,23.11,2011.45,210.91,132.99,20.66,590.54,332.48,553.81,369.21,245.9,0.898
calomys_boliviae,15.47,9.48,45.53,3564.0,26.93,6.1,20.83,17.56,13.39,22.76,8.18,760.24,98.01,35.63,43.76,274.42,89.07,218.1,145.4,252.0,0.9182
calomys_hummelincki,21.21,8.47,73.44,1596.6,27.56,16.02,11.54,22.37,20.06,25.25,17.17,1618.25,186.51,93.53,30.64,522.23,233.82,453.63,302.42,293.5,0.9813
calomys_laucha,11.47,10.21,37.75,4879.8,26.34,-0.7,27.04,14.17,8.77,20.93,2.0,462.21,63.81,18.28,52.53,178.67,45.71,134.62,89.75,249.2,0.7198
calomys_lepidus,17.59,9.07,50.62,2946.6,27.45,9.53,17.91,19.38,15.8,23.86,11.32,1009.06,125.76,50.75,39.64,352.12,126.88,287.4,191.6,215.9,0.977
calomys_musculinus,9.42,10.53,34.11,5689.8,26.4,-4.47,30.87,12.51,6.33,20.23,-1.38,449.46,64.58,15.76,57.93,180.82,39.39,132.13,88.08,183.5,0.668
calomys_sorellus,20.35,8.55,61.91,2079.0,27.95,14.13,13.82,21.73,18.97,25.19,15.52,1413.5,167.65,77.91,33.86,469.41,194.77,398.51,265.67,199.4,0.9874
calomys_tener,15.25,9.63,48.52,3357.0,26.17,6.31,19.85,17.23,13.26,22.2,8.3,815.89,104.01,39.18,42.38,291.23,97.94,233.5,155.67,383.9,0.9315
calomyscus_bailwardi,8.85,10.71,34.71,5684.4,25.82,-5.03,30.84,11.94,5.77,19.65,-1.94,435.72,62.59,15.29,57.9,175.25,38.22,128.08,85.39,273.6,0.6461
caluromys_derbianus,22.22,8.16,70.58,1602.0,28.58,17.01,11.57,23.38,21.06,26.27,18.17,1639.52,189.02,94.71,30.68,529.26,236.77,459.62,306.41,136.3,0.969
caluromys_lanatus,20.79,8.56,70.85,1711.8,27.43,15.35,12.08,22.0,19.58,25.02,16.56,1566.31,181.78,89.52,31.41,508.97,223.81,439.67,293.11,304.8,0.9852
caluromys_philander,22.02,8.41,89.37,1114.2,27.2,17.79,9.41,22.97,21.08,25.32,18.73,1790.03,200.31,108.26,27.43,560.87,270.64,498.91,332.6,395.6,0.9722
caluromysiops_irrupta,20.17,8.65,64.74,1981.8,27.51,14.16,13.36,21.5,18.83,24.84,15.49,1447.94,170.75,80.59,33.21,478.11,201.47,407.75,271.83,273.3,0.9893
calyptophractus_retusus,14.46,9.69,43.84,3834.0,26.62,4.51,22.11,16.67,12.25,22.2,6.72,668.36,87.42,30.32,45.56,244.76,75.8,192.34,128.23,280.7,0.8751
camelus_bactrianus,5.26,11.13,28.45,7441.2,26.79,-12.35,39.14,9.18,1.35,18.96,-8.44,724.97,112.98,18.36,69.61,316.35,45.9,217.35,144.9,0.0,0.7023
canis_adustus,23.4,8.0,87.92,1080.0,28.4,19.3,9.1,24.31,22.49,26.58,20.21,1830.78,204.44,111.07,27.2,572.42,277.67,510.06,340.04,200.3,0.9515
canis_aureus,13.99,9.85,44.83,3805.2,26.07,4.1,21.97,16.18,11.79,21.68,6.3,664.15,86.73,30.24,45.37,242.85,75.59,191.07,127.38,366.9,0.8675
canis_latrans,5.32,11.23,29.75,7146.0,26.08,-11.66,37.75,9.1,1.55,18.54,-7.89,650.13,99.98,17.53,67.64,279.96,43.83,194.27,129.51,129.3,0.6748
canis_lupus,1.94,11.74,26.51,8528.4,26.29,-17.98,44.27,6.37,-2.49,17.44,-13.55,882.23,144.15,17.02,76.86,403.62,42.54,267.69,178.46,0.0,0.663
canis_mesomelas,20.54,8.66,73.38,1652.4,27.03,15.22,11.8,21.72,19.35,24.67,16.4,1582.4,182.99,90.97,31.02,512.37,227.42,443.88,295.92,371.7,0.9876
canis_simensis,19.83,8.83,70.96,1787.4,26.67,14.23,12.44,21.07,18.58,24.18,15.47,1515.65,176.69,85.99,31.92,494.74,214.98,425.83,283.89,417.2,0.9923
cannomys_badius,16.53,9.16,43.9,3569.4,28.0,7.15,20.86,18.62,14.45,23.83,9.23,783.24,101.0,36.68,43.8,282.81,91.71,224.71,149.81,86.2,0.9321
capra_caucasica,3.36,11.65,29.14,7619.4,25.35,-14.63,39.98,7.35,-0.64,17.35,-10.64,726.16,114.06,17.67,70.8,319.38,44.18,218.14,145.42,209.5,0.6557
capra_falconeri,8.78,10.57,32.23,6096.6,26.81,-5.98,32.79,12.06,5.5,20.26,-2.7,493.04,72.23,16.17,60.64,202.25,40.43,145.61,97.07,91.1,0.6793
capra_ibex,2.79,11.58,26.97,8249.4,26.42,-16.54,42.96,7.09,-1.5,17.83,-12.24,854.41,137.95,17.8,75.0,386.25,44.51,258.46,172.31,0.0,0.6772
capra_nubiana,12.79,10.05,41.88,4235.4,25.99,1.99,24.0,15.19,10.39,21.19,4.39,552.36,73.78,23.83,48.24,206.6,59.57,159.7,106.47,349.7,0.7959
capra_pyrenaica,6.54,10.9,29.33,7023.6,26.98,-10.19,37.17,10.26,2.82,19.55,-6.47,646.76,98.92,17.88,66.82,276.96,44.7,193.0,128.67,0.0,0.7041
capra_sibirica,4.06,11.35,27.69,7835.4,26.61,-14.39,41.0,8.16,-0.04,18.41,-10.29,794.84,126.05,18.39,72.24,352.93,45.98,239.34,159.56,0.0,0.6937
capra_walie,18.06,9.13,59.51,2403.0,26.51,11.16,15.35,19.6,16.53,23.44,12.69,1230.26,148.68,65.59,36.02,416.31,163.98,348.18,232.12,398.9,0.9922
capreolus_capreolus,-0.31,12.16,25.57,9225.0,25.85,-21.71,47.56,4.45,-5.06,16.34,-16.95,893.27,150.27,13.77,81.5,420.77,34.43,273.12,182.08,18.5,0.617
capreolus_pygargus,2.18,11.69,26.64,8449.2,26.33,-17.57,43.9,6.57,-2.21,17.55,-13.18,875.51,142.57,17.27,76.33,399.19,43.18,265.42,176.95,0.0,0.6672
capricornis_crispus,6.18,11.17,31.7,6615.0,25.56,-9.68,35.24,9.7,2.66,18.51,-6.15,538.64,80.85,16.11,64.1,226.39,40.29,160.0,106.67,247.3,0.6412
capricornis_sumatraensis,25.97,7.52,88.26,273.6,30.65,22.13,8.52,26.82,25.11,28.95,22.98,2009.59,213.15,130.92,21.82,596.82,327.29,554.47,369.65,184.3,0.9009
caprolagus_hispidus,12.64,9.81,35.67,4978.8,27.77,0.26,27.51,15.39,9.89,22.27,3.01,487.0,67.57,19.0,53.19,189.19,47.49,142.01,94.67,23.1,0.7561
capromys_pilorides,15.5,9.36,41.99,3871.8,27.76,5.47,22.28,17.73,13.27,23.3,7.7,683.82,89.62,30.88,45.81,250.93,77.2,196.88,131.25,102.8,0.8919
caracal_caracal,22.48,8.32,89.27,990.0,27.6,18.29,9.32,23.41,21.55,25.74,19.22,1832.03,203.43,112.06,26.6,569.61,280.15,509.86,339.9,384.1,0.966
cardioderma_cor,23.07,8.26,89.2,671.4,28.16,18.91,9.26,24.0,22.15,26.31,19.83,1908.02,207.65,120.08,24.48,581.42,300.21,528.98,352.65,442.4,0.957
carollia_brevicauda,26.0,7.61,88.39,50.0,30.73,22.12,8.61,26.86,25.14,29.01,22.98,2004.89,209.07,133.48,20.11,585.39,333.7,551.45,367.63,300.5,0.9002
carollia_castanea,25.48,7.68,88.48,241.2,30.25,21.57,8.68,26.35,24.61,28.52,22.44,1998.86,211.56,130.58,21.61,592.38,326.45,551.29,367.53,274.7,0.9115
carollia_perspicillata,23.73,8.03,88.92,745.2,28.69,19.67,9.03,24.63,22.83,26.89,20.57,1911.27,208.98,119.51,24.97,585.15,298.76,530.35,353.56,307.0,0.9459
carollia_subrufa,20.5,8.52,62.48,2041.2,28.0,14.36,13.64,21.87,19.14,25.27,15.73,1432.05,169.47,79.23,33.61,474.52,198.08,403.56,269.04,194.1,0.9864
carpitalpa_arendsi,15.43,9.56,47.67,3400.2,26.46,6.4,20.06,17.43,13.42,22.45,8.41,806.75,103.09,38.54,42.67,288.64,96.36,231.0,154.0,336.2,0.9308
carterodon_sulcidens,16.17,9.47,51.75,3029.4,26.24,7.94,18.31,18.0,14.34,22.58,9.77,946.51,118.51,47.17,40.2,331.82,117.93,269.85,179.9,395.4,0.9637
casinycteris_argynnis,25.35,7.7,88.51,293.4,30.13,21.43,8.7,26.22,24.47,28.39,22.3,1994.74,211.85,129.73,21.96,593.18,324.33,550.5,367.0,270.5,0.9143
castor_canadensis,1.75,11.78,26.52,8562.6,26.18,-18.25,44.43,6.19,-2.7,17.3,-13.81,882.74,144.44,16.86,77.08,404.44,42.14,267.95,178.63,13.9,0.6588
castor_fiber,-4.11,12.92,24.59,10285.2,24.8,-27.77,52.57,1.15,-9.37,14.29,-22.51,752.54,132.14,7.17,88.57,369.99,17.92,232.75,155.17,105.0,0.5184
catagonus_wagneri,13.59,9.84,41.65,4154.4,26.58,2.96,23.62,15.95,11.23,21.86,5.32,584.1,77.7,25.46,47.7,217.55,63.65,168.72,112.48,263.9,0.8249
catopuma_badia,24.32,7.93,88.81,511.2,29.24,20.3,8.93,25.22,23.43,27.45,21.2,1957.01,210.8,124.91,23.41,590.25,312.27,541.51,361.01,325.1,0.935
catopuma_temminckii,20.24,8.57,60.77,2138.4,27.99,13.89,14.1,21.65,18.83,25.17,15.3,1387.0,165.08,75.99,34.26,462.21,189.97,391.31,260.87,189.3,0.9878
cavia_aperea,17.86,9.14,56.83,2557.8,26.7,10.62,16.08,19.46,16.25,23.48,12.23,1163.64,141.88,61.04,37.05,397.27,152.6,329.92,219.95,358.2,0.9892
cavia_fulgida,15.45,9.6,49.13,3288.6,26.2,6.67,19.53,17.41,13.5,22.29,8.62,842.26,106.97,40.76,41.92,299.52,101.91,240.85,160.57,384.1,0.9395
cavia_magna,9.45,10.6,35.5,5475.6,25.87,-3.98,29.86,12.44,6.47,19.9,-1.0,429.87,61.12,15.58,56.5,171.15,38.95,126.06,84.04,279.3,0.6565
cavia_tschudii,17.15,9.16,49.65,3060.0,27.3,8.85,18.45,19.0,15.31,23.61,10.7,958.32,120.19,47.6,40.4,336.53,118.99,273.31,182.21,230.3,0.9699
cebus_albifrons,25.64,7.67,88.46,147.6,30.41,21.74,8.67,26.51,24.78,28.68,22.61,2002.28,210.62,131.84,20.98,589.74,329.61,551.61,367.74,293.4,0.9081
cebus_apella,19.6,8.84,67.2,1938.6,26.83,13.68,13.15,20.91,18.28,24.2,14.99,1451.83,170.78,81.15,32.92,478.18,202.88,408.64,272.42,381.3,0.993
cebus_capucinus,22.16,8.19,71.67,1573.2,28.45,17.02,11.43,23.31,21.02,26.16,18.16,1648.51,189.73,95.49,30.49,531.24,238.73,461.99,307.99,158.4,0.9699
cebus_kaapori,23.45,8.19,89.12,540.0,28.5,19.31,9.19,24.37,22.53,26.67,20.23,1933.75,208.68,123.12,23.6,584.31,307.79,535.26,356.84,446.5,0.9508
cebus_olivaceus,22.98,8.21,89.15,860.4,28.05,18.83,9.21,23.9,22.06,26.2,19.75,1872.29,206.22,115.87,25.74,577.41,289.67,520.25,346.83,368.1,0.9584
centronycteris_maximiliani,22.83,8.29,89.23,783.0,27.94,18.65,9.29,23.76,21.9,26.08,19.58,1883.9,206.48,117.4,25.22,578.15,293.5,522.99,348.66,427.0,0.9608
centurio_senex,18.66,8.79,50.8,2817.0,28.18,10.88,17.3,20.39,16.93,24.72,12.61,1081.8,133.85,55.19,38.78,374.78,137.97,307.65,205.1,112.4,0.9832
cephalophus_adersi,22.54,8.35,89.3,860.4,27.68,18.34,9.35,23.48,21.61,25.82,19.27,1862.26,205.11,115.25,25.74,574.32,288.12,517.46,344.98,435.0,0.9651
cephalophus_callipygus,26.27,7.5,88.24,73.8,30.95,22.44,8.5,27.12,25.42,29.25,23.29,2014.37,210.86,133.47,20.49,590.41,333.66,554.45,369.63,231.4,0.8942
cephalophus_dorsalis,26.23,7.47,88.19,205.2,30.88,22.42,8.47,27.07,25.38,29.19,23.26,2016.34,212.91,132.12,21.37,596.15,330.31,555.87,370.58,176.4,0.8951
cephalophus_jentinki,23.16,8.02,82.06,1222.2,28.54,18.77,9.77,24.14,22.19,26.58,19.74,1785.98,201.2,106.94,28.15,563.35,267.35,498.42,332.28,169.6,0.9554
cephalophus_leucogaster,25.99,7.59,88.35,81.0,30.72,22.13,8.59,26.85,25.14,29.0,22.99,2008.31,210.33,132.98,20.54,588.92,332.46,552.83,368.55,270.5,0.9004
cephalophus_natalensis,15.17,9.62,47.22,3465.0,26.37,6.01,20.36,17.21,13.13,22.3,8.04,781.49,100.21,37.06,43.1,280.59,92.64,223.94,149.29,345.2,0.9217
cephalophus_niger,23.33,7.97,81.54,1222.2,28.7,18.93,9.77,24.3,22.35,26.75,19.91,1789.74,201.62,107.16,28.15,564.54,267.91,499.47,332.98,144.5,0.9526
cephalophus_nigrifrons,24.71,7.85,88.7,424.8,29.58,20.73,8.85,25.59,23.82,27.81,21.61,1973.36,211.38,126.9,22.83,591.86,317.25,545.47,363.65,306.6,0.9274
cephalophus_ogilbyi,25.82,7.54,88.3,331.2,30.52,21.97,8.54,26.67,24.96,28.81,22.83,2004.33,213.39,129.93,22.21,597.5,324.83,553.4,368.94,179.9,0.9042
cephalophus_rufilatus,21.85,8.24,68.68,1693.8,28.45,16.45,12.0,23.05,20.65,26.05,17.65,1597.51,185.2,91.47,31.29,518.55,228.67,448.33,298.89,149.9,0.9737
cephalophus_silvicultor,25.75,7.56,88.32,340.2,30.46,21.9,8.56,26.61,24.89,28.75,22.75,2002.34,213.31,129.7,22.27,597.26,324.26,552.91,368.61,186.3,0.9057
cephalophus_spadix,21.98,8.43,89.4,1087.2,27.17,17.74,9.43,22.93,21.04,25.29,18.68,1796.28,200.67,108.9,27.25,561.89,272.26,500.49,333.66,414.4,0.9728
cephalophus_zebra,23.36,7.98,84.17,1161.0,28.58,19.09,9.48,24.31,22.41,26.68,20.04,1808.04,202.91,108.87,27.74,568.16,272.19,504.21,336.14,168.0,0.9521
ceratotherium_simum,20.39,8.64,68.78,1814.4,27.3,14.73,12.57,21.64,19.13,24.79,15.99,1518.24,177.28,85.91,32.1,496.38,214.78,426.7,284.47,318.4,0.9883
cercartetus_caudatus,20.05,8.78,72.32,1724.4,26.73,14.59,12.14,21.27,18.84,24.3,15.8,1544.61,179.39,88.18,31.5,502.3,220.44,433.65,289.1,412.2,0.9911
cercartetus_concinnus,7.74,10.89,33.27,6087.6,25.75,-7.0,32.75,11.01,4.46,19.2,-3.72,467.44,68.45,15.35,60.58,191.67,38.38,138.03,92.02,255.7,0.6387
cercartetus_lepidus,5.19,11.32,30.5,7014.6,25.6,-11.52,37.12,8.9,1.47,18.18,-7.81,613.25,93.75,16.98,66.76,262.51,42.46,182.98,121.99,212.3,0.6548
cercartetus_nanus,7.33,10.93,32.35,6310.8,25.92,-7.88,33.8,10.71,3.95,19.16,-4.5,499.49,73.92,15.79,62.07,206.98,39.47,147.87,98.58,213.8,0.6477
cercocebus_agilis,24.02,7.96,88.83,702.0,28.94,19.99,8.96,24.91,23.12,27.15,20.88,1925.1,209.92,120.83,24.68,587.77,302.08,533.91,355.94,282.7,0.9406
cercocebus_atys,22.63,8.1,75.51,1425.6,28.53,17.8,10.73,23.7,21.56,26.39,18.87,1710.05,195.06,100.46,29.5,546.17,251.15,478.39,318.93,155.8,0.9634
cercocebus_galeritus,23.98,8.09,89.0,378.0,28.98,19.89,9.09,24.89,23.07,27.17,20.8,1959.66,209.27,126.53,22.52,585.97,316.32,541.37,360.92,440.2,0.9414
cercocebus_torquatus,24.73,7.72,88.53,756.0,29.52,20.81,8.72,25.6,23.86,27.78,21.68,1932.54,211.45,120.72,25.04,592.07,301.8,536.32,357.55,147.6,0.927
cercopithecus_ascanius,24.48,7.9,88.76,487.8,29.37,20.48,8.9,25.37,23.59,27.59,21.37,1962.88,211.12,125.54,23.25,591.12,313.85,542.98,361.99,312.1,0.932
cercopithecus_campbelli,22.1,8.23,73.11,1535.4,28.29,17.04,11.25,23.22,20.97,26.04,18.16,1660.34,190.66,96.53,30.24,533.84,241.32,465.09,310.06,186.1,0.9707
cercopithecus_cephus,26.38,7.47,88.19,75.6,31.04,22.57,8.47,27.23,25.54,29.35,23.42,2017.06,211.17,133.62,20.5,591.27,334.06,555.2,370.13,213.2,0.8917
cercopithecus_diana,23.22,8.01,82.98,1197.0,28.53,18.88,9.65,24.19,22.26,26.6,19.84,1794.63,201.86,107.71,27.98,565.2,269.27,500.68,333.79,172.5,0.9544
cercopithecus_dryas,25.16,7.77,88.59,286.2,29.98,21.21,8.77,26.03,24.28,28.22,22.09,1990.56,211.31,129.54,21.91,591.66,323.85,549.3,366.2,303.1,0.9183
cercopithecus_erythrogaster,23.7,7.9,86.37,1090.8,28.73,19.58,9.15,24.62,22.78,26.9,20.5,1834.92,205.04,111.21,27.27,574.11,278.02,511.28,340.85,148.8,0.9463
cercopithecus_erythrotis,24.11,7.85,88.7,894.6,28.98,20.13,8.85,25.0,23.23,27.21,21.01,1891.27,208.76,116.69,25.96,584.52,291.71,525.74,350.49,177.9,0.9389
cercopithecus_lhoesti,25.06,7.83,88.67,203.4,29.92,21.09,8.83,25.94,24.18,28.15,21.97,1989.47,210.05,130.38,21.36,588.13,325.96,548.45,365.64,356.4,0.9204
cercopithecus_mitis,24.81,7.85,88.7,342.0,29.68,20.83,8.85,25.69,23.92,27.91,21.71,1980.54,211.01,128.27,22.28,590.83,320.68,546.91,364.6,330.2,0.9254
cercopithecus_mona,23.24,7.99,81.5,1229.4,28.63,18.83,9.81,24.22,22.26,26.67,19.81,1785.63,201.25,106.85,28.2,563.49,267.12,498.37,332.24,154.4,0.954
cercopithecus_neglectus,25.41,7.72,88.53,199.8,30.21,21.49,8.72,26.28,24.54,28.46,22.36,1997.5,210.84,130.95,21.33,590.36,327.37,550.64,367.1,304.6,0.913
cercopithecus_nictitans,25.95,7.51,88.25,304.2,30.63,22.12,8.51,26.8,25.1,28.93,22.97,2008.43,213.45,130.5,22.03,597.67,326.25,554.35,369.57,172.0,0.9013
cercopithecus_petaurista,22.09,8.2,70.76,1607.4,28.46,16.87,11.59,23.25,20.93,26.14,18.03,1634.54,188.51,94.37,30.72,527.83,235.93,458.26,305.5,154.0,0.9707
cercopithecus_pogonias,25.64,7.62,88.4,275.4,30.38,21.76,8.62,26.5,24.78,28.65,22.62,2001.95,212.37,130.4,21.84,594.62,326.0,552.38,368.25,234.0,0.9081
cercopithecus_preussi,24.23,7.83,88.67,860.4,29.09,20.26,8.83,25.12,23.35,27.32,21.14,1901.26,209.41,117.66,25.74,586.34,294.16,528.3,352.2,175.0,0.9367
cercopithecus_sclateri,23.96,7.87,88.72,972.0,28.84,19.97,8.87,24.85,23.08,27.07,20.86,1870.55,207.48,114.6,26.48,580.93,286.51,520.46,346.97,164.1,0.9417
cercopithecus_solatus,26.27,7.48,88.2,144.0,30.93,22.45,8.48,27.12,25.42,29.23,23.3,2016.63,212.08,132.83,20.96,593.83,332.07,555.54,370.36,198.9,0.8942
cercopithecus_wolfi,24.94,7.81,88.65,336.6,29.79,20.97,8.81,25.82,24.06,28.02,21.85,1983.8,211.28,128.54,22.24,591.59,321.36,547.77,365.18,312.7,0.9228
cerdocyon_thous,19.33,8.89,65.69,2019.6,26.77,13.23,13.54,20.68,17.97,24.06,14.59,1413.53,167.07,78.38,33.46,467.79,195.94,398.24,265.49,385.1,0.9938
cervus_elaphus,2.47,11.64,26.79,8353.8,26.37,-17.08,43.45,6.82,-1.87,17.68,-12.73,866.15,140.47,17.55,75.69,393.32,43.86,262.31,174.87,0.0,0.6721
cervus_nippon,7.72,10.89,33.12,6114.6,25.8,-7.07,32.87,11.01,4.43,19.23,-3.79,471.71,69.17,15.42,60.76,193.67,38.56,139.33,92.89,245.7,0.6408
chaerephon_bivittatus,24.14,8.04,88.94,381.6,29.11,20.07,9.04,25.04,23.23,27.3,20.97,1963.03,209.68,126.71,22.54,587.12,316.77,542.33,361.55,414.7,0.9385
chaerephon_jobensis,17.46,9.25,57.11,2583.0,26.37,10.17,16.2,19.08,15.84,23.13,11.79,1144.5,139.75,59.88,37.22,391.3,149.69,324.59,216.39,407.6,0.9877
chaerephon_major,24.19,7.85,88.69,846.0,29.06,20.21,8.85,25.08,23.31,27.29,21.1,1903.28,209.44,117.94,25.64,586.43,294.85,528.77,352.51,187.7,0.9374
chaerephon_nigeriae,22.8,8.19,89.11,1071.0,27.86,18.67,9.19,23.72,21.89,26.02,19.59,1819.43,203.06,110.47,27.14,568.56,276.17,506.84,337.89,295.8,0.9611
chaerephon_plicatus,20.94,8.41,62.88,1985.4,28.29,14.92,13.38,22.27,19.6,25.62,16.25,1464.23,172.71,81.46,33.24,483.59,203.66,412.35,274.9,153.6,0.9828
chaerephon_pumilus,21.72,8.32,72.51,1584.0,28.03,16.55,11.48,22.86,20.57,25.73,17.7,1634.37,188.23,94.58,30.56,527.03,236.44,458.08,305.39,222.0,0.9755
chaerephon_russatus,24.74,7.79,88.63,549.0,29.58,20.78,8.79,25.62,23.86,27.82,21.66,1962.56,211.92,124.85,23.66,593.36,312.13,543.29,362.2,243.6,0.9268
chaerephon_tomensis,26.8,7.35,88.03,50.0,31.4,23.04,8.35,27.64,25.97,29.73,23.88,2024.89,211.48,134.55,20.26,592.15,336.37,557.11,371.41,165.7,0.882
chaetocauda_sichuanensis,9.89,10.33,32.82,5819.4,27.21,-4.27,31.48,13.04,6.75,20.91,-1.12,476.28,68.86,16.35,58.8,192.81,40.88,140.22,93.48,49.9,0.695
chaetodipus_arenarius,11.57,10.13,36.63,5009.4,26.78,-0.88,27.66,14.33,8.8,21.25,1.89,462.01,64.2,17.94,53.4,179.76,44.86,134.77,89.85,173.3,0.7216
chaetodipus_baileyi,10.6,10.28,34.89,5392.8,26.81,-2.66,29.47,13.55,7.65,20.91,0.29,450.52,63.8,16.54,55.95,178.64,41.34,131.99,87.99,142.0,0.6948
chaetodipus_californicus,7.72,10.83,32.27,6260.4,26.18,-7.38,33.56,11.08,4.37,19.47,-4.02,498.69,73.63,15.9,61.74,206.16,39.75,147.55,98.36,176.7,0.6569
chaetodipus_fallax,9.73,10.47,34.35,5605.2,26.49,-3.98,30.47,12.78,6.68,20.4,-0.93,447.66,64.06,15.9,57.37,179.36,39.76,131.47,87.65,175.7,0.674
chaetodipus_formosus,8.19,10.73,32.42,6159.6,26.39,-6.7,33.09,11.5,4.88,19.77,-3.39,490.64,72.1,15.92,61.06,201.87,39.8,145.0,96.67,151.8,0.6637
chaetodipus_hispidus,9.56,10.37,32.2,5976.0,27.28,-4.94,32.22,12.78,6.34,20.84,-1.71,491.27,71.56,16.44,59.84,200.37,41.1,144.89,96.59,27.3,0.6965
chaetodipus_intermedius,9.65,10.41,33.18,5799.6,26.92,-4.47,31.39,12.79,6.52,20.64,-1.33,468.16,67.62,16.13,58.66,189.34,40.32,137.79,91.86,96.0,0.6847
chaetodipus_lineatus,14.85,9.47,40.59,4095.0,27.68,4.35,23.34,17.18,12.51,23.02,6.68,623.55,82.69,27.38,47.3,231.52,68.46,179.99,119.99,98.5,0.8599
chaetodipus_nelsoni,12.76,9.84,36.77,4818.6,27.47,0.72,26.75,15.43,10.08,22.12,3.39,494.17,68.01,19.72,52.12,190.43,49.29,143.83,95.89,80.0,0.7623
chaetodipus_penicillatus,9.43,10.49,33.54,5776.2,26.63,-4.64,31.28,12.56,6.3,20.38,-1.51,460.02,66.37,15.91,58.51,185.84,39.77,135.36,90.24,141.3,0.6747
chaetodipus_pernix,13.05,9.83,38.18,4604.4,27.21,1.46,25.74,15.62,10.47,22.06,4.04,514.44,70.04,21.14,50.7,196.1,52.84,149.37,99.58,135.7,0.7789
chaetodipus_spinatus,10.94,10.24,35.62,5238.0,26.74,-2.0,28.73,13.81,8.06,20.99,0.88,450.71,63.34,16.93,54.92,177.36,42.33,131.81,87.88,163.0,0.7021
chaetomys_subspinosus,16.52,9.4,52.72,2930.4,26.33,8.5,17.84,18.31,14.74,22.77,10.28,990.29,123.31,49.9,39.54,345.26,124.74,282.0,188.0,388.1,0.9714
chaetophractus_nationi,15.94,9.38,46.08,3463.2,27.13,6.78,20.35,17.97,13.9,23.06,8.81,799.78,102.55,37.93,43.09,287.13,94.83,229.17,152.78,227.6,0.933
chaetophractus_vellerosus,13.55,9.84,41.4,4185.0,26.62,2.85,23.76,15.92,11.17,21.86,5.23,578.0,77.01,25.09,47.9,215.62,62.74,167.01,111.34,256.1,0.8212
chaetophractus_villosus,8.35,10.72,32.85,6060.6,26.29,-6.33,32.62,11.61,5.09,19.76,-3.07,476.94,69.75,15.74,60.4,195.31,39.34,140.79,93.86,174.4,0.6594
chalinolobus_dwyeri,10.64,10.34,36.22,5200.2,26.34,-2.22,28.56,13.49,7.78,20.63,0.64,442.58,62.08,16.72,54.67,173.84,41.8,129.38,86.25,227.0,0.6908
chalinolobus_gouldii,10.94,10.36,37.98,4926.6,25.93,-1.33,27.26,13.66,8.21,20.48,1.39,448.66,62.09,17.63,52.84,173.84,44.08,130.75,87.17,309.2,0.7008
chalinolobus_morio,8.72,10.74,34.74,5700.6,25.73,-5.19,30.92,11.81,5.63,19.54,-2.1,434.49,62.46,15.21,58.0,174.89,38.01,127.74,85.16,286.5,0.6423
chalinolobus_nigrogriseus,15.09,9.66,47.93,3420.0,26.17,6.02,20.15,17.1,13.07,22.14,8.04,793.0,101.44,37.8,42.8,284.03,94.5,227.11,151.41,378.7,0.924
cheirogaleus_major,15.22,9.63,48.3,3376.8,26.19,6.24,19.95,17.21,13.23,22.2,8.24,809.17,103.26,38.76,42.51,289.14,96.91,231.63,154.42,378.7,0.9295
cheirogaleus_medius,15.06,9.66,47.9,3425.4,26.16,5.98,20.18,17.08,13.04,22.12,8.0,790.7,101.17,37.67,42.84,283.29,94.17,226.47,150.98,380.7,0.9231
cheiromeles_torquatus,25.65,7.63,88.42,237.6,30.39,21.76,8.63,26.51,24.78,28.67,22.63,2002.82,211.93,130.88,21.58,593.41,327.19,552.36,368.24,250.3,0.9079
chelemys_macronyx,4.47,11.29,28.09,7664.4,26.58,-13.61,40.19,8.49,0.45,18.54,-9.59,763.12,120.11,18.38,71.1,336.3,45.95,229.35,152.9,16.5,0.6948
chelemys_megalonyx,8.37,10.62,31.54,6285.6,26.89,-6.79,33.68,11.73,5.0,20.15,-3.42,518.46,76.64,16.46,61.9,214.59,41.15,153.44,102.29,65.8,0.6843
chibchanomys_trichotis,25.99,7.55,88.3,189.0,30.69,22.15,8.55,26.85,25.14,28.98,23.0,2010.9,212.11,131.95,21.26,593.9,329.87,554.26,369.51,220.0,0.9004
chilomys_instans,23.18,8.07,88.83,1076.4,28.18,19.1,9.08,24.09,22.27,26.36,20.0,1826.75,203.94,110.86,27.18,571.03,277.15,508.91,339.27,235.2,0.9551
chilonatalus_tumidifrons,13.48,9.72,38.29,4530.6,27.45,2.06,25.39,16.02,10.94,22.37,4.59,531.15,72.04,22.04,50.2,201.71,55.1,154.09,102.72,103.7,0.7949
chimarrogale_hantu,24.41,7.81,88.65,757.8,29.26,20.44,8.81,25.29,23.53,27.5,21.33,1924.84,210.63,120.22,25.05,589.77,300.55,534.19,356.13,196.0,0.9333
chimarrogale_himalayica,13.07,9.76,36.86,4761.0,27.64,1.16,26.48,15.72,10.43,22.34,3.81,504.26,69.2,20.28,51.74,193.76,50.7,146.67,97.78,58.2,0.7733
chimarrogale_platycephalus,7.66,10.92,33.37,6082.2,25.65,-7.07,32.72,10.93,4.39,19.11,-3.79,464.68,68.03,15.28,60.55,190.49,38.19,137.21,91.47,270.4,0.635
chinchilla_chinchilla,14.42,9.64,42.01,4010.4,27.03,4.1,22.94,16.71,12.13,22.45,6.39,629.69,83.13,27.95,46.74,232.76,69.87,181.58,121.05,204.2,0.8579
chinchilla_lanigera,10.57,10.26,34.39,5470.2,26.97,-2.86,29.83,13.55,7.58,21.01,0.13,455.16,64.7,16.51,56.47,181.17,41.28,133.47,88.98,110.5,0.697
chinchillula_sahamae,17.56,9.07,50.53,2955.6,27.44,9.48,17.96,19.36,15.77,23.85,11.28,1005.1,125.33,50.5,39.7,350.92,126.26,286.31,190.87,216.2,0.9765
chionomys_nivalis,4.7,11.31,28.91,7435.8,26.21,-12.9,39.11,8.61,0.79,18.39,-8.99,710.61,110.72,18.02,69.57,310.01,45.05,213.03,142.02,89.0,0.6832
chiroderma_doriae,13.8,9.88,44.34,3871.8,26.06,3.77,22.28,16.03,11.57,21.6,6.0,644.56,84.47,29.11,45.81,236.52,72.77,185.57,123.72,364.5,0.8566
chiroderma_improvisum,16.99,9.25,51.62,2948.4,26.85,8.93,17.92,18.79,15.2,23.27,10.72,994.58,123.97,50.01,39.66,347.1,125.03,283.28,188.86,307.2,0.9739
chiroderma_salvini,24.81,7.71,88.51,716.4,29.6,20.9,8.71,25.68,23.94,27.86,21.77,1941.13,211.86,121.68,24.78,593.2,304.21,538.45,358.96,153.6,0.9254
chiroderma_trinitatum,23.13,8.16,89.08,883.8,28.17,19.01,9.16,24.04,22.21,26.33,19.92,1870.91,206.37,115.54,25.89,577.83,288.85,520.01,346.67,334.0,0.956
chiroderma_villosum,25.73,7.62,88.4,199.8,30.47,21.85,8.62,26.59,24.86,28.74,22.71,2004.82,211.62,131.43,21.33,592.53,328.57,552.66,368.44,255.8,0.9062
chironax_melanocephalus,25.86,7.62,88.39,109.8,30.6,21.98,8.62,26.72,25.0,28.88,22.84,2006.31,210.52,132.53,20.73,589.46,331.32,552.47,368.31,277.6,0.9033
chironectes_minimus,22.68,8.18,84.88,1193.4,27.98,18.34,9.64,23.64,21.72,26.05,19.31,1783.15,200.52,107.05,27.96,561.46,267.64,497.46,331.64,257.6,0.9629
chiropodomys_calamianensis,20.24,8.69,69.24,1810.8,27.15,14.6,12.55,21.5,18.99,24.64,15.85,1516.35,177.02,85.84,32.07,495.66,214.59,426.15,284.1,341.9,0.9895
chiropodomys_gliroides,21.39,8.36,67.76,1764.0,28.17,15.84,12.33,22.62,20.16,25.71,17.07,1560.6,181.68,88.75,31.76,508.7,221.87,438.34,292.23,187.7,0.9789
chiropodomys_major,24.1,7.96,88.84,622.8,29.03,20.07,8.96,25.0,23.2,27.24,20.96,1938.67,210.33,122.54,24.15,588.92,306.34,537.16,358.11,307.2,0.9392
chiropodomys_muroides,23.67,8.06,88.96,702.0,28.66,19.6,9.06,24.58,22.77,26.85,20.5,1917.18,209.05,120.33,24.68,585.35,300.84,531.71,354.47,335.5,0.9469
chiropodomys_pusillus,24.95,7.81,88.65,325.8,29.8,20.99,8.81,25.83,24.07,28.04,21.87,1984.58,211.22,128.71,22.17,591.41,321.78,547.92,365.28,315.5,0.9226
chiropotes_albinasus,20.86,8.61,77.26,1513.8,26.99,15.85,11.15,21.98,19.75,24.77,16.96,1639.34,188.0,95.5,30.09,526.39,238.76,459.09,306.06,386.4,0.985
chiruromys_forbesi,20.92,8.59,76.47,1531.8,27.1,15.86,11.23,22.04,19.8,24.85,16.99,1634.36,187.63,95.05,30.21,525.37,237.62,457.79,305.2,369.4,0.9844
chiruromys_lamia,20.62,8.65,74.17,1621.8,27.03,15.37,11.66,21.79,19.45,24.7,16.54,1595.49,184.17,91.99,30.81,515.66,229.98,447.38,298.26,373.0,0.987
chiruromys_vates,21.21,8.57,82.52,1351.8,26.92,16.54,10.38,22.25,20.17,24.85,17.58,1701.31,193.19,100.64,29.01,540.93,251.61,475.53,317.02,408.8,0.9817
chlamyphorus_truncatus,8.18,10.71,32.18,6202.8,26.49,-6.8,33.29,11.51,4.86,19.84,-3.47,498.39,73.38,16.05,61.35,205.48,40.13,147.36,98.24,132.7,0.668
chlorocebus_aethiops,18.48,9.06,61.57,2268.0,26.57,11.86,14.71,19.95,17.01,23.63,13.33,1294.24,155.2,69.98,35.12,434.56,174.94,365.7,243.8,398.6,0.9939
chlorotalpa_sclateri,10.49,10.34,35.39,5337.0,26.55,-2.65,29.2,13.41,7.57,20.71,0.27,444.71,62.81,16.46,55.58,175.86,41.15,130.21,86.8,185.6,0.6889
chodsigoa_salenskii,10.42,10.27,33.88,5571.0,27.09,-3.22,30.31,13.45,7.39,21.03,-0.19,460.24,65.75,16.44,57.14,184.09,41.1,135.11,90.08,86.1,0.6969
choeroniscus_godmani,19.87,8.6,57.22,2336.4,28.14,13.11,15.03,21.37,18.37,25.13,14.61,1298.76,156.36,69.73,35.58,437.81,174.32,367.27,244.85,152.3,0.9884
choeroniscus_minor,23.72,8.06,88.96,666.0,28.71,19.65,9.06,24.63,22.82,26.89,20.55,1923.82,209.3,121.14,24.44,586.03,302.84,533.32,355.55,345.0,0.9461
choeronycteris_mexicana,14.54,9.53,40.13,4183.2,27.61,3.85,23.75,16.92,12.17,22.86,6.23,601.26,80.1,26.11,47.89,224.27,65.28,173.73,115.82,103.8,0.8458
choloepus_didactylus,25.49,7.76,88.58,50.0,30.31,21.55,8.76,26.37,24.62,28.56,22.43,1994.19,208.15,132.61,20.2,582.83,331.52,548.61,365.74,371.1,0.9113
choloepus_hoffmanni,26.49,7.45,88.17,50.0,31.14,22.69,8.45,27.33,25.64,29.45,23.53,2017.35,210.62,134.11,20.23,589.74,335.27,555.0,370.0,216.4,0.8891
chrotogale_owstoni,15.0,9.48,41.69,3965.4,27.5,4.77,22.73,17.27,12.73,22.95,7.05,652.15,85.89,29.11,46.44,240.5,72.77,187.96,125.31,136.1,0.8742
chrotomys_gonzalesi,18.11,9.1,58.31,2457.0,26.69,11.09,15.6,19.67,16.55,23.57,12.65,1209.64,146.64,64.13,36.38,410.6,160.33,342.56,228.37,366.6,0.9914
chrotomys_mindorensis,17.27,9.23,53.98,2775.6,26.68,9.57,17.11,18.98,15.56,23.26,11.28,1065.41,131.52,54.6,38.5,368.24,136.5,302.84,201.9,345.8,0.9817
chrotomys_whiteheadi,16.72,9.32,51.39,2993.4,26.7,8.56,18.14,18.54,14.91,23.07,10.37,972.02,121.46,48.64,39.96,340.08,121.59,277.0,184.67,328.0,0.9701
chrotopterus_auritus,23.39,8.08,88.99,887.4,28.38,19.3,9.08,24.29,22.48,26.56,20.21,1876.07,206.98,115.82,25.92,579.56,289.56,521.47,347.65,292.8,0.9517
chrysochloris_asiatica,9.7,10.41,33.29,5774.4,26.9,-4.37,31.27,12.83,6.58,20.65,-1.24,466.03,67.23,16.12,58.5,188.25,40.3,137.13,91.42,100.6,0.6845
chrysochloris_stuhlmanni,25.26,7.75,88.57,243.0,30.07,21.32,8.75,26.13,24.38,28.32,22.19,1993.75,211.05,130.23,21.62,590.93,325.56,549.9,366.6,307.8,0.9162
chrysocyon_brachyurus,16.05,9.48,50.62,3117.6,26.35,7.63,18.72,17.93,14.18,22.61,9.5,912.91,114.86,45.05,40.78,321.61,112.62,260.54,173.69,372.4,0.9577
chrysospalax_trevelyani,9.11,10.6,33.95,5763.6,26.27,-4.94,31.22,12.23,5.98,20.03,-1.82,450.9,65.02,15.62,58.42,182.05,39.06,132.66,88.44,197.5,0.6616
chrysospalax_villosus,11.08,10.28,37.11,5016.6,26.31,-1.38,27.69,13.85,8.31,20.77,1.39,450.75,62.66,17.49,53.44,175.44,43.72,131.49,87.66,244.7,0.705
civettictis_civetta,23.37,8.01,87.82,1083.6,28.39,19.27,9.12,24.28,22.46,26.56,20.18,1829.27,204.31,110.94,27.22,572.08,277.35,509.66,339.77,202.4,0.952
cloeotis_percivali,17.12,9.26,53.54,2817.0,26.64,9.34,17.3,18.85,15.39,23.18,11.07,1046.31,129.46,53.38,38.78,362.49,133.45,297.56,198.37,349.0,0.9797
clyomys_bishopi,13.42,9.94,43.38,4006.8,26.03,3.11,22.92,15.72,11.13,21.45,5.4,607.42,80.17,26.97,46.71,224.49,67.43,175.15,116.77,359.1,0.834
clyomys_laticeps,15.96,9.5,50.53,3133.8,26.3,7.5,18.8,17.84,14.08,22.54,9.38,905.24,114.0,44.59,40.89,319.19,111.47,258.4,172.27,378.9,0.9558
coccymys_ruemmleri,22.05,8.43,89.39,1049.4,27.23,17.81,9.43,22.99,21.11,25.35,18.75,1807.5,201.45,109.96,27.0,564.07,274.91,503.39,335.59,422.3,0.9719
coelops_frithii,20.59,8.5,62.82,2019.6,28.03,14.5,13.54,21.94,19.23,25.33,15.85,1442.63,170.51,79.99,33.46,477.42,199.97,406.44,270.96,191.1,0.9858
coelops_robinsoni,23.34,8.09,89.0,898.2,28.34,19.26,9.09,24.25,22.44,26.53,20.16,1872.83,206.77,115.51,25.99,578.95,288.78,520.64,347.09,294.0,0.9525
coendou_bicolor,24.57,7.82,88.67,603.0,29.42,20.59,8.82,25.45,23.68,27.65,21.48,1952.02,211.51,123.6,24.02,592.23,308.99,540.73,360.49,244.9,0.9302
coendou_nycthemera,23.78,8.11,89.02,491.4,28.79,19.68,9.11,24.69,22.87,26.97,20.59,1946.29,209.38,124.44,23.28,586.27,311.1,538.42,358.95,418.7,0.945
coendou_prehensilis,20.71,8.66,77.56,1517.4,26.85,15.68,11.17,21.83,19.59,24.62,16.8,1634.55,187.49,95.19,30.12,524.97,237.98,457.77,305.18,408.3,0.9864
coendou_rothschildi,22.26,8.18,73.4,1513.8,28.39,17.25,11.15,23.38,21.15,26.16,18.36,1671.64,191.7,97.38,30.09,536.77,243.46,468.14,312.09,171.1,0.9686
coleura_afra,25.33,7.7,88.5,318.6,30.12,21.42,8.7,26.2,24.46,28.38,22.29,1993.57,212.07,129.38,22.12,593.81,323.44,550.35,366.9,260.8,0.9147
coleura_seychellensis,22.78,8.28,89.23,842.4,27.88,18.6,9.28,23.71,21.85,26.03,19.53,1871.31,205.88,116.0,25.62,576.45,289.99,519.87,346.58,407.3,0.9615
colobus_angolensis,23.5,8.1,89.01,748.8,28.51,19.41,9.1,24.41,22.59,26.69,20.32,1905.48,208.4,119.11,24.99,583.51,297.76,528.76,352.51,339.7,0.9499
colobus_guereza,23.0,8.18,89.11,927.0,28.05,18.87,9.18,23.92,22.08,26.21,19.79,1858.58,205.57,114.33,26.18,575.59,285.83,516.85,344.57,333.5,0.9581
colobus_polykomos,21.89,8.25,70.54,1630.8,28.32,16.62,11.7,23.06,20.72,25.98,17.79,1621.43,187.26,93.4,30.87,524.33,233.51,454.71,303.14,174.1,0.9733
colobus_satanas,25.63,7.59,88.36,354.6,30.36,21.77,8.59,26.49,24.77,28.64,22.63,1998.97,213.15,129.33,22.36,596.82,323.32,552.08,368.05,197.4,0.9083
colobus_vellerosus,23.0,8.02,77.7,1339.2,28.68,18.36,10.32,24.04,21.97,26.62,19.39,1746.67,198.19,103.45,28.93,554.93,258.62,488.13,325.42,139.0,0.9578
colomys_goslingi,25.55,7.61,88.38,385.2,30.28,21.67,8.61,26.41,24.69,28.56,22.53,1995.29,213.18,128.75,22.57,596.91,321.87,551.27,367.51,196.5,0.91
condylura_cristata,4.29,11.31,27.83,7758.0,26.64,-13.99,40.63,8.36,0.23,18.52,-9.93,781.86,123.57,18.43,71.72,345.99,46.06,235.23,156.82,0.0,0.6958
conepatus_humboldtii,2.55,11.65,27.04,8274.6,26.24,-16.83,43.07,6.86,-1.76,17.63,-12.52,853.59,137.96,17.67,75.16,386.3,44.17,258.28,172.19,25.3,0.6714
conepatus_leuconotus,13.27,9.73,37.28,4680.0,27.63,1.53,26.1,15.88,10.66,22.41,4.14,513.86,70.23,20.9,51.2,196.64,52.24,149.33,99.55,65.5,0.7819
conepatus_semistriatus,23.62,8.05,88.95,772.2,28.59,19.54,9.05,24.52,22.71,26.78,20.45,1903.93,208.54,118.76,25.15,583.9,296.9,528.48,352.32,311.6,0.9478
conilurus_penicillatus,18.21,9.12,61.01,2318.4,26.44,11.49,14.95,19.71,16.72,23.45,12.98,1267.77,152.47,68.19,35.46,426.92,170.47,358.44,238.96,415.7,0.9935
connochaetes_gnou,10.82,10.29,36.1,5189.4,26.49,-2.01,28.51,13.67,7.97,20.79,0.84,446.46,62.6,16.89,54.6,175.27,42.23,130.5,87.0,204.2,0.697
connochaetes_taurinus,17.49,9.15,52.94,2813.4,27.0,9.71,17.29,19.22,15.76,23.54,11.44,1056.2,130.66,53.9,38.76,365.84,134.76,300.36,200.24,293.9,0.9814
cormura_brevirostris,25.6,7.69,88.49,136.8,30.37,21.69,8.69,26.47,24.73,28.64,22.56,2000.99,210.34,131.88,20.91,588.95,329.7,551.19,367.46,305.4,0.909
corynorhinus_rafinesquii,9.96,10.28,32.25,5904.0,27.49,-4.39,31.88,13.15,6.77,21.12,-1.2,489.58,71.07,16.58,59.36,199.0,41.45,144.27,96.18,0.0,0.7045
corynorhinus_townsendii,8.69,10.52,31.2,6294.6,27.24,-6.49,33.72,12.06,5.32,20.49,-3.11,527.68,78.03,16.73,61.96,218.49,41.81,156.18,104.12,12.0,0.6973
craseonycteris_thonglongyai,19.18,8.72,53.61,2595.6,28.12,11.86,16.26,20.8,17.55,24.87,13.49,1179.23,144.09,61.61,37.3,403.46,154.03,334.49,222.99,137.0,0.9876
cratogeomys_castanops,10.31,10.25,33.12,5706.0,27.33,-3.61,30.95,13.41,7.22,21.14,-0.52,471.85,67.85,16.5,58.04,189.97,41.25,138.73,92.49,39.0,0.7016
cratogeomys_fumosus,16.49,9.21,45.28,3461.4,27.68,7.33,20.35,18.52,14.45,23.61,9.37,812.94,104.22,38.56,43.08,291.82,96.41,232.94,155.29,144.2,0.9398
cratogeomys_gymnurus,16.26,9.24,44.27,3573.0,27.73,6.86,20.87,18.34,14.17,23.56,8.95,775.82,100.07,36.32,43.82,280.18,90.8,222.59,148.39,127.3,0.9285
cratogeomys_merriami,16.7,9.14,44.77,3475.8,27.93,7.52,20.41,18.74,14.66,23.85,9.56,813.73,104.41,38.54,43.17,292.34,96.34,233.2,155.47,104.1,0.941
cratogeomys_neglectus,15.77,9.31,42.51,3789.0,27.81,5.92,21.89,17.96,13.58,23.43,8.11,709.07,92.52,32.35,45.26,259.05,80.86,203.95,135.97,100.7,0.9036
cratogeomys_tylorhinus,16.14,9.25,43.76,3630.6,27.77,6.63,21.14,18.26,14.03,23.54,8.74,757.6,98.02,35.23,44.2,274.45,88.06,217.51,145.0,117.8,0.9224
cratogeomys_zinseri,15.59,9.35,42.47,3816.0,27.7,5.68,22.02,17.79,13.38,23.29,7.88,698.51,91.27,31.76,45.44,255.56,79.4,200.98,133.98,115.9,0.8982
cricetomys_emini,25.89,7.54,88.29,284.4,30.58,22.04,8.54,26.74,25.03,28.88,22.9,2007.49,213.08,130.66,21.9,596.62,326.65,553.96,369.31,191.4,0.9026
cricetulus_migratorius,4.29,11.35,28.29,7651.8,26.36,-13.77,40.13,8.3,0.28,18.34,-9.76,755.75,118.88,18.26,71.01,332.87,45.64,227.11,151.4,50.8,0.6881
cricetus_cricetus,-1.41,12.48,26.07,9288.0,24.91,-22.95,47.86,3.38,-6.2,15.34,-18.16,869.34,146.63,13.1,81.92,410.56,32.75,265.98,177.32,158.6,0.5915
crocidura_batesi,25.76,7.57,88.34,304.2,30.47,21.9,8.57,26.61,24.9,28.76,22.76,2003.91,212.97,130.21,22.03,596.33,325.52,553.11,368.74,202.1,0.9055
crocidura_beatus,20.66,8.66,76.08,1562.4,26.92,15.54,11.38,21.8,19.52,24.64,16.68,1617.7,186.06,93.81,30.42,520.98,234.51,453.29,302.2,394.4,0.9867
crocidura_bottegi,23.29,8.02,86.59,1114.2,28.39,19.13,9.26,24.22,22.37,26.54,20.05,1819.34,203.59,110.03,27.43,570.06,275.07,507.08,338.05,200.2,0.9533
crocidura_canariensis,11.74,10.02,35.32,5160.6,27.34,-1.03,28.37,14.57,8.9,21.67,1.81,467.01,65.38,17.74,54.4,183.07,44.36,136.46,90.97,76.2,0.7279
crocidura_crossei,23.44,7.95,82.6,1189.8,28.73,19.11,9.62,24.4,22.48,26.81,20.07,1801.75,202.57,108.21,27.93,567.2,270.52,502.63,335.09,142.1,0.9507
crocidura_cyanea,13.73,9.76,40.76,4226.4,26.91,2.95,23.96,16.13,11.34,22.12,5.35,575.62,76.86,24.86,48.18,215.19,62.15,166.41,110.94,208.2,0.8225
crocidura_dolichura,25.47,7.66,88.45,307.8,30.24,21.58,8.66,26.34,24.61,28.5,22.44,1997.24,212.31,129.73,22.05,594.48,324.33,551.29,367.53,244.1,0.9118
crocidura_douceti,22.56,8.1,73.39,1490.4,28.63,17.59,11.04,23.66,21.46,26.42,18.7,1686.55,193.14,98.47,29.94,540.79,246.18,472.18,314.79,136.4,0.9644
crocidura_elgonius,24.22,8.03,88.93,334.8,29.19,20.16,9.03,25.13,23.32,27.38,21.06,1967.35,209.51,127.5,22.23,586.62,318.74,543.22,362.14,423.7,0.937
crocidura_flavescens,9.87,10.44,34.44,5569.2,26.54,-3.76,30.3,12.9,6.84,20.48,-0.73,447.46,63.92,15.99,57.13,178.96,39.97,131.36,87.57,171.0,0.677
crocidura_foxi,21.56,8.3,67.19,1769.4,28.35,16.0,12.36,22.79,20.32,25.88,17.23,1562.42,181.95,88.8,31.8,509.46,222.01,438.88,292.59,159.3,0.977
crocidura_fuliginosa,18.8,8.82,53.82,2624.4,27.81,11.42,16.39,20.44,17.16,24.53,13.06,1159.1,141.86,60.37,37.5,397.22,150.93,328.89,219.26,182.2,0.9879
crocidura_fulvastra,21.61,8.31,69.29,1693.8,28.21,16.21,12.0,22.81,20.41,25.81,17.41,1592.0,184.56,91.15,31.29,516.76,227.88,446.79,297.86,186.6,0.9766
crocidura_fumosa,24.97,7.9,88.76,90.0,29.87,20.97,8.9,25.86,24.09,28.09,21.86,1985.16,208.03,131.35,20.6,582.48,328.38,546.51,364.34,423.1,0.9222
crocidura_fuscomurina,21.75,8.29,70.51,1643.4,28.21,16.45,11.76,22.92,20.57,25.86,17.63,1613.6,186.5,92.84,30.96,522.2,232.1,452.58,301.72,189.8,0.975
crocidura_goliath,25.55,7.62,88.41,333.0,30.3,21.67,8.62,26.42,24.69,28.57,22.54,1998.15,212.76,129.51,22.22,595.73,323.78,551.71,367.81,219.7,0.91
crocidura_gracilipes,23.54,8.16,89.08,550.8,28.58,19.42,9.16,24.46,22.62,26.75,20.33,1934.68,208.93,123.06,23.67,585.0,307.65,535.59,357.06,427.2,0.9492
crocidura_grandiceps,23.27,7.98,80.5,1251.0,28.71,18.81,9.91,24.26,22.27,26.73,19.8,1779.82,200.86,106.29,28.34,562.41,265.71,496.87,331.25,140.3,0.9535
crocidura_grayi,17.27,9.24,53.99,2775.6,26.67,9.57,17.11,18.98,15.55,23.25,11.28,1065.27,131.5,54.59,38.5,368.2,136.48,302.8,201.87,346.7,0.9817
crocidura_hildegardeae,25.67,7.7,88.51,50.0,30.46,21.76,8.7,26.54,24.8,28.72,22.63,1998.22,208.55,132.89,20.19,583.93,332.24,549.7,366.47,344.4,0.9075
crocidura_hirta,17.66,9.15,54.87,2683.8,26.83,10.16,16.67,19.33,15.99,23.5,11.83,1109.72,136.28,57.44,37.89,381.58,143.59,315.1,210.07,328.9,0.9858
crocidura_horsfieldii,15.81,9.31,42.8,3756.6,27.77,6.03,21.74,17.99,13.64,23.42,8.2,717.91,93.51,32.88,45.04,261.83,82.19,206.41,137.61,109.0,0.907
crocidura_jacksoni,25.15,7.85,88.7,72.0,30.02,21.17,8.85,26.04,24.27,28.25,22.05,1988.45,208.12,131.77,20.48,582.75,329.42,547.3,364.87,404.5,0.9185
crocidura_leucodon,3.9,11.47,28.56,7657.2,25.99,-14.17,40.16,7.92,-0.11,17.96,-10.15,748.19,117.72,18.05,71.05,329.62,45.13,224.85,149.9,107.6,0.6761
crocidura_littoralis,24.93,7.88,88.73,174.6,29.81,20.94,8.88,25.82,24.04,28.04,21.82,1986.3,209.31,130.49,21.16,586.08,326.23,547.39,364.92,390.0,0.923
crocidura_longipes,20.81,8.41,60.94,2077.2,28.4,14.59,13.81,22.19,19.43,25.64,15.97,1424.71,168.96,78.54,33.85,473.08,196.35,401.66,267.77,130.3,0.9835
crocidura_ludia,24.62,7.87,88.73,437.4,29.5,20.63,8.87,25.51,23.74,27.73,21.52,1970.44,211.24,126.57,22.92,591.47,316.44,544.74,363.16,313.8,0.9292
crocidura_luna,21.0,8.57,77.07,1508.4,27.12,16.0,11.12,22.12,19.89,24.9,17.11,1644.47,188.53,95.85,30.06,527.87,239.63,460.5,307.0,367.1,0.9836
crocidura_lusitania,16.43,9.21,44.74,3511.8,27.75,7.17,20.58,18.49,14.37,23.63,9.23,797.02,102.46,37.58,43.41,286.89,93.96,228.51,152.34,129.3,0.9354
crocidura_maquassiensis,12.58,10.01,39.5,4518.0,26.51,1.17,25.34,15.11,10.04,21.44,3.71,511.46,69.32,21.26,50.12,194.11,53.15,148.35,98.9,249.2,0.7694
crocidura_mariquensis,15.27,9.52,45.08,3625.2,26.89,5.77,21.12,17.39,13.16,22.67,7.88,739.03,95.59,34.38,44.17,267.64,85.96,212.16,141.44,253.7,0.9097
crocidura_maurisca,25.16,7.85,88.7,68.4,30.02,21.17,8.85,26.04,24.27,28.25,22.06,1988.39,208.07,131.8,20.46,582.59,329.51,547.26,364.84,405.4,0.9183
crocidura_monax,24.49,7.98,88.87,253.8,29.43,20.44,8.98,25.39,23.59,27.63,21.34,1975.83,209.3,128.94,21.69,586.03,322.34,545.02,363.35,421.2,0.9318
crocidura_montis,25.13,7.86,88.71,72.0,30.0,21.14,8.86,26.01,24.24,28.23,22.03,1987.87,208.06,131.73,20.48,582.58,329.32,547.14,364.76,408.4,0.9189
crocidura_mutesae,24.99,7.87,88.73,142.2,29.87,21.0,8.87,25.88,24.1,28.1,21.89,1987.14,208.96,130.91,20.95,585.08,327.27,547.41,364.94,396.0,0.9218
crocidura_nanilla,21.3,8.35,65.61,1848.6,28.3,15.57,12.73,22.57,20.02,25.75,16.84,1526.08,178.56,86.07,32.32,499.96,215.16,429.08,286.05,162.4,0.9797
crocidura_negrina,20.02,8.76,70.0,1803.6,26.9,14.39,12.52,21.27,18.77,24.4,15.64,1513.91,176.66,85.76,32.02,494.65,214.39,425.43,283.62,380.0,0.9911
crocidura_nigeriae,23.82,7.89,88.75,1026.0,28.71,19.82,8.89,24.71,22.93,26.93,20.71,1854.28,206.37,113.05,26.84,577.82,282.62,516.27,344.18,160.5,0.9442
crocidura_nigricans,18.99,8.78,54.49,2566.8,27.86,11.74,16.12,20.61,17.38,24.64,13.35,1186.34,144.72,62.17,37.11,405.23,155.43,336.39,224.26,178.9,0.9887
crocidura_nigrofusca,22.98,8.21,89.14,882.0,28.04,18.84,9.21,23.9,22.06,26.2,19.76,1867.87,206.01,115.37,25.88,576.83,288.43,519.15,346.1,357.6,0.9584
crocidura_niobe,25.48,7.77,88.59,50.0,30.3,21.53,8.77,26.35,24.6,28.55,22.41,1993.57,208.04,132.61,20.18,582.5,331.51,548.41,365.61,375.4,0.9115
crocidura_olivieri,17.45,9.09,50.04,3000.6,27.45,9.28,18.17,19.27,15.63,23.81,11.09,986.29,123.29,49.31,40.0,345.21,123.28,281.09,187.4,212.2,0.9742
crocidura_pasha,15.77,9.49,48.34,3310.2,26.57,6.93,19.63,17.73,13.8,22.64,8.9,842.6,107.14,40.68,42.07,299.99,101.69,241.01,160.67,325.8,0.9421
crocidura_planiceps,23.22,8.11,89.02,932.4,28.23,19.12,9.11,24.13,22.31,26.41,20.03,1862.53,206.07,114.52,26.22,577.01,286.3,517.98,345.32,296.6,0.9545
crocidura_poensis,25.35,7.6,88.38,550.8,30.08,21.48,8.6,26.21,24.49,28.36,22.34,1976.44,213.44,125.71,23.67,597.63,314.29,547.15,364.77,148.8,0.9143
crocidura_raineyi,24.69,7.95,88.83,171.0,29.61,20.66,8.95,25.58,23.79,27.82,21.55,1980.62,208.67,130.16,21.14,584.27,325.4,545.8,363.87,429.2,0.9279
crocidura_religiosa,11.31,10.25,37.74,4905.0,26.25,-0.92,27.16,14.02,8.59,20.81,1.8,457.72,63.27,18.04,52.7,177.16,45.1,133.36,88.9,262.5,0.7139
crocidura_russula,5.74,11.05,28.76,7286.4,26.86,-11.55,38.41,9.58,1.9,19.18,-7.71,695.94,107.71,18.22,68.58,301.58,45.56,208.29,138.86,0.0,0.704
crocidura_silacea,11.65,10.15,37.4,4897.8,26.57,-0.55,27.13,14.37,8.94,21.15,2.16,465.94,64.38,18.38,52.65,180.27,45.96,135.74,90.49,212.4,0.7255
crocidura_somalica,20.17,8.76,73.16,1688.4,26.76,14.79,11.97,21.37,18.98,24.36,15.98,1560.8,180.88,89.41,31.26,506.47,223.53,438.0,292.0,410.5,0.9904
crocidura_tarfayensis,14.84,9.48,40.72,4082.4,27.64,4.37,23.28,17.17,12.51,22.99,6.69,625.7,82.92,27.52,47.22,232.16,68.81,180.58,120.39,105.4,0.8607
crocidura_theresae,21.58,8.28,66.17,1803.6,28.46,15.94,12.52,22.83,20.32,25.96,17.2,1549.84,180.85,87.79,32.02,506.39,219.48,435.52,290.35,140.4,0.9766
crocidura_turba,23.63,8.06,88.96,741.6,28.61,19.55,9.06,24.53,22.72,26.8,20.45,1909.52,208.74,119.43,24.94,584.48,298.58,529.84,353.23,324.4,0.9476
crocidura_ultima,25.15,7.86,88.72,50.0,30.03,21.16,8.86,26.04,24.26,28.25,22.05,1986.36,207.36,132.07,20.22,580.61,330.17,546.46,364.31,423.1,0.9185
crocidura_usambarae,22.72,8.31,89.26,815.4,27.84,18.53,9.31,23.65,21.79,25.98,19.46,1875.19,205.95,116.52,25.44,576.66,291.29,520.77,347.18,429.4,0.9625
crocidura_viaria,18.19,8.91,50.45,2890.8,27.9,10.25,17.65,19.96,16.43,24.37,12.01,1043.39,129.63,52.8,39.27,362.97,132.01,296.99,197.99,149.9,0.9807
crocidura_whitakeri,10.89,10.11,33.21,5599.8,27.63,-2.81,30.44,13.93,7.85,21.54,0.23,473.87,67.79,16.85,57.33,189.81,42.12,139.16,92.77,0.0,0.7152
crocidura_wimmeri,24.09,7.83,88.68,959.4,28.95,20.12,8.83,24.97,23.21,27.18,21.0,1876.43,207.96,115.09,26.4,582.3,287.74,522.02,348.01,150.4,0.9393
crocidura_yankariensis,21.84,8.39,82.15,1315.8,27.45,17.24,10.21,22.86,20.81,25.41,18.26,1727.04,195.68,102.51,28.77,547.9,256.28,482.51,321.67,329.9,0.9744
crocidura_zimmeri,20.99,8.54,73.5,1612.8,27.37,15.76,11.62,22.15,19.82,25.05,16.92,1607.17,185.41,92.74,30.75,519.16,231.86,450.61,300.41,321.0,0.9835
crocuta_crocuta,23.63,7.99,88.88,925.2,28.57,19.58,8.99,24.53,22.73,26.77,20.48,1873.47,207.19,115.27,26.17,580.13,288.17,520.98,347.32,237.7,0.9476
crossarchus_alexandri,25.67,7.7,88.5,55.8,30.45,21.76,8.7,26.54,24.8,28.71,22.62,1999.6,209.07,132.69,20.37,585.39,331.72,550.26,366.84,332.5,0.9075
crossarchus_ansorgei,24.21,7.91,88.78,660.6,29.12,20.2,8.91,25.11,23.32,27.33,21.1,1935.98,210.55,121.96,24.4,589.53,304.9,536.66,357.77,271.8,0.9371
crossarchus_obscurus,23.23,7.99,81.6,1227.6,28.62,18.82,9.8,24.21,22.25,26.66,19.8,1786.0,201.27,106.89,28.18,563.55,267.22,498.46,332.31,156.3,0.9542
crossomys_moncktoni,21.35,8.54,83.61,1315.8,26.97,16.76,10.21,22.37,20.33,24.93,17.78,1715.89,194.42,101.85,28.77,544.37,254.62,479.4,319.6,404.2,0.9802
cryptomys_bocagei,19.24,8.79,58.06,2358.0,27.57,12.43,15.13,20.76,17.73,24.54,13.94,1275.53,153.75,68.33,35.72,430.51,170.81,360.8,240.53,239.0,0.9911
cryptomys_damarensis,16.51,9.26,47.24,3306.6,27.29,7.68,19.61,18.47,14.54,23.37,9.64,860.76,109.43,41.57,42.04,306.4,103.93,246.2,164.13,214.0,0.9508
cryptomys_hottentotus,15.65,9.47,46.56,3459.6,26.84,6.5,20.34,17.69,13.62,22.77,8.53,794.22,101.81,37.68,43.06,285.08,94.21,227.57,151.71,273.4,0.9294
cryptomys_mechowi,19.49,8.78,61.5,2176.2,27.34,13.07,14.28,20.92,18.07,24.49,14.5,1354.65,161.58,73.93,34.51,452.43,184.83,382.36,254.9,285.8,0.992
cryptomys_ochraceocinereus,23.57,8.04,88.94,846.0,28.54,19.5,9.04,24.47,22.66,26.73,20.4,1888.81,207.85,117.04,25.64,581.97,292.61,524.75,349.83,284.2,0.9486
cryptoprocta_ferox,15.1,9.66,48.01,3412.8,26.16,6.05,20.12,17.11,13.09,22.14,8.06,795.37,101.7,37.94,42.75,284.76,94.86,227.77,151.85,380.7,0.9248
cryptotis_goodwini,18.69,8.78,50.57,2827.8,28.24,10.88,17.35,20.43,16.96,24.77,12.62,1078.43,133.51,54.95,38.85,373.84,137.38,306.73,204.49,102.6,0.9829
cryptotis_magna,17.73,8.96,47.62,3135.6,28.07,9.26,18.81,19.61,15.85,24.31,11.14,945.36,119.06,46.56,40.9,333.37,116.39,269.85,179.9,106.5,0.9692
cryptotis_meridensis,21.39,8.41,72.44,1612.8,27.77,16.16,11.62,22.55,20.22,25.45,17.32,1616.41,186.48,93.28,30.75,522.14,233.19,453.2,302.13,259.4,0.9793
cryptotis_mexicana,17.13,9.05,45.61,3357.0,28.05,8.19,19.85,19.11,15.14,24.08,10.18,859.27,109.54,41.26,42.38,306.71,103.15,245.92,163.94,94.7,0.953
cryptotis_montivaga,24.65,7.76,88.59,693.0,29.47,20.71,8.76,25.53,23.78,27.72,21.59,1941.2,211.55,121.94,24.62,592.34,304.85,538.31,358.88,189.1,0.9286
cryptotis_parva,11.46,10.01,33.85,5412.6,27.72,-1.84,29.56,14.42,8.51,21.81,1.12,471.71,66.87,17.26,56.08,187.23,43.16,138.23,92.15,0.0,0.7253
cryptotis_squamipes,25.73,7.58,88.35,306.0,30.45,21.87,8.58,26.59,24.87,28.74,22.73,2003.29,212.93,130.15,22.04,596.21,325.37,552.95,368.63,205.0,0.9062
cryptotis_thomasi,24.46,7.83,88.68,669.6,29.32,20.49,8.83,25.34,23.58,27.55,21.37,1940.33,211.14,122.14,24.46,591.19,305.34,537.92,358.61,229.7,0.9323
ctenodactylus_gundi,9.65,10.34,31.94,6006.6,27.45,-4.92,32.36,12.88,6.41,20.97,-1.68,498.05,72.65,16.58,60.04,203.43,41.46,146.94,97.96,0.0,0.7026
ctenodactylus_vali,10.05,10.26,32.34,5873.4,27.51,-4.23,31.74,13.23,6.88,21.16,-1.05,487.35,70.64,16.59,59.16,197.8,41.47,143.56,95.71,0.0,0.7052
ctenomys_argentinus,11.79,10.16,38.39,4757.4,26.34,-0.12,26.47,14.43,9.14,21.05,2.52,474.76,65.14,19.1,51.72,182.39,47.76,138.09,92.06,257.9,0.7335
ctenomys_australis,5.89,11.16,30.55,6886.8,25.97,-10.55,36.52,9.54,2.23,18.67,-6.9,597.19,90.77,16.96,65.91,254.15,42.41,177.94,118.62,164.8,0.6646
ctenomys_azarae,6.64,10.98,30.65,6739.2,26.35,-9.48,35.82,10.23,3.06,19.18,-5.89,578.59,87.35,16.91,64.93,244.57,42.28,172.11,114.74,117.4,0.6742
ctenomys_boliviensis,15.16,9.61,46.78,3501.0,26.45,5.92,20.53,17.21,13.1,22.34,7.97,770.77,99.03,36.39,43.34,277.28,90.98,220.96,147.3,330.0,0.9185
ctenomys_bonettoi,11.64,10.18,38.1,4813.2,26.34,-0.39,26.73,14.31,8.97,20.99,2.28,468.61,64.48,18.71,52.09,180.54,46.78,136.39,90.92,254.4,0.7269
ctenomys_colburni,0.98,11.91,26.03,8843.4,26.15,-19.61,45.76,5.55,-3.6,16.99,-15.04,898.86,148.83,15.76,78.96,416.73,39.41,273.68,182.46,0.0,0.6447
ctenomys_conoveri,14.54,9.67,43.82,3826.8,26.68,4.6,22.07,16.74,12.33,22.26,6.81,671.76,87.83,30.5,45.51,245.92,76.26,193.3,128.87,272.5,0.8774
ctenomys_dorsalis,14.45,9.69,43.82,3837.6,26.61,4.49,22.12,16.66,12.24,22.19,6.71,667.24,87.29,30.26,45.58,244.4,75.64,192.03,128.02,280.9,0.8745
ctenomys_emilianus,6.96,10.88,30.31,6751.8,26.69,-9.19,35.88,10.55,3.37,19.52,-5.6,588.87,88.95,17.17,65.01,249.06,42.92,175.19,116.79,63.2,0.6875
ctenomys_frater,15.62,9.45,45.77,3526.2,26.98,6.33,20.65,17.69,13.55,22.85,8.39,774.25,99.61,36.45,43.51,278.91,91.12,222.02,148.01,247.0,0.9236
ctenomys_haigi,5.02,11.2,28.6,7450.2,26.57,-12.61,39.18,8.94,1.1,18.74,-8.69,721.72,112.52,18.24,69.67,315.05,45.61,216.4,144.26,32.8,0.6952
ctenomys_knighti,11.7,10.11,36.96,4948.2,26.75,-0.62,27.37,14.43,8.96,21.27,2.12,465.75,64.52,18.25,52.99,180.66,45.62,135.76,90.51,182.2,0.7264
ctenomys_latro,12.4,10.01,38.44,4665.6,26.71,0.68,26.03,15.0,9.79,21.51,3.29,494.61,67.55,20.15,51.1,189.13,50.38,143.71,95.81,207.3,0.7565
ctenomys_leucodon,17.74,9.05,51.64,2865.6,27.39,9.85,17.53,19.5,15.99,23.88,11.61,1042.36,129.32,52.9,39.1,362.1,132.24,296.61,197.74,231.0,0.9805
ctenomys_lewisi,14.59,9.63,43.17,3879.0,26.87,4.55,22.32,16.82,12.36,22.4,6.78,661.19,86.69,29.83,45.86,242.72,74.58,190.38,126.92,239.5,0.8736
ctenomys_magellanicus,1.04,11.91,26.1,8812.8,26.12,-19.49,45.62,5.6,-3.53,17.0,-14.93,897.13,148.36,15.89,78.75,415.4,39.71,273.07,182.04,5.7,0.6457
ctenomys_maulinus,6.64,10.92,29.89,6890.4,26.74,-9.8,36.54,10.3,2.99,19.43,-6.15,615.56,93.58,17.47,65.94,262.01,43.68,183.42,122.28,46.6,0.6925
ctenomys_minutus,15.89,9.47,48.91,3254.4,26.55,7.18,19.37,17.83,13.96,22.67,9.11,863.41,109.45,41.95,41.7,306.46,104.88,246.8,164.54,332.8,0.9475
ctenomys_occultus,11.72,10.12,37.17,4917.6,26.69,-0.53,27.22,14.44,9.0,21.25,2.19,466.95,64.59,18.37,52.78,180.84,45.93,136.07,90.71,192.9,0.7275
ctenomys_opimus,15.1,9.52,43.61,3774.6,27.1,5.28,21.82,17.28,12.91,22.74,7.46,697.01,90.88,31.85,45.16,254.45,79.63,200.45,133.63,210.8,0.8933
ctenomys_pearsoni,7.83,10.85,33.0,6118.2,25.92,-6.97,32.89,11.12,4.54,19.34,-3.68,474.84,69.64,15.52,60.79,194.98,38.79,140.26,93.51,227.4,0.6454
ctenomys_perrensi,10.25,10.44,36.25,5252.4,26.09,-2.71,28.8,13.13,7.37,20.33,0.17,435.47,61.24,16.32,55.02,171.48,40.81,127.38,84.92,261.4,0.678
ctenomys_peruanus,17.83,9.03,51.75,2849.4,27.43,9.98,17.46,19.58,16.09,23.94,11.72,1050.47,130.21,53.4,39.0,364.59,133.51,298.86,199.24,224.9,0.9813
ctenomys_pontifex,8.74,10.59,32.4,6073.2,26.72,-5.96,32.68,12.01,5.48,20.18,-2.69,488.2,71.44,16.07,60.49,200.04,40.19,144.14,96.09,107.6,0.6755
ctenomys_porteousi,6.62,11.01,30.94,6687.0,26.19,-9.39,35.58,10.18,3.06,19.07,-5.83,565.62,85.19,16.7,64.58,238.52,41.74,168.15,112.1,145.6,0.6669
ctenomys_saltarius,13.12,9.88,39.76,4415.4,26.79,1.94,24.85,15.6,10.63,21.82,4.42,535.3,72.17,22.56,49.44,202.09,56.39,155.09,103.39,213.9,0.7918
ctenomys_sericeus,3.22,11.54,27.52,8029.8,26.28,-15.64,41.92,7.41,-0.97,17.89,-11.45,819.52,131.07,18.08,73.53,366.98,45.19,247.3,164.87,37.4,0.6795
ctenomys_sociabilis,5.33,11.15,28.81,7347.6,26.61,-12.08,38.7,9.2,1.46,18.87,-8.21,702.4,109.01,18.15,68.98,305.22,45.39,210.36,140.24,33.7,0.696
ctenomys_steinbachi,16.64,9.3,49.76,3110.4,26.92,8.23,18.69,18.51,14.77,23.18,10.1,928.88,116.82,45.87,40.74,327.1,114.69,265.07,176.71,285.9,0.9636
ctenomys_talarum,6.6,11.03,31.16,6647.4,26.06,-9.33,35.39,10.13,3.06,18.98,-5.79,555.75,83.54,16.53,64.32,233.93,41.32,165.14,110.1,168.1,0.6611
ctenomys_torquatus,9.26,10.61,34.9,5594.4,25.99,-4.43,30.42,12.3,6.22,19.91,-1.39,435.73,62.32,15.51,57.3,174.49,38.77,127.95,85.3,253.3,0.6558
ctenomys_tuconax,11.81,10.1,37.29,4888.8,26.71,-0.37,27.09,14.52,9.11,21.29,2.33,469.89,64.9,18.56,52.59,181.72,46.41,136.88,91.25,192.0,0.731
ctenomys_tucumanus,11.9,10.09,37.48,4852.8,26.7,-0.21,26.92,14.59,9.21,21.32,2.48,472.99,65.21,18.78,52.35,182.59,46.95,137.72,91.82,196.1,0.7345
ctenomys_validus,8.91,10.56,32.64,6006.6,26.71,-5.65,32.36,12.15,5.68,20.24,-2.41,481.11,70.18,16.02,60.04,196.52,40.05,141.94,94.63,112.9,0.6753
cuniculus_paca,23.99,7.97,88.85,694.8,28.92,19.95,8.97,24.88,23.09,27.13,20.85,1925.52,209.87,120.94,24.63,587.62,302.34,533.98,355.98,290.9,0.9412
cuniculus_taczanowskii,25.22,7.69,88.5,424.8,30.0,21.31,8.69,26.09,24.35,28.26,22.18,1985.14,212.64,127.66,22.83,595.4,319.14,548.72,365.82,228.1,0.917
cuon_alpinus,14.24,9.62,40.3,4206.6,27.36,3.5,23.86,16.62,11.85,22.59,5.88,590.35,78.74,25.56,48.04,220.47,63.9,170.62,113.75,140.2,0.8368
cyclopes_didactylus,24.43,7.9,88.77,507.6,29.32,20.42,8.9,25.32,23.54,27.54,21.31,1959.72,211.05,125.12,23.38,590.93,312.8,542.24,361.49,311.1,0.9329
cynictis_penicillata,12.7,9.93,38.4,4627.8,26.92,1.06,25.85,15.28,10.11,21.75,3.65,504.45,68.76,20.66,50.85,192.52,51.65,146.5,97.67,178.6,0.7674
cynocephalus_volans,20.46,8.69,74.23,1632.6,26.9,15.19,11.71,21.63,19.29,24.56,16.36,1587.88,183.41,91.46,30.88,513.54,228.64,445.31,296.87,392.5,0.9883
cynogale_bennettii,25.77,7.61,88.39,189.0,30.51,21.89,8.61,26.63,24.91,28.78,22.76,2005.77,211.57,131.61,21.26,592.39,329.03,552.85,368.57,254.2,0.9053
cynomops_abrasus,19.95,8.78,69.5,1827.0,26.89,14.26,12.63,21.21,18.68,24.37,15.53,1503.24,175.66,84.96,32.18,491.85,212.39,422.55,281.7,380.3,0.9914
cynomops_greenhalli,24.86,7.9,88.76,183.6,29.75,20.86,8.9,25.75,23.97,27.97,21.75,1984.75,209.28,130.29,21.22,585.97,325.73,547.02,364.68,396.6,0.9244
cynomops_paranus,20.9,8.6,77.03,1517.4,27.04,15.87,11.17,22.02,19.78,24.81,16.99,1638.92,187.99,95.45,30.12,526.38,238.61,458.99,306.0,379.1,0.9846
cynomops_planirostris,20.9,8.6,77.03,1517.4,27.04,15.87,11.17,22.02,19.78,24.81,16.99,1638.92,187.99,95.45,30.12,526.38,238.61,458.99,306.0,379.1,0.9846
cynomys_gunnisoni,7.59,10.76,30.84,6544.8,26.78,-8.12,34.91,11.08,4.1,19.8,-4.63,555.14,83.06,16.82,63.63,232.56,42.06,164.77,109.85,64.0,0.6856
cynomys_leucurus,4.97,11.21,28.48,7486.2,26.62,-12.73,39.35,8.91,1.04,18.75,-8.8,729.8,113.96,18.3,69.91,319.09,45.75,218.91,145.94,23.4,0.6967
cynomys_ludovicianus,6.39,10.93,29.26,7065.0,26.94,-10.42,37.36,10.13,2.65,19.47,-6.69,653.91,100.2,17.93,67.1,280.55,44.82,195.23,130.15,3.4,0.7035
cynomys_mexicanus,13.84,9.64,38.45,4462.2,27.63,2.56,25.07,16.35,11.34,22.62,5.07,546.62,73.88,22.89,49.75,206.86,57.23,158.45,105.63,80.3,0.8086
cynomys_parvidens,6.29,11.01,30.0,6928.2,26.49,-10.23,36.72,9.96,2.62,19.14,-6.56,616.93,93.95,17.38,66.19,263.05,43.46,183.9,122.6,82.8,0.6843
cynopterus_brachyotis,20.5,8.49,60.81,2111.4,28.19,14.22,13.97,21.9,19.11,25.39,15.61,1404.0,166.84,77.13,34.08,467.14,192.83,395.98,263.99,161.0,0.986
cynopterus_horsfieldii,24.88,7.76,88.59,518.4,29.7,20.93,8.76,25.75,24.0,27.94,21.81,1969.0,212.19,125.6,23.46,594.14,313.99,544.88,363.25,236.9,0.924
cynopterus_minutus,25.73,7.64,88.42,156.6,30.48,21.84,8.64,26.59,24.86,28.75,22.7,2004.42,210.97,131.88,21.04,590.73,329.71,552.26,368.17,276.0,0.9062
cynopterus_sphinx,19.74,8.6,55.17,2453.4,28.31,12.72,15.59,21.3,18.18,25.19,14.28,1248.67,151.34,66.23,36.36,423.76,165.56,353.59,235.73,117.7,0.9877
cynopterus_titthaecheilus,24.85,7.81,88.64,423.0,29.69,20.89,8.81,25.73,23.97,27.93,21.77,1976.75,211.72,127.14,22.82,592.81,317.85,546.39,364.26,285.7,0.9246
cyttarops_alecto,23.95,7.99,88.88,658.8,28.89,19.9,8.99,24.85,23.05,27.1,20.8,1930.08,209.88,121.61,24.39,587.66,304.02,535.01,356.67,313.8,0.9419
dactylomys_boliviensis,19.06,8.83,57.66,2395.8,27.48,12.17,15.31,20.59,17.53,24.42,13.7,1256.05,151.74,67.02,35.97,424.86,167.55,355.44,236.96,249.7,0.9912
dactylomys_dactylinus,22.35,8.27,85.35,1206.0,27.68,17.99,9.7,23.32,21.38,25.74,18.96,1771.95,199.42,106.26,28.04,558.37,265.64,494.41,329.61,302.2,0.9677
dactylomys_peruanus,19.54,8.72,58.61,2302.2,27.72,12.85,14.87,21.03,18.06,24.75,14.34,1304.98,156.8,70.31,35.35,439.04,175.77,368.88,245.92,218.9,0.9905
dactylopsila_palpator,22.14,8.42,89.38,1009.8,27.32,17.9,9.42,23.08,21.2,25.43,18.84,1819.38,202.28,111.09,26.73,566.38,277.71,506.45,337.64,427.3,0.9707
dactylopsila_tatei,20.53,8.65,72.01,1695.6,27.13,15.13,12.01,21.73,19.33,24.73,16.33,1566.36,181.61,89.67,31.3,508.5,224.17,439.6,293.07,352.3,0.9875
dactylopsila_trivirgata,20.04,8.79,72.81,1710.0,26.68,14.61,12.07,21.25,18.83,24.27,15.81,1549.72,179.83,88.59,31.4,503.53,221.48,435.01,290.0,420.7,0.9912
dama_dama,1.46,11.83,26.27,8686.8,26.22,-18.8,45.02,5.96,-3.05,17.21,-14.3,892.67,146.84,16.43,77.91,411.14,41.08,271.33,180.89,0.0,0.6542
damaliscus_korrigum,24.62,7.86,88.71,466.2,29.5,20.64,8.86,25.51,23.74,27.72,21.52,1968.1,211.38,126.11,23.11,591.87,315.27,544.29,362.86,300.3,0.9292
damaliscus_lunatus,17.18,9.19,51.08,2962.8,27.07,9.08,17.99,18.98,15.38,23.47,10.88,993.59,123.94,49.88,39.75,347.04,124.71,283.05,188.7,272.2,0.9744
damaliscus_pygargus,10.59,10.31,35.48,5310.0,26.58,-2.49,29.07,13.5,7.68,20.77,0.41,445.72,62.86,16.57,55.4,176.02,41.41,130.46,86.97,182.4,0.6917
dasycercus_cristicauda,12.18,10.14,40.12,4503.6,26.08,0.81,25.27,14.71,9.65,21.02,3.34,503.77,68.23,20.98,50.02,191.05,52.45,146.1,97.4,317.0,0.758
dasykaluta_rosamondae,13.82,9.8,42.25,4064.4,26.58,3.39,23.19,16.14,11.5,21.94,5.7,605.53,80.17,26.7,47.1,224.47,66.74,174.73,116.48,270.6,0.8388
dasyprocta_azarae,13.24,9.95,42.33,4132.8,26.17,2.65,23.52,15.59,10.88,21.47,5.0,579.62,77.01,25.33,47.55,215.63,63.33,167.38,111.59,328.8,0.8175
dasyprocta_fuliginosa,25.33,7.71,88.52,280.8,30.12,21.41,8.71,26.2,24.46,28.38,22.28,1994.69,211.67,129.87,21.87,592.68,324.67,550.41,366.94,279.0,0.9147
dasyprocta_guamara,20.64,8.62,72.3,1677.6,27.2,15.27,11.92,21.83,19.45,24.81,16.47,1575.55,182.48,90.35,31.18,510.93,225.88,442.09,294.72,343.8,0.9866
dasyprocta_kalinowskii,19.23,8.78,57.78,2372.4,27.6,12.39,15.2,20.75,17.71,24.55,13.91,1269.54,153.16,67.9,35.82,428.85,169.76,359.16,239.44,233.5,0.991
dasyprocta_leporina,21.93,8.43,89.4,1135.8,27.12,17.69,9.43,22.87,20.99,25.23,18.63,1782.01,199.68,107.56,27.57,559.11,268.89,496.8,331.2,399.9,0.9734
dasyprocta_mexicana,17.43,9.0,46.49,3252.6,28.08,8.72,19.36,19.37,15.5,24.21,10.66,899.54,114.02,43.71,41.68,319.26,109.29,257.13,171.42,96.7,0.9614
dasyprocta_prymnolopha,19.92,8.82,72.38,1733.4,26.62,14.43,12.19,21.14,18.7,24.18,15.65,1538.16,178.74,87.73,31.56,500.47,219.33,431.88,287.92,428.5,0.992
dasyprocta_punctata,25.7,7.6,88.37,282.6,30.43,21.83,8.6,26.56,24.84,28.71,22.69,2003.18,212.6,130.4,21.88,595.27,326.0,552.76,368.51,221.3,0.9068
dasypus_hybridus,12.28,10.08,39.38,4572.0,26.36,0.77,25.59,14.84,9.72,21.24,3.33,499.54,67.9,20.61,50.48,190.11,51.54,144.99,96.66,269.0,0.7573
dasypus_kappleri,24.02,8.01,88.9,554.4,28.97,19.96,9.01,24.92,23.12,27.17,20.86,1945.27,210.12,123.69,23.7,588.34,309.23,538.54,359.03,352.2,0.9407
dasypus_novemcinctus,23.9,7.95,88.83,806.4,28.82,19.87,8.95,24.79,23.0,27.03,20.76,1904.13,209.01,118.41,25.38,585.23,296.03,528.75,352.5,252.1,0.9428
dasypus_pilosus,21.44,8.35,68.38,1738.8,28.16,15.94,12.21,22.66,20.22,25.71,17.17,1571.23,182.64,89.57,31.59,511.4,223.93,441.2,294.13,192.0,0.9784
dasypus_sabanicola,22.79,8.19,89.11,1087.2,27.84,18.65,9.19,23.71,21.87,26.0,19.57,1814.82,202.75,110.03,27.25,567.69,275.07,505.65,337.1,290.8,0.9613
dasypus_septemcinctus,17.2,9.28,55.21,2712.6,26.44,9.64,16.81,18.88,15.52,23.08,11.32,1087.91,133.82,56.13,38.08,374.69,140.33,309.01,206.01,386.5,0.9833
dasyuroides_byrnei,11.59,10.24,39.15,4694.4,25.98,-0.19,26.17,14.21,8.97,20.75,2.43,474.01,64.83,19.24,51.3,181.52,48.1,137.77,91.85,317.9,0.7293
dasyurus_albopunctatus,22.1,8.42,89.39,1024.2,27.28,17.86,9.42,23.04,21.15,25.39,18.8,1814.9,201.96,110.67,26.83,565.49,276.67,505.29,336.86,426.9,0.9712
dasyurus_geoffroii,8.55,10.69,33.19,5970.6,26.26,-5.93,32.19,11.77,5.33,19.82,-2.71,467.16,68.03,15.65,59.8,190.49,39.12,137.77,91.84,185.0,0.6583
dasyurus_hallucatus,15.58,9.58,49.61,3240.0,26.19,6.89,19.3,17.51,13.65,22.33,8.82,860.88,109.04,41.9,41.6,305.32,104.74,246.04,164.03,387.8,0.9446
dasyurus_maculatus,10.44,10.4,36.42,5202.0,26.15,-2.42,28.56,13.29,7.58,20.43,0.44,438.03,61.45,16.54,54.68,172.07,41.36,128.05,85.37,256.8,0.6837
dasyurus_spartacus,20.37,8.73,75.32,1607.4,26.74,15.15,11.59,21.53,19.21,24.43,16.31,1594.88,183.94,92.08,30.72,515.02,230.21,447.14,298.09,418.4,0.9891
dasyurus_viverrinus,4.0,11.5,29.22,7489.8,25.65,-13.71,39.37,7.94,0.07,17.78,-9.78,708.31,110.62,17.75,69.93,309.75,44.37,212.47,141.65,171.1,0.665
daubentonia_madagascariensis,15.19,9.64,48.28,3382.2,26.17,6.2,19.97,17.18,13.19,22.18,8.2,806.74,102.98,38.62,42.55,288.35,96.56,230.95,153.97,381.3,0.9286
delanymys_brooksi,24.68,7.9,88.77,311.4,29.57,20.67,8.9,25.57,23.79,27.79,21.56,1978.76,210.4,128.49,22.08,589.12,321.23,546.21,364.14,364.8,0.928
delomys_dorsalis,11.53,10.26,39.23,4692.6,25.92,-0.24,26.16,14.14,8.91,20.68,2.37,472.71,64.65,19.19,51.28,181.01,47.98,137.39,91.59,328.2,0.7273
delomys_sublineatus,13.29,9.97,43.07,4053.6,26.02,2.88,23.14,15.61,10.98,21.39,5.19,595.33,78.77,26.28,47.02,220.56,65.7,171.76,114.51,357.3,0.8262
deltamys_kempi,7.69,10.86,32.63,6202.8,26.0,-7.29,33.29,11.02,4.36,19.34,-3.96,487.01,71.71,15.69,61.35,200.78,39.21,144.0,96.0,208.6,0.6492
dendrogale_melanura,22.94,8.19,89.12,950.4,28.0,18.8,9.19,23.86,22.02,26.16,19.72,1851.94,205.13,113.68,26.34,574.37,284.21,515.15,343.43,331.6,0.959
dendrogale_murina,20.38,8.55,62.1,2068.2,27.95,14.19,13.77,21.76,19.0,25.2,15.56,1418.49,168.13,78.27,33.79,470.77,195.67,399.86,266.57,200.0,0.9872
dendrohyrax_arboreus,16.99,9.27,52.47,2896.2,26.71,9.03,17.68,18.76,15.22,23.18,10.8,1013.62,125.97,51.27,39.31,352.72,128.16,288.53,192.35,332.5,0.976
dendrohyrax_dorsalis,24.71,7.74,88.55,714.6,29.52,20.78,8.74,25.59,23.84,27.77,21.66,1939.15,211.62,121.58,24.76,592.53,303.95,537.89,358.59,169.6,0.9274
dendrolagus_bennettianus,16.59,9.37,52.0,2968.2,26.5,8.48,18.02,18.39,14.79,22.9,10.29,978.09,122.04,49.08,39.79,341.73,122.69,278.65,185.77,359.9,0.9702
dendrolagus_dorianus,21.63,8.5,88.31,1191.6,26.92,17.3,9.63,22.59,20.67,25.0,18.26,1759.43,197.83,105.65,27.94,553.93,264.12,490.83,327.22,420.0,0.9771
dendrolagus_goodfellowi,21.47,8.51,84.18,1294.2,27.03,16.92,10.11,22.48,20.46,25.01,17.93,1725.23,195.22,102.61,28.63,546.61,256.53,481.88,321.25,396.7,0.9789
dendrolagus_inustus,23.96,8.1,89.01,369.0,28.96,19.86,9.1,24.87,23.05,27.14,20.77,1959.58,209.14,126.62,22.46,585.6,316.55,541.29,360.86,448.3,0.9418
dendrolagus_lumholtzi,15.6,9.53,48.32,3331.8,26.45,6.72,19.73,17.57,13.62,22.5,8.69,831.86,105.9,40.06,42.21,296.52,100.15,238.0,158.67,341.8,0.9384
dendrolagus_matschiei,22.09,8.39,89.35,1103.4,27.26,17.87,9.39,23.03,21.16,25.38,18.81,1794.53,200.68,108.64,27.36,561.91,271.59,500.1,333.4,389.9,0.9713
dendrolagus_mbaiso,23.04,8.27,89.21,676.8,28.13,18.87,9.27,23.96,22.11,26.28,19.79,1906.39,207.54,119.92,24.51,581.12,299.81,528.56,352.37,445.4,0.9575
dendrolagus_scottae,23.27,8.21,89.14,637.2,28.34,19.13,9.21,24.2,22.35,26.5,20.05,1917.63,208.24,121.05,24.25,583.07,302.63,531.42,354.28,427.5,0.9538
dendrolagus_spadix,21.32,8.55,84.08,1306.8,26.92,16.75,10.17,22.34,20.31,24.88,17.76,1718.03,194.55,102.06,28.71,544.75,255.16,479.94,319.96,412.8,0.9805
dendrolagus_ursinus,24.47,8.01,88.9,203.4,29.42,20.41,9.01,25.37,23.57,27.62,21.31,1975.74,208.6,129.48,21.36,584.07,323.71,544.67,363.11,448.0,0.9322
dendromus_lovati,20.28,8.75,74.65,1634.4,26.72,15.01,11.72,21.45,19.11,24.38,16.18,1583.05,182.87,91.16,30.9,512.03,227.91,443.96,295.98,419.5,0.9897
dendromus_melanotis,20.37,8.56,62.34,2059.2,27.92,14.19,13.72,21.74,19.0,25.17,15.57,1421.82,168.44,78.52,33.73,471.63,196.31,400.76,267.17,206.0,0.9873
dendromus_mesomelas,17.81,9.12,55.15,2653.2,26.9,10.37,16.53,19.46,16.16,23.59,12.02,1125.04,137.92,58.42,37.69,386.18,146.05,319.34,212.89,320.6,0.987
dendromus_mystacalis,20.05,8.71,66.97,1908.0,27.2,14.19,13.01,21.35,18.75,24.6,15.49,1474.16,173.09,82.65,32.72,484.66,206.63,414.77,276.51,326.7,0.9904
dendromus_nyikae,18.71,8.94,58.36,2395.8,27.13,11.82,15.31,20.24,17.18,24.07,13.35,1248.11,150.78,66.59,35.97,422.17,166.49,353.2,235.46,302.6,0.992
deomys_ferrugineus,25.9,7.61,88.38,97.2,30.63,22.03,8.61,26.76,25.04,28.91,22.89,2006.77,210.39,132.7,20.65,589.1,331.75,552.51,368.34,277.5,0.9024
dephomys_defua,23.18,8.0,81.06,1243.8,28.61,18.74,9.87,24.17,22.2,26.64,19.73,1780.06,200.8,106.37,28.29,562.24,265.93,496.9,331.26,156.4,0.955
dephomys_eburneae,23.49,7.95,84.83,1137.6,28.64,19.27,9.37,24.43,22.55,26.77,20.21,1817.5,203.68,109.68,27.58,570.31,274.2,506.7,337.8,159.1,0.9499
desmana_moschata,-1.94,12.58,25.84,9457.2,24.82,-23.84,48.66,2.92,-6.81,15.09,-18.97,857.89,145.7,12.12,83.05,407.97,30.3,262.96,175.31,160.7,0.5797
desmodilliscus_braueri,18.6,8.82,51.33,2791.8,28.05,10.86,17.18,20.32,16.88,24.61,12.58,1089.84,134.65,55.75,38.61,377.03,139.38,309.85,206.57,134.2,0.984
desmodillus_auricularis,13.14,9.85,39.09,4487.4,26.99,1.8,25.19,15.66,10.62,21.95,4.32,527.57,71.4,22.02,49.92,199.91,55.05,152.97,101.98,177.2,0.7878
desmodus_rotundus,24.55,7.83,88.67,612.0,29.4,20.58,8.83,25.43,23.67,27.64,21.46,1950.5,211.47,123.4,24.08,592.11,308.5,540.37,360.24,243.0,0.9306
desmomys_harringtoni,19.76,8.84,70.31,1814.4,26.68,14.11,12.57,21.02,18.51,24.16,15.36,1503.87,175.6,85.1,32.1,491.68,212.75,422.66,281.77,414.3,0.9927
diaemus_youngi,24.29,7.92,88.79,574.2,29.19,20.27,8.92,25.18,23.4,27.41,21.17,1949.21,210.82,123.73,23.83,590.28,309.32,539.76,359.84,301.2,0.9356
dicerorhinus_sumatrensis,26.03,7.56,88.32,120.6,30.74,22.18,8.56,26.88,25.17,29.02,23.03,2010.52,211.11,132.69,20.8,591.12,331.72,553.7,369.14,246.6,0.8995
diceros_bicornis,20.6,8.54,65.41,1917.0,27.78,14.73,13.05,21.91,19.3,25.17,16.04,1483.52,174.28,83.1,32.78,487.99,207.75,417.45,278.3,236.6,0.9862
diclidurus_albus,24.88,7.79,88.62,446.4,29.71,20.92,8.79,25.76,24.0,27.96,21.8,1975.65,211.92,126.81,22.98,593.38,317.03,546.24,364.16,270.2,0.924
diclidurus_ingens,25.24,7.75,88.57,255.6,30.05,21.3,8.75,26.11,24.36,28.3,22.17,1993.08,211.15,130.04,21.7,591.22,325.1,549.8,366.53,305.1,0.9166
diclidurus_isabellus,25.5,7.73,88.54,102.6,30.3,21.58,8.73,26.38,24.63,28.56,22.45,1997.85,209.53,132.05,20.68,586.69,330.13,550.09,366.73,335.7,0.9111
diclidurus_scutatus,25.24,7.81,88.65,100.8,30.09,21.28,8.81,26.12,24.36,28.33,22.16,1991.75,208.87,131.67,20.67,584.83,329.17,548.4,365.6,376.8,0.9166
dicrostonyx_groenlandicus,-9.52,13.82,22.3,12279.6,24.57,-37.42,61.99,-3.32,-15.72,12.17,-31.22,398.65,75.52,3.32,101.86,211.46,10.0,132.87,88.58,0.0,0.2852
dicrostonyx_hudsonius,-3.83,12.79,24.04,10416.6,25.43,-27.76,53.19,1.49,-9.15,14.79,-22.44,743.64,131.26,6.54,89.44,367.52,16.35,230.32,153.55,0.0,0.5195
dicrostonyx_torquatus,-8.0,13.55,22.71,11782.8,24.8,-34.84,59.64,-2.04,-13.97,12.87,-28.88,474.69,88.29,3.96,98.55,247.21,10.0,154.32,102.88,0.0,0.344
didelphis_albiventris,16.94,9.3,53.11,2862.0,26.57,9.06,17.52,18.69,15.19,23.07,10.81,1025.13,127.16,52.04,39.08,356.04,130.11,291.69,194.46,356.5,0.977
didelphis_aurita,15.75,9.55,50.17,3182.4,26.21,7.18,19.03,17.65,13.84,22.4,9.09,883.79,111.59,43.29,41.22,312.46,108.24,252.42,168.28,389.4,0.9504
didelphis_marsupialis,24.8,7.79,88.62,502.2,29.64,20.85,8.79,25.68,23.92,27.88,21.73,1968.91,211.96,125.77,23.35,593.49,314.42,544.75,363.16,256.0,0.9256
didelphis_virginiana,12.69,9.8,35.67,4969.8,27.8,0.33,27.47,15.44,9.95,22.31,3.08,488.4,67.73,19.08,53.13,189.65,47.69,142.4,94.93,18.7,0.7577
dinaromys_bogdanovi,4.41,11.31,28.07,7680.6,26.55,-13.71,40.27,8.43,0.38,18.5,-9.69,765.57,120.58,18.37,71.2,337.63,45.93,230.13,153.42,19.2,0.6941
dinomys_branickii,24.11,7.92,88.79,714.6,29.02,20.1,8.92,25.0,23.22,27.23,20.99,1925.24,210.1,120.71,24.76,588.28,301.77,534.03,356.02,262.3,0.939
diphylla_ecaudata,24.61,7.85,88.7,507.6,29.47,20.62,8.85,25.49,23.72,27.7,21.51,1963.85,211.49,125.39,23.38,592.17,313.46,543.38,362.25,283.6,0.9294
diplomesodon_pulchellum,3.21,11.59,28.08,7894.8,25.91,-15.37,41.28,7.33,-0.92,17.65,-11.24,788.98,125.44,17.99,72.63,351.23,44.98,237.73,158.49,103.3,0.6714
diplomys_caniceps,23.98,7.9,88.77,862.2,28.88,19.98,8.9,24.87,23.09,27.1,20.87,1895.14,208.76,117.27,25.75,584.52,293.16,526.61,351.07,212.5,0.9413
diplomys_labilis,24.56,7.78,88.61,714.6,29.39,20.61,8.78,25.44,23.69,27.64,21.49,1935.68,211.24,121.36,24.76,591.47,303.4,536.92,357.95,192.7,0.9304
diplomys_rufodorsalis,21.52,8.36,70.87,1650.6,28.01,16.22,11.79,22.7,20.34,25.65,17.39,1605.84,185.68,92.33,31.0,519.91,230.83,450.44,300.3,220.6,0.9777
dipodillus_campestris,12.07,9.94,35.49,5086.8,27.48,-0.54,28.02,14.87,9.27,21.88,2.27,473.71,66.08,18.19,53.91,185.02,45.48,138.3,92.2,59.1,0.7381
dipodillus_dasyurus,12.67,10.07,41.61,4278.6,25.98,1.78,24.2,15.09,10.25,21.14,4.2,543.12,72.71,23.3,48.52,203.59,58.24,157.1,104.74,347.6,0.7889
dipodillus_simoni,10.17,10.34,33.99,5592.6,26.89,-3.52,30.41,13.21,7.13,20.81,-0.48,456.52,65.28,16.25,57.28,182.79,40.63,134.05,89.37,114.4,0.6892
dipodomys_agilis,7.83,10.81,32.32,6235.2,26.22,-7.22,33.44,11.17,4.48,19.53,-3.88,496.31,73.19,15.9,61.57,204.93,39.74,146.8,97.87,172.1,0.6582
dipodomys_californicus,4.78,11.36,29.72,7245.0,25.8,-12.41,38.21,8.6,0.96,18.16,-8.59,663.23,102.46,17.52,68.3,286.87,43.8,198.41,132.27,166.1,0.6668
dipodomys_compactus,12.42,9.87,35.67,5009.4,27.64,-0.02,27.66,15.19,9.66,22.1,2.75,481.8,66.95,18.71,53.4,187.45,46.78,140.54,93.69,41.4,0.7492
dipodomys_deserti,7.88,10.78,32.04,6276.6,26.38,-7.26,33.64,11.24,4.51,19.65,-3.9,505.43,74.68,16.07,61.84,209.1,40.18,149.57,99.71,145.2,0.6648
dipodomys_elator,9.36,10.39,31.67,6100.2,27.4,-5.4,32.81,12.64,6.08,20.84,-2.12,507.07,74.3,16.62,60.67,208.04,41.55,149.76,99.84,0.0,0.7012
dipodomys_gravipes,10.06,10.41,34.82,5484.6,26.5,-3.39,29.9,13.05,7.07,20.52,-0.4,444.57,63.24,16.09,56.56,177.08,40.23,130.38,86.92,181.8,0.6794
dipodomys_heermanni,6.68,11.02,31.36,6597.0,26.02,-9.14,35.15,10.2,3.17,18.98,-5.62,546.08,81.9,16.39,63.98,229.32,40.98,162.18,108.12,178.7,0.6579
dipodomys_ingens,7.1,10.95,31.74,6456.6,26.07,-8.42,34.49,10.55,3.65,19.17,-4.97,524.58,78.16,16.16,63.04,218.86,40.39,155.55,103.7,179.9,0.6564
dipodomys_merriami,10.38,10.29,34.07,5547.6,26.98,-3.21,30.2,13.4,7.36,20.95,-0.19,457.14,65.23,16.39,56.98,182.65,40.97,134.17,89.45,103.5,0.6942
dipodomys_microps,5.86,11.12,30.07,6985.8,26.21,-10.78,36.99,9.56,2.17,18.81,-7.08,621.58,94.9,17.32,66.57,265.73,43.29,185.41,123.61,121.6,0.6756
dipodomys_nelsoni,12.92,9.81,37.07,4757.4,27.48,1.01,26.47,15.57,10.27,22.18,3.66,500.89,68.72,20.15,51.72,192.43,50.39,145.69,97.12,83.7,0.7689
dipodomys_nitratoides,7.11,10.94,31.72,6460.2,26.09,-8.42,34.51,10.56,3.66,19.18,-4.97,525.47,78.31,16.17,63.07,219.27,40.43,155.82,103.88,177.5,0.6572
dipodomys_ordii,8.28,10.65,31.6,6289.2,26.81,-6.88,33.7,11.65,4.91,20.07,-3.51,517.19,76.46,16.41,61.93,214.09,41.02,153.07,102.05,77.4,0.6814
dipodomys_panamintinus,6.68,11.0,31.02,6660.0,26.18,-9.27,35.45,10.23,3.14,19.09,-5.73,560.66,84.33,16.63,64.4,236.13,41.58,166.63,111.09,149.0,0.6658
dipodomys_phillipsii,15.53,9.36,42.13,3855.6,27.74,5.53,22.21,17.75,13.31,23.3,7.75,688.04,90.09,31.13,45.7,252.26,77.83,198.05,132.04,106.5,0.8938
dipodomys_spectabilis,11.17,10.14,34.98,5292.0,27.12,-1.87,28.99,14.07,8.27,21.32,1.03,458.37,64.59,17.08,55.28,180.86,42.71,134.14,89.43,101.0,0.7115
dipodomys_stephensi,8.44,10.7,32.89,6039.0,26.32,-6.19,32.52,11.69,5.19,19.82,-2.94,475.44,69.46,15.75,60.26,194.5,39.36,140.32,93.54,170.6,0.6606
dipodomys_venustus,6.71,11.02,31.49,6566.4,25.97,-9.04,35.01,10.21,3.21,18.97,-5.54,539.85,80.85,16.3,63.78,226.38,40.74,160.28,106.85,188.2,0.6552
dipus_sagitta,4.63,11.25,28.04,7648.2,26.69,-13.42,40.12,8.64,0.62,18.67,-9.41,762.73,119.96,18.44,70.99,335.89,46.1,229.19,152.8,0.0,0.6987
distoechurus_pennatus,22.17,8.41,89.37,999.0,27.35,17.94,9.41,23.11,21.23,25.47,18.88,1822.82,202.52,111.4,26.66,567.06,278.51,507.34,338.23,426.9,0.9703
dobsonia_anderseni,23.51,8.12,89.04,669.6,28.53,19.41,9.12,24.42,22.6,26.7,20.32,1918.42,208.76,120.76,24.46,584.52,301.9,531.85,354.57,375.8,0.9497
dobsonia_beauforti,24.72,7.96,88.84,118.8,29.65,20.69,8.96,25.62,23.83,27.86,21.59,1980.37,207.92,130.72,20.79,582.18,326.79,545.38,363.59,448.2,0.9273
dobsonia_crenulata,24.68,7.95,88.83,178.2,29.6,20.65,8.95,25.57,23.78,27.81,21.54,1980.42,208.74,130.07,21.19,584.48,325.17,545.79,363.86,427.7,0.928
dobsonia_emersa,24.49,8.01,88.9,192.6,29.44,20.44,9.01,25.39,23.59,27.64,21.34,1976.23,208.5,129.63,21.28,583.8,324.09,544.73,363.15,449.6,0.9318
dobsonia_exoleta,24.35,7.99,88.87,354.6,29.29,20.31,8.99,25.25,23.45,27.5,21.2,1969.36,209.99,127.41,22.36,587.97,318.53,543.9,362.6,394.9,0.9345
dobsonia_inermis,21.58,8.39,75.23,1515.6,27.71,16.56,11.16,22.69,20.46,25.48,17.67,1655.19,189.84,96.41,30.1,531.54,241.02,463.54,309.03,275.7,0.9773
dobsonia_magna,20.36,8.73,75.4,1605.6,26.73,15.15,11.58,21.52,19.2,24.41,16.31,1595.34,183.97,92.13,30.7,515.11,230.31,447.26,298.17,420.5,0.9892
dobsonia_minor,22.3,8.4,89.36,921.6,27.47,18.07,9.4,23.24,21.36,25.59,19.01,1843.6,203.84,113.47,26.14,570.75,283.67,512.65,341.77,443.9,0.9685
dobsonia_moluccensis,24.73,7.95,88.83,147.6,29.65,20.7,8.95,25.62,23.83,27.86,21.59,1981.13,208.4,130.45,20.98,583.52,326.13,545.79,363.86,434.4,0.9271
dobsonia_pannietensis,20.31,8.67,69.23,1805.4,27.2,14.67,12.53,21.56,19.06,24.69,15.93,1519.95,177.38,86.08,32.04,496.68,215.21,427.13,284.76,334.2,0.989
dobsonia_peronii,20.62,8.65,74.47,1612.8,27.01,15.39,11.62,21.78,19.46,24.69,16.55,1598.72,184.44,92.26,30.75,516.43,230.64,448.24,298.83,377.3,0.987
dobsonia_praedatrix,23.36,8.14,89.06,736.2,28.39,19.25,9.14,24.28,22.45,26.56,20.16,1904.33,208.1,119.17,24.91,582.69,297.92,528.37,352.24,367.6,0.9523
dobsonia_viridis,24.47,7.98,88.86,275.4,29.41,20.43,8.98,25.37,23.58,27.62,21.33,1975.09,209.52,128.65,21.84,586.64,321.63,544.96,363.31,413.1,0.9322
dolichotis_patagonum,7.13,10.88,30.94,6600.6,26.47,-8.7,35.17,10.65,3.61,19.44,-5.18,557.28,83.59,16.72,64.0,234.06,41.79,165.51,110.34,107.8,0.6753
dolichotis_salinicola,12.34,10.04,38.85,4626.0,26.55,0.71,25.84,14.92,9.75,21.38,3.29,496.29,67.64,20.33,50.84,189.39,50.83,144.13,96.09,234.8,0.7564
dologale_dybowskii,24.12,8.0,88.89,500.4,29.07,20.07,9.0,25.02,23.22,27.27,20.97,1953.39,210.27,124.8,23.34,588.75,311.99,540.44,360.29,361.4,0.9388
dorcatragus_megalotis,19.6,8.88,70.02,1837.8,26.58,13.9,12.68,20.87,18.33,24.04,15.16,1491.15,174.36,84.19,32.25,488.21,210.46,419.2,279.47,428.1,0.9934
dorcopsis_atrata,20.56,8.64,72.45,1679.4,27.12,15.19,11.93,21.75,19.37,24.73,16.38,1573.01,182.2,90.19,31.2,510.16,225.48,441.38,294.26,355.5,0.9873
dorcopsis_hageni,22.56,8.34,89.29,874.8,27.7,18.36,9.34,23.49,21.63,25.83,19.29,1859.68,205.01,114.94,25.83,574.04,287.35,516.83,344.56,425.6,0.9648
dorcopsis_luctuosa,22.1,8.43,89.39,1011.6,27.28,17.86,9.43,23.04,21.16,25.4,18.8,1818.04,202.15,110.99,26.74,566.02,277.46,506.09,337.4,432.5,0.9712
dorcopsis_muelleri,23.49,8.19,89.11,522.0,28.54,19.36,9.19,24.41,22.57,26.71,20.28,1936.69,208.76,123.5,23.48,584.53,308.74,535.96,357.31,448.1,0.9501
dorcopsulus_macleayi,21.02,8.59,79.3,1447.2,26.98,16.15,10.83,22.1,19.94,24.81,17.23,1665.67,190.25,97.65,29.65,532.69,244.13,466.1,310.73,393.5,0.9835
dorcopsulus_vanheurni,21.63,8.5,87.8,1202.4,26.95,17.28,9.68,22.6,20.66,25.02,18.24,1756.36,197.62,105.36,28.02,553.34,263.4,490.04,326.69,414.7,0.9771
dremomys_everetti,23.27,8.13,89.05,847.8,28.29,19.16,9.13,24.18,22.36,26.46,20.07,1881.57,207.07,116.58,25.65,579.81,291.44,522.75,348.5,329.2,0.9537
dremomys_lokriah,13.97,9.58,37.9,4507.2,27.88,2.59,25.28,16.5,11.44,22.82,5.12,544.75,73.8,22.68,50.05,206.63,56.69,157.99,105.33,39.6,0.8093
dremomys_pernyi,12.68,9.9,37.63,4723.2,27.14,0.84,26.3,15.31,10.05,21.88,3.47,497.24,68.1,20.1,51.49,190.69,50.25,144.57,96.38,137.3,0.7628
dremomys_rufigenis,19.0,8.76,53.66,2611.8,27.99,11.65,16.33,20.64,17.37,24.72,13.29,1168.8,142.95,60.96,37.41,400.26,152.4,331.59,221.06,156.5,0.9878
dromiciops_gliroides,5.93,11.03,29.12,7174.8,26.76,-11.12,37.88,9.71,2.14,19.18,-7.33,671.45,103.4,18.0,67.83,289.52,45.0,200.71,133.81,23.2,0.6992
dryomys_laniger,6.37,11.09,31.22,6674.4,25.91,-9.61,35.52,9.92,2.82,18.8,-6.06,556.87,83.82,16.48,64.5,234.69,41.19,165.53,110.35,190.1,0.6559
dryomys_nitedula,3.47,11.62,29.08,7615.8,25.45,-14.52,39.96,7.46,-0.53,17.45,-10.52,727.78,114.3,17.73,70.77,320.04,44.32,218.61,145.74,194.4,0.6589
dyacopterus_spadiceus,20.67,8.56,68.46,1801.8,27.55,15.04,12.51,21.92,19.42,25.05,16.29,1529.58,178.47,86.66,32.01,499.72,216.65,429.82,286.55,280.9,0.986
dymecodon_pilirostris,6.25,11.16,31.77,6589.8,25.56,-9.55,35.12,9.76,2.74,18.54,-6.04,534.48,80.13,16.06,63.93,224.37,40.16,158.72,105.81,248.4,0.6406
echimys_chrysurus,25.12,7.87,88.73,50.0,30.0,21.13,8.87,26.0,24.23,28.22,22.01,1986.11,207.46,131.95,20.28,580.88,329.88,546.45,364.3,424.1,0.9191
echimys_saturnus,25.88,7.56,88.32,234.0,30.59,22.03,8.56,26.74,25.02,28.88,22.88,2008.23,212.45,131.27,21.56,594.87,328.18,553.83,369.22,216.1,0.9029
echimys_semivillosus,21.5,8.4,73.62,1567.8,27.78,16.37,11.4,22.65,20.36,25.5,17.51,1635.24,188.14,94.77,30.45,526.79,236.93,458.24,305.49,262.2,0.9781
echinoprocta_rufescens,26.15,7.5,88.24,165.6,30.83,22.33,8.5,27.0,25.3,29.13,23.18,2014.38,212.15,132.44,21.1,594.01,331.1,555.07,370.04,206.2,0.8969
echinops_telfairi,13.26,9.97,42.99,4064.4,26.02,2.82,23.19,15.58,10.94,21.38,5.14,592.6,78.46,26.13,47.1,219.67,65.31,170.99,114.0,356.8,0.8243
echinosorex_gymnura,24.93,7.76,88.58,484.2,29.75,20.99,8.76,25.81,24.06,28.0,21.87,1973.61,212.22,126.26,23.23,594.22,315.66,545.93,363.95,244.5,0.923
echymipera_clara,23.13,8.24,89.18,662.4,28.22,18.97,9.24,24.06,22.21,26.37,19.9,1910.72,207.82,120.35,24.42,581.9,300.87,529.67,353.11,437.6,0.9561
echymipera_davidi,20.99,8.56,75.69,1548.0,27.21,15.9,11.31,22.13,19.86,24.95,17.04,1630.43,187.36,94.67,30.32,524.62,236.68,456.78,304.52,350.1,0.9837
echymipera_echinista,21.34,8.55,84.81,1288.8,26.89,16.8,10.09,22.35,20.33,24.87,17.81,1723.91,195.0,102.58,28.59,546.01,256.46,481.48,320.99,419.1,0.9803
echymipera_kalubu,22.34,8.38,89.34,934.2,27.5,18.12,9.38,23.28,21.4,25.63,19.06,1841.8,203.8,113.23,26.23,570.65,283.07,512.23,341.49,431.3,0.968
echymipera_rufescens,21.07,8.61,82.65,1359.0,26.8,16.38,10.42,22.11,20.03,24.71,17.42,1695.7,192.64,100.24,29.06,539.39,250.61,474.0,316.0,427.5,0.9831
ectophylla_alba,20.28,8.51,58.29,2244.6,28.31,13.71,14.6,21.74,18.82,25.39,15.17,1345.34,161.11,72.91,34.96,451.11,182.28,380.03,253.36,131.9,0.9867
eidolon_dupreanum,15.19,9.64,48.31,3378.6,26.17,6.21,19.95,17.19,13.2,22.18,8.21,808.0,103.12,38.7,42.52,288.75,96.75,231.3,154.2,382.0,0.9289
eidolon_helvum,22.01,8.28,75.62,1470.6,28.03,17.09,10.94,23.11,20.92,25.84,18.18,1680.71,192.24,98.32,29.8,538.27,245.79,470.43,313.62,229.6,0.972
eira_barbara,23.94,7.94,88.81,808.2,28.86,19.92,8.94,24.84,23.05,27.07,20.82,1904.85,209.11,118.44,25.39,585.52,296.09,528.97,352.64,244.2,0.9421
elaphodus_cephalophus,11.81,10.05,36.29,5018.4,27.04,-0.66,27.7,14.58,9.04,21.5,2.11,467.49,64.99,18.13,53.46,181.97,45.33,136.38,90.92,132.2,0.7295
elephantulus_brachyrhynchus,19.12,8.87,60.55,2253.6,27.17,12.53,14.64,20.59,17.66,24.25,14.0,1314.87,157.54,71.2,35.02,441.12,177.99,371.47,247.65,306.5,0.9927
elephantulus_edwardii,9.79,10.42,33.76,5686.2,26.76,-4.09,30.85,12.88,6.71,20.59,-1.0,457.64,65.74,16.05,57.91,184.08,40.13,134.53,89.68,128.0,0.6814
elephantulus_fuscipes,23.69,8.09,89.0,612.0,28.69,19.6,9.09,24.6,22.78,26.87,20.51,1930.68,209.32,122.15,24.08,586.09,305.37,534.88,356.58,375.2,0.9466
elephantulus_intufi,15.66,9.42,44.95,3589.2,27.18,6.23,20.95,17.76,13.57,22.99,8.33,757.69,97.81,35.4,43.93,273.87,88.51,217.43,144.95,211.0,0.919
elephantulus_myurus,13.6,9.83,41.66,4152.6,26.58,2.97,23.61,15.96,11.23,21.86,5.33,584.53,77.74,25.48,47.68,217.68,63.71,168.84,112.56,264.0,0.8253
elephantulus_revoili,19.83,8.84,71.87,1756.8,26.6,14.3,12.3,21.06,18.6,24.14,15.53,1527.38,177.74,86.92,31.71,497.66,217.3,428.97,285.98,430.6,0.9924
elephantulus_rozeti,10.07,10.26,32.36,5868.0,27.51,-4.2,31.71,13.24,6.9,21.17,-1.03,486.97,70.57,16.59,59.12,197.6,41.47,143.44,95.63,0.0,0.7054
elephantulus_rufescens,24.55,7.98,88.86,214.2,29.49,20.51,8.98,25.45,23.65,27.69,21.41,1977.7,208.95,129.49,21.43,585.07,323.73,545.28,363.52,429.8,0.9306
elephantulus_rupestris,12.93,9.87,38.31,4606.2,27.09,1.34,25.75,15.51,10.35,21.94,3.92,511.54,69.65,21.01,50.71,195.02,52.53,148.53,99.02,153.1,0.7753
elephas_maximus,20.35,8.5,58.83,2214.0,28.3,13.84,14.46,21.79,18.9,25.41,15.29,1359.12,162.47,73.89,34.76,454.92,184.73,383.79,255.86,136.7,0.9864
eligmodontia_moreni,12.17,10.03,37.79,4775.4,26.78,0.22,26.55,14.83,9.52,21.47,2.88,482.7,66.29,19.37,51.84,185.61,48.44,140.43,93.62,190.2,0.7453
eligmodontia_morgani,3.62,11.46,27.73,7905.6,26.35,-14.98,41.33,7.75,-0.51,18.09,-10.84,801.06,127.42,18.22,72.7,356.78,45.55,241.4,160.93,34.2,0.6845
eligmodontia_puerulus,15.02,9.53,43.4,3803.4,27.1,5.14,21.96,17.21,12.82,22.7,7.33,688.36,89.89,31.35,45.36,251.68,78.36,198.03,132.02,209.2,0.8892
eligmodontia_typus,4.73,11.31,29.0,7410.6,26.18,-12.82,38.99,8.63,0.83,18.38,-8.92,704.78,109.68,17.97,69.4,307.12,44.92,211.23,140.82,96.5,0.6818
eliomys_melanurus,11.27,10.3,38.52,4813.2,25.97,-0.76,26.73,13.94,8.59,20.62,1.91,460.04,63.3,18.37,52.09,177.23,45.92,133.89,89.26,311.6,0.7145
eliomys_quercinus,4.21,11.35,28.04,7723.8,26.47,-14.01,40.47,8.25,0.16,18.37,-9.96,771.52,121.75,18.33,71.49,340.9,45.82,232.03,154.69,29.8,0.6909
eliurus_majori,15.77,9.54,50.11,3184.2,26.24,7.2,19.04,17.67,13.86,22.43,9.1,883.65,111.59,43.28,41.23,312.44,108.2,252.38,168.26,385.4,0.9505
eliurus_minor,15.34,9.61,48.67,3335.4,26.2,6.45,19.75,17.31,13.36,22.25,8.43,824.74,105.01,39.7,42.24,294.04,99.25,235.97,157.32,380.0,0.9345
eliurus_myoxinus,15.06,9.66,47.92,3423.6,26.16,5.99,20.17,17.08,13.05,22.12,8.0,791.33,101.24,37.7,42.82,283.48,94.26,226.65,151.1,380.9,0.9233
eliurus_penicillatus,14.35,9.78,45.74,3682.8,26.11,4.72,21.39,16.49,12.21,21.83,6.86,702.54,91.15,32.46,44.55,255.22,81.16,201.82,134.55,369.3,0.8871
eliurus_tanala,14.48,9.76,46.11,3636.0,26.13,4.96,21.17,16.6,12.36,21.89,7.07,717.88,92.91,33.36,44.24,260.13,83.39,206.12,137.41,370.5,0.8942
eliurus_webbi,15.76,9.54,50.08,3187.8,26.23,7.18,19.05,17.66,13.85,22.42,9.09,882.22,111.43,43.19,41.25,312.0,107.98,251.99,167.99,385.2,0.9502
ellobius_fuscocapillus,6.93,11.04,32.44,6359.4,25.64,-8.39,34.03,10.33,3.52,18.84,-4.98,500.07,74.18,15.67,62.4,207.69,39.18,148.12,98.75,252.6,0.638
ellobius_talpinus,1.45,11.92,27.11,8460.0,25.62,-18.33,43.95,5.84,-2.95,16.83,-13.94,860.23,140.15,16.92,76.4,392.41,42.29,260.82,173.88,108.3,0.6477
emballonura_alecto,22.69,8.27,89.21,954.0,27.79,18.52,9.27,23.62,21.77,25.94,19.45,1845.42,204.46,113.25,26.36,572.48,283.12,513.36,342.24,367.9,0.9629
emballonura_atrata,14.9,9.69,47.39,3483.0,26.15,5.7,20.45,16.95,12.86,22.06,7.74,770.06,98.84,36.44,43.22,276.75,91.09,220.71,147.14,377.9,0.9157
emballonura_beccarii,22.41,8.36,89.31,948.6,27.55,18.2,9.36,23.34,21.47,25.68,19.13,1840.05,203.79,112.97,26.32,570.62,282.43,511.83,341.22,414.5,0.967
emballonura_monticola,25.42,7.7,88.5,259.2,30.2,21.5,8.7,26.29,24.55,28.46,22.37,1997.18,211.63,130.27,21.73,592.58,325.67,550.95,367.3,275.7,0.9128
emballonura_raffrayana,23.03,8.26,89.2,694.8,28.13,18.86,9.26,23.96,22.11,26.27,19.79,1903.5,207.47,119.55,24.63,580.9,298.88,527.87,351.91,437.6,0.9577
emballonura_semicaudata,25.46,7.58,88.35,514.8,30.18,21.6,8.58,26.32,24.6,28.47,22.46,1982.91,213.64,126.52,23.43,598.2,316.31,548.7,365.8,148.3,0.912
enchisthenes_hartii,25.2,7.64,88.43,567.0,29.95,21.31,8.64,26.06,24.33,28.22,22.17,1971.03,213.08,125.19,23.78,596.61,312.98,545.76,363.84,164.8,0.9174
eoglaucomys_fimbriatus,9.45,10.42,32.52,5940.0,27.08,-4.97,32.05,12.65,6.24,20.67,-1.77,483.12,70.25,16.26,59.6,196.71,40.66,142.42,94.95,61.7,0.6891
eolagurus_luteus,2.55,11.63,26.83,8328.6,26.38,-16.95,43.33,6.88,-1.78,17.72,-12.61,863.45,139.88,17.61,75.52,391.67,44.03,261.42,174.28,0.0,0.6734
eonycteris_major,24.83,7.83,88.68,369.0,29.69,20.85,8.83,25.71,23.95,27.92,21.74,1979.67,211.29,127.92,22.46,591.61,319.8,546.84,364.56,314.4,0.925
eonycteris_robusta,18.92,8.96,62.69,2178.0,26.78,12.5,14.29,20.35,17.49,23.92,13.92,1340.78,159.94,73.16,34.52,447.84,182.91,378.45,252.3,372.6,0.994
eonycteris_spelaea,21.33,8.36,66.67,1807.2,28.23,15.69,12.53,22.59,20.08,25.72,16.95,1542.87,180.08,87.37,32.05,504.22,218.42,433.58,289.06,176.0,0.9795
eospalax_fontanierii,8.44,10.62,31.82,6224.4,26.81,-6.59,33.39,11.78,5.1,20.13,-3.25,508.38,74.93,16.31,61.5,209.81,40.78,150.35,100.23,83.1,0.6802
eothenomys_melanogaster,11.78,10.06,36.34,5016.6,27.01,-0.68,27.69,14.55,9.01,21.47,2.09,466.84,64.89,18.11,53.44,181.7,45.28,136.19,90.79,137.5,0.7285
episoriculus_fumidus,13.18,9.93,41.26,4248.0,26.41,2.35,24.06,15.58,10.77,21.6,4.76,559.48,74.78,24.1,48.32,209.4,60.24,161.78,107.85,283.4,0.806
epixerus_ebii,23.08,8.02,79.73,1283.4,28.61,18.55,10.06,24.08,22.07,26.6,19.55,1765.65,199.66,105.12,28.56,559.04,262.8,493.11,328.74,154.3,0.9566
epomophorus_crypturus,16.05,9.42,48.61,3258.0,26.71,7.33,19.39,17.99,14.11,22.84,9.27,865.91,109.79,42.05,41.72,307.41,105.14,247.53,165.02,306.7,0.9491
epomophorus_gambianus,21.49,8.32,67.56,1762.2,28.27,15.95,12.32,22.73,20.26,25.81,17.18,1563.67,182.02,88.94,31.75,509.65,222.34,439.19,292.8,172.6,0.9778
epomophorus_grandis,23.28,8.05,88.95,1053.0,28.26,19.21,9.05,24.19,22.38,26.45,20.11,1835.04,204.57,111.6,27.02,572.79,279.0,511.08,340.72,231.0,0.9535
epomophorus_labiatus,25.13,7.8,88.64,208.8,29.98,21.17,8.8,26.01,24.25,28.22,22.05,1991.15,210.3,130.43,21.39,588.84,326.08,548.95,365.97,342.7,0.9189
epomophorus_wahlbergi,17.97,9.08,55.71,2606.4,26.94,10.63,16.31,19.6,16.34,23.67,12.26,1147.01,140.24,59.86,37.38,392.67,149.65,325.39,216.93,318.4,0.9883
epomops_buettikoferi,22.98,8.03,77.56,1344.6,28.67,18.33,10.35,24.02,21.95,26.6,19.36,1744.45,198.0,103.27,28.96,554.41,258.16,487.54,325.03,139.8,0.9581
epomops_dobsonii,20.7,8.58,70.18,1740.6,27.43,15.21,12.22,21.93,19.48,24.98,16.43,1553.6,180.61,88.55,31.6,505.72,221.38,436.25,290.84,304.1,0.9859
epomops_franqueti,25.74,7.59,88.36,266.4,30.47,21.87,8.59,26.6,24.88,28.75,22.73,2004.53,212.51,130.67,21.78,595.04,326.67,553.03,368.68,222.4,0.9059
eptesicus_bobrinskoi,1.94,11.78,26.89,8427.6,26.03,-17.77,43.8,6.32,-2.44,17.27,-13.39,866.41,140.96,17.2,76.18,394.68,42.99,262.6,175.07,47.3,0.6599
eptesicus_bottae,9.54,10.57,35.41,5475.6,25.96,-3.89,29.86,12.53,6.56,19.99,-0.91,431.93,61.42,15.66,56.5,171.97,39.14,126.66,84.44,265.6,0.6599
eptesicus_brasiliensis,21.62,8.41,77.72,1443.6,27.57,16.75,10.82,22.7,20.54,25.41,17.84,1680.77,191.93,98.57,29.62,537.41,246.43,470.3,313.53,302.5,0.9769
eptesicus_diminutus,13.68,9.88,43.46,3967.2,26.18,3.45,22.73,15.95,11.41,21.64,5.72,621.33,81.84,27.73,46.45,229.15,69.32,179.08,119.39,338.2,0.8444
eptesicus_dimissus,21.77,8.27,68.84,1695.6,28.37,16.36,12.01,22.97,20.57,25.97,17.56,1594.9,184.92,91.3,31.3,517.76,228.26,447.61,298.41,161.9,0.9747
eptesicus_furinalis,22.81,8.16,87.06,1137.6,27.97,18.59,9.37,23.75,21.87,26.09,19.53,1801.85,201.93,108.74,27.58,565.4,271.84,502.34,334.89,263.4,0.961
eptesicus_fuscus,10.87,10.12,33.19,5607.0,27.63,-2.85,30.48,13.92,7.82,21.53,0.2,474.07,67.84,16.84,57.38,189.96,42.09,139.23,92.82,0.0,0.7149
eptesicus_hottentotus,16.98,9.23,50.71,3009.6,26.99,8.78,18.21,18.8,15.15,23.35,10.6,972.08,121.57,48.55,40.06,340.41,121.38,277.07,184.72,281.3,0.9711
eptesicus_matroka,15.3,9.62,48.64,3342.6,26.18,6.39,19.78,17.27,13.32,22.22,8.37,821.49,104.64,39.51,42.28,292.99,98.78,235.06,156.71,383.3,0.9333
eptesicus_nasutus,12.85,10.0,40.89,4329.0,26.3,1.86,24.44,15.3,10.41,21.41,4.3,540.3,72.52,23.03,48.86,203.07,57.56,156.38,104.25,295.1,0.7903
eptesicus_nilssonii,-1.58,12.38,24.9,9680.4,25.76,-23.95,49.71,3.39,-6.55,15.82,-18.98,860.24,147.44,11.09,84.54,412.83,27.71,264.33,176.22,0.0,0.5866
eptesicus_pachyotis,15.01,9.42,40.34,4098.6,27.85,4.5,23.35,17.34,12.67,23.18,6.84,626.63,83.11,27.51,47.32,232.71,68.77,180.89,120.59,71.9,0.8629
eptesicus_serotinus,5.86,11.18,30.86,6829.2,25.8,-10.45,36.25,9.49,2.24,18.55,-6.82,582.4,88.29,16.73,65.53,247.2,41.83,173.42,115.61,195.5,0.6564
equus_burchellii,19.86,8.74,65.07,1996.2,27.24,13.82,13.43,21.2,18.52,24.56,15.16,1435.12,169.39,79.76,33.31,474.28,199.4,404.21,269.47,314.0,0.9912
equus_grevyi,22.92,8.28,89.22,745.2,28.02,18.75,9.28,23.85,22.0,26.17,19.68,1892.7,206.95,118.34,24.97,579.46,295.86,525.19,350.13,430.8,0.9594
equus_hemionus,7.85,10.66,30.34,6595.2,27.18,-7.97,35.14,11.36,4.33,20.15,-4.45,572.59,85.87,17.19,63.97,240.44,42.98,170.05,113.37,0.0,0.7013
equus_kiang,9.6,10.35,31.9,6021.0,27.44,-4.99,32.43,12.85,6.36,20.95,-1.75,499.36,72.9,16.59,60.14,204.11,41.47,147.35,98.23,0.0,0.7022
equus_zebra,12.93,9.86,38.32,4604.4,27.09,1.35,25.74,15.51,10.36,21.94,3.92,511.79,69.68,21.03,50.7,195.09,52.57,148.6,99.07,153.3,0.7754
eremitalpa_granti,12.17,9.97,36.42,4948.2,27.22,-0.14,27.37,14.91,9.44,21.75,2.59,476.74,66.04,18.68,52.99,184.92,46.69,138.97,92.65,108.9,0.7417
erethizon_dorsatum,0.63,11.98,25.87,8958.6,26.09,-20.21,46.3,5.26,-4.0,16.83,-15.58,900.71,149.86,15.22,79.72,419.61,38.05,274.59,183.06,0.0,0.6376
erinaceus_europaeus,-1.58,12.38,24.9,9680.4,25.76,-23.95,49.71,3.39,-6.55,15.82,-18.98,860.24,147.44,11.09,84.54,412.83,27.71,264.33,176.22,0.0,0.5866
erophylla_bombifrons,16.33,9.29,46.56,3378.6,27.31,7.35,19.95,18.33,14.34,23.32,9.35,834.27,106.48,39.96,42.52,298.13,99.9,238.82,159.21,206.8,0.944
erophylla_sezekorni,15.1,9.43,41.05,4015.8,27.73,4.76,22.96,17.39,12.8,23.13,7.06,644.26,85.08,28.58,46.77,238.21,71.44,185.79,123.86,97.4,0.8718
erythrocebus_patas,22.49,8.14,75.59,1434.6,28.41,17.64,10.77,23.56,21.41,26.26,18.72,1703.74,194.45,100.0,29.56,544.45,250.01,476.68,317.78,173.7,0.9655
euderma_maculatum,7.33,10.83,30.83,6588.0,26.64,-8.47,35.11,10.84,3.82,19.62,-4.96,559.07,83.81,16.81,63.92,234.68,42.02,166.02,110.68,82.6,0.6812
eudorcas_rufifrons,19.42,8.69,55.22,2484.0,28.07,12.34,15.73,20.99,17.84,24.92,13.91,1229.03,149.22,64.97,36.56,417.83,162.44,348.16,232.11,152.7,0.9887
eudorcas_thomsonii,24.28,8.01,88.9,343.8,29.24,20.23,9.01,25.19,23.38,27.44,21.13,1968.37,209.74,127.46,22.29,587.27,318.66,543.56,362.37,410.0,0.9358
eulemur_albocollaris,13.11,9.99,42.59,4122.0,26.02,2.56,23.46,15.46,10.77,21.33,4.9,578.72,76.85,25.33,47.48,215.18,63.32,167.1,111.4,352.4,0.815
eulemur_coronatus,18.16,9.12,60.43,2350.8,26.46,11.36,15.1,19.67,16.65,23.44,12.87,1253.37,151.02,67.19,35.67,422.86,167.97,354.5,236.33,409.5,0.993
eulemur_fulvus,16.29,9.45,52.09,2995.2,26.27,8.12,18.14,18.1,14.47,22.64,9.94,961.39,120.14,48.1,39.97,336.4,120.24,273.98,182.65,393.6,0.9665
eulemur_macaco,17.68,9.21,58.1,2509.2,26.4,10.55,15.85,19.27,16.1,23.23,12.14,1178.98,143.35,62.16,36.73,401.39,155.41,334.08,222.72,407.5,0.9899
eulemur_mongoz,16.55,9.41,53.18,2899.8,26.28,8.59,17.69,18.32,14.78,22.74,10.35,1002.09,124.56,50.66,39.33,348.78,126.66,285.26,190.17,398.8,0.9729
eulemur_rubriventer,15.37,9.61,48.81,3321.0,26.2,6.52,19.68,17.34,13.41,22.26,8.49,830.11,105.61,40.03,42.14,295.72,100.06,237.47,158.31,381.2,0.936
eulemur_rufus,14.81,9.71,47.16,3511.8,26.13,5.55,20.58,16.87,12.75,22.02,7.61,759.73,97.67,35.83,43.41,273.47,89.57,217.82,145.21,377.9,0.9116
eulemur_sanfordi,18.3,9.1,61.22,2300.4,26.47,11.61,14.86,19.79,16.81,23.5,13.1,1277.03,153.42,68.82,35.34,429.59,172.04,360.98,240.65,410.9,0.9937
eumops_auripendulus,23.11,8.15,89.07,925.2,28.14,19.0,9.15,24.03,22.2,26.32,19.91,1861.61,205.88,114.54,26.17,576.46,286.35,517.68,345.12,316.8,0.9563
eumops_bonariensis,22.07,8.33,82.97,1279.8,27.59,17.55,10.04,23.07,21.06,25.58,18.55,1743.5,197.11,103.84,28.53,551.91,259.59,486.9,324.6,311.0,0.9714
eumops_dabbenei,21.23,8.48,74.13,1575.0,27.52,16.08,11.44,22.37,20.08,25.23,17.22,1626.26,187.19,94.19,30.5,524.13,235.47,455.76,303.84,301.7,0.9811
eumops_glaucinus,26.31,7.51,88.25,50.0,30.99,22.49,8.51,27.17,25.46,29.29,23.34,2012.77,210.02,133.9,20.17,588.05,334.76,553.68,369.12,247.5,0.8932
eumops_hansae,25.34,7.71,88.51,295.2,30.13,21.42,8.71,26.21,24.47,28.38,22.29,1994.52,211.85,129.7,21.97,593.18,324.24,550.45,366.97,270.8,0.9145
eumops_perotis,24.56,7.78,88.61,718.2,29.39,20.61,8.78,25.44,23.68,27.63,21.48,1934.98,211.21,121.28,24.79,591.39,303.19,536.75,357.83,191.8,0.9304
eumops_underwoodi,14.97,9.44,40.64,4073.4,27.75,4.51,23.24,17.29,12.64,23.1,6.83,630.26,83.48,27.75,47.16,233.74,69.39,181.88,121.25,90.3,0.8642
euneomys_chinchilloides,-1.4,12.35,24.97,9622.8,25.79,-23.65,49.44,3.54,-6.35,15.9,-18.71,866.59,148.18,11.44,84.15,414.9,28.61,266.11,177.4,0.0,0.5911
euneomys_mordax,7.7,10.75,31.03,6489.0,26.76,-7.89,34.64,11.17,4.24,19.83,-4.42,545.5,81.4,16.7,63.26,227.93,41.75,161.81,107.87,72.1,0.6831
euneomys_petersoni,2.71,11.6,26.92,8276.4,26.41,-16.68,43.08,7.02,-1.6,17.79,-12.37,857.59,138.62,17.74,75.18,388.14,44.35,259.5,173.0,0.0,0.676
euoticus_elegantulus,26.48,7.45,88.17,50.0,31.13,22.68,8.45,27.32,25.63,29.44,23.52,2017.81,210.84,134.0,20.31,590.36,334.99,555.21,370.14,212.2,0.8894
euoticus_pallidus,24.09,7.87,88.72,880.2,28.96,20.1,8.87,24.97,23.2,27.19,20.98,1893.78,208.84,116.99,25.87,584.76,292.48,526.35,350.9,188.2,0.9393
euphractus_sexcinctus,16.54,9.4,52.8,2923.2,26.34,8.53,17.8,18.32,14.76,22.78,10.31,993.4,123.65,50.09,39.49,346.21,125.23,282.86,188.58,388.3,0.9718
eupleres_goudotii,15.2,9.64,48.32,3376.8,26.18,6.23,19.95,17.2,13.21,22.19,8.22,808.81,103.22,38.75,42.51,289.01,96.87,231.53,154.35,381.1,0.9292
euroscaptor_micrura,13.33,9.69,36.75,4737.6,27.83,1.46,26.37,15.97,10.69,22.56,4.1,511.48,70.11,20.64,51.58,196.3,51.59,148.73,99.16,29.8,0.7815
euroscaptor_mizura,5.72,11.25,31.22,6782.4,25.53,-10.49,36.03,9.32,2.12,18.33,-6.89,567.65,85.87,16.45,65.22,240.43,41.14,168.94,112.63,239.6,0.6452
euryzygomatomys_spinosus,13.1,10.0,42.54,4129.2,26.03,2.53,23.5,15.45,10.75,21.33,4.88,577.17,76.67,25.24,47.53,214.68,63.09,166.66,111.11,351.0,0.814
exilisciurus_concinnus,20.46,8.69,74.23,1632.6,26.9,15.19,11.71,21.63,19.29,24.56,16.36,1587.86,183.4,91.46,30.88,513.53,228.64,445.3,296.87,392.7,0.9883
exilisciurus_exilis,25.72,7.66,88.46,102.6,30.48,21.82,8.66,26.58,24.85,28.75,22.68,2002.72,210.04,132.37,20.68,588.12,330.93,551.43,367.62,303.3,0.9064
exilisciurus_whiteheadi,24.07,7.97,88.85,621.0,29.0,20.03,8.97,24.96,23.17,27.21,20.93,1938.13,210.25,122.52,24.14,588.69,306.31,537.0,358.0,313.2,0.9397
falsistrellus_mackenziei,8.69,10.64,33.02,5977.8,26.41,-5.81,32.23,11.91,5.47,19.97,-2.59,471.37,68.67,15.77,59.85,192.27,39.43,139.02,92.68,161.0,0.6642
falsistrellus_tasmaniensis,7.36,10.92,32.31,6312.6,25.96,-7.85,33.81,10.74,3.98,19.19,-4.47,500.63,74.1,15.82,62.08,207.47,39.55,148.21,98.81,207.7,0.6491
felis_bieti,7.61,10.71,30.15,6674.4,27.14,-8.38,35.52,11.16,4.05,20.04,-4.83,585.38,88.11,17.32,64.5,246.71,43.3,174.0,116.0,0.0,0.7019
felis_chaus,12.19,10.01,37.41,4820.4,26.91,0.14,26.76,14.86,9.51,21.55,2.82,480.91,66.19,19.18,52.14,185.34,47.95,139.98,93.32,167.0,0.7446
felis_manul,5.69,11.06,28.73,7300.8,26.85,-11.62,38.48,9.54,1.84,19.16,-7.77,698.65,108.2,18.24,68.67,302.95,45.6,209.13,139.42,0.0,0.7037
felis_margarita,10.04,10.42,34.91,5473.8,26.46,-3.39,29.85,13.03,7.06,20.49,-0.4,443.37,63.04,16.08,56.49,176.51,40.19,130.02,86.68,189.2,0.6783
felis_nigripes,13.21,9.84,39.45,4437.0,26.94,1.98,24.95,15.71,10.72,21.95,4.48,534.91,72.2,22.48,49.58,202.17,56.19,155.01,103.34,189.3,0.793
felis_silvestris,20.46,8.73,77.2,1546.2,26.68,15.37,11.3,21.59,19.33,24.42,16.5,1618.74,186.0,94.01,30.31,520.8,235.03,453.5,302.33,433.2,0.9885
felovia_vae,18.46,8.86,51.51,2795.4,27.92,10.72,17.2,20.18,16.74,24.48,12.44,1085.34,134.13,55.5,38.64,375.55,138.75,308.58,205.72,153.4,0.9839
feroculus_feroculus,22.96,8.06,79.87,1288.8,28.51,18.42,10.09,23.97,21.95,26.49,19.43,1761.3,199.23,104.81,28.59,557.85,262.02,491.92,327.95,169.8,0.9585
fossa_fossana,15.19,9.64,48.22,3385.8,26.19,6.2,19.99,17.19,13.2,22.19,8.2,805.81,102.88,38.56,42.57,288.08,96.41,230.69,153.79,378.5,0.9284
funambulus_palmarum,18.27,8.87,50.06,2907.0,28.02,10.3,17.73,20.05,16.5,24.48,12.07,1039.25,129.24,52.5,39.38,361.86,131.25,295.86,197.24,129.9,0.9802
funambulus_pennantii,13.82,9.66,38.78,4428.0,27.52,2.61,24.91,16.31,11.33,22.54,5.1,549.94,74.2,23.13,49.52,207.75,57.84,159.35,106.23,100.3,0.8101
funambulus_sublineatus,21.83,8.27,70.23,1645.2,28.3,16.54,11.77,23.01,20.65,25.95,17.71,1614.94,186.67,92.9,30.97,522.69,232.26,452.97,301.98,175.6,0.974
funambulus_tristriatus,19.32,8.73,56.0,2453.4,27.89,12.3,15.59,20.87,17.76,24.77,13.86,1238.91,150.16,65.71,36.36,420.45,164.27,350.83,233.89,182.8,0.9896
funisciurus_anerythrus,25.74,7.61,88.38,230.4,30.47,21.87,8.61,26.6,24.88,28.75,22.73,2005.0,212.06,131.1,21.54,593.77,327.75,552.91,368.61,239.6,0.9059
funisciurus_bayonii,22.66,8.17,83.8,1218.6,28.03,18.27,9.75,23.64,21.68,26.07,19.25,1775.43,199.97,106.34,28.12,559.9,265.86,495.45,330.3,248.6,0.9632
funisciurus_carruthersi,24.83,7.88,88.74,252.0,29.71,20.83,8.88,25.72,23.94,27.94,21.72,1983.74,210.11,129.47,21.68,588.31,323.68,547.2,364.8,369.5,0.925
funisciurus_congicus,21.51,8.39,73.11,1582.2,27.82,16.35,11.47,22.66,20.37,25.53,17.5,1630.32,187.74,94.36,30.55,525.67,235.89,456.94,304.62,254.1,0.978
funisciurus_isabella,25.54,7.61,88.39,376.2,30.27,21.66,8.61,26.4,24.68,28.55,22.52,1995.63,213.09,128.87,22.51,596.66,322.18,551.3,367.53,202.0,0.9103
funisciurus_lemniscatus,26.59,7.43,88.14,50.0,31.23,22.8,8.43,27.43,25.75,29.54,23.64,2017.72,210.23,134.47,20.02,588.64,336.19,554.9,369.93,215.3,0.8868
funisciurus_leucogenys,24.47,7.78,88.61,802.8,29.3,20.52,8.78,25.35,23.59,27.54,21.4,1917.97,210.48,119.31,25.35,589.35,298.28,532.57,355.05,166.1,0.9321
funisciurus_pyrropus,25.41,7.62,88.39,471.6,30.15,21.53,8.62,26.27,24.55,28.42,22.39,1985.75,213.35,127.18,23.14,597.39,317.95,549.2,366.13,177.0,0.913
funisciurus_substriatus,23.71,7.9,86.17,1094.4,28.75,19.58,9.17,24.62,22.79,26.92,20.5,1834.12,204.99,111.12,27.3,573.98,277.81,511.07,340.72,146.1,0.9461
furipterus_horrens,21.74,8.44,84.68,1263.6,27.22,17.26,9.97,22.74,20.74,25.23,18.25,1740.87,196.62,103.84,28.42,550.53,259.59,486.07,324.05,368.8,0.9757
galago_alleni,24.95,7.7,88.5,628.2,29.73,21.03,8.7,25.82,24.08,27.99,21.9,1957.5,212.45,123.67,24.19,594.85,309.17,542.41,361.61,174.2,0.9226
galago_demidoff,26.6,7.42,88.12,50.0,31.23,22.81,8.42,27.44,25.76,29.55,23.66,2019.44,210.71,134.35,20.17,589.99,335.87,555.51,370.34,203.1,0.8866
galago_gallarum,23.32,8.21,89.15,586.8,28.39,19.18,9.21,24.25,22.4,26.55,20.1,1925.44,208.41,122.09,23.91,583.56,305.21,533.26,355.51,443.4,0.953
galago_matschiei,25.32,7.8,88.64,59.4,30.16,21.36,8.8,26.2,24.44,28.4,22.24,1991.68,208.29,132.12,20.4,583.21,330.3,548.11,365.41,384.8,0.9149
galago_moholi,18.62,8.95,57.98,2422.8,27.12,11.68,15.44,20.17,17.08,24.03,13.22,1235.24,149.45,65.72,36.15,418.47,164.31,349.67,233.11,303.4,0.9918
galago_senegalensis,25.5,7.63,88.42,351.0,30.25,21.62,8.63,26.36,24.64,28.52,22.48,1996.09,212.79,129.18,22.34,595.82,322.95,551.26,367.51,219.6,0.9111
galago_thomasi,25.95,7.54,88.29,235.8,30.65,22.11,8.54,26.81,25.1,28.94,22.96,2009.88,212.65,131.36,21.57,595.43,328.4,554.3,369.53,204.2,0.9013
galago_zanzibaricus,18.83,9.0,64.0,2131.2,26.57,12.51,14.06,20.24,17.43,23.76,13.91,1357.57,161.51,74.43,34.21,452.22,186.08,382.98,255.32,408.2,0.9947
galea_flavidens,19.9,8.82,71.81,1753.2,26.65,14.38,12.28,21.13,18.67,24.2,15.6,1530.32,178.04,87.12,31.69,498.51,217.79,429.78,286.52,421.8,0.992
galea_musteloides,11.9,10.1,37.75,4818.6,26.62,-0.14,26.75,14.58,9.23,21.27,2.54,474.45,65.3,18.93,52.12,182.83,47.32,138.09,92.06,211.4,0.7354
galea_spixii,19.12,8.96,66.29,2014.2,26.55,13.04,13.51,20.47,17.77,23.85,14.39,1410.95,166.71,78.27,33.43,466.79,195.69,397.48,264.99,419.1,0.9947
galemys_pyrenaicus,4.93,11.19,28.23,7549.2,26.74,-12.91,39.65,8.9,0.97,18.81,-8.94,744.89,116.64,18.42,70.33,326.6,46.05,223.59,149.06,0.0,0.7006
galenomys_garleppi,16.87,9.2,48.46,3175.2,27.31,8.32,18.99,18.77,14.97,23.51,10.22,912.09,115.12,44.72,41.17,322.34,111.79,260.48,173.65,220.2,0.9619
galeopterus_variegates,24.74,7.79,88.63,549.0,29.57,20.78,8.79,25.62,23.86,27.81,21.66,1962.48,211.91,124.85,23.66,593.34,312.12,543.27,362.18,244.0,0.9268
galerella_flavescens,17.23,9.09,47.7,3187.8,27.71,8.66,19.05,19.14,15.33,23.9,10.56,916.26,115.73,44.86,41.25,324.04,112.14,261.71,174.47,158.3,0.9638
galerella_pulverulenta,10.4,10.33,34.85,5428.8,26.7,-2.94,29.64,13.36,7.44,20.77,0.03,448.28,63.6,16.37,56.19,178.07,40.91,131.39,87.59,155.9,0.6892
galerella_sanguinea,22.6,8.17,81.71,1270.8,28.1,18.1,10.0,23.6,21.6,26.1,19.1,1758.57,198.7,104.82,28.47,556.37,262.06,491.06,327.37,233.0,0.964
galictis_cuja,10.43,10.4,36.29,5221.8,26.19,-2.47,28.66,13.29,7.56,20.46,0.4,438.42,61.57,16.51,54.81,172.39,41.27,128.2,85.46,249.0,0.6837
galidia_elegans,15.2,9.64,48.33,3376.8,26.17,6.23,19.95,17.2,13.21,22.18,8.22,808.74,103.21,38.74,42.51,288.99,96.86,231.51,154.34,381.5,0.9292
galidictis_fasciata,14.79,9.71,46.98,3528.0,26.16,5.5,20.66,16.86,12.73,22.02,7.56,754.68,97.1,35.52,43.52,271.88,88.8,216.41,144.27,373.2,0.9099
galidictis_grandidieri,12.41,10.12,41.05,4372.2,25.96,1.31,24.65,14.87,9.94,21.03,3.78,524.23,70.52,22.21,49.15,197.47,55.54,151.8,101.2,343.8,0.7738
gazella_arabica,17.77,9.2,58.7,2471.4,26.38,10.71,15.67,19.33,16.2,23.25,12.28,1195.93,145.1,63.31,36.48,406.28,158.27,338.73,225.82,412.8,0.9907
gazella_bennettii,13.54,9.73,38.72,4473.0,27.36,2.24,25.12,16.05,11.03,22.34,4.75,538.48,72.82,22.52,49.82,203.89,56.29,156.11,104.07,121.6,0.7999
gazella_dorcas,14.13,9.63,40.04,4248.0,27.37,3.31,24.06,16.54,11.73,22.55,5.71,581.53,77.73,25.04,48.32,217.65,62.61,168.15,112.1,136.4,0.8309
gazella_gazella,12.82,10.05,41.92,4228.2,26.0,2.03,23.97,15.21,10.42,21.2,4.43,554.16,74.0,23.93,48.19,207.19,59.82,160.2,106.8,348.5,0.7974
gazella_leptoceros,13.81,9.65,38.44,4467.6,27.61,2.51,25.1,16.32,11.3,22.59,5.02,545.21,73.71,22.82,49.78,206.38,57.04,158.05,105.37,83.2,0.8074
gazella_spekei,21.59,8.52,89.5,1164.6,26.83,17.3,9.52,22.54,20.64,24.92,18.26,1766.16,198.26,106.32,27.76,555.12,265.79,492.55,328.37,438.8,0.9776
gazella_subgutturosa,10.03,10.31,32.99,5770.8,27.22,-4.03,31.25,13.16,6.91,20.97,-0.9,473.21,68.26,16.38,58.47,191.12,40.94,139.24,92.82,51.4,0.6963
genetta_abyssinica,18.33,9.09,61.4,2289.6,26.48,11.67,14.81,19.81,16.85,23.52,13.15,1282.14,153.94,69.17,35.26,431.04,172.92,362.37,241.58,411.0,0.9938
genetta_angolensis,20.44,8.64,69.23,1794.6,27.3,14.83,12.47,21.69,19.19,24.81,16.08,1527.08,178.1,86.58,31.96,498.69,216.45,429.08,286.06,319.2,0.988
genetta_cristata,23.83,7.9,88.77,984.6,28.73,19.82,8.9,24.72,22.94,26.95,20.71,1864.49,206.97,114.1,26.56,579.5,285.25,518.85,345.9,178.8,0.944
genetta_genetta,22.35,8.22,79.0,1355.4,28.07,17.67,10.4,23.39,21.31,25.99,18.71,1726.49,196.09,102.1,29.04,549.06,255.25,482.58,321.72,231.6,0.9675
genetta_johnstoni,23.13,8.02,81.61,1234.8,28.54,18.71,9.83,24.11,22.15,26.57,19.69,1781.51,200.85,106.55,28.23,562.38,266.37,497.25,331.5,168.8,0.9558
genetta_maculata,22.81,8.19,89.12,1062.0,27.86,18.68,9.19,23.73,21.89,26.03,19.6,1821.89,203.22,110.71,27.08,569.01,276.78,507.47,338.31,299.1,0.961
genetta_piscivora,25.56,7.71,88.52,109.8,30.35,21.64,8.71,26.43,24.69,28.61,22.51,1999.39,209.79,132.07,20.73,587.42,330.18,550.56,367.04,323.7,0.9098
genetta_servalina,24.91,7.82,88.66,338.4,29.76,20.94,8.82,25.79,24.03,28.0,21.82,1983.05,211.23,128.48,22.26,591.44,321.19,547.57,365.05,316.3,0.9234
genetta_thierryi,20.97,8.38,61.56,2035.8,28.45,14.84,13.61,22.33,19.61,25.73,16.2,1444.96,170.94,79.99,33.57,478.64,199.97,407.17,271.45,125.0,0.9822
genetta_tigrina,11.09,10.23,36.27,5126.4,26.6,-1.6,28.21,13.91,8.27,20.96,1.22,451.47,63.1,17.24,54.18,176.68,43.1,131.87,87.91,191.8,0.7056
genetta_victoriae,25.82,7.65,88.44,50.0,30.58,21.93,8.65,26.69,24.96,28.85,22.79,2002.48,209.19,133.02,20.29,585.74,332.55,550.97,367.31,314.7,0.9042
geocapromys_brownii,17.11,9.1,46.91,3259.8,27.78,8.38,19.39,19.05,15.17,23.9,10.32,889.76,112.82,43.2,41.73,315.91,108.01,254.35,169.57,142.9,0.9589
geocapromys_ingrahami,14.62,9.55,41.15,4068.0,27.39,4.18,23.21,16.94,12.3,22.75,6.5,623.35,82.54,27.47,47.12,231.12,68.67,179.87,119.91,145.7,0.8572
geogale_aurita,13.28,9.97,43.03,4059.0,26.02,2.85,23.17,15.59,10.96,21.39,5.17,593.96,78.61,26.2,47.06,220.12,65.51,171.38,114.25,357.0,0.8253
geomys_arenarius,9.86,10.35,32.95,5803.2,27.13,-4.27,31.4,13.0,6.72,20.85,-1.13,473.41,68.39,16.3,58.69,191.5,40.75,139.35,92.9,62.4,0.6926
geomys_attwateri,11.62,10.0,34.37,5311.8,27.62,-1.47,29.08,14.53,8.71,21.8,1.44,469.62,66.24,17.45,55.41,185.48,43.62,137.46,91.64,22.9,0.7272
geomys_breviceps,9.99,10.28,32.27,5895.0,27.5,-4.34,31.84,13.17,6.8,21.13,-1.16,488.91,70.94,16.58,59.3,198.64,41.46,144.06,96.04,0.0,0.7048
geomys_bursarius,5.71,11.05,28.75,7293.6,26.86,-11.58,38.44,9.56,1.87,19.17,-7.74,697.3,107.95,18.23,68.62,302.27,45.58,208.71,139.14,0.0,0.7037
geomys_knoxjonesi,9.9,10.32,32.68,5841.0,27.27,-4.31,31.58,13.06,6.74,20.96,-1.15,479.39,69.38,16.4,58.94,194.27,41.01,141.17,94.11,38.4,0.6971
geomys_personatus,12.4,9.88,35.72,5007.6,27.6,-0.04,27.65,15.16,9.63,22.07,2.72,481.16,66.85,18.69,53.38,187.19,46.73,140.35,93.57,46.5,0.7485
geomys_pinetis,11.36,10.03,33.9,5421.6,27.64,-1.96,29.6,14.32,8.4,21.72,1.0,470.0,66.65,17.18,56.14,186.63,42.94,137.74,91.83,11.2,0.7223
geomys_tropicalis,15.13,9.41,40.75,4041.0,27.83,4.75,23.08,17.44,12.82,23.21,7.05,640.2,84.65,28.31,46.94,237.03,70.77,184.68,123.12,80.0,0.8703
georychus_capensis,10.33,10.35,34.97,5421.6,26.61,-2.99,29.6,13.29,7.37,20.69,-0.03,446.28,63.29,16.31,56.14,177.21,40.77,130.79,87.19,169.3,0.6864
geoxus_valdivianus,4.64,11.26,28.13,7624.8,26.64,-13.36,40.01,8.64,0.64,18.64,-9.36,757.08,118.95,18.4,70.83,333.06,46.01,227.44,151.63,9.8,0.6972
gerbilliscus_afra,9.28,10.49,32.92,5900.4,26.81,-5.06,31.86,12.47,6.1,20.43,-1.87,473.42,68.71,16.04,59.34,192.4,40.11,139.5,93.0,105.9,0.6794
gerbilliscus_brantsii,13.25,9.85,39.83,4390.2,26.85,2.12,24.73,15.72,10.77,21.9,4.59,541.36,72.9,22.89,49.27,204.11,57.22,156.8,104.53,205.9,0.7972
gerbilliscus_guineae,21.31,8.34,64.84,1875.6,28.38,15.52,12.86,22.6,20.02,25.81,16.81,1515.96,177.66,85.27,32.5,497.44,213.17,426.37,284.24,147.5,0.9795
gerbilliscus_inclusus,17.71,9.19,57.48,2538.0,26.51,10.52,15.98,19.31,16.12,23.31,12.12,1168.22,142.28,61.41,36.92,398.38,153.52,331.14,220.76,389.4,0.9893
gerbilliscus_kempi,21.33,8.32,63.89,1909.8,28.49,15.47,13.02,22.63,20.03,25.89,16.78,1503.15,176.51,84.26,32.73,494.24,210.65,422.94,281.96,127.9,0.9791
gerbilliscus_leucogaster,15.82,9.41,46.24,3465.0,27.02,6.66,20.36,17.86,13.78,22.95,8.69,796.53,102.14,37.77,43.1,285.99,94.42,228.25,152.16,244.9,0.9313
gerbilliscus_nigricaudus,24.34,8.02,88.91,279.0,29.3,20.28,9.02,25.24,23.44,27.49,21.18,1971.88,209.22,128.4,21.86,585.83,321.01,544.1,362.73,432.3,0.9347
gerbilliscus_phillipsi,22.38,8.38,89.34,903.6,27.54,18.16,9.38,23.32,21.44,25.67,19.1,1849.47,204.26,114.01,26.02,571.92,285.03,514.17,342.78,439.4,0.9674
gerbilliscus_robustus,23.88,7.98,88.87,747.0,28.82,19.84,8.98,24.78,22.98,27.02,20.73,1914.43,209.35,119.68,24.98,586.18,299.21,531.23,354.16,283.0,0.9432
gerbilliscus_validus,24.36,7.93,88.8,507.6,29.27,20.34,8.93,25.25,23.46,27.48,21.23,1958.08,210.87,125.02,23.38,590.43,312.54,541.79,361.19,322.0,0.9343
gerbillurus_paeba,13.06,9.87,39.25,4480.2,26.9,1.74,25.16,15.58,10.55,21.87,4.26,526.59,71.24,22.0,49.87,199.46,55.0,152.68,101.78,192.3,0.786
gerbillurus_setzeri,14.99,9.47,41.46,3988.8,27.55,4.72,22.84,17.28,12.71,22.98,7.0,647.21,85.35,28.81,46.59,238.97,72.01,186.59,124.39,126.2,0.872
gerbillurus_tytonis,13.59,9.72,38.77,4460.4,27.38,2.31,25.06,16.1,11.09,22.36,4.82,541.03,73.12,22.66,49.74,204.72,56.65,156.83,104.55,119.8,0.802
gerbillurus_vallinus,11.97,10.02,36.49,4969.8,27.07,-0.4,27.47,14.71,9.22,21.58,2.35,471.62,65.4,18.42,53.13,183.13,46.05,137.51,91.67,130.6,0.735
gerbillus_amoenus,10.87,10.15,33.82,5509.8,27.38,-2.64,30.02,13.87,7.87,21.38,0.37,465.35,66.28,16.78,56.73,185.58,41.95,136.52,91.01,44.9,0.7096
gerbillus_andersoni,9.49,10.56,34.98,5547.6,26.1,-4.1,30.2,12.51,6.47,20.06,-1.08,436.7,62.31,15.65,56.98,174.48,39.14,128.17,85.45,239.8,0.6617
gerbillus_cheesmani,12.45,10.11,41.06,4365.0,25.99,1.37,24.61,14.91,9.99,21.06,3.83,526.15,70.76,22.32,49.1,198.12,55.79,152.35,101.56,340.6,0.7756
gerbillus_gerbillus,15.08,9.48,42.39,3888.0,27.38,5.02,22.36,17.32,12.85,22.91,7.26,670.59,87.96,30.22,45.92,246.29,75.55,193.1,128.74,159.4,0.8827
gerbillus_gleadowi,11.63,10.07,35.81,5108.4,27.1,-1.02,28.12,14.45,8.82,21.48,1.79,463.77,64.76,17.76,54.06,181.33,44.39,135.43,90.29,116.7,0.7238
gerbillus_henleyi,12.81,9.83,36.91,4793.4,27.46,0.82,26.64,15.47,10.14,22.13,3.49,496.48,68.24,19.88,51.96,191.08,49.69,144.46,96.31,84.0,0.7645
gerbillus_nanus,13.99,9.81,43.7,3906.0,26.34,3.89,22.45,16.24,11.75,21.85,6.14,641.45,84.22,28.84,46.04,235.81,72.11,184.75,123.17,319.0,0.8578
gerbillus_nigeriae,19.55,8.63,54.39,2514.6,28.28,12.4,15.87,21.13,17.96,25.1,13.99,1219.78,148.36,64.28,36.76,415.41,160.7,345.66,230.44,118.6,0.9877
gerbillus_perpallidus,10.06,10.43,35.13,5439.6,26.38,-3.3,29.69,13.03,7.09,20.45,-0.33,441.14,62.62,16.08,56.26,175.33,40.2,129.31,86.21,203.4,0.6773
gerbillus_pusillus,24.84,7.93,88.8,102.6,29.76,20.83,8.93,25.74,23.95,27.97,21.72,1982.63,207.94,131.04,20.68,582.22,327.61,545.9,363.93,437.2,0.9248
gerbillus_pyramidum,12.5,10.04,39.76,4500.0,26.39,1.14,25.25,15.02,9.97,21.34,3.66,511.53,69.27,21.31,50.0,193.96,53.28,148.34,98.9,269.4,0.7681
giraffa_camelopardalis,23.65,8.02,88.91,831.6,28.61,19.59,9.02,24.55,22.75,26.8,20.49,1893.5,208.18,117.49,25.54,582.89,293.71,525.96,350.64,278.7,0.9473
glaucomys_sabrinus,-0.3,12.14,25.44,9261.0,25.96,-21.78,47.73,4.48,-5.07,16.41,-17.0,894.46,150.7,13.61,81.74,421.96,34.03,273.59,182.39,0.0,0.6174
glaucomys_volans,10.99,10.1,33.36,5562.0,27.63,-2.63,30.26,14.01,7.96,21.58,0.4,472.57,67.48,16.9,57.08,188.94,42.26,138.72,92.48,2.6,0.7164
glauconycteris_argentata,24.3,7.93,88.8,538.2,29.21,20.28,8.93,25.19,23.4,27.42,21.17,1953.55,210.8,124.4,23.59,590.23,310.99,540.73,360.49,316.7,0.9354
glauconycteris_beatrix,25.19,7.63,88.42,599.4,29.94,21.3,8.63,26.05,24.33,28.21,22.17,1966.87,213.07,124.57,24.0,596.59,311.44,544.82,363.21,150.7,0.9176
glauconycteris_gleni,24.19,7.94,88.81,612.0,29.11,20.17,8.94,25.08,23.3,27.32,21.06,1942.21,210.57,122.88,24.08,589.59,307.19,538.07,358.71,298.3,0.9375
glauconycteris_humeralis,25.35,7.8,88.63,50.0,30.18,21.39,8.8,26.23,24.47,28.43,22.27,1991.78,208.15,132.25,20.32,582.82,330.62,548.06,365.37,385.5,0.9143
glauconycteris_kenyacola,23.92,8.1,89.01,397.8,28.93,19.83,9.1,24.83,23.01,27.11,20.74,1957.04,209.26,126.14,22.65,585.94,315.36,540.78,360.52,440.4,0.9425
glauconycteris_poensis,23.86,7.88,88.74,1018.8,28.74,19.86,8.88,24.74,22.97,26.96,20.75,1856.84,206.56,113.28,26.79,578.36,283.2,516.94,344.62,158.7,0.9435
glauconycteris_variegata,22.27,8.2,74.71,1476.0,28.3,17.33,10.97,23.37,21.17,26.11,18.43,1684.76,192.76,98.5,29.84,539.74,246.26,471.6,314.4,187.8,0.9685
glironia_venusta,21.29,8.45,73.59,1585.8,27.61,16.12,11.49,22.44,20.14,25.31,17.27,1623.93,187.04,93.95,30.57,523.72,234.89,455.16,303.44,286.5,0.9805
glis_glis,2.32,11.72,27.24,8267.4,25.99,-17.05,43.04,6.62,-1.99,17.38,-12.75,846.83,136.83,17.56,75.12,383.12,43.9,256.22,170.81,64.7,0.6646
glischropus_tylopus,21.77,8.36,77.04,1450.8,27.74,16.88,10.85,22.85,20.68,25.57,17.97,1681.71,192.12,98.56,29.67,537.94,246.4,470.6,313.74,276.8,0.9751
glossophaga_commissarisi,24.12,7.83,88.68,937.8,28.97,20.14,8.83,25.0,23.23,27.21,21.02,1881.91,208.29,115.66,26.25,583.21,289.14,523.41,348.94,156.8,0.9387
glossophaga_leachii,19.12,8.7,52.36,2673.0,28.26,11.64,16.62,20.78,17.46,24.94,13.3,1147.6,140.84,59.46,37.82,394.36,148.66,325.81,217.21,109.5,0.9862
glossophaga_longirostris,22.01,8.33,80.73,1337.4,27.69,17.37,10.32,23.04,20.98,25.62,18.4,1724.33,195.63,102.14,28.92,547.77,255.36,481.88,321.25,292.6,0.9722
glossophaga_morenoi,17.49,9.01,47.16,3196.8,27.99,8.89,19.1,19.39,15.58,24.17,10.8,919.13,116.15,44.95,41.31,325.21,112.38,262.56,175.04,114.9,0.9648
glossophaga_soricina,24.97,7.75,88.57,469.8,29.79,21.04,8.75,25.85,24.1,28.04,21.91,1975.87,212.27,126.57,23.13,594.34,316.42,546.46,364.31,244.7,0.9222
glyphonycteris_daviesi,25.83,7.64,88.43,55.8,30.59,21.94,8.64,26.7,24.97,28.86,22.81,2003.43,209.47,132.94,20.37,586.51,332.35,551.32,367.54,307.0,0.904
glyphonycteris_sylvestris,25.78,7.62,88.4,160.2,30.52,21.9,8.62,26.65,24.92,28.8,22.77,2005.77,211.17,131.93,21.07,591.26,329.83,552.66,368.44,265.7,0.9051
golunda_ellioti,16.09,9.29,44.41,3582.0,27.59,6.68,20.91,18.18,14.0,23.41,8.77,769.48,99.29,35.99,43.88,278.03,89.96,220.79,147.2,148.9,0.9256
gorilla_beringei,24.68,7.9,88.76,320.4,29.57,20.68,8.9,25.57,23.79,27.79,21.57,1978.49,210.5,128.38,22.14,589.39,320.94,546.2,364.13,360.1,0.928
gorilla_gorilla,26.17,7.5,88.24,158.4,30.85,22.35,8.5,27.02,25.32,29.15,23.2,2014.75,212.09,132.54,21.06,593.84,331.36,555.12,370.08,206.4,0.8964
gracilinanus_aceramarcae,17.34,9.14,50.78,2964.6,27.24,9.24,18.0,19.14,15.54,23.64,11.04,996.65,124.34,50.03,39.76,348.14,125.07,283.93,189.29,246.5,0.9752
gracilinanus_agilis,15.56,9.53,47.9,3367.8,26.51,6.6,19.9,17.55,13.57,22.52,8.59,819.74,104.56,39.31,42.45,292.77,98.28,234.63,156.42,330.9,0.9352
gracilinanus_dryas,22.29,8.24,79.68,1342.8,27.98,17.64,10.34,23.33,21.26,25.91,18.67,1729.07,196.24,102.37,28.95,549.46,255.93,483.23,322.16,247.1,0.9684
gracilinanus_emiliae,25.19,7.86,88.72,50.0,30.07,21.2,8.86,26.08,24.3,28.29,22.09,1985.27,206.82,132.34,20.01,579.09,330.84,545.96,363.97,431.6,0.9177
gracilinanus_marica,21.72,8.37,76.78,1461.6,27.71,16.81,10.9,22.81,20.63,25.53,17.9,1676.92,191.7,98.18,29.74,536.76,245.45,469.32,312.88,279.4,0.9757
gracilinanus_microtarsus,12.1,10.17,40.4,4482.0,25.94,0.78,25.16,14.62,9.59,20.91,3.3,504.32,68.23,21.06,49.88,191.04,52.66,146.22,97.48,338.6,0.7568
grammomys_cometes,13.73,9.85,42.96,4008.6,26.34,3.41,22.93,16.02,11.43,21.75,5.7,614.06,81.06,27.26,46.72,226.96,68.16,177.07,118.05,311.6,0.8417
grammomys_dolichurus,19.88,8.72,64.07,2034.0,27.36,13.76,13.61,21.24,18.52,24.64,15.12,1420.57,168.04,78.65,33.56,470.52,196.63,400.29,266.86,293.2,0.9909
grammomys_ibeanus,23.83,8.1,89.01,491.4,28.83,19.73,9.1,24.74,22.92,27.01,20.64,1947.43,209.5,124.51,23.28,586.61,311.28,538.73,359.16,411.1,0.9441
grammomys_macmillani,23.05,8.22,89.15,790.2,28.12,18.9,9.22,23.97,22.13,26.28,19.83,1887.65,206.99,117.56,25.27,579.57,293.89,524.08,349.38,389.8,0.9573
grammomys_minnae,21.69,8.49,89.47,1162.8,26.91,17.42,9.49,22.64,20.74,25.02,18.37,1769.05,198.56,106.51,27.75,555.97,266.27,493.35,328.9,423.7,0.9764
graomys_domorum,14.16,9.71,42.11,4033.8,26.84,3.79,23.05,16.47,11.86,22.23,6.1,619.22,81.85,27.4,46.89,229.17,68.51,178.61,119.07,232.6,0.8498
graomys_edithae,11.04,10.22,35.89,5185.8,26.71,-1.78,28.49,13.89,8.19,21.01,1.07,451.6,63.3,17.1,54.57,177.25,42.74,132.0,88.0,171.1,0.7047
graomys_griseoflavus,9.98,10.44,35.01,5468.4,26.38,-3.44,29.82,12.96,7.0,20.42,-0.46,441.47,62.75,16.02,56.46,175.7,40.05,129.45,86.3,201.7,0.6757
graphiurus_kelleni,25.73,7.6,88.37,261.0,30.46,21.86,8.6,26.59,24.87,28.74,22.72,2004.31,212.41,130.71,21.74,594.76,326.79,552.93,368.62,227.1,0.9062
graphiurus_murinus,20.24,8.69,68.93,1821.6,27.17,14.57,12.6,21.5,18.98,24.65,15.83,1512.19,176.65,85.51,32.14,494.62,213.77,425.03,283.36,337.0,0.9894
graphiurus_nagtglasii,22.93,8.04,77.22,1357.2,28.66,18.25,10.41,23.97,21.89,26.57,19.29,1739.27,197.57,102.84,29.05,553.19,257.09,486.17,324.11,141.8,0.9589
graphiurus_ocularis,10.41,10.32,34.74,5443.2,26.74,-2.96,29.7,13.38,7.44,20.8,0.01,449.45,63.81,16.37,56.29,178.66,40.93,131.75,87.84,148.0,0.6901
graphiurus_platyops,16.16,9.4,48.89,3225.6,26.74,7.51,19.23,18.09,14.24,22.89,9.43,879.07,111.26,42.85,41.5,311.53,107.13,251.2,167.46,304.8,0.9524
gulo_gulo,-5.37,13.07,23.51,10920.6,25.19,-30.37,55.57,0.19,-10.93,14.08,-24.82,641.91,115.55,5.35,92.8,323.53,13.37,202.14,134.76,0.0,0.4602
gymnobelideus_leadbeateri,6.06,11.16,31.11,6748.2,25.78,-10.08,35.87,9.64,2.47,18.61,-6.5,567.15,85.66,16.55,64.99,239.84,41.37,168.72,112.48,203.9,0.6536
gymnuromys_roberti,14.26,9.8,45.48,3715.2,26.11,4.56,21.54,16.41,12.1,21.8,6.72,692.29,89.97,31.86,44.77,251.93,79.66,198.95,132.63,367.6,0.8822
habromys_chinanteco,17.48,9.0,46.78,3225.6,28.06,8.82,19.23,19.4,15.56,24.21,10.75,909.45,115.11,44.33,41.5,322.3,110.83,259.88,173.25,102.3,0.9632
habromys_lophurus,18.86,8.75,51.21,2770.2,28.25,11.17,17.08,20.57,17.15,24.84,12.88,1104.09,136.25,56.61,38.47,381.5,141.54,313.82,209.21,104.2,0.9843
habromys_simulatus,16.46,9.18,43.99,3571.2,27.93,7.07,20.86,18.54,14.37,23.76,9.15,780.94,100.72,36.57,43.81,282.0,91.42,224.05,149.37,97.3,0.9311
handleyomys_fuscatus,23.78,7.94,88.82,925.2,28.7,19.76,8.94,24.67,22.89,26.91,20.65,1877.0,207.58,115.49,26.17,581.23,288.71,521.96,347.98,214.2,0.9449
handleyomys_intectus,22.72,8.13,81.05,1278.0,28.24,18.2,10.04,23.72,21.72,26.23,19.21,1759.1,198.85,104.78,28.52,556.78,261.96,491.25,327.5,211.5,0.9622
hapalemur_alaotrensis,15.86,9.52,50.46,3150.0,26.24,7.37,18.88,17.75,13.97,22.47,9.25,897.36,113.1,44.12,41.0,316.69,110.3,256.2,170.8,387.1,0.9537
hapalemur_aureus,13.74,9.89,44.13,3898.8,26.06,3.65,22.41,15.98,11.5,21.58,5.89,637.14,83.62,28.68,45.99,234.14,71.69,183.5,122.33,361.5,0.8525
hapalemur_griseus,14.87,9.69,47.21,3501.0,26.16,5.63,20.53,16.92,12.82,22.06,7.68,764.14,98.18,36.08,43.34,274.89,90.2,219.06,146.04,374.2,0.9136
hapalomys_longicaudatus,21.08,8.39,64.01,1927.8,28.29,15.19,13.1,22.39,19.77,25.67,16.5,1490.31,175.19,83.39,32.85,490.54,208.48,419.41,279.61,158.1,0.9817
haplonycteris_fischeri,18.99,8.93,62.54,2178.0,26.85,12.56,14.29,20.42,17.56,23.99,13.99,1342.33,160.13,73.25,34.52,448.36,183.12,378.89,252.59,362.2,0.9938
harpiocephalus_harpia,21.65,8.3,69.19,1693.8,28.25,16.25,12.0,22.85,20.45,25.85,17.45,1592.9,184.66,91.2,31.29,517.06,228.01,447.04,298.03,180.6,0.9761
harpyionycteris_celebensis,24.87,7.89,88.75,189.0,29.76,20.87,8.89,25.76,23.99,27.99,21.76,1985.09,209.39,130.26,21.26,586.28,325.64,547.15,364.77,392.0,0.9242
harpyionycteris_whiteheadi,18.92,8.96,62.69,2178.0,26.78,12.5,14.29,20.35,17.49,23.92,13.92,1340.78,159.94,73.16,34.52,447.84,182.91,378.45,252.3,372.6,0.994
heimyscus_fumosus,25.59,7.61,88.39,338.4,30.32,21.71,8.61,26.45,24.73,28.6,22.57,1998.7,212.89,129.49,22.26,596.11,323.72,551.9,367.93,212.0,0.9092
helarctos_malayanus,21.14,8.44,69.07,1740.6,27.86,15.64,12.22,22.37,19.92,25.42,16.87,1563.73,181.79,89.13,31.6,509.01,222.82,439.1,292.73,236.6,0.9817
heliophobius_argenteocinereus,20.19,8.73,71.35,1744.2,26.92,14.69,12.24,21.42,18.97,24.48,15.91,1540.44,179.12,87.77,31.63,501.54,219.42,432.58,288.38,381.2,0.9901
heliosciurus_gambianus,26.5,7.43,88.13,90.0,31.13,22.71,8.43,27.34,25.66,29.45,23.55,2020.33,211.71,133.68,20.6,592.8,334.2,556.2,370.8,188.6,0.8889
heliosciurus_mutabilis,16.93,9.31,53.16,2860.2,26.55,9.05,17.51,18.68,15.18,23.05,10.8,1025.53,127.2,52.07,39.07,356.15,130.18,291.8,194.53,359.1,0.977
heliosciurus_punctatus,23.31,7.98,82.07,1211.4,28.66,18.94,9.72,24.28,22.34,26.71,19.91,1792.51,201.8,107.44,28.08,565.04,268.59,500.18,333.45,152.1,0.9529
heliosciurus_rufobrachium,24.61,7.77,88.59,716.4,29.44,20.67,8.77,25.49,23.74,27.68,21.55,1936.53,211.36,121.39,24.78,591.8,303.49,537.17,358.11,184.2,0.9294
heliosciurus_ruwenzorii,25.21,7.81,88.65,126.0,30.06,21.25,8.81,26.09,24.33,28.29,22.13,1991.8,209.22,131.39,20.84,585.82,328.48,548.58,365.72,369.9,0.9173
heliosciurus_undulatus,22.79,8.3,89.25,788.4,27.91,18.61,9.3,23.72,21.86,26.05,19.54,1881.95,206.34,117.22,25.26,577.75,293.05,522.48,348.32,430.8,0.9614
helogale_hirtula,24.14,8.07,88.97,315.0,29.12,20.06,9.07,25.04,23.23,27.31,20.96,1966.13,209.11,127.63,22.1,585.5,319.09,542.75,361.83,446.4,0.9385
helogale_parvula,21.66,8.46,84.78,1267.2,27.15,17.17,9.98,22.66,20.66,25.15,18.16,1737.86,196.32,103.62,28.45,549.7,259.06,485.25,323.5,380.0,0.9767
hemibelideus_lemuroides,15.91,9.49,49.57,3205.8,26.44,7.3,19.14,17.82,14.0,22.61,9.21,879.77,111.23,42.98,41.37,311.44,107.46,251.34,167.56,353.1,0.9508
hemicentetes_nigriceps,13.48,9.93,43.48,3990.6,26.04,3.2,22.84,15.76,11.19,21.47,5.48,611.91,80.7,27.23,46.6,225.96,68.07,176.42,117.61,358.3,0.8371
hemicentetes_semispinosus,14.94,9.68,47.43,3475.8,26.17,5.75,20.41,16.98,12.9,22.08,7.8,773.04,99.18,36.61,43.17,277.72,91.52,221.54,147.7,375.3,0.917
hemiechinus_auritus,6.55,10.99,30.46,6793.2,26.39,-9.69,36.08,10.15,2.94,19.17,-6.08,589.38,89.2,17.05,65.29,249.75,42.62,175.42,116.95,107.2,0.6774
hemigalus_derbyanus,23.82,7.96,88.84,853.2,28.75,19.79,8.96,24.72,22.93,26.96,20.69,1893.28,208.43,117.24,25.69,583.62,293.11,526.04,350.69,241.4,0.9442
hemitragus_hylocrius,21.31,8.37,67.19,1791.0,28.16,15.7,12.46,22.55,20.06,25.67,16.95,1548.42,180.55,87.82,31.94,505.55,219.55,435.06,290.04,187.8,0.9797
hemitragus_jayakari,12.77,10.01,40.61,4370.4,26.32,1.68,24.64,15.23,10.31,21.39,4.15,532.87,71.68,22.59,49.14,200.7,56.47,154.3,102.87,288.6,0.7848
hemitragus_jemlahicus,11.33,10.05,33.96,5416.2,27.6,-1.98,29.58,14.29,8.38,21.68,0.98,468.98,66.49,17.15,56.11,186.18,42.88,137.44,91.63,18.0,0.7211
herpestes_brachyurus,24.63,7.82,88.66,574.2,29.48,20.66,8.82,25.51,23.74,27.71,21.54,1957.01,211.66,124.22,23.83,592.64,310.56,541.92,361.28,249.2,0.929
herpestes_edwardsi,15.66,9.41,44.85,3598.2,27.2,6.21,20.99,17.75,13.56,23.0,8.31,755.09,97.52,35.25,43.99,273.06,88.11,216.71,144.47,207.7,0.9182
herpestes_ichneumon,25.26,7.68,88.48,426.6,30.03,21.35,8.68,26.13,24.39,28.3,22.22,1985.95,212.75,127.69,22.84,595.71,319.22,548.96,365.97,221.0,0.9162
herpestes_javanicus,19.12,8.74,54.14,2572.2,28.0,11.86,16.15,20.74,17.51,24.77,13.47,1187.19,144.87,62.18,37.15,405.64,155.45,336.66,224.44,156.5,0.9883
herpestes_naso,25.03,7.74,88.56,442.8,29.84,21.1,8.74,25.91,24.16,28.09,21.97,1979.48,212.28,127.1,22.95,594.39,317.74,547.28,364.85,248.2,0.921
herpestes_smithii,18.73,8.8,51.97,2737.8,28.04,11.12,16.93,20.43,17.04,24.66,12.81,1113.59,137.17,57.3,38.25,384.08,143.25,316.4,210.93,138.7,0.9854
herpestes_urva,17.47,9.04,48.44,3106.8,27.74,9.07,18.67,19.34,15.61,24.01,10.94,949.44,119.38,46.91,40.71,334.27,117.27,270.93,180.62,158.8,0.9694
herpestes_vitticollis,21.1,8.4,65.1,1884.6,28.2,15.3,12.9,22.39,19.81,25.62,16.59,1507.62,176.78,84.72,32.56,494.97,211.81,424.07,282.71,175.5,0.9816
hesperoptenus_blanfordi,20.98,8.47,67.75,1800.0,27.85,15.35,12.5,22.23,19.73,25.35,16.6,1537.36,179.36,87.12,32.0,502.2,217.79,432.0,288.0,234.4,0.9831
hesperoptenus_tickelli,17.75,8.94,47.28,3157.2,28.15,9.24,18.91,19.64,15.86,24.37,11.13,938.5,118.34,46.11,41.05,331.34,115.26,267.96,178.64,93.1,0.9682
heterocephalus_glaber,22.66,8.34,89.29,801.0,27.79,18.46,9.34,23.59,21.72,25.92,19.39,1876.53,205.91,116.75,25.34,576.55,291.88,521.06,347.37,445.5,0.9634
heterohyrax_brucei,23.82,8.03,88.93,664.2,28.79,19.76,9.03,24.72,22.92,26.98,20.66,1926.34,209.55,121.31,24.43,586.73,303.29,534.01,356.01,330.8,0.9443
heteromys_anomalus,20.81,8.53,68.69,1782.0,27.63,15.22,12.42,22.05,19.56,25.15,16.46,1540.27,179.51,87.44,31.88,502.62,218.59,432.72,288.48,269.2,0.9848
heteromys_australis,22.43,8.17,76.17,1423.8,28.32,17.6,10.72,23.5,21.35,26.18,18.67,1705.91,194.57,100.23,29.49,544.78,250.58,477.22,318.15,188.3,0.9663
heteromys_desmarestianus,20.14,8.53,57.33,2304.0,28.33,13.45,14.88,21.63,18.66,25.35,14.94,1318.11,158.39,71.0,35.36,443.5,177.5,372.6,248.4,125.7,0.9871
heteromys_gaumeri,16.9,9.08,44.63,3463.2,28.09,7.74,20.35,18.93,14.86,24.02,9.77,821.87,105.38,38.98,43.09,295.06,97.45,235.5,157.0,80.3,0.9438
heteromys_nelsoni,18.89,8.74,51.39,2755.8,28.25,11.23,17.01,20.59,17.19,24.84,12.93,1110.28,136.9,57.02,38.37,383.33,142.55,315.53,210.35,106.3,0.9847
heteromys_oresterus,21.78,8.25,67.85,1728.0,28.46,16.3,12.16,22.99,20.56,26.03,17.52,1583.04,183.9,90.34,31.52,514.91,225.85,444.45,296.3,145.3,0.9745
hexaprotodon_liberiensis,22.52,8.11,73.5,1490.4,28.59,17.55,11.04,23.62,21.42,26.38,18.66,1685.66,193.04,98.42,29.94,540.5,246.05,471.93,314.62,142.3,0.965
hippocamelus_antisensis,19.24,8.77,57.12,2404.8,27.69,12.33,15.36,20.77,17.7,24.61,13.86,1256.65,151.89,66.99,36.03,425.28,167.47,355.65,237.1,217.3,0.9905
hippocamelus_bisulcus,4.0,11.36,27.66,7853.4,26.6,-14.48,41.09,8.11,-0.11,18.38,-10.38,797.79,126.61,18.38,72.36,354.52,45.95,240.28,160.19,0.0,0.693
hippopotamus_amphibius,22.89,8.1,82.36,1234.8,28.3,18.47,9.83,23.88,21.91,26.33,19.45,1776.04,200.23,106.22,28.23,560.65,265.55,495.72,330.48,205.3,0.9596
hipposideros_armiger,17.74,8.97,48.33,3083.4,27.95,9.39,18.56,19.6,15.89,24.24,11.25,963.71,121.02,47.74,40.56,338.86,119.35,274.93,183.28,128.8,0.9717
hipposideros_ater,25.14,7.76,88.58,316.8,29.95,21.19,8.76,26.01,24.26,28.2,22.07,1989.12,211.58,129.11,22.11,592.41,322.77,549.11,366.07,291.8,0.9187
hipposideros_beatus,24.44,7.79,88.62,799.2,29.28,20.49,8.79,25.32,23.57,27.52,21.37,1918.12,210.45,119.36,25.33,589.26,298.4,532.59,355.06,171.3,0.9327
hipposideros_bicolor,24.04,7.95,88.83,693.0,28.96,20.01,8.95,24.93,23.14,27.17,20.9,1926.99,210.0,121.05,24.62,588.01,302.62,534.37,356.25,283.8,0.9403
hipposideros_caffer,25.59,7.64,88.43,264.6,30.34,21.7,8.64,26.45,24.72,28.61,22.56,2001.05,212.12,130.46,21.76,593.94,326.15,552.05,368.04,246.7,0.9092
hipposideros_cervinus,22.92,8.29,89.23,720.0,28.03,18.74,9.29,23.85,21.99,26.17,19.67,1896.84,207.07,118.87,24.8,579.8,297.17,526.18,350.79,443.2,0.9594
hipposideros_cineraceus,20.14,8.54,57.61,2291.4,28.29,13.47,14.82,21.62,18.65,25.32,14.95,1323.03,158.87,71.36,35.28,444.83,178.4,373.94,249.29,132.7,0.9872
hipposideros_commersoni,23.96,7.93,88.8,817.2,28.87,19.94,8.93,24.85,23.06,27.08,20.83,1903.45,209.08,118.25,25.45,585.42,295.64,528.63,352.42,237.8,0.9417
hipposideros_corynophyllus,22.47,8.36,89.31,898.2,27.61,18.26,9.36,23.4,21.53,25.74,19.19,1852.61,204.54,114.26,25.99,572.7,285.66,515.01,343.34,428.8,0.9661
hipposideros_cyclops,24.9,7.71,88.52,633.6,29.69,20.98,8.71,25.77,24.03,27.95,21.85,1955.65,212.32,123.49,24.22,594.49,308.73,541.93,361.29,179.1,0.9236
hipposideros_diadema,25.14,7.87,88.73,50.0,30.02,21.15,8.87,26.03,24.26,28.25,22.04,1985.51,207.12,132.13,20.14,579.94,330.32,546.16,364.11,429.5,0.9187
hipposideros_doriae,24.08,7.97,88.85,608.4,29.02,20.04,8.97,24.98,23.18,27.22,20.94,1940.15,210.3,122.79,24.06,588.83,306.96,537.48,358.32,316.9,0.9395
hipposideros_fulvus,15.87,9.32,43.57,3681.0,27.63,6.25,21.38,18.01,13.73,23.35,8.38,738.11,95.75,34.11,44.54,268.11,85.28,212.04,141.36,136.1,0.9143
hipposideros_galeritus,22.32,8.16,73.12,1517.4,28.46,17.29,11.17,23.44,21.2,26.23,18.41,1671.68,191.75,97.35,30.12,536.9,243.38,468.17,312.11,160.7,0.9678
hipposideros_gigas,24.92,7.73,88.55,561.6,29.72,20.99,8.73,25.79,24.05,27.98,21.86,1965.27,212.38,124.89,23.74,594.67,312.22,544.13,362.75,209.9,0.9232
hipposideros_halophyllus,19.75,8.62,56.73,2372.4,28.12,12.91,15.2,21.27,18.23,25.07,14.43,1281.55,154.61,68.55,35.82,432.9,171.36,362.56,241.71,153.4,0.9887
hipposideros_inornatus,18.18,9.12,60.72,2334.6,26.44,11.42,15.02,19.68,16.68,23.44,12.92,1260.48,151.74,67.68,35.56,424.86,169.21,356.44,237.63,413.2,0.9933
hipposideros_jonesi,22.47,8.12,72.96,1510.2,28.59,17.46,11.13,23.58,21.35,26.36,18.57,1677.57,192.34,97.76,30.07,538.55,244.41,469.78,313.18,141.5,0.9656
hipposideros_lankadiva,18.04,8.91,49.03,3000.6,28.04,9.87,18.17,19.86,16.23,24.4,11.68,999.96,125.0,49.99,40.0,350.0,124.99,284.99,189.99,121.1,0.9763
hipposideros_larvatus,21.77,8.33,73.89,1539.0,27.97,16.7,11.27,22.9,20.64,25.71,17.83,1651.48,189.68,95.98,30.26,531.1,239.95,462.63,308.42,235.1,0.975
hipposideros_lekaguli,19.79,8.7,61.86,2133.0,27.53,13.46,14.07,21.2,18.39,24.72,14.87,1378.96,164.07,75.59,34.22,459.39,188.98,389.02,259.35,259.9,0.9908
hipposideros_lylei,20.28,8.53,59.33,2197.8,28.19,13.81,14.38,21.72,18.84,25.31,15.25,1364.07,162.91,74.28,34.65,456.15,185.71,385.11,256.74,154.8,0.9871
hipposideros_maggietaylorae,22.25,8.4,89.36,970.2,27.41,18.02,9.4,23.19,21.31,25.54,18.96,1831.34,203.1,112.22,26.47,568.69,280.55,509.54,339.69,429.2,0.9692
hipposideros_obscurus,18.92,8.96,62.69,2178.0,26.78,12.5,14.29,20.35,17.49,23.92,13.92,1340.78,159.94,73.16,34.52,447.84,182.91,378.45,252.3,372.6,0.994
hipposideros_pomona,18.13,8.9,49.38,2968.2,28.03,10.02,18.02,19.93,16.32,24.43,11.82,1013.5,126.46,50.85,39.79,354.1,127.14,288.74,192.49,123.8,0.9777
hipposideros_pygmaeus,18.07,9.1,57.7,2491.2,26.74,10.98,15.76,19.65,16.5,23.59,12.56,1195.14,145.17,63.14,36.61,406.48,157.84,338.59,225.73,356.1,0.9908
hipposideros_ridleyi,24.36,7.88,88.74,608.4,29.25,20.37,8.88,25.25,23.48,27.47,21.25,1946.67,211.0,123.2,24.06,590.81,308.0,539.28,359.52,273.4,0.9343
hipposideros_ruber,26.27,7.49,88.22,117.0,30.94,22.45,8.49,27.12,25.42,29.24,23.3,2015.97,211.63,133.09,20.78,592.58,332.72,555.18,370.12,211.3,0.8942
hipposideros_semoni,17.14,9.26,53.72,2804.4,26.62,9.38,17.24,18.86,15.42,23.17,11.1,1051.43,130.0,53.71,38.7,364.0,134.29,298.97,199.31,352.5,0.9802
hipposideros_speoris,17.17,9.07,46.64,3272.4,27.87,8.42,19.45,19.12,15.23,23.98,10.36,887.12,112.57,43.01,41.82,315.19,107.53,253.63,169.09,127.4,0.9586
hipposideros_stenotis,16.94,9.34,54.64,2772.0,26.34,9.25,17.09,18.65,15.23,22.92,10.96,1059.06,130.71,54.29,38.48,365.98,135.74,301.03,200.69,398.9,0.9802
hipposideros_turpis,17.53,9.1,51.17,2917.8,27.31,9.53,17.78,19.31,15.76,23.76,11.31,1018.22,126.7,51.38,39.45,354.75,128.44,289.91,193.28,238.6,0.9779
hipposideros_wollastoni,22.32,8.39,89.35,937.8,27.49,18.1,9.39,23.26,21.38,25.61,19.04,1840.55,203.71,113.11,26.25,570.39,282.78,511.9,341.27,432.6,0.9683
hippotragus_equinus,24.29,7.83,88.67,824.4,29.14,20.31,8.83,25.17,23.4,27.37,21.2,1909.64,209.85,118.56,25.5,587.59,296.41,530.4,353.6,183.9,0.9356
hippotragus_niger,18.39,9.01,57.83,2453.4,26.96,11.38,15.59,19.95,16.83,23.85,12.94,1217.61,147.58,64.58,36.36,413.22,161.44,344.8,229.87,324.8,0.9915
histiotus_macrotus,8.3,10.67,31.92,6229.8,26.68,-6.74,33.42,11.64,4.96,20.0,-3.4,506.14,74.62,16.23,61.53,208.93,40.56,149.7,99.8,102.3,0.6755
histiotus_velatus,13.94,9.85,44.54,3835.8,26.1,3.99,22.11,16.15,11.73,21.68,6.2,655.99,85.81,29.75,45.57,240.26,74.38,188.78,125.86,359.5,0.8634
hodomys_alleni,16.25,9.24,44.09,3589.2,27.77,6.82,20.95,18.34,14.15,23.58,8.91,771.2,99.56,36.04,43.93,278.75,90.09,221.31,147.54,120.9,0.9271
holochilus_brasiliensis,10.5,10.39,36.53,5178.6,26.15,-2.31,28.45,13.34,7.65,20.46,0.54,438.83,61.49,16.63,54.52,172.18,41.58,128.25,85.5,258.4,0.6855
holochilus_chacarius,12.04,10.13,39.14,4633.2,26.27,0.4,25.88,14.63,9.45,21.1,2.98,488.85,66.65,20.01,50.89,186.62,50.02,141.98,94.66,277.2,0.7466
holochilus_sciureus,22.42,8.33,89.28,1000.8,27.56,18.23,9.33,23.36,21.49,25.69,19.16,1828.19,203.14,111.71,26.67,568.8,279.29,508.85,339.23,387.4,0.9668
hoplomys_gymnurus,23.39,7.98,84.57,1150.2,28.58,19.15,9.43,24.33,22.45,26.69,20.09,1811.71,203.19,109.2,27.67,568.93,273.01,505.17,336.78,168.6,0.9516
hyaena_brunnea,13.38,9.82,39.81,4374.0,26.94,2.29,24.66,15.85,10.92,22.01,4.75,546.49,73.53,23.15,49.16,205.87,57.88,158.25,105.5,193.0,0.802
hyaena_hyaena,16.37,9.41,51.15,3047.4,26.48,8.09,18.39,18.21,14.53,22.8,9.93,944.59,118.39,46.98,40.32,331.48,117.45,269.36,179.57,357.3,0.9646
hybomys_planifrons,22.75,8.1,78.1,1348.2,28.45,18.09,10.37,23.79,21.72,26.38,19.12,1738.01,197.31,102.85,28.99,552.48,257.12,485.76,323.84,173.5,0.9617
hybomys_trivirgatus,23.24,7.98,80.5,1252.8,28.69,18.78,9.92,24.23,22.25,26.71,19.77,1778.69,200.76,106.2,28.35,562.11,265.5,496.57,331.05,143.4,0.954
hybomys_univittatus,24.69,7.83,88.67,496.8,29.55,20.72,8.83,25.57,23.81,27.78,21.6,1966.85,211.67,125.69,23.31,592.66,314.24,544.14,362.76,275.7,0.9278
hydrictis_maculicollis,22.25,8.21,75.23,1463.4,28.25,17.34,10.91,23.34,21.15,26.06,18.43,1688.49,193.04,98.84,29.76,540.52,247.1,472.57,315.05,197.3,0.9688
hydrochoerus_hydrochaeris,17.83,9.15,57.05,2548.8,26.65,10.61,16.04,19.43,16.23,23.44,12.22,1166.62,142.17,61.26,36.99,398.08,153.14,330.73,220.49,366.4,0.9894
hydrochoerus_isthmius,22.99,8.09,84.22,1186.2,28.27,18.67,9.6,23.95,22.03,26.35,19.63,1792.31,201.46,107.68,27.91,564.1,269.19,499.97,333.31,213.6,0.9581
hydromys_chrysogaster,13.49,9.93,43.54,3983.4,26.04,3.23,22.81,15.78,11.21,21.48,5.51,613.76,80.91,27.33,46.56,226.55,68.34,176.93,117.96,359.1,0.8381
hydropotes_inermis,10.94,10.25,35.87,5203.8,26.65,-1.92,28.57,13.79,8.08,20.94,0.93,449.61,63.08,16.98,54.69,176.63,42.44,131.44,87.63,179.1,0.7014
hyemoschus_aquaticus,26.23,7.47,88.19,198.0,30.89,22.42,8.47,27.08,25.38,29.19,23.27,2016.41,212.81,132.21,21.32,595.88,330.52,555.84,370.56,179.3,0.8951
hylobates_agilis,26.6,7.42,88.12,50.0,31.23,22.81,8.42,27.45,25.76,29.55,23.66,2019.67,210.79,134.32,20.19,590.2,335.8,555.6,370.4,201.3,0.8866
hylobates_klossii,25.65,7.57,88.34,383.4,30.37,21.79,8.57,26.51,24.79,28.65,22.65,1997.85,213.43,128.93,22.56,597.6,322.34,551.96,367.97,181.0,0.9079
hylobates_lar,19.53,8.66,55.41,2462.4,28.12,12.5,15.63,21.09,17.97,25.0,14.06,1240.22,150.4,65.72,36.42,421.11,164.29,351.24,234.16,145.8,0.9886
hylobates_moloch,22.53,8.2,82.39,1260.0,28.01,18.06,9.95,23.53,21.54,26.02,19.05,1760.22,198.76,105.03,28.4,556.52,262.57,491.45,327.64,248.8,0.9651
hylobates_muelleri,25.32,7.74,88.56,203.4,30.13,21.39,8.74,26.2,24.45,28.39,22.26,1995.55,210.69,130.78,21.36,589.93,326.95,550.13,366.75,315.9,0.9149
hylobates_pileatus,19.72,8.65,57.75,2325.6,27.96,12.98,14.98,21.22,18.22,24.97,14.48,1299.69,156.37,69.85,35.5,437.85,174.63,367.49,244.99,180.2,0.9894
hylochoerus_meinertzhageni,24.64,7.78,88.61,657.0,29.47,20.69,8.78,25.52,23.77,27.72,21.57,1946.41,211.63,122.66,24.38,592.57,306.64,539.53,359.68,207.5,0.9288
hylomys_suillus,21.89,8.29,74.11,1522.8,28.05,16.86,11.19,23.01,20.77,25.81,17.98,1659.98,190.47,96.62,30.15,533.31,241.55,464.92,309.95,223.7,0.9735
hylomyscus_aeta,26.06,7.58,88.34,52.2,30.78,22.2,8.58,26.92,25.2,29.06,23.06,2008.41,209.94,133.31,20.35,587.82,333.28,552.66,368.44,274.2,0.8989
hylomyscus_alleni,23.89,7.87,88.33,1038.6,28.79,19.88,8.9,24.78,23.0,27.01,20.77,1852.73,206.36,112.83,26.92,577.8,282.06,515.92,343.94,144.0,0.9429
hylomyscus_denniae,22.22,8.36,89.32,1083.6,27.37,18.01,9.36,23.16,21.29,25.5,18.95,1802.72,201.35,109.33,27.22,563.78,273.32,502.26,334.84,379.4,0.9696
hylomyscus_parvus,24.97,7.76,88.58,462.6,29.78,21.03,8.76,25.84,24.09,28.03,21.9,1976.35,212.22,126.68,23.08,594.21,316.69,546.55,364.36,249.0,0.9222
hylomyscus_stella,25.84,7.61,88.39,131.4,30.58,21.97,8.61,26.7,24.98,28.86,22.83,2006.5,210.84,132.3,20.88,590.36,330.76,552.67,368.44,270.3,0.9037
hylonycteris_underwoodi,19.12,8.71,52.46,2667.6,28.25,11.65,16.6,20.78,17.46,24.93,13.31,1149.62,141.05,59.6,37.78,394.94,149.01,326.37,217.58,112.6,0.9863
hylopetes_alboniger,16.23,9.22,43.48,3643.2,27.89,6.69,21.2,18.35,14.11,23.65,8.81,756.34,97.92,35.11,44.29,274.18,87.79,217.18,144.79,98.0,0.9225
hylopetes_lepidus,25.44,7.7,88.51,225.0,30.22,21.52,8.7,26.31,24.57,28.48,22.39,1998.04,211.25,130.7,21.5,591.5,326.76,550.96,367.31,288.8,0.9124
hylopetes_phayrei,16.74,9.16,45.65,3400.2,27.77,7.72,20.06,18.75,14.74,23.76,9.72,837.17,106.97,40.0,42.67,299.52,99.99,239.71,159.81,133.4,0.9467
hylopetes_platyurus,26.7,7.39,88.09,50.0,31.32,22.92,8.39,27.54,25.86,29.64,23.76,2021.14,210.76,134.56,20.11,590.14,336.4,555.92,370.62,192.2,0.8843
hylopetes_spadiceus,22.95,8.08,81.72,1245.6,28.38,18.5,9.88,23.94,21.96,26.41,19.49,1774.11,200.15,106.0,28.3,560.42,264.99,495.25,330.16,191.7,0.9587
hyomys_dammermani,23.26,8.23,89.16,606.6,28.33,19.11,9.23,24.18,22.34,26.49,20.03,1921.39,208.24,121.62,24.04,583.07,304.04,532.27,354.85,444.3,0.954
hyomys_goliath,21.24,8.55,81.33,1378.8,27.02,16.51,10.51,22.29,20.19,24.92,17.56,1693.37,192.61,99.92,29.19,539.3,249.8,473.46,315.64,391.3,0.9813
hyperacrius_fertilis,8.81,10.53,31.82,6163.2,27.02,-6.08,33.1,12.12,5.5,20.4,-2.77,505.64,74.31,16.4,61.09,208.08,40.99,149.44,99.63,54.4,0.6874
hyperacrius_wynnei,8.81,10.53,31.82,6163.2,27.02,-6.08,33.1,12.12,5.5,20.4,-2.77,505.64,74.31,16.4,61.09,208.08,40.99,149.44,99.63,54.4,0.6874
hypogeomys_antimena,14.53,9.76,46.34,3610.8,26.11,5.06,21.05,16.64,12.43,21.9,7.16,725.77,93.8,33.83,44.07,262.64,84.56,208.32,138.88,374.6,0.8975
hypsignathus_monstrosus,26.11,7.49,88.23,230.4,30.78,22.28,8.49,26.96,25.26,29.08,23.13,2013.49,212.96,131.66,21.54,596.29,329.14,555.26,370.17,183.0,0.8978
hypsiprymnodon_moschatus,16.07,9.46,50.01,3157.2,26.47,7.56,18.91,17.96,14.18,22.69,9.45,899.74,113.45,44.2,41.05,317.66,110.5,256.9,171.27,351.5,0.9556
hypsugo_arabicus,13.2,9.94,41.69,4201.2,26.31,2.47,23.84,15.58,10.82,21.54,4.86,567.35,75.65,24.58,48.01,211.82,61.45,163.97,109.31,301.9,0.8104
hypsugo_bodenheimeri,13.51,9.92,43.34,3999.6,26.1,3.22,22.89,15.8,11.23,21.53,5.5,610.97,80.61,27.16,46.66,225.71,67.89,176.16,117.44,348.3,0.837
hypsugo_cadornae,15.17,9.38,40.45,4066.2,27.93,4.73,23.2,17.49,12.85,23.29,7.05,636.27,84.24,28.04,47.11,235.88,70.11,183.6,122.4,62.6,0.8689
hypsugo_crassulus,25.93,7.54,88.29,246.6,30.63,22.09,8.54,26.78,25.08,28.92,22.94,2009.24,212.74,131.2,21.64,595.66,327.99,554.19,369.46,202.6,0.9018
hypsugo_eisentrauti,24.93,7.83,88.68,291.6,29.79,20.95,8.83,25.81,24.05,28.02,21.84,1985.18,210.81,129.13,21.94,590.27,322.82,547.85,365.24,335.4,0.923
hypsugo_imbricatus,24.87,7.83,88.67,352.8,29.73,20.9,8.83,25.75,23.99,27.96,21.78,1981.5,211.26,128.22,22.35,591.53,320.54,547.24,364.83,315.4,0.9242
hypsugo_pulveratus,12.74,9.89,37.92,4678.2,27.09,1.0,26.09,15.35,10.14,21.88,3.61,501.76,68.57,20.41,51.19,191.99,51.02,145.81,97.21,147.8,0.7665
hypsugo_savii,6.78,10.91,30.18,6807.6,26.66,-9.48,36.15,10.4,3.17,19.43,-5.87,598.33,90.61,17.26,65.38,253.71,43.15,178.12,118.75,64.1,0.6877
hystrix_africaeaustralis,16.9,9.24,50.05,3061.8,27.05,8.59,18.46,18.74,15.05,23.36,10.43,951.73,119.37,47.26,40.41,334.25,118.15,271.44,180.96,269.1,0.9681
hystrix_brachyura,18.66,8.83,52.38,2721.6,27.93,11.08,16.85,20.35,16.98,24.56,12.76,1118.2,137.61,57.64,38.14,385.32,144.1,317.65,211.77,157.1,0.9858
hystrix_crassispinis,25.81,7.65,88.44,59.4,30.57,21.92,8.65,26.67,24.94,28.84,22.78,2003.03,209.48,132.87,20.4,586.53,332.19,551.23,367.49,309.2,0.9044
hystrix_cristata,17.71,9.03,50.18,2962.8,27.6,9.61,17.99,19.51,15.91,24.0,11.41,1005.79,125.46,50.5,39.75,351.3,126.24,286.53,191.02,190.8,0.9768
hystrix_indica,12.49,10.06,40.26,4446.0,26.24,1.24,24.99,14.99,9.99,21.24,3.74,517.21,69.84,21.71,49.64,195.56,54.26,149.9,99.93,296.2,0.7712
hystrix_pumila,20.24,8.69,69.24,1810.8,27.15,14.6,12.55,21.5,18.99,24.64,15.85,1516.35,177.02,85.84,32.07,495.66,214.59,426.15,284.1,341.9,0.9895
ia_io,13.98,9.6,38.45,4442.4,27.72,2.74,24.98,16.48,11.48,22.72,5.24,552.04,74.54,23.18,49.62,208.7,57.95,159.99,106.66,68.4,0.8134
ichneumia_albicauda,24.13,7.94,88.81,664.2,29.04,20.11,8.94,25.02,23.24,27.26,21.0,1933.51,210.33,121.77,24.43,588.91,304.41,535.99,357.33,283.1,0.9386
ichthyomys_hydrobates,24.07,7.9,88.77,792.0,28.97,20.07,8.9,24.96,23.18,27.19,20.96,1910.9,209.56,118.99,25.28,586.77,297.46,530.54,353.7,231.7,0.9397
ichthyomys_pittieri,20.58,8.58,67.78,1832.4,27.54,14.89,12.65,21.85,19.32,25.01,16.16,1515.92,177.2,85.63,32.22,496.15,214.07,426.14,284.09,279.4,0.9867
ichthyomys_stolzmanni,22.96,8.07,81.38,1252.8,28.41,18.5,9.92,23.95,21.97,26.43,19.49,1772.18,200.02,105.81,28.35,560.05,264.53,494.75,329.83,186.9,0.9585
ichthyomys_tweedii,24.48,7.79,88.63,754.2,29.32,20.52,8.79,25.36,23.6,27.56,21.4,1927.09,210.83,120.4,25.03,590.33,301.0,534.8,356.53,186.8,0.9319
ictonyx_libyca,14.72,9.49,40.16,4156.2,27.71,4.09,23.63,17.08,12.36,22.99,6.45,609.83,81.13,26.57,47.71,227.15,66.44,176.15,117.43,89.5,0.852
ictonyx_striatus,23.21,8.05,87.67,1098.0,28.26,19.07,9.18,24.13,22.29,26.42,19.99,1821.64,203.64,110.33,27.32,570.2,275.83,507.62,338.41,221.3,0.9546
idionycteris_phyllotis,12.62,9.88,36.9,4822.2,27.34,0.57,26.77,15.29,9.94,21.99,3.25,490.77,67.56,19.57,52.15,189.16,48.93,142.85,95.23,99.9,0.758
idiurus_macrotis,25.61,7.58,88.35,406.8,30.32,21.74,8.58,26.46,24.75,28.61,22.6,1995.31,213.48,128.51,22.71,597.75,321.28,551.41,367.61,177.1,0.9088
idiurus_zenkeri,26.22,7.55,88.3,50.0,30.92,22.38,8.55,27.08,25.37,29.21,23.23,2009.22,209.34,133.91,20.02,586.16,334.77,552.56,368.37,271.9,0.8953
indri_indri,16.0,9.5,50.94,3101.4,26.26,7.61,18.65,17.87,14.14,22.53,9.48,917.37,115.32,45.35,40.68,322.89,113.38,261.76,174.51,387.6,0.9581
iomys_horsfieldii,26.0,7.56,88.31,153.0,30.71,22.15,8.56,26.86,25.14,29.0,23.01,2010.65,211.58,132.33,21.02,592.42,330.84,553.95,369.3,235.7,0.9002
irenomys_tarsalis,5.03,11.18,28.4,7493.4,26.7,-12.69,39.39,8.97,1.1,18.82,-8.75,733.05,114.51,18.35,69.96,320.62,45.88,219.9,146.6,10.6,0.6993
isoodon_auratus,16.22,9.41,49.66,3164.4,26.64,7.69,18.94,18.11,14.32,22.85,9.59,900.78,113.63,44.22,41.1,318.15,110.54,257.22,171.48,325.0,0.9567
isoodon_macrourus,14.02,9.84,44.8,3803.4,26.1,4.14,21.96,16.22,11.83,21.71,6.34,665.34,86.88,30.3,45.36,243.26,75.74,191.4,127.6,362.7,0.8684
isoodon_obesulus,10.98,10.36,38.23,4888.8,25.88,-1.21,27.09,13.69,8.27,20.46,1.5,450.68,62.25,17.8,52.59,174.29,44.51,131.28,87.52,320.1,0.7029
isothrix_bistriata,23.11,8.13,89.05,977.4,28.13,19.0,9.13,24.02,22.19,26.3,19.91,1849.52,205.21,113.26,26.52,574.59,283.15,514.64,343.1,293.3,0.9563
isothrix_pagurus,24.06,8.04,88.94,448.2,29.03,19.99,9.04,24.97,23.16,27.23,20.9,1956.64,209.91,125.57,22.99,587.74,313.93,541.0,360.67,395.1,0.9399
isthmomys_pirrensis,22.44,8.17,76.45,1414.8,28.32,17.64,10.68,23.51,21.37,26.18,18.7,1709.27,194.84,100.52,29.43,545.56,251.29,478.11,318.74,189.9,0.9662
jaculus_jaculus,13.58,9.77,39.99,4327.2,27.02,2.59,24.43,16.02,11.14,22.13,5.03,557.32,74.8,23.76,48.85,209.45,59.39,161.3,107.54,184.1,0.8108
jaculus_orientalis,11.39,10.07,34.59,5315.4,27.39,-1.71,29.1,14.3,8.48,21.57,1.2,464.42,65.52,17.25,55.44,183.46,43.12,135.94,90.63,57.0,0.7195
juliomys_pictipes,12.56,10.08,41.11,4345.2,26.05,1.53,24.52,15.01,10.11,21.14,3.98,531.32,71.38,22.6,48.97,199.86,56.49,153.81,102.54,332.8,0.7804
juscelinomys_candango,16.74,9.37,53.89,2836.8,26.3,8.91,17.4,18.48,15.0,22.83,10.65,1029.93,127.57,52.43,38.91,357.21,131.08,292.97,195.31,399.2,0.9767
kannabateomys_amblyonyx,12.08,10.17,40.23,4503.6,25.98,0.71,25.27,14.61,9.55,20.92,3.24,501.51,67.92,20.89,50.02,190.19,52.22,145.44,96.96,332.1,0.7548
kerivoula_argentata,17.37,9.17,52.48,2854.8,26.98,9.5,17.48,19.12,15.62,23.49,11.25,1037.74,128.67,52.72,39.03,360.28,131.81,295.25,196.84,293.7,0.9795
kerivoula_flora,24.62,7.91,88.78,336.6,29.52,20.61,8.91,25.51,23.72,27.74,21.5,1976.34,210.49,128.06,22.24,589.37,320.15,545.71,363.81,362.4,0.9292
kerivoula_hardwickii,20.66,8.47,61.87,2052.0,28.19,14.5,13.69,22.03,19.29,25.45,15.87,1431.34,169.49,79.11,33.68,474.58,197.76,403.41,268.94,165.1,0.985
kerivoula_lanosa,19.6,8.69,58.19,2316.6,27.82,12.88,14.94,21.09,18.11,24.83,14.37,1300.47,156.39,69.96,35.44,437.88,174.9,367.67,245.11,203.4,0.9901
kerivoula_minuta,23.05,8.1,88.2,1098.0,28.1,18.92,9.18,23.97,22.13,26.26,19.83,1818.0,203.24,110.11,27.32,569.06,275.27,506.6,337.74,245.6,0.9572
kerivoula_muscina,21.72,8.47,87.61,1200.6,27.03,17.36,9.67,22.68,20.75,25.1,18.33,1758.86,197.88,105.53,28.0,554.06,263.81,490.73,327.15,402.3,0.976
kerivoula_papillosa,22.8,8.16,87.27,1134.0,27.94,18.59,9.36,23.73,21.86,26.07,19.52,1802.52,201.96,108.81,27.56,565.48,272.03,502.51,335.0,267.2,0.9611
kerivoula_pellucida,24.86,7.8,88.64,426.6,29.7,20.9,8.8,25.74,23.98,27.94,21.78,1976.79,211.77,127.1,22.84,592.96,317.75,546.43,364.29,282.0,0.9244
kerivoula_phalaena,25.05,7.66,88.46,637.2,29.82,21.15,8.66,25.92,24.19,28.08,22.02,1958.67,212.7,123.64,24.25,595.55,309.11,542.79,361.86,153.9,0.9205
kerivoula_picta,21.68,8.29,68.9,1701.0,28.3,16.26,12.03,22.88,20.48,25.89,17.47,1590.89,184.51,91.03,31.34,516.63,227.56,446.52,297.68,172.8,0.9757
kerivoula_whiteheadi,20.41,8.61,66.84,1881.0,27.5,14.62,12.88,21.7,19.13,24.92,15.91,1493.19,175.05,83.94,32.54,490.13,209.86,419.99,279.99,282.7,0.9879
kerodon_rupestris,19.84,8.83,71.75,1760.4,26.61,14.3,12.31,21.07,18.61,24.15,15.53,1526.14,177.63,86.82,31.74,497.36,217.04,428.64,285.76,428.1,0.9924
kobus_ellipsiprymnus,23.07,8.07,84.95,1164.6,28.29,18.79,9.5,24.02,22.12,26.39,19.74,1800.3,202.09,108.37,27.76,565.86,270.93,502.07,334.71,211.2,0.9569
kobus_kob,23.48,7.97,86.16,1110.6,28.56,19.32,9.24,24.4,22.55,26.71,20.24,1824.48,204.12,110.37,27.4,571.54,275.94,508.49,338.99,174.0,0.9501
kobus_leche,18.34,8.99,55.86,2559.6,27.19,11.1,16.09,19.95,16.74,23.97,12.71,1174.19,143.18,61.58,37.06,400.91,153.96,332.92,221.95,282.3,0.9896
kobus_megaceros,21.13,8.56,79.13,1443.6,27.08,16.26,10.82,22.21,20.05,24.91,17.34,1669.38,190.63,97.9,29.62,533.76,244.76,467.11,311.41,378.5,0.9824
kobus_vardonii,20.0,8.72,66.7,1922.4,27.19,14.11,13.08,21.3,18.69,24.57,15.42,1467.36,172.44,82.15,32.82,482.83,205.38,412.93,275.28,327.8,0.9907
kunsia_fronto,13.01,10.0,42.04,4190.4,26.1,2.31,23.79,15.39,10.63,21.34,4.69,564.74,75.26,24.5,47.94,210.73,61.26,163.19,108.79,336.1,0.8061
kunsia_tomentosus,18.16,9.05,56.48,2545.2,26.97,10.96,16.02,19.77,16.56,23.77,12.56,1175.75,143.25,61.76,36.97,401.11,154.4,333.31,222.2,316.7,0.9898
laephotis_botswanae,16.05,9.42,48.37,3276.0,26.76,7.29,19.47,18.0,14.1,22.86,9.24,860.04,109.15,41.68,41.84,305.63,104.21,245.9,163.94,298.5,0.9479
laephotis_wintoni,17.67,9.13,54.09,2727.0,26.95,10.07,16.88,19.36,15.98,23.58,11.76,1093.2,134.58,56.32,38.18,376.82,140.8,310.57,207.05,307.4,0.9847
lagidium_peruanum,19.95,8.63,60.07,2196.0,27.86,13.49,14.37,21.39,18.52,24.98,14.92,1357.29,162.08,73.93,34.64,453.83,184.82,383.19,255.46,205.7,0.9893
lagidium_viscacia,11.17,10.19,35.84,5173.2,26.8,-1.63,28.43,14.01,8.32,21.12,1.22,454.12,63.62,17.22,54.49,178.13,43.06,132.71,88.48,158.1,0.7089
lagidium_wolffsohni,0.53,11.99,25.82,8989.2,26.08,-20.37,46.45,5.18,-4.11,16.79,-15.72,900.81,150.07,15.07,79.93,420.19,37.67,274.71,183.14,0.0,0.6355
lagorchestes_conspicillatus,14.96,9.68,47.57,3463.2,26.15,5.8,20.35,16.99,12.92,22.08,7.83,777.11,99.64,36.86,43.09,278.99,92.14,222.67,148.45,378.8,0.9183
lagorchestes_hirsutus,12.98,9.89,39.16,4501.8,26.87,1.61,25.26,15.5,10.45,21.82,4.14,522.36,70.74,21.76,50.01,198.08,54.4,151.49,100.99,195.1,0.7823
lagostomus_maximus,10.26,10.39,35.25,5392.8,26.46,-3.0,29.47,13.2,7.31,20.57,-0.06,442.63,62.68,16.25,55.95,175.51,40.62,129.68,86.45,194.7,0.6826
lagostrophus_fasciatus,12.75,9.93,38.72,4582.8,26.86,1.22,25.64,15.32,10.19,21.73,3.78,509.49,69.29,20.99,50.55,194.0,52.49,147.89,98.59,191.2,0.7711
lagothrix_lagotricha,26.1,7.58,88.35,50.0,30.82,22.23,8.58,26.95,25.24,29.1,23.09,2006.33,209.04,133.71,20.02,585.32,334.29,551.76,367.84,291.2,0.898
lagurus_lagurus,0.83,11.97,26.26,8807.4,25.9,-19.69,45.59,5.39,-3.73,16.78,-15.13,891.79,147.44,15.82,78.72,412.83,39.54,271.42,180.95,40.2,0.6402
lampronycteris_brachyotis,23.96,7.95,88.83,766.8,28.88,19.93,8.95,24.85,23.06,27.09,20.82,1912.78,209.43,119.37,25.11,586.41,298.43,530.9,353.94,261.5,0.9417
lariscus_hosei,23.29,8.12,89.04,842.4,28.31,19.19,9.12,24.2,22.38,26.49,20.1,1883.16,207.18,116.73,25.62,580.1,291.83,523.16,348.77,328.3,0.9534
lariscus_insignis,26.03,7.55,88.31,136.8,30.74,22.19,8.55,26.89,25.18,29.03,23.04,2011.11,211.4,132.55,20.91,591.92,331.36,553.97,369.31,238.0,0.8995
lariscus_obscurus,25.65,7.57,88.34,383.4,30.37,21.79,8.57,26.51,24.79,28.65,22.65,1997.85,213.43,128.93,22.56,597.6,322.34,551.96,367.97,181.0,0.9079
lasionycteris_noctivagans,4.23,11.32,27.8,7777.8,26.64,-14.09,40.73,8.31,0.16,18.49,-10.02,785.23,124.21,18.42,71.85,347.78,46.05,236.3,157.53,0.0,0.6953
lasiorhinus_krefftii,13.34,9.91,41.95,4156.2,26.34,2.71,23.63,15.7,10.98,21.61,5.07,578.05,76.9,25.19,47.71,215.31,62.97,166.97,111.32,301.3,0.8182
lasiorhinus_latifrons,8.42,10.79,34.33,5808.6,25.71,-5.72,31.43,11.57,5.28,19.42,-2.58,440.93,63.72,15.17,58.72,178.4,37.92,129.79,86.53,281.1,0.6391
lasiurus_borealis,7.94,10.65,30.5,6550.2,27.15,-7.78,34.93,11.43,4.45,20.17,-4.29,564.53,84.48,17.09,63.67,236.56,42.73,167.57,111.71,6.9,0.6992
lasiurus_castaneus,22.35,8.18,75.53,1447.2,28.3,17.47,10.83,23.43,21.26,26.14,18.55,1696.27,193.74,99.45,29.65,542.48,248.62,474.66,316.44,189.5,0.9674
lasiurus_cinereus,20.03,8.58,58.32,2268.0,28.12,13.41,14.71,21.5,18.56,25.18,14.88,1330.11,159.5,71.91,35.12,446.6,179.79,375.83,250.56,159.5,0.9882
lasiurus_ebenus,12.0,10.18,40.15,4523.4,25.95,0.59,25.36,14.54,9.47,20.88,3.13,497.73,67.48,20.67,50.16,188.95,51.69,144.38,96.25,334.5,0.7511
lasiurus_ega,25.52,7.62,88.4,374.4,30.26,21.64,8.62,26.38,24.65,28.53,22.5,1995.23,213.02,128.87,22.5,596.47,322.16,551.18,367.45,206.1,0.9107
lasiurus_intermedius,12.99,9.75,36.16,4861.8,27.82,0.86,26.96,15.69,10.3,22.43,3.56,497.93,68.68,19.75,52.41,192.3,49.37,145.0,96.67,23.5,0.7683
lasiurus_seminolus,9.11,10.43,31.44,6181.2,27.37,-5.82,33.19,12.43,5.79,20.73,-2.5,515.83,75.87,16.67,61.21,212.45,41.69,152.48,101.65,0.0,0.7004
lavia_frons,25.2,7.7,88.51,417.6,29.99,21.29,8.7,26.07,24.33,28.25,22.16,1985.24,212.55,127.74,22.78,595.15,319.36,548.71,365.8,234.2,0.9175
leggadina_forresti,12.54,10.09,41.34,4323.6,25.97,1.56,24.42,14.99,10.1,21.09,4.0,533.88,71.64,22.77,48.82,200.6,56.92,154.51,103.01,345.4,0.7815
leggadina_lakedownensis,15.63,9.56,49.53,3240.0,26.25,6.95,19.3,17.56,13.7,22.39,8.88,862.12,109.2,41.96,41.6,305.76,104.89,246.39,164.26,379.5,0.9452
leimacomys_buettneri,22.52,8.11,73.01,1504.8,28.63,17.52,11.11,23.63,21.41,26.41,18.63,1680.64,192.63,97.99,30.03,539.36,244.98,470.61,313.74,136.0,0.9649
lemmiscus_curtatus,3.47,11.5,27.71,7938.0,26.28,-15.2,41.48,7.62,-0.68,17.99,-11.05,804.88,128.21,18.16,72.92,358.99,45.41,242.64,161.76,42.7,0.6819
lemmus_lemmus,-10.0,13.99,22.66,12225.6,23.95,-37.78,61.73,-3.83,-16.17,11.61,-31.61,391.15,73.95,3.26,101.5,207.07,10.0,130.24,86.83,98.9,0.2773
lemmus_sibiricus,-10.89,14.07,21.95,12726.0,24.37,-39.73,64.09,-4.48,-17.29,11.55,-33.32,346.79,66.77,2.89,104.84,186.96,10.0,118.18,78.78,0.0,0.2445
lemmus_trimucronatus,-6.84,13.36,23.25,11325.6,24.77,-32.71,57.48,-1.09,-12.59,13.28,-26.96,554.1,101.3,4.62,95.5,283.64,11.54,177.11,118.07,36.3,0.4005
lemniscomys_griselda,19.92,8.64,60.37,2185.2,27.8,13.48,14.32,21.35,18.49,24.93,14.91,1360.94,162.42,74.21,34.57,454.77,185.52,384.17,256.11,215.5,0.9896
lemniscomys_macculus,24.01,8.03,88.93,507.6,28.98,19.94,9.03,24.91,23.1,27.17,20.85,1950.06,210.01,124.5,23.38,588.01,311.26,539.57,359.71,375.5,0.9408
lemniscomys_mittendorfi,23.26,8.01,84.15,1168.2,28.5,18.98,9.52,24.21,22.31,26.59,19.93,1803.76,202.53,108.54,27.79,567.07,271.36,503.06,335.37,179.7,0.9538
lemniscomys_rosalia,17.78,9.09,53.64,2741.4,27.1,10.16,16.95,19.48,16.09,23.71,11.85,1090.27,134.33,56.08,38.28,376.11,140.2,309.79,206.52,283.3,0.9846
lemniscomys_striatus,26.17,7.5,88.23,178.2,30.84,22.34,8.5,27.02,25.32,29.14,23.19,2014.85,212.37,132.33,21.19,594.65,330.82,555.28,370.19,198.2,0.8964
lemur_catta,13.03,10.01,42.44,4149.0,26.0,2.41,23.59,15.38,10.67,21.28,4.77,571.98,76.06,24.95,47.66,212.97,62.37,165.21,110.14,353.4,0.8102
lenothrix_canus,24.87,7.78,88.62,462.6,29.7,20.92,8.78,25.75,23.99,27.95,21.8,1974.14,211.98,126.54,23.08,593.55,316.34,545.93,363.96,263.8,0.9242
lenoxus_apicalis,18.43,8.93,54.38,2631.6,27.46,11.03,16.43,20.07,16.78,24.18,12.68,1147.74,140.53,59.74,37.54,393.49,149.34,325.7,217.13,235.7,0.9881
leontopithecus_caissara,11.74,10.23,39.59,4622.4,25.94,0.12,25.83,14.32,9.16,20.78,2.7,482.74,65.78,19.79,50.82,184.19,49.46,140.19,93.46,328.7,0.7374
leontopithecus_chrysomelas,17.17,9.29,55.45,2701.8,26.39,9.63,16.76,18.85,15.49,23.04,11.3,1091.4,134.16,56.38,38.01,375.66,140.95,309.96,206.64,396.1,0.9835
leontopithecus_chrysopygus,13.61,9.9,43.65,3958.2,26.09,3.4,22.69,15.88,11.34,21.55,5.67,621.63,81.84,27.77,46.39,229.15,69.43,179.15,119.43,352.9,0.8435
leontopithecus_rosalia,13.52,9.92,43.56,3978.0,26.06,3.27,22.79,15.8,11.25,21.5,5.55,615.53,81.12,27.43,46.52,227.14,68.58,177.43,118.29,357.1,0.8394
leopardus_jacobitus,15.38,9.46,44.05,3700.8,27.19,5.72,21.48,17.53,13.23,22.9,7.86,721.81,93.74,33.28,44.67,262.47,83.2,207.4,138.27,201.7,0.9049
leopardus_pardalis,26.27,7.5,88.24,73.8,30.95,22.44,8.5,27.12,25.42,29.25,23.29,2014.34,210.86,133.46,20.49,590.41,333.66,554.44,369.63,231.6,0.8942
leopardus_wiedii,24.64,7.8,88.64,608.4,29.48,20.68,8.8,25.52,23.76,27.72,21.56,1953.1,211.7,123.61,24.06,592.76,309.01,541.06,360.71,230.5,0.9288
leopoldamys_edwardsi,15.33,9.41,42.26,3868.2,27.58,5.31,22.27,17.56,13.11,23.13,7.54,680.73,89.2,30.75,45.79,249.75,76.88,195.98,130.65,130.4,0.8892
leopoldamys_sabanus,22.41,8.21,79.9,1328.4,28.06,17.79,10.27,23.44,21.39,26.01,18.82,1736.45,196.9,102.95,28.86,551.32,257.37,485.21,323.48,234.9,0.9667
lepilemur_dorsalis,17.76,9.2,58.49,2482.2,26.41,10.69,15.72,19.33,16.19,23.26,12.26,1191.54,144.66,63.0,36.55,405.04,157.51,337.53,225.02,408.2,0.9905
lepilemur_edwardsi,15.93,9.52,50.85,3115.8,26.22,7.51,18.71,17.8,14.06,22.48,9.38,910.68,114.57,44.95,40.77,320.79,112.37,259.9,173.26,392.3,0.9565
lepilemur_leucopus,12.3,10.14,40.83,4410.0,25.95,1.13,24.82,14.78,9.82,20.99,3.61,517.02,69.69,21.8,49.4,195.13,54.5,149.78,99.85,342.6,0.7678
lepilemur_microdon,13.82,9.87,44.32,3870.0,26.08,3.8,22.27,16.05,11.6,21.62,6.03,645.53,84.59,29.16,45.8,236.86,72.89,185.85,123.9,361.6,0.8573
lepilemur_mustelinus,16.72,9.37,53.62,2854.8,26.33,8.85,17.48,18.46,14.97,22.83,10.6,1022.71,126.81,51.96,39.03,355.06,129.9,290.98,193.99,393.9,0.9759
lepilemur_ruficaudatus,13.77,9.89,44.24,3884.4,26.06,3.71,22.34,16.0,11.53,21.59,5.95,640.98,84.06,28.9,45.9,235.37,72.25,184.57,123.05,363.8,0.8546
leporillus_conditor,9.51,10.57,35.31,5495.4,25.99,-3.96,29.95,12.51,6.52,20.0,-0.97,432.82,61.6,15.64,56.64,172.49,39.1,126.95,84.64,260.7,0.6598
leptailurus_serval,25.72,7.6,88.37,266.4,30.45,21.85,8.6,26.58,24.86,28.73,22.71,2004.14,212.47,130.64,21.78,594.92,326.61,552.92,368.61,225.0,0.9064
leptomys_elegans,22.14,8.41,89.38,1006.2,27.32,17.91,9.41,23.09,21.2,25.44,18.85,1820.43,202.35,111.19,26.71,566.58,277.97,506.73,337.82,427.8,0.9707
leptomys_ernstmayri,21.05,8.58,79.08,1450.8,27.02,16.16,10.85,22.13,19.96,24.84,17.25,1665.08,190.22,97.58,29.67,532.62,243.96,465.95,310.63,387.7,0.9832
leptonycteris_curasoae,21.61,8.38,75.0,1519.2,27.76,16.58,11.17,22.73,20.5,25.52,17.7,1654.77,189.83,96.35,30.13,531.52,240.88,463.44,308.96,268.5,0.9769
leptonycteris_nivalis,15.28,9.38,41.09,3987.0,27.83,5.01,22.83,17.56,13.0,23.27,7.29,654.22,86.26,29.12,46.58,241.53,72.81,188.61,125.74,82.8,0.8778
leptonycteris_yerbabuenae,14.42,9.55,39.77,4237.2,27.63,3.62,24.01,16.82,12.02,22.82,6.02,589.83,78.8,25.44,48.25,220.63,63.59,170.53,113.69,97.2,0.8387
lepus_alleni,11.93,10.03,36.48,4975.2,27.06,-0.44,27.49,14.68,9.18,21.56,2.31,470.81,65.31,18.37,53.17,182.86,45.93,137.28,91.52,133.0,0.7338
lepus_americanus,-0.62,12.2,25.3,9365.4,25.91,-22.32,48.23,4.21,-5.44,16.26,-17.5,888.63,150.36,13.01,82.44,421.01,32.52,272.11,181.41,0.0,0.6101
lepus_arcticus,-8.06,13.56,22.7,11802.6,24.79,-34.94,59.73,-2.09,-14.04,12.84,-28.97,471.31,87.72,3.93,98.68,245.63,10.0,153.38,102.25,0.0,0.3414
lepus_brachyurus,6.42,11.13,31.96,6526.8,25.57,-9.25,34.82,9.9,2.94,18.61,-5.76,524.27,78.37,15.94,63.51,219.45,39.85,155.58,103.72,251.5,0.6391
lepus_californicus,8.96,10.53,32.24,6066.0,26.91,-5.73,32.65,12.22,5.7,20.39,-2.47,491.97,71.97,16.22,60.44,201.52,40.55,145.24,96.83,77.8,0.683
lepus_callotis,13.82,9.66,38.72,4435.2,27.54,2.59,24.94,16.31,11.32,22.55,5.09,549.12,74.11,23.08,49.57,207.52,57.69,159.13,106.08,96.8,0.8097
lepus_capensis,25.73,7.61,88.39,225.0,30.47,21.85,8.61,26.59,24.87,28.74,22.72,2004.83,211.97,131.15,21.5,593.51,327.87,552.83,368.56,243.5,0.9062
lepus_castroviejoi,4.38,11.3,27.88,7731.0,26.66,-13.85,40.51,8.43,0.33,18.56,-9.8,777.23,122.69,18.43,71.54,343.53,46.08,233.77,155.84,0.0,0.6967
lepus_comus,13.37,9.74,37.96,4584.6,27.48,1.83,25.65,15.94,10.81,22.35,4.4,523.64,71.22,21.57,50.56,199.41,53.93,152.0,101.33,95.0,0.789
lepus_europaeus,-0.58,12.33,26.55,8992.8,24.98,-21.49,46.47,4.07,-5.23,15.68,-16.84,875.41,145.86,14.63,79.95,408.4,36.56,266.98,177.99,169.3,0.6083
lepus_flavigularis,18.35,8.84,49.52,2934.0,28.17,10.31,17.86,20.13,16.56,24.6,12.1,1031.05,128.41,51.93,39.56,359.54,129.83,293.62,195.75,105.9,0.9793
lepus_granatensis,6.05,10.99,28.99,7182.0,26.91,-11.01,37.91,9.85,2.26,19.33,-7.22,676.28,104.18,18.1,67.88,291.69,45.25,202.17,134.78,0.0,0.7041
lepus_habessinicus,21.26,8.58,85.91,1269.0,26.76,16.77,9.99,22.26,20.26,24.76,17.77,1728.23,195.25,103.03,28.46,546.71,257.58,482.57,321.72,439.7,0.9812
lepus_hainanus,16.11,9.33,45.8,3465.0,27.31,6.95,20.36,18.15,14.08,23.24,8.98,803.24,103.0,38.09,43.1,288.4,95.22,230.17,153.44,200.2,0.9351
lepus_mandshuricus,1.79,11.91,27.85,8208.0,25.31,-17.45,42.76,6.07,-2.48,16.76,-13.17,823.32,132.69,17.34,74.72,371.54,43.36,248.94,165.96,173.5,0.647
lepus_microtis,26.03,7.52,88.26,226.8,30.71,22.2,8.52,26.88,25.18,29.01,23.05,2011.73,212.72,131.58,21.51,595.63,328.95,554.75,369.83,196.6,0.8995
lepus_nigricollis,15.98,9.26,42.76,3738.6,27.89,6.24,21.65,18.15,13.82,23.56,8.4,726.27,94.51,33.33,44.92,264.62,83.33,208.77,139.18,91.2,0.9111
lepus_oiostolus,9.38,10.39,31.68,6094.8,27.41,-5.37,32.78,12.66,6.1,20.85,-2.1,506.52,74.2,16.62,60.63,207.76,41.54,149.58,99.72,0.0,0.7013
lepus_othus,-5.68,13.12,23.41,11023.2,25.15,-30.91,56.05,-0.08,-11.29,13.94,-25.3,620.75,112.18,5.17,93.49,314.1,12.93,196.22,130.81,0.0,0.4468
lepus_peguensis,17.3,9.06,47.17,3218.4,27.86,8.66,19.2,19.22,15.38,24.02,10.58,907.61,114.83,44.28,41.46,321.52,110.7,259.33,172.89,133.8,0.9625
lepus_saxatilis,10.85,10.24,35.36,5286.6,26.78,-2.18,28.96,13.75,7.96,20.99,0.71,450.7,63.49,16.81,55.24,177.78,42.02,131.88,87.92,153.1,0.7002
lepus_sinensis,12.35,10.0,38.05,4717.8,26.81,0.53,26.28,14.98,9.73,21.55,3.16,490.16,67.12,19.83,51.45,187.93,49.58,142.5,95.0,189.2,0.753
lepus_starcki,20.83,8.65,80.03,1441.8,26.78,15.97,10.81,21.92,19.75,24.62,17.05,1663.2,189.9,97.56,29.61,531.73,243.89,465.37,310.25,424.6,0.9854
lepus_timidus,-4.52,12.91,23.8,10641.6,25.32,-28.93,54.25,0.91,-9.94,14.47,-23.5,699.17,124.5,5.83,90.94,348.59,14.57,217.9,145.26,0.0,0.4944
lepus_tolai,3.1,11.57,27.57,8040.6,26.18,-15.79,41.97,7.3,-1.1,17.79,-11.59,819.02,131.05,18.02,73.6,366.93,45.04,247.18,164.79,51.2,0.6765
lepus_townsendii,3.06,11.54,27.11,8163.0,26.46,-16.09,42.55,7.31,-1.2,17.95,-11.83,843.59,135.7,17.98,74.42,379.95,44.96,254.94,169.96,0.0,0.6813
lepus_yarkandensis,6.41,10.93,29.24,7065.0,26.96,-10.4,37.36,10.15,2.68,19.49,-6.66,654.41,100.28,17.94,67.1,280.77,44.85,195.38,130.25,0.0,0.7042
lestodelphys_halli,5.59,11.13,29.33,7189.2,26.47,-11.48,37.95,9.39,1.8,18.88,-7.69,667.49,102.85,17.84,67.93,287.99,44.6,199.55,133.04,67.7,0.6889
lestoros_inca,19.19,8.79,57.15,2408.4,27.64,12.27,15.37,20.72,17.65,24.57,13.81,1253.97,151.59,66.82,36.06,424.47,167.05,354.91,236.61,223.8,0.9907
liberiictis_kuhni,23.35,7.99,84.45,1155.6,28.55,19.09,9.46,24.29,22.4,26.66,20.04,1809.27,202.98,109.0,27.7,568.36,272.51,504.52,336.35,172.4,0.9523
lichonycteris_obscura,26.04,7.58,88.35,57.6,30.76,22.18,8.58,26.9,25.18,29.04,23.03,2008.21,209.99,133.24,20.38,587.98,333.1,552.64,368.43,274.9,0.8993
limnogale_mergulus,14.13,9.82,45.16,3758.4,26.1,4.35,21.75,16.31,11.96,21.75,6.52,678.73,88.42,31.08,45.06,247.56,77.69,195.15,130.1,366.4,0.8753
liomys_adspersus,22.36,8.16,74.12,1485.0,28.42,17.41,11.01,23.47,21.26,26.22,18.51,1683.89,192.77,98.37,29.9,539.76,245.92,471.41,314.27,168.9,0.9672
liomys_irroratus,15.29,9.4,41.56,3940.2,27.72,5.12,22.61,17.55,13.03,23.2,7.38,664.12,87.35,29.74,46.27,244.58,74.34,191.36,127.57,103.1,0.8821
liomys_pictus,14.52,9.53,39.94,4206.6,27.64,3.78,23.86,16.9,12.13,22.87,6.17,596.88,79.61,25.84,48.04,222.91,64.61,172.51,115.01,96.7,0.8434
liomys_salvini,20.1,8.53,56.78,2334.6,28.37,13.34,15.02,21.61,18.6,25.36,14.85,1304.89,157.08,70.07,35.56,439.83,175.17,369.0,246.0,117.2,0.987
liomys_spectabilis,16.41,9.22,44.88,3502.8,27.71,7.16,20.54,18.46,14.35,23.6,9.22,799.12,102.68,37.72,43.35,287.5,94.31,229.09,152.73,136.7,0.9358
lionycteris_spurrelli,25.07,7.82,88.66,225.0,29.91,21.1,8.82,25.95,24.18,28.15,21.98,1989.51,210.35,130.15,21.5,588.98,325.37,548.61,365.74,345.6,0.9202
lissonycteris_angolensis,24.48,7.8,88.64,729.0,29.32,20.52,8.8,25.36,23.6,27.56,21.4,1931.31,210.96,120.93,24.86,590.67,302.33,535.8,357.2,199.3,0.9319
litocranius_walleri,23.47,8.19,89.12,532.8,28.52,19.33,9.19,24.39,22.55,26.68,20.25,1934.97,208.72,123.27,23.55,584.41,308.18,535.55,357.04,446.9,0.9504
lonchophylla_mordax,21.93,8.41,87.1,1197.0,27.24,17.58,9.65,22.89,20.96,25.31,18.55,1764.8,198.5,105.92,27.98,555.81,264.79,492.36,328.24,371.4,0.9733
lonchophylla_robusta,24.34,7.84,88.68,757.8,29.19,20.36,8.84,25.22,23.45,27.43,21.24,1923.09,210.44,120.11,25.05,589.24,300.28,533.71,355.81,207.6,0.9346
lonchophylla_thomasi,24.22,7.97,88.86,493.2,29.15,20.18,8.97,25.11,23.32,27.36,21.07,1956.23,210.47,125.06,23.29,589.33,312.64,541.18,360.79,350.5,0.9369
lonchorhina_aurita,24.46,7.9,88.77,486.0,29.35,20.45,8.9,25.35,23.57,27.57,21.34,1962.47,211.05,125.53,23.24,590.93,313.83,542.86,361.9,316.8,0.9324
lonchorhina_marinkellei,25.25,7.73,88.54,302.4,30.05,21.32,8.73,26.13,24.38,28.31,22.2,1992.33,211.72,129.47,22.02,592.81,323.69,549.9,366.6,280.5,0.9164
lonchorhina_orinocensis,24.08,7.94,88.81,705.6,28.99,20.06,8.94,24.97,23.18,27.21,20.95,1925.92,210.05,120.84,24.7,588.15,302.11,534.16,356.1,271.7,0.9395
lonchothrix_emiliae,23.18,8.21,89.14,709.2,28.25,19.04,9.21,24.1,22.26,26.41,19.96,1904.71,207.79,119.48,24.73,581.8,298.69,528.3,352.2,407.6,0.9553
lontra_canadensis,1.77,11.78,26.49,8568.0,26.22,-18.24,44.46,6.21,-2.68,17.33,-13.8,883.96,144.68,16.85,77.12,405.09,42.14,268.34,178.89,8.4,0.6595
lontra_longicaudis,23.16,8.07,88.72,1080.0,28.17,19.07,9.1,24.07,22.25,26.35,19.98,1825.33,203.83,110.74,27.2,570.72,276.84,508.54,339.02,236.7,0.9554
lontra_provocax,2.04,11.73,26.68,8463.6,26.22,-17.74,43.97,6.44,-2.36,17.43,-13.35,874.53,142.5,17.18,76.42,398.99,42.95,265.17,176.78,15.2,0.6638
lophiomys_imhausi,21.42,8.55,87.12,1231.2,26.82,17.01,9.81,22.4,20.44,24.86,17.99,1743.17,196.48,104.29,28.21,550.16,260.72,486.53,324.35,433.1,0.9795
lophocebus_albigena,26.06,7.58,88.35,50.0,30.78,22.2,8.58,26.92,25.2,29.06,23.05,2007.7,209.69,133.41,20.26,587.13,333.51,552.38,368.26,280.3,0.8989
lophocebus_aterrimus,25.25,7.73,88.55,297.0,30.05,21.32,8.73,26.12,24.37,28.3,22.19,1992.35,211.65,129.54,21.98,592.61,323.84,549.87,366.58,284.1,0.9164
lophostoma_brasiliense,25.84,7.66,88.46,50.0,30.6,21.94,8.66,26.7,24.97,28.87,22.8,2000.69,208.53,133.28,20.06,583.88,333.2,550.25,366.83,328.7,0.9037
lophostoma_carrikeri,24.88,7.85,88.7,293.4,29.75,20.9,8.85,25.76,24.0,27.98,21.78,1984.0,210.71,129.03,21.96,589.99,322.58,547.54,365.03,342.1,0.924
lophostoma_evotis,17.77,8.94,47.3,3153.6,28.16,9.27,18.89,19.66,15.88,24.38,11.16,940.2,118.53,46.21,41.02,331.88,115.52,268.44,178.96,91.6,0.9685
lophostoma_schulzi,23.96,8.07,88.98,444.6,28.95,19.88,9.07,24.87,23.05,27.14,20.79,1954.62,209.64,125.48,22.96,586.99,313.7,540.42,360.28,412.2,0.9418
lophostoma_silvicolum,22.53,8.29,89.24,1017.0,27.64,18.35,9.29,23.46,21.6,25.78,19.28,1826.68,203.18,111.46,26.78,568.91,278.65,508.53,339.02,363.5,0.9652
lophuromys_melanonyx,21.38,8.55,86.27,1252.8,26.84,16.92,9.92,22.37,20.39,24.85,17.91,1735.81,195.91,103.64,28.35,548.56,259.1,484.6,323.06,429.3,0.9799
lophuromys_nudicaudus,26.49,7.43,88.14,77.4,31.13,22.7,8.43,27.34,25.65,29.45,23.54,2019.68,211.47,133.78,20.52,592.11,334.44,555.93,370.62,195.4,0.8891
lophuromys_woosnami,24.62,7.92,88.79,307.8,29.53,20.61,8.92,25.52,23.73,27.75,21.5,1977.66,210.23,128.46,22.05,588.65,321.16,545.89,363.92,374.6,0.9292
lorentzimys_nouhuysi,21.56,8.51,86.7,1231.2,26.96,17.14,9.81,22.54,20.58,24.99,18.12,1746.32,196.84,104.48,28.21,551.15,261.19,487.4,324.94,412.1,0.9779
loris_lydekkerianus,19.35,8.71,55.51,2475.0,27.98,12.29,15.69,20.92,17.79,24.84,13.86,1231.16,149.41,65.15,36.5,418.34,162.87,348.73,232.48,166.7,0.9891
loris_tardigradus,23.16,8.02,82.38,1215.0,28.52,18.78,9.74,24.14,22.19,26.57,19.75,1788.05,201.34,107.13,28.1,563.76,267.84,498.96,332.64,173.2,0.9554
loxodonta_africana,21.96,8.26,73.05,1548.0,28.18,16.87,11.31,23.09,20.83,25.92,18.0,1652.77,189.93,95.97,30.32,531.8,239.93,463.04,308.69,201.3,0.9726
loxodonta_cyclotis,26.35,7.45,88.16,154.8,30.99,22.55,8.45,27.19,25.5,29.3,23.39,2018.68,212.45,132.84,21.03,594.86,332.11,556.18,370.79,181.5,0.8923
loxodontomys_micropus,4.3,11.32,27.93,7732.8,26.59,-13.93,40.52,8.36,0.25,18.49,-9.88,775.98,122.5,18.4,71.55,343.0,45.99,233.4,155.6,10.4,0.6944
lundomys_molitor,7.91,10.84,33.03,6100.2,25.95,-6.86,32.81,11.19,4.63,19.39,-3.57,473.54,69.39,15.52,60.67,194.28,38.8,139.85,93.23,223.6,0.6466
lutra_lutra,12.01,10.0,36.32,4984.2,27.16,-0.38,27.54,14.76,9.26,21.65,2.37,472.49,65.57,18.42,53.23,183.6,46.04,137.79,91.86,116.8,0.7362
lutra_sumatrana,24.83,7.78,88.61,518.4,29.66,20.88,8.78,25.71,23.95,27.9,21.76,1967.9,212.07,125.53,23.46,593.81,313.81,544.57,363.05,244.2,0.925
lutreolina_crassicaudata,17.82,9.14,56.35,2586.6,26.74,10.53,16.21,19.45,16.2,23.5,12.15,1151.52,140.63,60.22,37.24,393.78,150.55,326.6,217.73,349.6,0.9885
lutrogale_perspicillata,20.55,8.47,60.07,2138.4,28.31,14.21,14.1,21.96,19.14,25.49,15.62,1394.32,165.95,76.39,34.26,464.65,190.98,393.38,262.25,140.5,0.9854
lycalopex_culpaeus,12.45,9.94,37.23,4804.2,27.13,0.44,26.69,15.12,9.78,21.79,3.11,487.8,67.09,19.5,52.03,187.84,48.75,141.96,94.64,133.4,0.7533
lycalopex_gymnocercus,11.84,10.15,38.56,4728.6,26.32,-0.01,26.33,14.48,9.21,21.06,2.63,477.7,65.45,19.3,51.52,183.25,48.24,138.9,92.6,262.8,0.7362
lycalopex_sechurae,22.35,8.17,74.87,1465.2,28.36,17.44,10.92,23.44,21.26,26.17,18.53,1690.31,193.27,98.93,29.77,541.16,247.32,473.09,315.39,180.4,0.9674
lycalopex_vetulus,17.34,9.27,56.62,2620.8,26.34,9.97,16.38,18.98,15.7,23.07,11.61,1126.85,137.89,58.72,37.47,386.09,146.79,319.73,213.15,408.3,0.9864
lycaon_pictus,24.83,7.79,88.62,493.2,29.66,20.87,8.79,25.71,23.95,27.9,21.75,1970.34,211.99,125.96,23.29,593.58,314.89,545.08,363.39,256.4,0.925
lyncodon_patagonicus,6.17,11.02,29.74,7003.8,26.56,-10.52,37.07,9.88,2.46,19.14,-6.81,633.15,96.75,17.57,66.69,270.89,43.94,188.9,125.93,66.4,0.6887
lynx_canadensis,-1.6,12.38,24.89,9687.6,25.76,-23.99,49.75,3.37,-6.58,15.81,-19.01,859.42,147.34,11.04,84.58,412.55,27.6,264.09,176.06,0.0,0.586
lynx_lynx,1.08,11.89,26.08,8811.0,26.16,-19.45,45.61,5.64,-3.48,17.04,-14.89,897.93,148.48,15.91,78.74,415.73,39.77,273.3,182.2,0.0,0.6467
lynx_pardinus,6.03,10.99,28.97,7189.2,26.9,-11.04,37.95,9.83,2.24,19.32,-7.25,677.64,104.42,18.11,67.93,292.37,45.28,202.59,135.06,0.0,0.7042
lynx_rufus,7.24,10.78,29.86,6795.0,27.09,-9.0,36.09,10.85,3.63,19.87,-5.39,605.76,91.68,17.52,65.3,256.72,43.79,180.31,120.2,0.0,0.7028
macaca_arctoides,17.63,9.0,48.44,3088.8,27.85,9.26,18.59,19.49,15.77,24.13,11.12,959.23,120.5,47.49,40.59,337.39,118.72,273.66,182.44,143.6,0.971
macaca_assamensis,14.88,9.45,40.09,4141.8,27.83,4.27,23.56,17.23,12.52,23.12,6.63,615.91,81.87,26.89,47.61,229.24,67.22,177.88,118.59,72.2,0.8566
macaca_cyclopis,13.02,9.95,40.92,4303.8,26.4,2.08,24.32,15.45,10.59,21.53,4.51,547.67,73.42,23.42,48.69,205.57,58.54,158.46,105.64,281.3,0.7971
macaca_fascicularis,23.89,7.98,88.86,743.4,28.83,19.85,8.98,24.78,22.99,27.03,20.74,1915.25,209.39,119.77,24.96,586.3,299.43,531.44,354.29,283.3,0.943
macaca_fuscata,6.61,11.1,32.17,6458.4,25.59,-8.91,34.5,10.06,3.16,18.69,-5.46,513.66,76.54,15.81,63.06,214.32,39.53,152.31,101.54,254.4,0.6379
macaca_maura,22.86,8.24,89.17,896.4,27.94,18.71,9.24,23.79,21.94,26.09,19.63,1862.09,205.56,114.87,25.98,575.57,287.16,517.64,345.09,369.0,0.9603
macaca_mulatta,13.86,9.62,37.99,4512.6,27.78,2.47,25.31,16.39,11.33,22.72,5.0,541.62,73.39,22.53,50.08,205.5,56.32,157.09,104.73,54.3,0.8061
macaca_nemestrina,24.69,7.81,88.65,547.2,29.53,20.72,8.81,25.57,23.81,27.77,21.6,1961.55,211.78,124.81,23.65,592.99,312.02,543.0,362.0,252.4,0.9278
macaca_nigra,24.78,7.92,88.79,181.8,29.69,20.77,8.92,25.67,23.89,27.9,21.66,1982.92,209.06,130.19,21.21,585.36,325.48,546.51,364.34,409.6,0.9261
macaca_ochreata,22.89,8.25,89.19,846.0,27.97,18.72,9.25,23.81,21.96,26.12,19.65,1873.08,206.12,116.07,25.64,577.13,290.17,520.38,346.92,389.1,0.9598
macaca_pagensis,25.33,7.64,88.42,482.4,30.08,21.45,8.64,26.2,24.47,28.36,22.31,1983.04,213.21,126.89,23.22,596.99,317.22,548.52,365.68,183.6,0.9147
macaca_radiata,18.9,8.79,53.59,2626.2,27.92,11.52,16.4,20.54,17.26,24.64,13.16,1160.78,142.08,60.45,37.51,397.83,151.12,329.37,219.58,165.5,0.9877
macaca_silenus,19.57,8.68,57.06,2374.2,27.94,12.73,15.21,21.09,18.05,24.89,14.25,1276.61,154.03,68.27,35.83,431.28,170.67,361.17,240.78,180.7,0.9896
macaca_sinica,22.58,8.12,75.98,1416.6,28.46,17.77,10.69,23.65,21.51,26.32,18.84,1711.92,195.17,100.66,29.44,546.47,251.64,478.86,319.24,167.5,0.9642
macaca_sylvanus,9.18,10.42,31.5,6157.8,27.38,-5.7,33.08,12.49,5.88,20.76,-2.39,513.21,75.41,16.66,61.05,211.14,41.64,151.67,101.11,0.0,0.7006
macaca_thibetana,11.55,10.1,35.9,5108.4,27.02,-1.11,28.12,14.36,8.74,21.39,1.71,461.86,64.5,17.68,54.06,180.59,44.21,134.88,89.92,129.4,0.7211
macaca_tonkeana,24.9,7.88,88.74,198.0,29.78,20.9,8.88,25.78,24.01,28.0,21.79,1985.63,209.57,130.19,21.32,586.79,325.48,547.36,364.91,384.5,0.9236
macroderma_gigas,15.78,9.54,50.32,3168.0,26.21,7.25,18.96,17.68,13.89,22.42,9.15,889.54,112.23,43.65,41.12,314.24,109.12,254.02,169.34,390.1,0.9517
macrogalidia_musschenbroekii,24.97,7.87,88.73,153.0,29.85,20.97,8.87,25.86,24.08,28.07,21.86,1986.83,209.07,130.77,21.02,585.4,326.92,547.39,364.93,394.5,0.9222
macroglossus_minimus,24.46,8.0,88.89,230.4,29.41,20.41,9.0,25.36,23.56,27.61,21.31,1975.57,208.95,129.18,21.54,585.06,322.94,544.8,363.2,435.8,0.9324
macroglossus_sobrinus,21.52,8.33,68.45,1729.8,28.21,16.04,12.17,22.74,20.3,25.78,17.26,1576.46,183.15,89.95,31.53,512.82,224.87,442.62,295.08,183.9,0.9776
macrophyllum_macrophyllum,22.95,8.19,89.12,946.8,28.01,18.82,9.19,23.87,22.03,26.17,19.74,1853.04,205.21,113.79,26.31,574.59,284.47,515.44,343.62,331.4,0.9589
macropus_agilis,17.06,9.32,55.25,2725.2,26.33,9.46,16.87,18.74,15.37,22.96,11.15,1079.72,132.9,55.63,38.17,372.13,139.09,306.73,204.49,402.8,0.9823
macropus_antilopinus,17.5,9.24,57.4,2563.2,26.36,10.26,16.1,19.11,15.89,23.14,11.87,1153.38,140.67,60.47,37.09,393.89,151.17,327.03,218.02,409.8,0.9883
macropus_bernardus,18.05,9.15,60.14,2374.2,26.42,11.21,15.21,19.57,16.53,23.38,12.73,1241.55,149.8,66.39,35.83,419.44,165.99,351.25,234.17,414.4,0.9927
macropus_dorsalis,12.28,10.08,39.41,4568.4,26.35,0.78,25.57,14.84,9.73,21.23,3.33,499.93,67.94,20.64,50.46,190.22,51.6,145.09,96.73,270.2,0.7575
macropus_eugenii,8.62,10.73,34.16,5805.0,25.89,-5.52,31.41,11.76,5.48,19.61,-2.38,444.91,64.28,15.31,58.7,179.99,38.28,130.96,87.31,253.1,0.6463
macropus_fuliginosus,8.33,10.8,34.16,5850.0,25.72,-5.9,31.62,11.49,5.17,19.4,-2.74,444.34,64.34,15.18,59.0,180.14,37.95,130.86,87.24,276.0,0.639
macropus_giganteus,10.73,10.36,37.01,5079.6,26.13,-1.86,27.99,13.53,7.94,20.53,0.94,442.79,61.74,17.02,53.86,172.88,42.56,129.27,86.18,268.3,0.6928
macropus_irma,9.38,10.55,34.28,5670.0,26.3,-4.47,30.77,12.46,6.3,20.15,-1.39,446.28,64.06,15.69,57.8,179.37,39.24,131.16,87.44,199.4,0.6651
macropus_parma,9.36,10.55,34.28,5673.6,26.29,-4.5,30.79,12.44,6.28,20.13,-1.42,446.17,64.06,15.68,57.82,179.35,39.2,131.13,87.42,201.1,0.6646
macropus_parryi,12.97,9.96,40.72,4332.6,26.42,1.96,24.46,15.41,10.52,21.53,4.41,542.45,72.83,23.11,48.88,203.91,57.77,157.01,104.67,275.8,0.7934
macropus_robustus,12.58,10.09,41.41,4311.0,25.98,1.62,24.36,15.02,10.14,21.11,4.05,536.46,71.94,22.92,48.74,201.44,57.29,155.24,103.49,345.8,0.7836
macropus_rufogriseus,8.61,10.71,33.87,5851.8,26.01,-5.62,31.63,11.78,5.45,19.69,-2.46,451.1,65.32,15.41,59.01,182.9,38.52,132.85,88.57,231.7,0.6499
macropus_rufus,11.28,10.3,38.75,4784.4,25.91,-0.69,26.59,13.94,8.62,20.59,1.97,461.67,63.43,18.51,51.9,177.6,46.27,134.32,89.55,323.2,0.7157
macroscelides_proboscideus,12.6,9.92,37.72,4723.2,27.06,0.76,26.3,15.23,9.97,21.8,3.39,495.39,67.85,20.03,51.49,189.99,50.07,144.03,96.02,149.6,0.7604
macrotarsomys_bastardi,14.27,9.8,45.6,3704.4,26.09,4.6,21.49,16.42,12.12,21.79,6.75,695.26,90.31,32.04,44.7,252.87,80.11,199.78,133.19,371.0,0.8834
macrotarsomys_ingens,16.42,9.43,52.66,2944.8,26.27,8.37,17.91,18.21,14.63,22.69,10.16,982.72,122.46,49.44,39.63,342.9,123.59,279.9,186.6,396.7,0.9699
macrotis_lagotis,13.55,9.91,43.41,3988.8,26.11,3.27,22.84,15.83,11.27,21.54,5.56,613.94,80.96,27.32,46.59,226.68,68.31,177.0,118.0,348.1,0.839
macrotus_californicus,10.67,10.27,35.06,5356.8,26.78,-2.51,29.3,13.6,7.74,20.92,0.42,450.02,63.62,16.61,55.71,178.13,41.52,131.79,87.86,148.0,0.696
macrotus_waterhousii,13.55,9.66,37.17,4654.8,27.84,1.86,25.98,16.15,10.95,22.64,4.45,521.97,71.25,21.3,51.03,199.49,53.25,151.64,101.09,35.3,0.7907
macruromys_major,22.03,8.43,89.39,1060.2,27.22,17.79,9.43,22.97,21.09,25.33,18.73,1804.35,201.24,109.66,27.07,563.46,274.16,502.57,335.05,420.0,0.9721
madoqua_guentheri,22.75,8.31,89.26,781.2,27.87,18.56,9.31,23.68,21.82,26.01,19.49,1882.36,206.29,117.32,25.21,577.62,293.3,522.55,348.37,440.3,0.962
madoqua_kirkii,21.94,8.41,87.67,1184.4,27.21,17.62,9.59,22.89,20.98,25.29,18.58,1768.55,198.77,106.27,27.9,556.56,265.67,493.33,328.89,376.3,0.9732
madoqua_piacentinii,22.84,8.3,89.25,743.4,27.95,18.65,9.3,23.77,21.91,26.09,19.58,1891.06,206.75,118.26,24.96,578.89,295.65,524.73,349.82,444.6,0.9607
madoqua_saltiana,19.83,8.84,71.82,1758.6,26.6,14.29,12.3,21.06,18.6,24.14,15.52,1526.65,177.67,86.86,31.72,497.48,217.15,428.78,285.85,430.2,0.9924
makalata_didelphoides,24.23,7.99,88.87,453.6,29.17,20.18,8.99,25.12,23.33,27.37,21.08,1959.98,210.34,125.73,23.02,588.95,314.31,541.96,361.3,367.4,0.9368
makalata_grandis,24.01,8.06,88.96,435.6,28.99,19.93,9.06,24.91,23.1,27.18,20.83,1956.33,209.7,125.69,22.9,587.17,314.22,540.83,360.55,409.7,0.9409
makalata_macrura,21.3,8.4,69.54,1711.8,27.95,15.86,12.08,22.51,20.09,25.53,17.07,1578.16,183.15,90.2,31.41,512.83,225.51,443.0,295.33,225.8,0.9801
makalata_rhipidura,24.33,7.86,88.71,700.2,29.21,20.35,8.86,25.22,23.45,27.43,21.23,1932.66,210.72,121.33,24.67,590.01,303.32,535.99,357.33,235.0,0.9348
malacomys_edwardsi,23.24,7.98,80.65,1249.2,28.69,18.79,9.9,24.23,22.25,26.71,19.78,1779.8,200.84,106.3,28.33,562.34,265.75,496.86,331.24,144.9,0.954
malacomys_longipes,25.86,7.55,88.31,279.0,30.56,22.01,8.55,26.71,25.0,28.85,22.87,2006.98,212.95,130.69,21.86,596.26,326.72,553.79,369.19,198.3,0.9033
malacothrix_typica,15.03,9.52,43.19,3821.4,27.15,5.11,22.05,17.23,12.82,22.74,7.31,684.35,89.45,31.09,45.48,250.45,77.74,196.91,131.27,199.5,0.8877
mallomys_aroaensis,22.13,8.42,89.38,1013.4,27.31,17.89,9.42,23.07,21.19,25.42,18.83,1818.31,202.2,110.98,26.76,566.17,277.46,506.18,337.45,426.9,0.9708
mallomys_gunung,22.98,8.27,89.22,700.2,28.08,18.81,9.27,23.91,22.05,26.23,19.74,1901.48,207.32,119.37,24.67,580.49,298.42,527.35,351.56,442.9,0.9585
mallomys_istapantap,21.78,8.48,89.45,1137.6,26.99,17.51,9.48,22.72,20.83,25.09,18.46,1777.93,199.25,107.29,27.58,557.89,268.23,495.67,330.45,422.9,0.9753
mallomys_rothschildi,21.82,8.47,89.44,1112.4,27.03,17.56,9.47,22.77,20.88,25.14,18.51,1785.86,199.82,108.02,27.42,559.5,270.05,497.73,331.82,427.4,0.9748
mammelomys_lanosus,22.66,8.33,89.28,819.0,27.79,18.46,9.33,23.59,21.73,25.93,19.4,1873.19,205.78,116.36,25.46,576.18,290.89,520.24,346.83,436.4,0.9634
mammelomys_rattoides,22.7,8.32,89.27,817.2,27.83,18.51,9.32,23.63,21.77,25.96,19.44,1874.49,205.9,116.46,25.45,576.51,291.14,520.59,347.06,430.9,0.9628
mandrillus_leucophaeus,23.98,7.88,88.73,937.8,28.86,19.99,8.88,24.87,23.09,27.09,20.88,1878.83,207.95,115.47,26.25,582.25,288.67,522.55,348.37,177.4,0.9413
mandrillus_sphinx,26.33,7.46,88.18,136.8,30.98,22.52,8.46,27.17,25.48,29.29,23.36,2017.82,212.11,132.99,20.91,593.9,332.47,555.82,370.55,193.2,0.8928
manis_crassicaudata,16.46,9.2,44.57,3522.6,27.81,7.17,20.63,18.52,14.39,23.68,9.23,794.57,102.21,37.42,43.48,286.18,93.55,227.84,151.89,120.0,0.9349
manis_gigantea,25.19,7.66,88.45,541.8,29.95,21.29,8.66,26.05,24.32,28.22,22.16,1973.65,213.01,125.64,23.61,596.44,314.09,546.32,364.21,178.3,0.9177
manis_javanica,23.02,8.1,86.47,1135.8,28.17,18.8,9.36,23.95,22.08,26.29,19.74,1807.07,202.49,109.07,27.57,566.97,272.67,503.78,335.86,232.8,0.9577
manis_pentadactyla,13.77,9.68,38.9,4422.6,27.45,2.57,24.88,16.25,11.28,22.47,5.06,549.36,74.1,23.13,49.48,207.47,57.82,159.17,106.12,111.0,0.8091
manis_temminckii,22.42,8.29,89.06,1123.2,27.53,18.23,9.3,23.35,21.48,25.67,19.16,1796.63,201.16,108.56,27.49,563.25,271.41,500.8,333.87,331.2,0.9667
manis_tetradactyla,26.1,7.49,88.22,255.6,30.76,22.28,8.49,26.95,25.25,29.07,23.13,2012.94,213.25,131.34,21.7,597.11,328.34,555.27,370.18,172.7,0.898
manis_tricuspis,26.69,7.39,88.08,50.0,31.3,22.92,8.39,27.53,25.85,29.63,23.75,2022.41,211.25,134.36,20.28,591.5,335.91,556.44,370.96,182.0,0.8845
marmosa_andersoni,19.19,8.78,56.65,2433.6,27.71,12.22,15.49,20.74,17.64,24.61,13.76,1243.87,150.59,66.11,36.22,421.66,165.27,352.16,234.77,211.9,0.9903
marmosa_lepida,23.0,8.16,89.09,973.8,28.04,18.88,9.16,23.92,22.08,26.21,19.79,1847.9,204.99,113.2,26.49,573.96,282.99,514.17,342.78,311.5,0.9581
marmosa_mexicana,18.79,8.76,50.92,2795.4,28.25,11.05,17.2,20.51,17.07,24.81,12.77,1092.89,135.06,55.89,38.64,378.16,139.72,310.73,207.15,103.1,0.9837
marmosa_murina,22.17,8.39,89.35,1058.4,27.34,17.95,9.39,23.11,21.24,25.46,18.89,1808.11,201.63,109.91,27.06,564.58,274.77,503.61,335.74,398.8,0.9703
marmosa_robinsoni,22.71,8.13,80.99,1279.8,28.24,18.19,10.04,23.72,21.71,26.23,19.2,1758.37,198.79,104.72,28.53,556.62,261.81,491.05,327.37,211.8,0.9624
marmosa_rubra,24.32,7.85,88.7,741.6,29.19,20.34,8.85,25.21,23.44,27.42,21.23,1925.65,210.51,120.44,24.94,589.42,301.11,534.31,356.21,216.9,0.935
marmosa_tyleriana,23.76,8.04,88.94,684.0,28.73,19.69,9.04,24.67,22.86,26.93,20.6,1922.02,209.34,120.83,24.56,586.15,302.08,532.94,355.29,330.5,0.9453
marmosa_xerophila,20.32,8.6,64.11,1992.6,27.7,14.29,13.41,21.66,18.98,25.01,15.63,1447.22,170.78,80.46,33.28,478.18,201.15,407.6,271.73,244.6,0.9881
marmosops_cracens,20.26,8.62,64.61,1978.2,27.6,14.26,13.34,21.6,18.93,24.93,15.59,1451.55,171.14,80.82,33.19,479.2,202.04,408.75,272.5,260.5,0.9886
marmosops_dorothea,17.04,9.23,51.1,2977.2,26.97,8.91,18.06,18.84,15.23,23.36,10.72,985.17,122.99,49.38,39.85,344.37,123.46,280.7,187.13,286.8,0.973
marmosops_fuscatus,21.53,8.42,76.06,1495.8,27.62,16.55,11.06,22.64,20.42,25.4,17.66,1660.94,190.27,96.93,29.97,532.75,242.32,465.04,310.03,292.2,0.9779
marmosops_handleyi,22.73,8.13,81.03,1278.0,28.25,18.21,10.04,23.73,21.72,26.24,19.21,1759.23,198.87,104.79,28.52,556.83,261.98,491.28,327.52,210.6,0.9621
marmosops_impavidus,25.82,7.6,88.37,185.4,30.55,21.95,8.6,26.68,24.96,28.83,22.81,2006.89,211.63,131.73,21.24,592.58,329.31,553.13,368.76,248.3,0.9042
marmosops_invictus,22.39,8.16,74.51,1472.4,28.41,17.46,10.95,23.48,21.29,26.22,18.55,1688.68,193.17,98.77,29.82,540.88,246.91,472.68,315.12,171.5,0.9668
marmosops_noctivagus,21.88,8.35,79.26,1384.2,27.67,17.14,10.54,22.93,20.83,25.57,18.19,1706.28,194.14,100.63,29.23,543.59,251.58,477.1,318.07,291.0,0.9738
marmota_caligata,-4.61,13.05,24.64,10364.4,24.51,-28.43,52.94,0.69,-9.9,13.92,-23.14,731.97,128.93,6.65,89.1,361.0,16.63,226.58,151.05,144.1,0.5048
marmota_caudata,6.98,10.86,30.12,6786.0,26.81,-9.24,36.05,10.59,3.38,19.6,-5.63,597.7,90.43,17.31,65.24,253.19,43.28,177.89,118.59,43.4,0.6924
marmota_flaviventris,4.2,11.37,28.23,7680.6,26.35,-13.92,40.27,8.22,0.17,18.29,-9.9,760.75,119.82,18.26,71.2,335.5,45.64,228.68,152.46,51.3,0.6874
marmota_marmota,2.62,11.62,26.87,8307.0,26.39,-16.83,43.23,6.94,-1.71,17.75,-12.51,861.07,139.37,17.67,75.38,390.23,44.17,260.64,173.76,0.0,0.6746
marmota_monax,1.23,11.87,26.15,8762.4,26.18,-19.19,45.38,5.76,-3.31,17.11,-14.66,896.18,147.89,16.12,78.42,414.08,40.3,272.63,181.75,0.0,0.6497
marmota_olympus,0.91,12.04,27.04,8578.8,25.39,-19.12,44.51,5.36,-3.54,16.49,-14.67,865.67,141.75,16.45,77.19,396.89,41.13,262.82,175.21,135.5,0.637
marmota_vancouverensis,0.19,12.17,26.68,8811.0,25.28,-20.33,45.61,4.75,-4.37,16.15,-15.77,877.49,145.1,15.55,78.74,406.27,38.87,267.08,178.06,136.2,0.6241
martes_americana,-1.07,12.29,25.11,9513.0,25.84,-23.08,48.92,3.82,-5.96,16.06,-18.19,877.28,149.34,12.12,83.42,418.15,30.3,269.07,179.38,0.0,0.5993
martes_flavigula,15.72,9.35,43.28,3726.0,27.6,6.0,21.59,17.88,13.56,23.28,8.16,723.28,94.06,33.25,44.84,263.36,83.12,207.88,138.59,137.9,0.9082
martes_foina,4.6,11.42,29.92,7232.4,25.59,-12.56,38.15,8.42,0.79,17.96,-8.75,655.84,101.26,17.37,68.22,283.52,43.43,196.17,130.78,199.5,0.6592
martes_gwatkinsii,21.34,8.37,67.48,1778.4,28.16,15.76,12.4,22.58,20.1,25.68,17.0,1553.92,181.06,88.24,31.86,506.96,220.61,436.54,291.03,189.0,0.9794
martes_martes,-2.23,12.61,25.55,9603.0,24.91,-24.43,49.35,2.71,-7.16,15.04,-19.5,848.21,144.92,11.3,84.02,405.78,28.24,260.41,173.61,136.3,0.5727
martes_melampus,6.42,11.13,31.96,6526.8,25.57,-9.25,34.82,9.9,2.94,18.61,-5.76,524.28,78.37,15.94,63.51,219.45,39.85,155.58,103.72,251.4,0.6391
martes_pennanti,1.19,11.87,26.14,8773.2,26.18,-19.25,45.43,5.74,-3.35,17.09,-14.71,896.61,148.02,16.07,78.49,414.46,40.18,272.79,181.86,0.0,0.6489
martes_zibellina,-2.95,12.67,24.68,10024.2,25.28,-26.06,51.34,2.18,-8.09,15.01,-20.92,805.52,139.98,8.84,86.83,391.95,22.1,248.43,165.62,50.0,0.5508
massoutiera_mzabi,13.35,9.72,37.46,4647.6,27.62,1.68,25.95,15.95,10.76,22.43,4.27,517.98,70.67,21.16,50.98,197.89,52.89,150.47,100.31,68.9,0.7855
mastacomys_fuscus,5.99,11.16,30.92,6796.8,25.84,-10.26,36.1,9.6,2.38,18.62,-6.65,577.34,87.39,16.69,65.31,244.69,41.72,171.85,114.57,191.6,0.6571
mastomys_coucha,12.33,10.02,38.29,4692.6,26.72,0.56,26.16,14.94,9.71,21.48,3.17,491.17,67.17,19.94,51.28,188.07,49.85,142.75,95.17,205.1,0.7532
mastomys_erythroleucus,16.71,9.15,45.03,3454.2,27.88,7.57,20.31,18.74,14.68,23.82,9.6,820.14,105.1,38.94,43.03,294.29,97.34,234.98,156.65,113.7,0.9426
mastomys_natalensis,21.46,8.34,68.0,1749.6,28.21,15.95,12.26,22.69,20.24,25.76,17.17,1567.73,182.35,89.28,31.66,510.59,223.19,440.27,293.51,183.1,0.9782
mastomys_shortridgei,16.67,9.24,47.73,3250.8,27.31,7.96,19.35,18.61,14.74,23.44,9.9,882.53,111.85,42.9,41.67,313.19,107.24,252.26,168.17,214.8,0.9558
maxomys_alticola,22.63,8.25,89.19,1044.0,27.72,18.47,9.25,23.56,21.71,25.87,19.4,1822.39,203.05,110.92,26.96,568.53,277.31,507.5,338.33,334.7,0.9637
maxomys_baeodon,23.24,8.14,89.06,846.0,28.27,19.13,9.14,24.16,22.33,26.44,20.04,1881.32,207.02,116.58,25.64,579.67,291.45,522.67,348.45,334.1,0.9542
maxomys_bartelsii,22.59,8.18,82.53,1252.8,28.04,18.12,9.92,23.58,21.59,26.06,19.12,1763.61,199.05,105.3,28.35,557.35,263.25,492.36,328.24,244.0,0.9642
maxomys_inas,24.25,7.84,88.69,817.2,29.11,20.28,8.84,25.14,23.37,27.35,21.16,1910.3,209.83,118.68,25.45,587.52,296.7,530.54,353.69,192.2,0.9363
maxomys_ochraceiventer,23.91,8.01,88.91,637.2,28.86,19.85,9.01,24.81,23.0,27.06,20.75,1932.22,209.82,121.97,24.25,587.5,304.94,535.46,356.98,330.3,0.9427
maxomys_panglima,20.24,8.69,69.24,1810.8,27.15,14.6,12.55,21.5,18.99,24.64,15.85,1516.35,177.02,85.84,32.07,495.66,214.59,426.15,284.1,341.9,0.9895
maxomys_rajah,26.04,7.56,88.31,117.0,30.75,22.19,8.56,26.9,25.19,29.04,23.05,2010.79,211.09,132.75,20.78,591.05,331.86,553.75,369.17,245.9,0.8993
maxomys_surifer,23.03,8.1,86.61,1132.2,28.17,18.82,9.35,23.96,22.09,26.3,19.75,1808.25,202.58,109.18,27.55,567.22,272.94,504.09,336.06,233.1,0.9575
maxomys_whiteheadi,25.84,7.59,88.36,183.6,30.57,21.97,8.59,26.7,24.98,28.85,22.83,2007.38,211.66,131.78,21.22,592.65,329.45,553.26,368.84,245.7,0.9037
mazama_americana,20.07,8.76,70.73,1774.8,26.88,14.5,12.38,21.31,18.83,24.41,15.74,1526.1,177.78,86.69,31.83,497.78,216.73,428.71,285.8,385.3,0.9908
mazama_bricenii,23.04,8.1,87.52,1112.4,28.13,18.88,9.25,23.96,22.11,26.28,19.8,1813.94,202.97,109.72,27.42,568.3,274.3,505.56,337.04,240.2,0.9574
mazama_chunyi,18.64,8.89,55.17,2566.8,27.5,11.38,16.12,20.25,17.02,24.28,12.99,1178.09,143.72,61.74,37.11,402.41,154.35,334.05,222.7,233.9,0.9893
mazama_gouazoubira,19.56,8.84,66.67,1962.0,26.85,13.59,13.27,20.88,18.23,24.2,14.91,1441.63,169.81,80.39,33.08,475.47,200.99,405.88,270.58,376.9,0.9931
mazama_nana,12.18,10.15,40.47,4464.0,25.98,0.9,25.08,14.69,9.67,20.96,3.4,508.1,68.68,21.27,49.76,192.3,53.18,147.29,98.19,334.9,0.7605
mazama_rufina,26.47,7.44,88.15,77.4,31.11,22.67,8.44,27.31,25.62,29.42,23.51,2019.1,211.41,133.74,20.52,591.94,334.35,555.77,370.52,199.2,0.8896
megadendromus_nikolausi,21.58,8.52,88.81,1184.4,26.86,17.27,9.59,22.54,20.62,24.94,18.22,1760.41,197.86,105.78,27.9,553.99,264.44,491.06,327.37,430.6,0.9777
megaderma_lyra,17.49,8.99,46.54,3241.8,28.11,8.8,19.31,19.42,15.56,24.25,10.74,904.45,114.58,44.01,41.61,320.81,110.02,258.5,172.33,92.5,0.9624
megaderma_spasma,21.59,8.3,67.52,1755.0,28.35,16.06,12.29,22.82,20.36,25.89,17.29,1568.63,182.52,89.28,31.7,511.05,223.2,440.55,293.7,161.0,0.9767
megadontomys_thomasi,17.49,9.01,47.4,3178.8,27.95,8.93,19.01,19.39,15.59,24.14,10.84,925.24,116.8,45.34,41.19,327.05,113.36,264.25,176.16,122.8,0.9658
megaerops_ecaudatus,22.76,8.15,83.81,1211.4,28.11,18.39,9.72,23.73,21.79,26.16,19.36,1779.82,200.37,106.68,28.08,561.04,266.69,496.64,331.09,236.7,0.9617
megaerops_niphanae,16.3,9.21,43.74,3612.6,27.88,6.82,21.06,18.41,14.19,23.67,8.93,766.08,99.02,35.7,44.08,277.25,89.24,219.9,146.6,101.8,0.9259
megaerops_wetmorei,23.27,8.11,89.02,901.8,28.28,19.18,9.11,24.18,22.36,26.46,20.09,1870.43,206.55,115.32,26.01,578.34,288.31,519.99,346.66,303.1,0.9537
megaloglossus_woermanni,26.15,7.49,88.22,201.6,30.82,22.33,8.49,27.0,25.31,29.13,23.18,2014.69,212.68,132.06,21.34,595.52,330.14,555.39,370.26,189.1,0.8969
megasorex_gigas,16.98,9.11,46.18,3330.0,27.83,8.11,19.73,18.96,15.01,23.89,10.08,864.4,110.03,41.64,42.2,308.09,104.09,247.31,164.87,129.4,0.9535
melanomys_caliginosus,23.38,7.99,86.06,1119.6,28.48,19.2,9.29,24.3,22.45,26.63,20.12,1819.76,203.71,110.0,27.46,570.38,275.0,507.22,338.15,185.2,0.9518
melanomys_robustulus,24.56,7.78,88.61,727.2,29.39,20.61,8.78,25.44,23.68,27.63,21.49,1933.53,211.17,121.09,24.85,591.29,302.73,536.41,357.6,187.3,0.9304
melanomys_zunigae,21.53,8.33,68.68,1720.8,28.2,16.08,12.13,22.75,20.32,25.78,17.29,1580.17,183.48,90.24,31.47,513.75,225.59,443.61,295.74,185.8,0.9775
mellivora_capensis,23.05,8.24,89.17,743.4,28.13,18.89,9.24,23.97,22.13,26.28,19.82,1895.93,207.28,118.57,24.96,580.39,296.41,526.08,350.72,412.1,0.9573
melogale_moschata,12.94,9.85,38.02,4638.6,27.19,1.29,25.9,15.53,10.35,22.01,3.88,509.27,69.45,20.83,50.92,194.47,52.07,147.92,98.62,135.7,0.7741
melogale_personata,17.28,9.04,46.44,3274.2,27.99,8.53,19.46,19.23,15.34,24.1,10.47,889.1,112.83,43.1,41.83,315.92,107.75,254.21,169.47,109.5,0.9592
melomys_bougainville,22.59,8.24,88.76,1117.8,27.69,18.41,9.28,23.51,21.66,25.83,19.34,1802.02,201.7,108.94,27.45,564.76,272.36,502.27,334.85,307.5,0.9643
melomys_burtoni,13.54,9.92,43.57,3974.4,26.07,3.3,22.77,15.82,11.27,21.51,5.57,616.7,81.26,27.5,46.5,227.53,68.74,177.76,118.51,355.9,0.8402
melomys_capensis,18.57,9.04,62.04,2239.2,26.58,12.01,14.57,20.02,17.11,23.67,13.47,1307.88,156.57,70.92,34.93,438.41,177.3,369.43,246.29,398.7,0.9942
melomys_cervinipes,14.04,9.78,43.24,3942.0,26.48,3.86,22.61,16.3,11.78,21.95,6.12,634.86,83.51,28.42,46.28,233.83,71.05,182.93,121.95,294.8,0.8555
melomys_leucogaster,21.25,8.57,83.4,1328.4,26.9,16.62,10.27,22.27,20.22,24.84,17.65,1709.49,193.84,101.35,28.86,542.76,253.38,477.68,318.45,414.6,0.9813
melomys_obiensis,24.4,8.01,88.9,261.0,29.36,20.35,9.01,25.3,23.5,27.55,21.25,1973.75,209.18,128.72,21.74,585.7,321.8,544.5,363.0,430.8,0.9335
melomys_rubicola,20.34,8.72,74.18,1643.4,26.81,15.05,11.76,21.52,19.17,24.46,16.23,1581.26,182.76,90.98,30.96,511.73,227.45,443.51,295.67,405.4,0.9892
melomys_rufescens,22.27,8.39,89.35,963.0,27.44,18.05,9.39,23.21,21.33,25.56,18.99,1833.67,203.27,112.43,26.42,569.15,281.09,510.14,340.1,428.2,0.9689
melonycteris_melanops,23.21,8.17,89.1,779.4,28.25,19.08,9.17,24.13,22.29,26.42,20.0,1893.25,207.46,118.02,25.2,580.89,295.05,525.56,350.38,370.7,0.9547
melonycteris_woodfordi,22.2,8.29,82.56,1279.8,27.73,17.68,10.04,23.21,21.2,25.72,18.69,1746.61,197.46,104.02,28.53,552.89,260.06,487.77,325.18,290.2,0.9697
melursus_ursinus,17.34,9.02,46.2,3285.0,28.08,8.56,19.51,19.3,15.39,24.17,10.51,887.01,112.63,42.95,41.9,315.37,107.37,253.64,169.09,95.2,0.959
mephitis_macroura,14.51,9.52,39.58,4244.4,27.74,3.69,24.04,16.92,12.11,22.93,6.1,590.84,78.96,25.46,48.3,221.09,63.64,170.84,113.89,79.7,0.8403
mephitis_mephitis,4.27,11.32,27.82,7767.0,26.64,-14.04,40.68,8.34,0.2,18.5,-9.97,783.4,123.86,18.42,71.78,346.8,46.06,235.72,157.14,0.0,0.6957
meriones_crassus,11.86,10.11,37.81,4816.8,26.57,-0.17,26.75,14.54,9.19,21.22,2.5,473.61,65.18,18.9,52.11,182.49,47.25,137.85,91.9,218.4,0.7341
meriones_hurrianae,11.73,10.13,37.36,4892.4,26.63,-0.47,27.1,14.44,9.02,21.21,2.24,467.79,64.62,18.47,52.62,180.94,46.18,136.27,90.85,203.6,0.7282
meriones_libycus,7.49,10.93,32.91,6186.6,25.76,-7.46,33.21,10.81,4.17,19.11,-4.14,479.32,70.52,15.48,61.24,197.46,38.7,141.7,94.47,247.5,0.6397
meriones_persicus,8.19,10.79,33.43,5988.6,25.94,-6.33,32.28,11.42,4.96,19.49,-3.11,461.6,67.28,15.42,59.92,188.39,38.54,136.15,90.77,232.3,0.6462
meriones_shawi,9.77,10.33,32.27,5931.0,27.37,-4.64,32.01,12.97,6.56,20.97,-1.44,489.08,71.09,16.49,59.54,199.05,41.23,144.17,96.11,17.2,0.7
meriones_tristrami,8.11,10.83,33.73,5952.6,25.77,-6.34,32.11,11.32,4.89,19.34,-3.13,454.03,66.06,15.25,59.68,184.98,38.13,133.87,89.25,262.5,0.6396
meriones_unguiculatus,3.17,11.52,27.19,8121.6,26.47,-15.89,42.35,7.41,-1.06,18.0,-11.65,837.81,134.52,18.05,74.14,376.67,45.13,253.08,168.72,1.8,0.6826
meriones_vinogradovi,5.87,11.22,31.39,6723.0,25.53,-10.21,35.75,9.45,2.3,18.39,-6.64,556.92,84.01,16.33,64.82,235.24,40.82,165.63,110.42,243.7,0.6433
mesembriomys_gouldii,16.67,9.39,53.68,2856.6,26.28,8.8,17.49,18.41,14.92,22.79,10.54,1020.86,126.59,51.86,39.04,354.46,129.64,290.46,193.64,400.9,0.9755
mesembriomys_macrurus,17.38,9.25,56.31,2633.4,26.42,9.99,16.44,19.03,15.74,23.13,11.63,1122.92,137.51,58.43,37.56,385.02,146.08,318.66,212.44,395.6,0.9862
mesocricetus_auratus,6.22,11.16,31.65,6616.8,25.61,-9.64,35.25,9.75,2.7,18.56,-6.11,540.03,81.07,16.15,64.11,226.99,40.38,160.42,106.95,240.0,0.6429
mesocricetus_brandti,5.53,11.28,31.01,6854.4,25.53,-10.83,36.37,9.17,1.9,18.26,-7.2,581.0,88.18,16.61,65.7,246.89,41.52,173.05,115.37,234.4,0.6474
mesocricetus_newtoni,3.32,11.56,28.07,7876.8,25.98,-15.22,41.2,7.44,-0.8,17.74,-11.1,787.52,125.11,18.04,72.51,350.31,45.1,237.25,158.16,93.8,0.6736
mesomys_hispidus,23.05,8.18,89.11,889.2,28.1,18.92,9.18,23.97,22.13,26.27,19.84,1868.0,206.12,115.31,25.93,577.13,288.26,519.24,346.16,343.3,0.9573
mesomys_stimulax,24.5,7.99,88.87,232.2,29.44,20.46,8.99,25.4,23.6,27.65,21.36,1976.43,209.07,129.21,21.55,585.38,323.03,545.05,363.37,429.1,0.9316
mesophylla_macconnelli,24.08,7.98,88.86,595.8,29.02,20.04,8.98,24.98,23.18,27.22,20.94,1941.71,210.3,123.02,23.97,588.83,307.55,537.83,358.55,323.2,0.9395
metachirus_nudicaudatus,22.97,8.18,89.1,959.4,28.02,18.84,9.18,23.89,22.05,26.18,19.76,1850.58,205.1,113.51,26.4,574.27,283.77,514.83,343.22,322.7,0.9586
micaelamys_granti,9.74,10.43,33.83,5682.6,26.7,-4.13,30.83,12.83,6.66,20.53,-1.05,456.06,65.5,16.01,57.88,183.41,40.02,134.05,89.37,137.6,0.6793
micaelamys_namaquensis,13.71,9.79,41.35,4168.8,26.74,3.05,23.69,16.08,11.34,22.0,5.42,584.39,77.79,25.43,47.79,217.82,63.56,168.83,112.55,239.0,0.8268
micoureus_alstoni,19.9,8.57,56.03,2392.2,28.32,13.02,15.3,21.43,18.37,25.26,14.55,1277.06,154.24,68.17,35.95,431.88,170.41,361.38,240.92,120.9,0.9876
micoureus_constantiae,14.79,9.65,45.09,3684.6,26.56,5.16,21.4,16.93,12.65,22.28,7.3,712.25,92.42,32.9,44.56,258.77,82.26,204.62,136.41,300.6,0.8957
micoureus_demerarae,20.78,8.63,76.79,1533.6,26.96,15.72,11.24,21.9,19.65,24.71,16.84,1630.43,187.2,94.8,30.22,524.16,237.01,456.7,304.47,390.6,0.9857
micoureus_regina,23.92,7.93,88.81,835.2,28.83,19.9,8.93,24.81,23.03,27.05,20.79,1899.06,208.83,117.79,25.57,584.73,294.48,527.53,351.69,235.3,0.9424
microcavia_australis,6.57,10.97,30.33,6814.8,26.47,-9.71,36.18,10.19,2.95,19.24,-6.09,595.25,90.18,17.15,65.43,252.49,42.87,177.22,118.14,93.0,0.6808
microcavia_niata,15.54,9.45,45.15,3587.4,27.06,6.12,20.94,17.63,13.44,22.87,8.21,755.34,97.5,35.3,43.92,273.0,88.26,216.75,144.5,230.7,0.9172
microcavia_shiptoni,12.85,9.92,39.21,4512.6,26.77,1.46,25.31,15.38,10.32,21.71,3.99,518.41,70.25,21.56,50.08,196.69,53.91,150.36,100.24,209.0,0.7779
microcebus_berthae,14.53,9.76,46.33,3612.6,26.11,5.05,21.06,16.63,12.42,21.9,7.16,725.17,93.73,33.79,44.08,262.45,84.48,208.15,138.77,374.5,0.8973
microcebus_griseorufus,13.08,10.0,42.56,4129.2,26.01,2.51,23.5,15.43,10.73,21.31,4.86,576.74,76.62,25.22,47.53,214.52,63.05,166.54,111.03,353.8,0.8135
microcebus_murinus,15.1,9.66,48.03,3411.0,26.16,6.05,20.11,17.11,13.09,22.14,8.06,795.95,101.77,37.98,42.74,284.94,94.95,227.94,151.96,381.3,0.9249
microcebus_myoxinus,14.52,9.76,46.31,3614.4,26.11,5.04,21.07,16.63,12.42,21.9,7.15,724.57,93.66,33.76,44.1,262.25,84.39,207.99,138.66,374.4,0.897
microcebus_ravelobensis,16.45,9.42,52.78,2934.0,26.27,8.42,17.86,18.24,14.67,22.7,10.2,987.34,122.96,49.73,39.56,344.3,124.32,281.17,187.45,397.3,0.9707
microcebus_rufus,14.94,9.68,47.41,3477.6,26.17,5.75,20.42,16.98,12.89,22.08,7.79,772.43,99.12,36.57,43.18,277.52,91.43,221.37,147.58,375.1,0.9168
microcebus_sambiranensis,17.62,9.22,57.83,2529.0,26.39,10.45,15.94,19.22,16.03,23.2,12.05,1169.73,142.39,61.55,36.86,398.69,153.87,331.54,221.02,407.3,0.9893
microcebus_tavaratra,18.15,9.13,60.44,2350.8,26.46,11.35,15.1,19.66,16.64,23.44,12.86,1253.24,151.01,67.18,35.67,422.82,167.96,354.46,236.31,410.3,0.993
microdipodops_megacephalus,4.81,11.31,29.22,7347.6,26.09,-12.6,38.7,8.68,0.94,18.36,-8.73,690.44,107.15,17.85,68.98,300.02,44.61,206.78,137.85,113.4,0.6785
microdipodops_pallidus,5.9,11.13,30.25,6942.6,26.13,-10.65,36.78,9.58,2.22,18.78,-6.97,611.56,93.19,17.18,66.28,260.93,42.96,182.33,121.55,135.9,0.6719
microgale_brevicaudata,15.4,9.61,48.97,3306.6,26.19,6.57,19.61,17.36,13.44,22.26,8.53,835.24,106.18,40.34,42.04,297.31,100.85,238.9,159.27,384.1,0.9374
microgale_cowani,15.42,9.6,48.94,3306.6,26.21,6.59,19.61,17.38,13.46,22.29,8.55,835.71,106.24,40.36,42.04,297.48,100.91,239.03,159.35,381.0,0.9377
microgale_dobsoni,15.32,9.62,48.62,3340.8,26.2,6.42,19.78,17.3,13.34,22.24,8.4,822.68,104.78,39.58,42.27,293.39,98.94,235.4,156.93,379.9,0.9338
microgale_drouhardi,15.77,9.54,50.15,3180.6,26.24,7.22,19.02,17.68,13.87,22.43,9.12,885.08,111.75,43.37,41.2,312.89,108.41,252.78,168.52,385.6,0.9508
microgale_dryas,16.37,9.43,52.29,2973.6,26.29,8.25,18.04,18.17,14.57,22.69,10.06,971.05,121.2,48.69,39.82,339.37,121.74,276.66,184.44,391.3,0.9682
microgale_fotsifotsy,14.92,9.68,47.36,3483.0,26.17,5.72,20.45,16.97,12.88,22.08,7.76,770.53,98.9,36.46,43.22,276.92,91.15,220.84,147.23,374.8,0.916
microgale_gracilis,13.65,9.9,43.9,3931.2,26.06,3.49,22.56,15.9,11.39,21.54,5.75,628.06,82.57,28.15,46.21,231.19,70.38,180.95,120.63,360.4,0.8471
microgale_gymnorhyncha,15.33,9.61,48.66,3337.2,26.2,6.44,19.76,17.31,13.36,22.25,8.42,824.04,104.94,39.66,42.25,293.82,99.15,235.78,157.19,380.0,0.9342
microgale_longicaudata,15.77,9.54,50.13,3182.4,26.24,7.21,19.03,17.67,13.87,22.43,9.11,884.36,111.67,43.32,41.22,312.66,108.3,252.58,168.39,385.6,0.9507
microgale_monticola,17.37,9.26,56.46,2626.2,26.39,9.99,16.4,19.01,15.73,23.11,11.63,1125.49,137.77,58.61,37.51,385.74,146.53,319.36,212.91,400.7,0.9864
microgale_parvula,15.27,9.63,48.45,3360.6,26.19,6.32,19.87,17.25,13.28,22.22,8.31,815.2,103.94,39.13,42.4,291.03,97.82,233.31,155.54,379.4,0.9315
microgale_principula,14.87,9.69,47.21,3501.0,26.16,5.63,20.53,16.92,12.82,22.06,7.68,764.13,98.17,36.08,43.34,274.89,90.2,219.05,146.04,374.3,0.9136
microgale_pusilla,14.15,9.82,45.24,3749.4,26.09,4.38,21.71,16.32,11.98,21.75,6.55,681.26,88.7,31.23,45.0,248.37,78.07,195.86,130.57,368.4,0.8765
microgale_soricoides,15.36,9.61,48.74,3328.2,26.2,6.48,19.72,17.33,13.38,22.26,8.46,827.4,105.31,39.86,42.19,294.87,99.65,236.71,157.81,380.7,0.9353
microgale_taiva,13.66,9.9,43.93,3925.8,26.06,3.52,22.54,15.92,11.41,21.55,5.77,629.59,82.75,28.24,46.17,231.69,70.6,181.38,120.92,360.4,0.8479
microgale_talazaci,15.76,9.54,50.11,3184.2,26.23,7.2,19.04,17.67,13.86,22.43,9.1,883.64,111.59,43.28,41.23,312.44,108.19,252.38,168.25,385.5,0.9505
microgale_thomasi,13.6,9.91,43.78,3947.4,26.05,3.41,22.64,15.87,11.34,21.53,5.68,623.64,82.06,27.9,46.32,229.76,69.75,179.71,119.8,359.5,0.8443
microhydromys_richardsoni,21.73,8.48,89.29,1164.6,26.95,17.45,9.5,22.68,20.78,25.05,18.4,1769.32,198.61,106.51,27.76,556.12,266.27,493.43,328.95,417.7,0.9759
micromys_minutus,3.87,11.43,27.99,7797.6,26.32,-14.5,40.82,7.95,-0.21,18.16,-10.42,781.56,123.73,18.25,71.98,346.46,45.62,235.24,156.83,46.6,0.6854
micronycteris_hirsuta,25.97,7.58,88.35,113.4,30.69,22.11,8.58,26.83,25.11,28.97,22.97,2008.95,210.85,132.66,20.76,590.37,331.66,553.22,368.81,259.1,0.9009
micronycteris_megalotis,22.44,8.33,89.28,1000.8,27.57,18.24,9.33,23.37,21.5,25.7,19.17,1828.48,203.17,111.73,26.67,568.89,279.33,508.93,339.29,385.5,0.9665
micronycteris_minuta,21.54,8.47,81.61,1350.0,27.25,16.87,10.38,22.58,20.51,25.17,17.91,1709.53,194.1,101.15,29.0,543.49,252.87,477.81,318.54,358.7,0.978
micronycteris_schmidtorum,23.1,8.18,89.1,856.8,28.15,18.97,9.18,24.02,22.18,26.31,19.89,1875.88,206.57,116.13,25.71,578.38,290.32,521.22,347.48,350.8,0.9565
microperoryctes_longicauda,22.21,8.4,89.37,982.8,27.38,17.97,9.4,23.15,21.27,25.5,18.91,1827.46,202.83,111.85,26.55,567.93,279.63,508.54,339.03,429.4,0.9698
microperoryctes_papuensis,20.61,8.65,74.14,1623.6,27.02,15.36,11.67,21.77,19.44,24.69,16.52,1594.55,184.08,91.92,30.82,515.42,229.8,447.13,298.09,374.0,0.987
micropotamogale_lamottei,23.07,8.03,80.51,1265.4,28.55,18.58,9.98,24.06,22.07,26.56,19.57,1770.89,200.03,105.61,28.44,560.08,264.03,494.46,329.64,164.3,0.9568
micropotamogale_ruwenzorii,24.88,7.87,88.72,234.0,29.76,20.89,8.87,25.77,24.0,27.99,21.78,1985.27,210.02,129.77,21.56,588.07,324.43,547.5,365.0,369.2,0.924
micropteropus_pusillus,26.44,7.44,88.15,102.6,31.08,22.64,8.44,27.28,25.6,29.39,23.49,2019.46,211.8,133.48,20.68,593.04,333.7,556.04,370.69,191.7,0.8903
microryzomys_altissimus,24.98,7.72,88.53,541.8,29.77,21.05,8.72,25.85,24.1,28.03,21.92,1968.81,212.49,125.33,23.61,594.98,313.32,544.98,363.32,210.6,0.922
microryzomys_minutus,24.51,7.84,88.69,601.2,29.37,20.53,8.84,25.39,23.63,27.6,21.41,1950.97,211.37,123.55,24.01,591.84,308.87,540.43,360.28,254.4,0.9314
microsciurus_alfari,21.91,8.24,69.92,1648.8,28.39,16.6,11.79,23.09,20.73,26.03,17.78,1615.37,186.76,92.89,30.99,522.94,232.24,453.1,302.07,162.3,0.973
microsciurus_flaviventer,22.35,8.24,81.58,1292.4,27.9,17.8,10.1,23.36,21.34,25.88,18.81,1746.1,197.56,103.87,28.62,553.16,259.67,487.7,325.13,262.0,0.9676
microsciurus_mimulus,24.14,7.85,88.7,871.2,29.01,20.16,8.85,25.03,23.26,27.24,21.04,1896.94,209.07,117.28,25.81,585.41,293.2,527.17,351.45,183.9,0.9384
microsciurus_santanderensis,22.63,8.17,82.31,1254.6,28.09,18.17,9.92,23.63,21.64,26.11,19.16,1764.17,199.14,105.32,28.36,557.59,263.29,492.53,328.35,235.8,0.9636
microtus_abbreviatus,-5.27,13.05,23.55,10888.2,25.21,-30.21,55.42,0.27,-10.81,14.13,-24.67,648.6,116.6,5.41,92.59,326.49,13.51,204.0,136.0,0.0,0.4643
microtus_agrestis,-2.61,12.63,24.98,9858.6,25.2,-25.36,50.55,2.45,-7.66,15.08,-20.3,826.45,142.67,9.83,85.72,399.47,24.58,254.43,169.62,74.7,0.5614
microtus_arvalis,-0.97,12.4,26.34,9126.0,24.93,-22.16,47.09,3.74,-5.68,15.51,-17.45,874.19,146.46,13.96,80.84,410.1,34.89,267.0,178.0,166.9,0.6006
microtus_cabrerae,6.04,10.99,28.98,7185.6,26.91,-11.03,37.93,9.84,2.25,19.32,-7.23,676.96,104.3,18.11,67.9,292.03,45.27,202.38,134.92,0.0,0.7042
microtus_californicus,6.54,11.04,31.12,6663.6,26.05,-9.42,35.47,10.09,3.0,18.96,-5.87,558.32,83.99,16.55,64.42,235.19,41.38,165.94,110.63,168.5,0.661
microtus_canicaudus,2.33,11.78,27.91,8094.6,25.56,-16.67,42.22,6.55,-1.89,17.11,-12.45,812.81,130.36,17.64,73.96,365.0,44.09,245.45,163.64,143.8,0.6568
microtus_chrotorrhinus,3.3,11.49,27.25,8083.8,26.49,-15.68,42.17,7.52,-0.92,18.06,-11.46,832.87,133.51,18.12,73.89,373.83,45.3,251.48,167.65,0.0,0.6846
microtus_duodecimcostatus,5.77,11.04,28.79,7275.6,26.87,-11.49,38.36,9.6,1.93,19.19,-7.66,693.91,107.34,18.21,68.5,300.56,45.53,207.65,138.43,0.0,0.7039
microtus_guatemalensis,18.7,8.78,50.59,2826.0,28.24,10.89,17.34,20.43,16.96,24.77,12.63,1079.23,133.6,55.01,38.84,374.08,137.51,306.96,204.64,102.7,0.9829
microtus_guentheri,6.09,11.18,31.62,6643.8,25.55,-9.82,35.37,9.63,2.56,18.48,-6.29,543.34,81.67,16.17,64.29,228.67,40.42,161.45,107.63,246.9,0.6415
microtus_kikuchii,13.14,9.93,41.2,4258.8,26.4,2.29,24.11,15.55,10.73,21.58,4.7,557.0,74.49,23.95,48.39,208.58,59.89,161.08,107.39,284.0,0.804
microtus_levis,-0.6,12.33,26.51,9007.2,25.0,-21.54,46.53,4.06,-5.25,15.69,-16.88,875.97,146.04,14.56,80.05,408.91,36.41,267.19,178.13,165.5,0.608
microtus_longicaudus,-0.47,12.29,26.34,9030.6,25.18,-21.46,46.64,4.19,-5.14,15.85,-16.8,880.42,146.92,14.52,80.2,411.38,36.31,268.62,179.08,135.1,0.6114
microtus_mexicanus,14.35,9.57,39.76,4248.0,27.58,3.52,24.06,16.75,11.94,22.77,5.93,586.46,78.39,25.26,48.32,219.49,63.14,169.58,113.05,103.6,0.8362
microtus_miurus,-8.27,13.69,23.22,11635.2,24.15,-34.8,58.94,-2.38,-14.17,12.36,-28.9,484.11,89.54,4.03,97.57,250.73,10.09,156.49,104.32,110.8,0.3473
microtus_montanus,3.94,11.43,28.22,7731.0,26.22,-14.29,40.51,7.99,-0.11,18.11,-10.24,767.07,121.09,18.19,71.54,339.04,45.48,230.71,153.81,67.7,0.6829
microtus_montebelli,5.86,11.22,31.33,6737.4,25.56,-10.26,35.82,9.44,2.28,18.39,-6.68,560.01,84.54,16.37,64.92,236.7,40.93,166.58,111.05,239.3,0.6447
microtus_oaxacensis,17.57,8.98,47.09,3191.4,28.06,8.99,19.07,19.48,15.67,24.25,10.9,922.95,116.6,45.17,41.28,326.47,112.92,263.63,175.75,104.0,0.9656
microtus_ochrogaster,4.61,11.25,28.03,7655.4,26.69,-13.46,40.15,8.62,0.59,18.66,-9.44,764.0,120.2,18.44,71.04,336.56,46.1,229.6,153.06,0.0,0.6986
microtus_oeconomus,-4.03,12.82,23.97,10483.2,25.4,-28.11,53.5,1.32,-9.38,14.69,-22.76,730.73,129.32,6.16,89.89,362.08,15.39,226.49,150.99,0.0,0.5124
microtus_oregoni,2.72,11.71,28.14,7966.8,25.61,-16.01,41.62,6.88,-1.44,17.29,-11.85,794.11,126.65,17.79,73.11,354.63,44.48,239.47,159.65,144.1,0.6611
microtus_pennsylvanicus,-0.29,12.14,25.45,9259.2,25.96,-21.77,47.72,4.48,-5.06,16.41,-17.0,894.55,150.7,13.62,81.73,421.96,34.05,273.61,182.41,0.0,0.6176
microtus_pinetorum,7.42,10.74,30.0,6735.6,27.11,-8.69,35.81,11.0,3.84,19.95,-5.11,595.59,89.9,17.42,64.9,251.72,43.55,177.16,118.11,0.0,0.7023
microtus_quasiater,16.49,9.17,44.12,3556.8,27.92,7.13,20.8,18.57,14.41,23.77,9.21,785.65,101.24,36.85,43.71,283.48,92.13,225.37,150.25,99.3,0.9326
microtus_richardsoni,2.28,11.73,27.23,8276.4,25.97,-17.11,43.08,6.58,-2.03,17.35,-12.8,847.55,137.0,17.53,75.18,383.6,43.83,256.46,170.97,66.9,0.6638
microtus_socialis,3.95,11.47,28.73,7610.4,25.91,-14.03,39.94,7.94,-0.05,17.92,-10.03,737.51,115.8,17.99,70.74,324.24,44.96,221.52,147.68,123.1,0.6739
microtus_subterraneus,0.05,12.08,25.6,9145.8,26.01,-21.18,47.19,4.77,-4.66,16.57,-16.46,898.73,150.7,14.25,80.97,421.96,35.63,274.55,183.03,0.0,0.6252
microtus_townsendii,1.95,11.86,27.76,8200.8,25.45,-17.28,42.73,6.22,-2.32,16.9,-13.01,825.53,133.01,17.42,74.67,372.42,43.56,249.59,166.39,152.8,0.6512
microtus_umbrosus,17.95,8.92,48.34,3058.2,28.1,9.65,18.44,19.8,16.11,24.41,11.5,977.41,122.57,48.55,40.39,343.2,121.39,278.75,185.83,108.1,0.9736
microtus_xanthognathus,-6.51,13.37,23.77,11061.0,24.41,-31.82,56.23,-0.89,-12.14,13.17,-26.2,596.42,107.94,4.97,93.74,302.23,12.43,188.8,125.86,110.3,0.4259
millardia_meltada,16.04,9.29,44.06,3618.0,27.63,6.55,21.09,18.15,13.93,23.42,8.66,758.58,98.08,35.32,44.12,274.62,88.31,217.76,145.17,139.6,0.922
mimetillus_moloneyi,24.22,7.86,88.71,790.2,29.09,20.23,8.86,25.1,23.33,27.32,21.11,1914.51,209.93,119.23,25.27,587.82,298.07,531.53,354.36,210.7,0.9369
mimon_bennettii,19.23,8.94,67.32,1965.6,26.54,13.26,13.28,20.56,17.9,23.88,14.58,1432.76,168.8,79.87,33.1,472.65,199.68,403.4,268.93,424.9,0.9945
mimon_crenulatum,24.42,7.94,88.81,424.8,29.34,20.4,8.94,25.32,23.53,27.55,21.29,1966.72,210.67,126.47,22.83,589.87,316.18,543.63,362.42,350.8,0.9331
miniopterus_australis,23.36,7.96,81.91,1211.4,28.71,18.99,9.72,24.33,22.39,26.76,19.96,1793.67,201.93,107.51,28.08,565.4,268.77,500.5,333.67,144.4,0.9521
miniopterus_fraterculus,12.85,10.0,40.9,4329.0,26.29,1.85,24.44,15.3,10.41,21.41,4.3,540.23,72.52,23.02,48.86,203.04,57.56,156.36,104.24,295.6,0.7902
miniopterus_inflatus,22.85,8.19,89.12,1022.4,27.9,18.71,9.19,23.76,21.93,26.06,19.63,1832.64,203.91,111.77,26.82,570.95,279.42,510.22,340.15,312.4,0.9604
miniopterus_macrocneme,19.08,8.9,62.06,2190.6,26.97,12.62,14.34,20.51,17.64,24.1,14.06,1339.27,159.88,72.99,34.6,447.67,182.46,378.08,252.05,342.9,0.9935
miniopterus_magnater,21.56,8.48,83.74,1297.8,27.13,17.0,10.13,22.58,20.55,25.11,18.02,1726.32,195.38,102.64,28.65,547.07,256.6,482.21,321.47,380.3,0.9778
miniopterus_medius,24.91,7.91,88.77,122.4,29.8,20.9,8.91,25.8,24.01,28.02,21.79,1984.66,208.42,130.96,20.82,583.58,327.4,546.59,364.39,418.6,0.9234
miniopterus_pusillus,21.86,8.27,71.47,1603.8,28.23,16.65,11.57,23.02,20.7,25.91,17.81,1630.63,188.02,94.18,30.69,526.45,235.45,457.14,304.76,190.4,0.9737
miniopterus_schreibersii,23.2,8.07,88.98,1056.6,28.19,19.11,9.07,24.1,22.29,26.37,20.02,1832.16,204.29,111.39,27.04,572.02,278.47,510.3,340.2,242.4,0.9548
miniopterus_tristis,22.8,8.31,89.26,752.4,27.92,18.61,9.31,23.73,21.87,26.06,19.54,1888.62,206.6,118.01,25.02,578.48,295.03,524.11,349.4,446.3,0.9613
miopithecus_talapoin,22.39,8.19,77.83,1382.4,28.18,17.65,10.53,23.44,21.34,26.08,18.71,1718.67,195.53,101.38,29.22,547.48,253.45,480.55,320.37,213.1,0.967
mirza_coquereli,15.41,9.6,49.03,3301.2,26.18,6.59,19.59,17.37,13.45,22.26,8.55,837.17,106.4,40.46,42.01,297.91,101.14,239.43,159.62,385.3,0.938
mogera_imaizumii,5.74,11.24,31.25,6773.4,25.53,-10.46,35.99,9.34,2.14,18.33,-6.86,565.91,85.57,16.43,65.16,239.59,41.08,168.4,112.27,240.9,0.6448
mogera_tokudae,5.63,11.26,31.09,6822.0,25.55,-10.67,36.21,9.25,2.01,18.3,-7.05,575.26,87.18,16.55,65.48,244.09,41.37,171.28,114.19,234.7,0.6469
mogera_wogura,4.47,11.46,30.03,7232.4,25.45,-12.7,38.15,8.28,0.65,17.82,-8.89,652.71,100.77,17.29,68.22,282.16,43.22,195.23,130.15,220.4,0.6546
molossops_mattogrossensis,23.48,8.18,89.1,561.6,28.52,19.35,9.18,24.39,22.56,26.69,20.26,1931.97,208.78,122.77,23.74,584.59,306.93,534.91,356.61,431.9,0.9503
molossops_temminckii,17.23,9.26,54.51,2748.6,26.57,9.59,16.98,18.93,15.53,23.17,11.29,1074.8,132.47,55.24,38.32,370.93,138.1,305.42,203.61,364.6,0.9824
molossus_aztecus,18.47,8.82,50.03,2887.2,28.17,10.54,17.63,20.23,16.71,24.64,12.3,1051.14,130.57,53.22,39.25,365.59,133.04,299.18,199.45,108.8,0.9811
molossus_currentium,24.34,7.87,88.72,675.0,29.22,20.35,8.87,25.23,23.45,27.44,21.23,1936.69,210.82,121.85,24.5,590.29,304.63,536.95,357.97,246.0,0.9346
molossus_molossus,23.53,8.02,88.91,928.8,28.49,19.47,9.02,24.43,22.63,26.68,20.37,1870.37,206.89,115.04,26.19,579.3,287.6,520.14,346.76,251.4,0.9493
molossus_pretiosus,22.28,8.18,73.73,1503.0,28.38,17.29,11.1,23.39,21.17,26.16,18.4,1675.78,192.05,97.73,30.02,537.74,244.31,469.24,312.82,173.4,0.9683
molossus_sinaloae,20.12,8.56,58.53,2250.0,28.16,13.54,14.62,21.58,18.66,25.24,15.0,1339.34,160.44,72.55,35.0,449.24,181.37,378.36,252.24,154.8,0.9877
monodelphis_adusta,25.24,7.69,88.5,403.2,30.02,21.33,8.69,26.11,24.37,28.29,22.2,1987.18,212.56,128.03,22.69,595.18,320.07,549.15,366.1,234.5,0.9166
monodelphis_americana,18.58,9.05,63.04,2194.2,26.48,12.12,14.36,20.02,17.15,23.61,13.56,1326.41,158.38,72.26,34.63,443.46,180.65,374.47,249.64,417.2,0.9946
monodelphis_dimidiata,9.59,10.55,35.22,5495.4,26.07,-3.88,29.95,12.59,6.6,20.08,-0.89,434.67,61.87,15.71,56.64,173.23,39.27,127.5,85.0,248.4,0.6627
monodelphis_domestica,17.6,9.22,57.6,2543.4,26.4,10.39,16.01,19.2,16.0,23.2,12.0,1163.42,141.74,61.12,36.96,396.87,152.81,329.8,219.87,404.5,0.989
monodelphis_emiliae,21.95,8.39,85.24,1236.6,27.36,17.52,9.84,22.93,20.96,25.39,18.5,1753.68,197.74,104.86,28.24,553.66,262.16,489.49,326.33,349.9,0.9731
monodelphis_iheringi,11.67,10.24,39.48,4644.0,25.93,0.0,25.93,14.27,9.08,20.75,2.6,479.51,65.41,19.6,50.96,183.16,48.99,139.29,92.86,328.9,0.7341
monodelphis_kunsi,15.92,9.48,49.28,3225.6,26.5,7.26,19.23,17.84,13.99,22.65,9.19,873.41,110.55,42.58,41.5,309.53,106.44,249.58,166.39,342.5,0.9497
monodelphis_osgoodi,16.63,9.28,48.92,3169.8,27.06,8.09,18.97,18.53,14.73,23.27,9.99,908.42,114.62,44.56,41.13,320.95,111.41,259.41,172.94,259.3,0.9603
monodelphis_rubida,14.07,9.83,44.9,3789.0,26.11,4.22,21.89,16.26,11.88,21.73,6.4,669.81,87.4,30.55,45.26,244.71,76.39,192.66,128.44,362.4,0.8709
monodelphis_scalops,12.08,10.17,40.27,4500.0,25.97,0.72,25.25,14.61,9.56,20.92,3.24,501.89,67.96,20.91,50.0,190.3,52.28,145.55,97.03,333.7,0.7551
monodelphis_sorex,12.41,10.11,40.94,4383.0,25.99,1.29,24.7,14.88,9.94,21.05,3.76,522.86,70.38,22.13,49.22,197.06,55.31,151.43,100.95,338.6,0.773
monodelphis_theresa,17.4,9.21,54.24,2746.8,26.73,9.76,16.97,19.09,15.7,23.34,11.46,1079.33,133.02,55.48,38.31,372.45,138.71,306.7,204.47,339.9,0.9832
monodelphis_unistriata,12.54,10.09,41.19,4339.8,26.01,1.52,24.49,14.99,10.09,21.11,3.96,531.53,71.39,22.62,48.93,199.88,56.55,153.86,102.57,338.8,0.7802
monophyllus_plethodon,17.34,9.2,53.13,2818.8,26.86,9.55,17.31,19.07,15.61,23.4,11.28,1050.55,130.0,53.59,38.79,363.99,133.96,298.77,199.18,315.4,0.9806
monophyllus_redmani,15.84,9.33,43.73,3670.2,27.58,6.24,21.33,17.98,13.71,23.31,8.38,740.34,95.99,34.26,44.47,268.77,85.65,212.65,141.77,144.9,0.9148
mops_brachypterus,25.86,7.56,88.32,257.4,30.57,22.01,8.56,26.72,25.0,28.86,22.86,2007.46,212.7,130.96,21.72,595.56,327.4,553.77,369.18,208.2,0.9033
mops_condylurus,23.29,8.05,88.95,1038.6,28.27,19.22,9.05,24.2,22.39,26.46,20.12,1838.88,204.81,111.98,26.92,573.48,279.95,512.06,341.37,236.3,0.9533
mops_congicus,23.73,7.95,88.83,941.4,28.65,19.7,8.95,24.62,22.83,26.86,20.59,1872.1,207.25,115.02,26.28,580.3,287.54,520.7,347.13,215.1,0.9458
mops_leucostigma,15.3,9.62,48.64,3342.6,26.18,6.39,19.78,17.27,13.32,22.22,8.37,821.49,104.64,39.51,42.28,292.99,98.78,235.06,156.71,383.3,0.9333
mops_midas,24.57,7.82,88.66,619.2,29.42,20.6,8.82,25.45,23.69,27.66,21.49,1950.04,211.51,123.29,24.13,592.24,308.24,540.29,360.19,236.3,0.9302
mops_mops,26.29,7.5,88.24,68.4,30.96,22.46,8.5,27.14,25.44,29.26,23.31,2014.53,210.8,133.54,20.46,590.25,333.84,554.45,369.64,231.2,0.8937
mops_niveiventer,17.45,9.16,52.81,2826.0,26.99,9.65,17.34,19.18,15.72,23.52,11.38,1050.45,130.04,53.54,38.84,364.1,133.84,298.77,199.18,294.6,0.9809
mops_spurrelli,23.98,7.85,88.7,1002.6,28.84,19.99,8.85,24.86,23.09,27.07,20.88,1863.57,207.1,113.86,26.68,579.87,284.64,518.71,345.81,147.8,0.9413
mops_thersites,26.02,7.51,88.25,250.2,30.7,22.19,8.51,26.87,25.17,29.0,23.04,2011.26,213.0,131.29,21.67,596.4,328.22,554.77,369.85,187.0,0.8998
mormoops_blainvillei,15.84,9.33,43.73,3670.2,27.58,6.24,21.33,17.98,13.71,23.31,8.38,740.34,95.99,34.26,44.47,268.77,85.65,212.65,141.77,144.9,0.9148
mormoops_megalophylla,20.08,8.54,56.69,2341.8,28.36,13.3,15.06,21.58,18.57,25.35,14.81,1301.34,156.72,69.83,35.61,438.81,174.56,368.03,245.35,118.1,0.9871
mormopterus_beccarii,18.17,9.13,60.79,2332.8,26.43,11.41,15.02,19.67,16.67,23.42,12.91,1260.94,151.78,67.72,35.55,424.97,169.3,356.56,237.71,415.8,0.9933
mormopterus_jugularis,14.17,9.82,45.28,3744.0,26.09,4.41,21.68,16.33,12.0,21.75,6.58,682.97,88.9,31.33,44.96,248.92,78.31,196.34,130.89,368.4,0.8774
mormopterus_loriae,16.88,9.35,54.41,2791.8,26.33,9.14,17.18,18.59,15.16,22.89,10.86,1050.14,129.75,53.72,38.61,363.3,134.3,298.56,199.04,398.9,0.9792
mormopterus_norfolkensis,10.13,10.35,34.09,5583.6,26.83,-3.54,30.37,13.16,7.09,20.76,-0.5,454.71,65.0,16.21,57.22,181.99,40.52,133.51,89.0,125.0,0.6872
mormopterus_planiceps,9.23,10.65,35.46,5515.2,25.76,-4.28,30.04,12.24,6.23,19.75,-1.28,428.01,60.98,15.42,56.77,170.74,38.55,125.57,83.71,294.3,0.6503
moschiola_meminna,18.86,8.78,52.47,2694.6,28.06,11.33,16.72,20.53,17.19,24.71,13.01,1133.19,139.25,58.58,37.96,389.89,146.46,321.81,214.54,139.5,0.9862
moschus_berezovskii,11.62,10.04,35.21,5193.0,27.31,-1.22,28.52,14.47,8.77,21.6,1.64,465.1,65.22,17.59,54.62,182.62,43.97,135.95,90.64,78.9,0.7244
moschus_chrysogaster,10.0,10.27,32.29,5889.6,27.5,-4.31,31.81,13.19,6.82,21.14,-1.13,488.51,70.87,16.58,59.26,198.43,41.46,143.93,95.95,0.0,0.7048
moschus_fuscus,12.08,9.91,34.84,5175.0,27.72,-0.71,28.44,14.93,9.24,22.04,2.13,475.35,66.6,18.02,54.5,186.48,45.06,138.92,92.61,16.0,0.7393
moschus_moschiferus,-2.16,12.58,25.48,9610.2,25.0,-24.39,49.38,2.77,-7.1,15.12,-19.45,849.47,145.18,11.28,84.07,406.5,28.2,260.82,173.88,122.9,0.5741
mosia_nigrescens,22.92,8.28,89.22,738.0,28.02,18.74,9.28,23.84,21.99,26.16,19.67,1893.74,206.97,118.49,24.92,579.52,296.21,525.44,350.29,435.4,0.9594
mungos_gambianus,22.15,8.17,69.86,1630.8,28.58,16.88,11.7,23.32,20.98,26.24,18.05,1627.46,187.96,93.75,30.87,526.28,234.38,456.4,304.26,133.9,0.9699
mungos_mungo,21.92,8.29,74.78,1501.2,28.02,16.93,11.09,23.03,20.82,25.81,18.04,1668.17,191.16,97.3,30.01,535.24,243.25,467.1,311.4,229.1,0.9731
mungotictis_decemlineata,14.16,9.82,45.3,3742.2,26.08,4.41,21.67,16.33,12.0,21.75,6.58,683.38,88.95,31.35,44.95,249.05,78.38,196.46,130.97,369.5,0.8775
muntiacus_atherodes,25.16,7.79,88.63,208.8,30.0,21.21,8.79,26.04,24.28,28.24,22.08,1991.79,210.37,130.48,21.39,589.03,326.19,549.13,366.09,338.4,0.9183
muntiacus_crinifrons,10.4,10.38,35.75,5299.2,26.36,-2.66,29.02,13.3,7.5,20.56,0.24,440.84,62.14,16.41,55.33,174.0,41.03,129.02,86.01,216.6,0.6846
muntiacus_feae,18.89,8.76,52.27,2703.6,28.11,11.34,16.77,20.57,17.21,24.76,13.02,1130.37,138.97,58.38,38.02,389.11,145.95,321.04,214.03,130.8,0.986
muntiacus_gongshanensis,12.07,9.92,35.06,5146.2,27.64,-0.66,28.3,14.9,9.24,21.98,2.17,474.46,66.38,18.07,54.31,185.86,45.16,138.61,92.41,31.4,0.7385
muntiacus_muntjak,20.64,8.45,60.25,2122.2,28.35,14.33,14.02,22.04,19.24,25.55,15.73,1402.84,166.8,76.98,34.15,467.05,192.46,395.71,263.8,134.7,0.9847
muntiacus_reevesi,11.88,10.08,37.2,4890.6,26.78,-0.32,27.09,14.59,9.17,21.36,2.39,471.27,65.1,18.61,52.6,182.27,46.53,137.28,91.52,181.6,0.7331
muntiacus_rooseveltorum,16.39,9.23,45.04,3492.0,27.66,7.17,20.49,18.44,14.34,23.56,9.22,801.84,102.97,37.9,43.28,288.32,94.75,229.84,153.23,144.4,0.9364
muntiacus_vuquangensis,18.01,8.97,50.98,2878.2,27.68,10.09,17.59,19.77,16.25,24.16,11.85,1043.79,129.59,52.9,39.19,362.85,132.24,297.06,198.04,184.3,0.9808
murexechinus_melanurus,22.11,8.42,89.38,1018.8,27.29,17.87,9.42,23.05,21.17,25.41,18.81,1816.57,202.08,110.82,26.79,565.82,277.06,505.73,337.15,427.2,0.9711
murexia_longicaudata,22.1,8.42,89.39,1020.6,27.28,17.86,9.42,23.04,21.16,25.4,18.8,1815.88,202.02,110.76,26.8,565.67,276.91,505.54,337.03,428.0,0.9712
muriculus_imberbis,19.47,8.89,68.09,1917.0,26.65,13.59,13.05,20.77,18.16,24.04,14.9,1457.29,171.2,81.63,32.78,479.36,204.08,410.07,273.38,411.5,0.9937
murina_aenea,23.98,7.95,88.82,754.2,28.9,19.96,8.95,24.88,23.09,27.12,20.85,1915.64,209.58,119.68,25.03,586.82,299.21,531.62,354.41,263.2,0.9414
murina_cyclotis,21.53,8.32,68.22,1737.0,28.24,16.03,12.2,22.75,20.31,25.8,17.25,1573.89,182.93,89.74,31.58,512.21,224.35,441.93,294.62,179.6,0.9774
murina_florium,20.1,8.79,73.93,1670.4,26.64,14.75,11.89,21.29,18.91,24.26,15.94,1565.75,181.26,89.85,31.14,507.53,224.63,439.3,292.87,430.2,0.9909
murina_huttoni,16.4,9.17,43.37,3630.6,28.03,6.89,21.14,18.52,14.29,23.81,9.0,763.68,98.8,35.51,44.2,276.65,88.77,219.26,146.17,77.2,0.9258
murina_leucogaster,13.93,9.64,38.87,4402.8,27.56,2.77,24.79,16.41,11.45,22.6,5.25,555.47,74.84,23.44,49.35,209.56,58.61,160.91,107.27,95.5,0.8146
murina_suilla,25.88,7.59,88.36,158.4,30.61,22.02,8.59,26.74,25.02,28.89,22.88,2008.05,211.38,132.1,21.06,591.87,330.26,553.27,368.85,251.1,0.9029
murina_tubinaris,14.39,9.51,38.69,4359.6,27.91,3.32,24.59,16.85,11.93,22.99,5.78,571.6,76.85,24.26,49.06,215.17,60.66,165.5,110.33,44.8,0.829
mus_booduga,16.44,9.19,44.21,3555.0,27.87,7.09,20.79,18.52,14.36,23.72,9.17,785.1,101.16,36.83,43.7,283.26,92.09,225.21,150.14,107.2,0.9322
mus_bufo,24.5,7.94,88.81,365.4,29.41,20.48,8.94,25.39,23.6,27.63,21.37,1972.23,210.45,127.48,22.44,589.25,318.7,544.77,363.18,367.0,0.9316
mus_caroli,17.23,9.14,49.73,3045.6,27.34,8.96,18.38,19.07,15.4,23.67,10.8,965.24,120.96,48.02,40.3,338.69,120.04,275.24,183.49,224.7,0.971
mus_indutus,14.32,9.65,41.83,4041.0,27.02,3.93,23.08,16.63,12.01,22.4,6.24,621.48,82.18,27.48,46.94,230.1,68.7,179.28,119.52,204.8,0.8529
mus_mahomet,21.4,8.55,85.82,1261.8,26.87,16.92,9.96,22.39,20.4,24.88,17.91,1733.47,195.76,103.41,28.41,548.13,258.53,484.0,322.66,422.6,0.9797
mus_minutoides,12.99,9.93,40.02,4404.6,26.63,1.83,24.8,15.47,10.51,21.67,4.31,533.59,71.9,22.52,49.36,201.33,56.29,154.57,103.05,239.1,0.7888
mus_musculoides,21.75,8.33,73.45,1553.4,27.98,16.65,11.34,22.88,20.61,25.72,17.78,1645.92,189.21,95.52,30.36,529.78,238.81,461.15,307.43,231.7,0.9752
mus_platythrix,17.67,8.99,48.22,3099.6,27.92,9.28,18.64,19.53,15.8,24.19,11.14,956.35,120.21,47.29,40.66,336.58,118.22,272.88,181.92,132.7,0.9707
mus_setulosus,23.93,7.91,88.78,889.2,28.83,19.92,8.91,24.82,23.04,27.05,20.81,1888.3,208.36,116.56,25.93,583.4,291.4,524.88,349.92,207.9,0.9422
mus_setzeri,16.1,9.34,46.35,3421.8,27.19,7.03,20.16,18.12,14.09,23.16,9.05,815.88,104.37,38.88,42.81,292.25,97.21,233.67,155.78,221.7,0.9382
mus_spretus,8.11,10.62,30.56,6508.8,27.22,-7.52,34.74,11.59,4.64,20.27,-4.05,559.27,83.54,17.06,63.39,233.9,42.65,165.93,110.62,0.0,0.7006
mus_triton,21.81,8.4,81.87,1324.8,27.45,17.19,10.26,22.83,20.78,25.4,18.22,1723.55,195.39,102.22,28.83,547.1,255.54,481.59,321.06,330.1,0.9748
muscardinus_avellanarius,1.39,11.87,26.51,8632.8,26.01,-18.76,44.77,5.86,-3.09,17.05,-14.28,884.13,145.1,16.54,77.55,406.28,41.35,268.58,179.05,36.3,0.651
mustela_africana,23.35,8.14,89.06,747.0,28.38,19.23,9.14,24.26,22.43,26.55,20.14,1902.13,208.01,118.92,24.98,582.42,297.29,527.82,351.88,364.9,0.9524
mustela_altaica,5.41,11.11,28.54,7394.4,26.81,-12.11,38.92,9.3,1.51,19.03,-8.22,716.23,111.39,18.33,69.3,311.88,45.82,214.62,143.08,0.0,0.7031
mustela_erminea,0.01,12.09,25.58,9160.2,26.0,-21.25,47.26,4.74,-4.72,16.55,-16.53,898.32,150.72,14.17,81.07,422.02,35.43,274.47,182.98,0.0,0.6243
mustela_eversmanii,4.08,11.36,27.77,7812.0,26.56,-14.33,40.89,8.16,-0.01,18.39,-10.24,789.7,125.1,18.37,72.08,350.29,45.93,237.73,158.49,8.4,0.6928
mustela_felipei,25.52,7.62,88.4,363.6,30.26,21.64,8.62,26.38,24.66,28.54,22.5,1995.96,212.95,129.03,22.42,596.27,322.58,551.31,367.54,210.2,0.9107
mustela_frenata,16.71,9.12,44.3,3513.6,28.04,7.44,20.59,18.77,14.65,23.92,9.5,803.01,103.24,37.86,43.42,289.07,94.65,230.23,153.49,85.1,0.9383
mustela_kathiah,13.78,9.65,38.3,4487.4,27.64,2.45,25.19,16.3,11.26,22.6,4.97,542.48,73.41,22.64,49.92,205.56,56.6,157.3,104.86,77.8,0.8055
mustela_lutreola,-2.33,12.57,25.05,9779.4,25.27,-24.91,50.18,2.69,-7.35,15.23,-19.89,837.91,144.19,10.34,85.2,403.72,25.84,257.74,171.83,68.8,0.5687
mustela_lutreolina,23.52,8.0,88.89,972.0,28.47,19.47,9.0,24.42,22.62,26.67,20.37,1860.39,206.35,113.98,26.48,577.77,284.95,517.63,345.09,231.9,0.9495
mustela_nivalis,-0.51,12.18,25.35,9331.2,25.92,-22.14,48.06,4.29,-5.32,16.31,-17.33,890.74,150.51,13.21,82.21,421.42,33.02,272.66,181.77,0.0,0.6126
mustela_nudipes,25.92,7.58,88.34,156.6,30.64,22.06,8.58,26.78,25.07,28.93,22.92,2008.94,211.45,132.18,21.04,592.06,330.45,553.51,369.01,245.8,0.902
mustela_putorius,1.23,11.93,26.77,8591.4,25.75,-18.82,44.57,5.69,-3.22,16.83,-14.37,874.96,143.34,16.57,77.28,401.36,41.42,265.67,177.11,79.4,0.6458
mustela_sibirica,6.85,10.85,29.56,6922.8,27.03,-9.66,36.69,10.52,3.18,19.69,-5.99,628.37,95.66,17.72,66.15,267.86,44.31,187.3,124.87,0.0,0.7037
mustela_strigidorsa,16.43,9.18,43.76,3594.6,27.97,6.99,20.97,18.53,14.33,23.77,9.09,773.94,99.94,36.14,43.96,279.83,90.35,222.11,148.07,90.3,0.929
mydaus_javanensis,25.96,7.57,88.33,144.0,30.68,22.11,8.57,26.82,25.11,28.96,22.96,2009.65,211.35,132.37,20.96,591.77,330.92,553.62,369.08,245.4,0.9011
mydaus_marchei,20.1,8.72,68.21,1859.4,27.12,14.34,12.78,21.37,18.82,24.57,15.62,1494.21,174.94,84.18,32.4,489.83,210.45,420.17,280.11,342.0,0.9903
mylomys_dybowskii,25.45,7.64,88.42,383.4,30.2,21.56,8.64,26.31,24.58,28.47,22.43,1993.14,212.93,128.63,22.56,596.19,321.58,550.66,367.11,212.3,0.9122
myocastor_coypus,7.45,10.87,31.88,6373.8,26.2,-7.89,34.1,10.86,4.04,19.38,-4.48,515.12,76.46,16.1,62.49,214.08,40.25,152.6,101.73,165.3,0.6598
myodes_californicus,3.84,11.52,28.99,7570.8,25.7,-14.05,39.75,7.81,-0.14,17.75,-10.08,725.06,113.65,17.84,70.47,318.21,44.6,217.69,145.13,158.4,0.667
myodes_gapperi,1.8,11.76,26.44,8573.4,26.27,-18.21,44.49,6.25,-2.65,17.37,-13.77,885.61,144.98,16.86,77.16,405.94,42.15,268.85,179.23,0.0,0.6605
myodes_glareolus,-2.47,12.67,25.58,9640.8,24.77,-24.76,49.53,2.48,-7.42,14.86,-19.81,841.28,143.96,11.03,84.27,403.08,27.57,258.39,172.26,155.9,0.5671
myodes_rufocanus,-1.67,12.39,24.86,9711.0,25.75,-24.11,49.86,3.31,-6.66,15.78,-19.12,856.68,147.01,10.89,84.74,411.63,27.24,263.32,175.55,0.0,0.5842
myodes_rutilus,-2.65,12.57,24.48,10031.4,25.6,-25.77,51.37,2.49,-7.79,15.33,-20.63,811.87,141.13,8.88,86.88,395.15,22.2,250.41,166.94,0.0,0.5572
myodes_smithii,6.42,11.13,31.96,6526.8,25.57,-9.25,34.82,9.9,2.94,18.61,-5.76,524.27,78.37,15.94,63.51,219.45,39.85,155.58,103.72,251.5,0.6391
myoictis_melas,22.6,8.34,89.3,831.6,27.74,18.4,9.34,23.53,21.67,25.87,19.33,1869.32,205.52,115.99,25.54,575.45,289.96,519.25,346.16,439.9,0.9643
myomyscus_verreauxii,9.19,10.51,32.85,5927.4,26.78,-5.21,31.99,12.38,5.99,20.38,-2.01,475.15,69.05,16.03,59.52,193.35,40.07,140.05,93.37,108.2,0.6783
myonycteris_relicta,21.69,8.49,89.16,1170.0,26.92,17.4,9.52,22.64,20.73,25.02,18.35,1766.88,198.41,106.31,27.8,555.54,265.77,492.78,328.52,421.4,0.9764
myonycteris_torquata,26.77,7.38,88.06,50.0,31.37,23.0,8.38,27.6,25.93,29.7,23.83,2022.02,210.73,134.72,20.05,590.04,336.8,556.1,370.74,186.5,0.8827
myoprocta_acouchy,25.07,7.87,88.72,90.0,29.94,21.08,8.87,25.95,24.18,28.17,21.96,1987.26,208.25,131.49,20.6,583.1,328.73,547.09,364.73,409.1,0.9202
myopterus_whitleyi,25.95,7.56,88.31,189.0,30.66,22.1,8.56,26.81,25.1,28.95,22.96,2010.02,212.02,131.89,21.26,593.64,329.73,554.02,369.35,225.9,0.9013
myopus_schisticolor,-3.76,12.78,24.06,10395.0,25.44,-27.65,53.09,1.55,-9.07,14.82,-22.34,747.78,131.87,6.67,89.3,369.25,16.67,231.55,154.37,0.0,0.5219
myosciurus_pumilio,25.64,7.59,88.35,365.4,30.36,21.78,8.59,26.5,24.78,28.65,22.64,1998.62,213.26,129.18,22.44,597.13,322.96,552.05,368.04,191.0,0.9081
myosorex_cafer,12.2,10.09,39.21,4602.6,26.35,0.62,25.73,14.77,9.63,21.21,3.19,494.98,67.38,20.34,50.68,188.67,50.86,143.71,95.81,267.2,0.7532
myosorex_geata,21.35,8.55,85.09,1281.6,26.88,16.83,10.05,22.36,20.35,24.87,17.83,1726.42,195.2,102.8,28.54,546.56,257.01,482.14,321.43,420.4,0.9802
myosorex_varius,10.68,10.3,35.56,5284.8,26.6,-2.35,28.96,13.57,7.78,20.81,0.54,446.59,62.91,16.66,55.23,176.15,41.65,130.68,87.12,180.8,0.6941
myospalax_myospalax,-0.75,12.23,25.24,9410.4,25.89,-22.55,48.44,4.09,-5.6,16.2,-17.71,885.55,150.11,12.74,82.74,420.32,31.85,271.3,180.87,0.0,0.607
myospalax_psilurus,3.47,11.6,28.9,7655.4,25.55,-14.6,40.15,7.48,-0.55,17.52,-10.58,737.69,116.06,17.81,71.04,324.97,44.51,221.69,147.79,175.4,0.6622
myotis_adversus,22.45,8.37,89.33,871.2,27.6,18.23,9.37,23.39,21.51,25.73,19.17,1857.85,204.77,114.86,25.81,573.34,287.16,516.3,344.2,444.5,0.9664
myotis_albescens,20.71,8.58,70.59,1726.2,27.4,15.24,12.15,21.93,19.5,24.97,16.46,1559.2,181.11,88.99,31.51,507.1,222.48,437.75,291.83,309.6,0.9859
myotis_altarium,13.06,9.84,38.4,4577.4,27.15,1.53,25.62,15.62,10.49,22.02,4.09,516.94,70.28,21.32,50.52,196.78,53.29,150.05,100.03,147.2,0.7805
myotis_annectans,15.13,9.39,40.4,4077.0,27.91,4.66,23.25,17.45,12.8,23.26,6.99,633.26,83.89,27.87,47.18,234.9,69.68,182.75,121.83,64.2,0.8671
myotis_auriculus,12.23,9.94,36.24,4964.4,27.32,-0.12,27.44,14.97,9.48,21.83,2.62,477.7,66.23,18.67,53.1,185.44,46.68,139.27,92.85,93.1,0.7434
myotis_austroriparius,9.77,10.31,32.06,5965.2,27.47,-4.7,32.17,12.99,6.56,21.03,-1.49,494.45,71.99,16.58,59.77,201.57,41.44,145.8,97.2,0.0,0.7032
myotis_bechsteinii,3.11,11.53,27.14,8146.8,26.47,-16.0,42.47,7.35,-1.14,17.97,-11.76,841.46,135.26,18.01,74.31,378.72,45.03,254.25,169.5,0.0,0.682
myotis_blythii,6.78,10.86,29.54,6939.0,27.0,-9.76,36.77,10.46,3.11,19.65,-6.09,630.93,96.13,17.74,66.26,269.15,44.35,188.1,125.4,2.4,0.7031
myotis_bocagii,23.99,7.93,88.8,792.0,28.9,19.97,8.93,24.88,23.1,27.12,20.87,1908.98,209.35,118.87,25.28,586.18,297.16,530.01,353.34,244.5,0.9412
myotis_brandtii,-0.19,12.14,25.63,9183.6,25.87,-21.5,47.37,4.55,-4.92,16.39,-16.76,894.7,150.26,14.0,81.22,420.72,35.0,273.43,182.29,19.2,0.6196
myotis_californicus,7.57,10.79,31.17,6483.6,26.61,-8.0,34.62,11.04,4.11,19.69,-4.54,541.33,80.76,16.59,63.22,226.13,41.47,160.56,107.04,94.6,0.6775
myotis_capaccinii,6.54,11.02,30.93,6701.4,26.15,-9.5,35.65,10.11,2.98,19.02,-5.93,567.22,85.48,16.7,64.68,239.35,41.74,168.66,112.44,150.9,0.6657
myotis_chinensis,14.3,9.63,40.94,4132.8,27.23,3.71,23.52,16.65,11.94,22.53,6.07,604.1,80.26,26.4,47.55,224.74,66.01,174.45,116.3,165.5,0.8443
myotis_dasycneme,-2.37,12.55,24.79,9871.2,25.46,-25.15,50.61,2.69,-7.44,15.34,-20.09,831.0,143.53,9.83,85.81,401.88,24.57,255.87,170.58,32.6,0.5664
myotis_daubentonii,3.04,11.57,27.46,8076.6,26.22,-15.92,42.14,7.26,-1.17,17.79,-11.71,825.42,132.28,17.99,73.84,370.38,44.98,249.21,166.14,42.9,0.6766
myotis_elegans,18.31,8.84,49.15,2962.8,28.2,10.21,17.99,20.11,16.51,24.6,12.01,1019.62,127.19,51.19,39.75,356.13,127.98,290.47,193.64,98.6,0.9782
myotis_emarginatus,5.78,11.19,30.6,6894.0,25.88,-10.67,36.55,9.43,2.12,18.57,-7.02,596.43,90.68,16.92,65.96,253.91,42.3,177.72,118.48,178.4,0.6615
myotis_evotis,5.27,11.22,29.44,7221.6,26.22,-11.88,38.1,9.08,1.46,18.6,-8.07,668.37,103.14,17.74,68.14,288.8,44.36,199.89,133.26,102.4,0.6812
myotis_formosus,14.99,9.43,40.42,4093.2,27.82,4.49,23.33,17.32,12.65,23.15,6.82,627.06,83.14,27.54,47.29,232.8,68.86,181.0,120.66,78.1,0.8629
myotis_fortidens,14.83,9.48,40.57,4098.6,27.68,4.32,23.35,17.17,12.5,23.01,6.66,622.55,82.57,27.33,47.32,231.19,68.32,179.71,119.81,99.1,0.8592
myotis_goudoti,15.16,9.65,48.2,3391.2,26.17,6.15,20.01,17.16,13.16,22.16,8.15,803.32,102.6,38.42,42.61,287.27,96.05,230.0,153.33,381.5,0.9275
myotis_grisescens,8.33,10.58,30.75,6436.8,27.25,-7.15,34.4,11.77,4.89,20.37,-3.71,548.71,81.68,16.96,62.91,228.72,42.4,162.67,108.45,0.0,0.7003
myotis_hasseltii,22.7,8.1,77.41,1369.8,28.46,17.99,10.47,23.75,21.65,26.36,19.04,1729.9,196.65,102.16,29.13,550.63,255.41,483.62,322.41,171.3,0.9624
myotis_horsfieldii,22.07,8.21,71.26,1593.0,28.41,16.89,11.52,23.23,20.92,26.11,18.04,1639.41,188.91,94.79,30.62,528.94,236.96,459.54,306.36,162.8,0.971
myotis_keaysi,25.57,7.59,88.36,401.4,30.3,21.71,8.59,26.43,24.71,28.58,22.57,1994.9,213.36,128.54,22.68,597.42,321.36,551.27,367.51,184.7,0.9096
myotis_keenii,-1.31,12.44,25.92,9315.0,25.08,-22.91,47.99,3.49,-6.11,15.48,-18.11,872.1,147.26,13.01,82.1,412.32,32.52,266.91,177.94,130.5,0.5939
myotis_leibii,5.51,11.09,28.61,7360.2,26.83,-11.93,38.76,9.39,1.63,19.08,-8.05,709.82,110.22,18.3,69.07,308.62,45.74,212.62,141.74,0.0,0.7033
myotis_levis,10.51,10.39,36.44,5189.4,26.18,-2.32,28.51,13.36,7.66,20.48,0.53,439.3,61.59,16.62,54.6,172.46,41.55,128.41,85.6,251.9,0.686
myotis_macrodactylus,5.57,11.27,31.08,6834.6,25.52,-10.76,36.27,9.19,1.94,18.26,-7.13,576.9,87.47,16.56,65.56,244.93,41.39,171.79,114.53,238.5,0.6463
myotis_macrotarsus,19.28,8.88,64.33,2077.2,26.88,13.07,13.81,20.66,17.9,24.11,14.45,1389.54,164.79,76.6,33.85,461.4,191.5,391.74,261.16,364.8,0.9936
myotis_montivagus,18.27,8.86,49.37,2952.0,28.14,10.2,17.94,20.07,16.48,24.55,11.99,1022.78,127.51,51.41,39.68,357.02,128.53,291.33,194.22,108.8,0.9786
myotis_muricola,19.88,8.59,56.91,2350.8,28.19,13.09,15.1,21.39,18.37,25.17,14.6,1293.23,155.82,69.33,35.67,436.31,173.31,365.77,243.85,143.7,0.9882
myotis_myotis,1.91,11.74,26.5,8539.2,26.29,-18.04,44.32,6.34,-2.52,17.42,-13.61,883.07,144.35,16.98,76.93,404.19,42.45,267.98,178.65,0.0,0.6625
myotis_nattereri,2.0,11.81,27.38,8289.0,25.73,-17.42,43.14,6.31,-2.32,17.1,-13.1,843.48,136.42,17.39,75.26,381.96,43.47,255.26,170.17,103.7,0.6565
myotis_nesopolus,20.37,8.58,63.95,1994.4,27.75,14.33,13.42,21.71,19.03,25.06,15.67,1447.59,170.84,80.47,33.3,478.35,201.17,407.71,271.81,236.5,0.9877
myotis_oxygnathus,3.89,11.51,28.93,7574.4,25.76,-14.01,39.77,7.86,-0.09,17.81,-10.03,727.11,113.99,17.88,70.5,319.16,44.69,218.31,145.54,149.1,0.6689
myotis_oxyotus,25.04,7.74,88.55,455.4,29.84,21.11,8.74,25.91,24.16,28.1,21.98,1978.56,212.36,126.9,23.04,594.6,317.25,547.11,364.74,241.7,0.9208
myotis_ridleyi,23.82,7.96,88.84,842.4,28.75,19.79,8.96,24.72,22.93,26.96,20.68,1895.38,208.52,117.49,25.62,583.87,293.72,526.55,351.03,246.9,0.9442
myotis_riparius,20.49,8.65,71.54,1713.6,27.14,15.05,12.09,21.7,19.28,24.73,16.26,1558.84,180.93,89.08,31.42,506.6,222.71,437.59,291.72,349.3,0.9878
myotis_rosseti,19.42,8.69,55.7,2458.8,28.01,12.39,15.61,20.98,17.86,24.88,13.96,1239.14,150.24,65.68,36.39,420.66,164.21,350.92,233.95,164.3,0.9891
myotis_ruber,12.93,10.02,42.04,4201.2,26.04,2.2,23.84,15.31,10.54,21.27,4.58,561.04,74.81,24.31,48.01,209.47,60.77,162.14,108.1,343.9,0.8028
myotis_siligorensis,17.49,9.0,47.08,3202.2,28.01,8.89,19.12,19.4,15.58,24.18,10.8,917.45,115.97,44.84,41.35,324.71,112.1,262.09,174.73,111.6,0.9646
myotis_sodalis,7.07,10.8,29.73,6849.0,27.06,-9.28,36.34,10.71,3.44,19.79,-5.65,615.2,93.34,17.61,65.66,261.36,44.01,183.23,122.15,0.0,0.7031
myotis_thysanodes,8.68,10.58,32.02,6148.8,26.85,-6.19,33.04,11.98,5.38,20.24,-2.88,499.95,73.43,16.25,60.99,205.59,40.63,147.73,98.49,81.8,0.681
myotis_tricolor,19.33,8.86,63.6,2102.4,26.99,13.06,13.93,20.72,17.94,24.21,14.46,1380.57,163.97,75.91,34.02,459.1,189.78,389.33,259.55,345.4,0.9933
myotis_velifer,12.7,9.83,36.36,4879.8,27.57,0.53,27.04,15.4,9.99,22.16,3.23,490.49,67.71,19.4,52.53,189.6,48.51,142.86,95.24,60.7,0.7591
myotis_vivesi,11.67,10.11,36.7,4986.0,26.82,-0.73,27.54,14.42,8.91,21.31,2.03,464.5,64.47,18.1,53.24,180.51,45.25,135.46,90.31,169.1,0.725
myotis_volans,5.19,11.25,29.64,7192.8,26.07,-11.9,37.97,8.98,1.39,18.48,-8.1,659.06,101.57,17.6,67.95,284.4,44.0,197.04,131.36,128.3,0.6753
myotis_welwitschii,16.37,9.35,48.88,3202.2,26.89,7.77,19.12,18.28,14.46,23.06,9.68,891.62,112.7,43.58,41.35,315.57,108.95,254.71,169.81,283.8,0.956
myotis_yumanensis,6.76,10.96,30.78,6694.2,26.35,-9.26,35.61,10.32,3.2,19.23,-5.7,570.59,85.96,16.82,64.63,240.69,42.05,169.65,113.1,120.4,0.673
myotomys_sloggetti,10.34,10.37,35.28,5374.8,26.5,-2.88,29.38,13.28,7.4,20.62,0.06,443.42,62.74,16.32,55.83,175.67,40.8,129.88,86.59,190.5,0.6849
myotomys_unisulcatus,9.76,10.43,33.79,5686.2,26.73,-4.12,30.85,12.85,6.68,20.56,-1.04,456.89,65.63,16.03,57.91,183.77,40.07,134.3,89.54,133.0,0.6803
myrmecobius_fasciatus,8.31,10.72,32.72,6087.6,26.32,-6.42,32.75,11.59,5.04,19.78,-3.15,480.74,70.4,15.79,60.58,197.12,39.48,141.96,94.64,166.9,0.6607
myrmecophaga_tridactyla,21.57,8.44,80.01,1387.8,27.38,16.82,10.55,22.63,20.52,25.27,17.88,1698.05,193.25,100.11,29.25,541.09,250.28,474.82,316.55,336.4,0.9776
mystacina_tuberculata,5.47,11.1,28.58,7374.6,26.82,-12.0,38.82,9.35,1.58,19.06,-8.12,712.52,110.71,18.31,69.16,309.99,45.77,213.46,142.31,0.0,0.7032
mystromys_albicaudatus,10.38,10.35,35.14,5389.2,26.58,-2.87,29.45,13.33,7.44,20.69,0.07,445.26,63.04,16.35,55.93,176.53,40.88,130.44,86.96,177.3,0.6869
myzopoda_aurita,14.77,9.71,46.92,3535.2,26.15,5.46,20.69,16.84,12.7,22.01,7.53,752.13,96.81,35.37,43.57,271.07,88.43,215.7,143.8,373.3,0.9089
naemorhedus_baileyi,12.86,9.79,36.41,4849.2,27.66,0.76,26.9,15.55,10.17,22.28,3.45,495.38,68.28,19.68,52.33,191.19,49.2,144.24,96.16,49.4,0.7647
naemorhedus_caudatus,3.77,11.55,29.06,7567.2,25.62,-14.11,39.73,7.74,-0.21,17.67,-10.14,722.51,113.23,17.79,70.45,317.04,44.48,216.91,144.61,171.1,0.6644
naemorhedus_goral,10.79,10.13,33.16,5623.2,27.6,-2.95,30.55,13.85,7.74,21.49,0.1,474.02,67.89,16.79,57.49,190.08,41.98,139.24,92.83,3.6,0.7132
nandinia_binotata,24.59,7.78,88.61,705.6,29.42,20.64,8.78,25.47,23.72,27.67,21.52,1937.83,211.35,121.59,24.7,591.79,303.98,537.46,358.31,192.3,0.9298
nanger_dama,16.06,9.27,43.78,3639.6,27.71,6.52,21.19,18.18,13.94,23.47,8.64,753.28,97.51,34.99,44.26,273.01,87.47,216.29,144.19,126.4,0.9205
nanger_granti,25.04,7.89,88.75,50.4,29.93,21.04,8.89,25.93,24.15,28.15,21.92,1984.76,207.44,131.76,20.34,580.83,329.4,546.14,364.09,432.1,0.9208
nanger_soemmerringii,19.82,8.84,71.63,1765.8,26.61,14.27,12.34,21.05,18.59,24.14,15.5,1523.7,177.4,86.63,31.77,496.73,216.58,427.99,285.32,428.3,0.9925
nanonycteris_veldkampii,23.13,8.0,79.35,1288.8,28.68,18.59,10.09,24.14,22.12,26.66,19.6,1765.24,199.68,105.04,28.59,559.1,262.61,493.02,328.68,143.5,0.9558
napaeozapus_insignis,3.58,11.44,27.41,7992.0,26.54,-15.2,41.74,7.75,-0.59,18.19,-11.03,819.54,130.85,18.25,73.28,366.39,45.62,247.2,164.8,0.0,0.6882
nasalis_larvatus,25.17,7.77,88.6,255.6,29.99,21.22,8.77,26.04,24.29,28.24,22.1,1991.48,210.98,129.94,21.7,590.75,324.84,549.35,366.24,315.8,0.9181
nasua_narica,15.81,9.28,42.04,3826.8,27.95,5.88,22.07,18.02,13.6,23.53,8.08,701.15,91.67,31.84,45.51,256.67,79.59,201.76,134.51,76.5,0.901
nasua_nasua,19.32,8.87,64.21,2079.0,26.92,13.1,13.82,20.7,17.94,24.15,14.48,1389.65,164.82,76.59,33.86,461.49,191.48,391.78,261.19,358.4,0.9935
nasuella_olivacea,24.37,7.85,88.7,703.8,29.23,20.38,8.85,25.25,23.48,27.46,21.27,1932.84,210.78,121.3,24.69,590.2,303.25,536.07,357.38,228.3,0.9341
natalus_stramineus,24.41,7.85,88.7,669.6,29.28,20.43,8.85,25.3,23.53,27.51,21.32,1939.23,211.02,122.07,24.46,590.86,305.17,537.62,358.41,237.0,0.9333
natalus_tumidirostris,22.14,8.33,85.03,1227.6,27.53,17.73,9.8,23.12,21.16,25.57,18.71,1760.86,198.43,105.38,28.18,555.61,263.45,491.44,327.63,324.0,0.9706
neacomys_guianae,23.73,8.11,89.03,518.4,28.74,19.63,9.11,24.64,22.82,26.92,20.54,1942.52,209.34,123.91,23.46,586.15,309.77,537.55,358.37,413.5,0.9459
neacomys_spinosus,20.89,8.55,72.58,1648.8,27.37,15.58,11.79,22.07,19.71,25.01,16.76,1591.84,184.04,91.54,30.99,515.32,228.85,446.51,297.67,319.2,0.9844
neacomys_tenuipes,23.57,8.08,88.98,738.0,28.57,19.49,9.08,24.48,22.67,26.75,20.4,1908.97,208.63,119.44,24.92,584.18,298.59,529.66,353.11,333.9,0.9487
neamblysomus_julianae,12.51,10.03,39.65,4510.8,26.42,1.12,25.3,15.04,9.98,21.36,3.65,510.66,69.19,21.25,50.07,193.73,53.12,148.11,98.74,262.7,0.7678
necromys_amoenus,16.93,9.2,48.97,3132.0,27.26,8.47,18.79,18.81,15.05,23.51,10.35,928.21,116.88,45.73,40.88,327.26,114.32,264.95,176.63,230.7,0.9647
necromys_lactens,14.48,9.65,42.95,3913.2,26.84,4.37,22.48,16.73,12.23,22.35,6.61,651.2,85.53,29.26,46.09,239.48,73.14,187.57,125.05,240.3,0.8681
necromys_obscurus,6.94,10.98,31.7,6490.8,25.99,-8.66,34.65,10.4,3.47,19.06,-5.19,528.18,78.83,16.17,63.27,220.72,40.41,156.68,104.45,189.3,0.6545
necromys_temchuki,11.56,10.21,38.27,4804.2,26.23,-0.45,26.69,14.23,8.89,20.9,2.22,467.11,64.24,18.67,52.03,179.88,46.68,135.94,90.62,271.3,0.7245
necromys_urichi,22.72,8.21,89.14,1087.2,27.79,18.58,9.21,23.65,21.8,25.95,19.5,1813.36,202.58,109.94,27.25,567.23,274.85,505.25,336.83,300.5,0.9624
nectogale_elegans,11.03,10.1,33.68,5506.2,27.53,-2.47,30.0,14.03,8.03,21.53,0.53,468.6,66.73,16.91,56.71,186.85,42.26,137.47,91.64,23.0,0.7148
nectomys_rattus,22.71,8.31,89.26,826.2,27.83,18.52,9.31,23.64,21.78,25.97,19.45,1872.86,205.84,116.26,25.51,576.34,290.65,520.19,346.8,425.9,0.9626
nelsonia_neotomodon,15.15,9.44,41.86,3929.4,27.56,5.0,22.56,17.41,12.9,23.05,7.26,663.25,87.19,29.74,46.2,244.12,74.34,191.08,127.39,129.2,0.8804
neofelis_nebulosa,20.45,8.52,61.61,2082.6,28.06,14.22,13.83,21.83,19.06,25.29,15.6,1414.25,167.77,77.92,33.88,469.76,194.8,398.74,265.82,183.1,0.9866
neofiber_alleni,12.33,9.88,35.44,5056.2,27.66,-0.22,27.88,15.11,9.54,22.08,2.57,479.41,66.77,18.49,53.71,186.96,46.24,139.92,93.28,34.6,0.7462
neohylomys_hainanensis,16.24,9.3,46.13,3423.6,27.33,7.16,20.17,18.25,14.22,23.3,9.18,818.44,104.71,39.0,42.82,293.19,97.49,234.41,156.27,200.2,0.9397
neomys_anomalus,3.07,11.53,27.12,8157.6,26.46,-16.06,42.52,7.33,-1.18,17.96,-11.81,842.89,135.55,17.99,74.38,379.54,44.98,254.71,169.81,0.0,0.6814
neomys_fodiens,-2.58,12.56,24.51,10004.4,25.6,-25.64,51.24,2.54,-7.7,15.36,-20.51,815.89,141.67,9.05,86.7,396.68,22.61,251.58,167.72,1.6,0.5593
neophascogale_lorentzi,22.47,8.36,89.31,891.0,27.62,18.26,9.36,23.41,21.54,25.75,19.2,1854.23,204.62,114.44,25.94,572.94,286.09,515.42,343.61,431.6,0.9661
neoromicia_capensis,21.64,8.32,70.1,1665.0,28.17,16.3,11.86,22.83,20.46,25.79,17.49,1603.34,185.55,92.06,31.1,519.55,230.15,449.82,299.88,195.3,0.9763
neoromicia_flavescens,19.4,8.81,61.55,2183.4,27.27,12.96,14.31,20.83,17.97,24.41,14.39,1349.53,161.04,73.6,34.56,450.91,184.0,380.94,253.96,297.2,0.9923
neoromicia_helios,22.32,8.39,89.35,937.8,27.48,18.1,9.39,23.26,21.38,25.61,19.03,1840.48,203.7,113.11,26.25,570.37,282.78,511.89,341.26,433.0,0.9683
neoromicia_nanus,21.68,8.34,72.5,1587.6,28.0,16.5,11.5,22.83,20.53,25.7,17.65,1632.15,188.01,94.41,30.58,526.43,236.04,457.48,304.99,226.5,0.976
neoromicia_rendalli,25.9,7.55,88.31,239.4,30.61,22.06,8.55,26.76,25.05,28.9,22.91,2008.72,212.58,131.24,21.6,595.23,328.11,554.0,369.33,210.0,0.9024
neoromicia_somalicus,24.17,7.93,88.81,630.0,29.09,20.15,8.93,25.07,23.28,27.3,21.05,1939.4,210.51,122.51,24.2,589.42,306.26,537.41,358.27,292.4,0.9379
neoromicia_tenuipinnis,26.19,7.49,88.23,163.8,30.86,22.37,8.49,27.04,25.34,29.17,23.22,2015.29,212.22,132.52,21.09,594.21,331.3,555.3,370.2,200.9,0.896
neoromicia_zuluensis,14.08,9.7,41.49,4105.8,26.94,3.56,23.39,16.42,11.74,22.27,5.89,603.9,80.12,26.48,47.37,224.35,66.21,174.34,116.22,211.4,0.8415
neotoma_albigula,11.22,10.14,35.11,5266.8,27.1,-1.77,28.87,14.11,8.33,21.32,1.11,458.35,64.51,17.15,55.11,180.63,42.86,134.09,89.4,105.8,0.7124
neotoma_angustapalata,14.8,9.47,40.2,4141.8,27.75,4.19,23.56,17.15,12.44,23.04,6.55,614.08,81.63,26.81,47.61,228.56,67.02,177.35,118.23,84.4,0.8549
neotoma_anthonyi,9.33,10.54,33.96,5725.8,26.4,-4.63,31.04,12.44,6.23,20.2,-1.53,451.58,65.0,15.74,58.17,181.99,39.35,132.8,88.54,180.2,0.6672
neotoma_bryanti,11.24,10.21,36.49,5076.0,26.62,-1.35,27.97,14.03,8.44,21.03,1.45,454.36,63.35,17.48,53.84,177.37,43.69,132.64,88.42,192.7,0.7104
neotoma_bunkeri,12.56,9.95,37.98,4698.0,26.96,0.77,26.19,15.17,9.94,21.72,3.39,496.07,67.86,20.12,51.32,190.0,50.31,144.19,96.12,167.6,0.7601
neotoma_cinerea,-0.14,12.19,26.17,9016.2,25.48,-21.1,46.58,4.52,-4.8,16.16,-16.44,887.15,147.96,14.71,80.11,414.28,36.76,270.63,180.42,90.7,0.6193
neotoma_devia,8.36,10.67,32.22,6166.8,26.57,-6.55,33.12,11.67,5.05,19.95,-3.23,495.77,72.87,16.07,61.11,204.05,40.17,146.53,97.69,122.9,0.6708
neotoma_goldmani,13.68,9.68,38.35,4496.4,27.56,2.32,25.23,16.2,11.16,22.51,4.85,539.14,72.99,22.47,49.98,204.39,56.19,156.34,104.23,89.5,0.8022
neotoma_lepida,8.62,10.64,32.77,6030.0,26.48,-5.99,32.47,11.87,5.37,19.99,-2.74,478.21,69.84,15.86,60.2,195.55,39.65,141.12,94.08,146.5,0.6666
neotoma_martinensis,10.04,10.42,34.82,5486.4,26.49,-3.42,29.91,13.03,7.05,20.51,-0.43,444.3,63.21,16.08,56.58,176.99,40.19,130.31,86.87,183.6,0.6788
neotoma_mexicana,12.6,9.85,36.2,4914.0,27.56,0.36,27.2,15.32,9.88,22.12,3.08,487.33,67.39,19.18,52.76,188.7,47.96,142.0,94.67,59.3,0.7556
neotoma_micropus,11.2,10.1,34.38,5374.8,27.36,-2.02,29.38,14.14,8.27,21.49,0.92,463.37,65.56,17.06,55.83,183.58,42.64,135.73,90.49,57.5,0.7151
neotoma_nelsoni,16.72,9.13,44.67,3481.2,27.96,7.53,20.44,18.77,14.68,23.88,9.57,812.63,104.29,38.46,43.21,292.02,96.15,232.9,155.27,98.4,0.9408
neotoma_palatina,14.99,9.47,41.41,3994.2,27.56,4.7,22.86,17.28,12.7,22.99,6.99,646.09,85.22,28.74,46.63,238.62,71.84,186.28,124.18,124.0,0.8715
neotoma_phenax,12.59,9.92,37.66,4732.2,27.08,0.73,26.35,15.22,9.95,21.81,3.37,494.64,67.78,19.97,51.55,189.79,49.93,143.83,95.89,146.7,0.7598
neotoma_stephensi,8.24,10.67,31.72,6273.0,26.74,-6.89,33.62,11.61,4.88,20.01,-3.53,513.15,75.81,16.33,61.82,212.26,40.82,151.85,101.23,90.7,0.6781
neotomodon_alstoni,16.62,9.16,44.77,3486.6,27.87,7.41,20.46,18.66,14.57,23.78,9.45,808.61,103.81,38.24,43.24,290.66,95.61,231.77,154.51,112.2,0.9393
neotomys_ebriosus,16.5,9.25,46.75,3344.4,27.38,7.59,19.79,18.48,14.52,23.43,9.57,848.69,108.12,40.81,42.3,302.72,102.03,242.85,161.9,197.3,0.9482
neotragus_batesi,25.23,7.71,88.52,358.2,30.02,21.31,8.71,26.1,24.36,28.28,22.18,1989.53,212.19,128.68,22.39,594.14,321.69,549.5,366.33,257.5,0.9168
neotragus_moschatus,18.2,9.1,59.46,2392.2,26.61,11.31,15.3,19.73,16.67,23.55,12.84,1237.67,149.49,66.06,35.95,418.56,165.16,350.23,233.49,383.5,0.9925
neotragus_pygmaeus,23.24,7.99,81.66,1225.8,28.62,18.83,9.79,24.22,22.26,26.67,19.81,1786.68,201.32,106.94,28.17,563.7,267.36,498.64,332.43,156.2,0.954
nesokia_indica,9.06,10.51,32.43,6019.2,26.89,-5.54,32.42,12.3,5.81,20.4,-2.29,486.44,71.0,16.16,60.13,198.81,40.41,143.53,95.69,85.0,0.682
nesolagus_netscheri,26.29,7.47,88.19,151.2,30.95,22.48,8.47,27.14,25.44,29.25,23.32,2017.27,212.25,132.79,21.01,594.3,331.98,555.77,370.51,192.2,0.8937
nesomys_rufus,15.5,9.59,49.21,3277.8,26.21,6.73,19.48,17.45,13.55,22.32,8.68,846.72,107.47,41.03,41.85,300.93,102.57,242.1,161.4,382.5,0.9409
neurotrichus_gibbsii,3.23,11.63,28.53,7785.0,25.65,-15.12,40.76,7.3,-0.85,17.49,-11.04,763.71,120.84,17.88,71.9,338.36,44.71,229.84,153.23,151.5,0.6646
neusticomys_monticolus,26.01,7.52,88.26,235.8,30.7,22.18,8.52,26.86,25.16,28.99,23.03,2011.23,212.8,131.45,21.57,595.83,328.62,554.67,369.78,195.2,0.9
neusticomys_mussoi,21.98,8.29,76.44,1450.8,27.95,17.1,10.85,23.06,20.89,25.78,18.18,1686.59,192.68,98.85,29.67,539.5,247.11,471.97,314.65,244.3,0.9724
neusticomys_oyapocki,23.58,8.15,89.08,536.4,28.61,19.46,9.15,24.5,22.66,26.78,20.38,1937.2,209.01,123.37,23.58,585.22,308.43,536.19,357.46,427.8,0.9485
neusticomys_peruviensis,20.59,8.54,65.35,1920.6,27.78,14.71,13.07,21.9,19.29,25.17,16.02,1481.86,174.12,82.98,32.8,487.55,207.45,417.0,278.0,236.7,0.9863
neusticomys_venezuelae,22.09,8.34,84.79,1236.6,27.5,17.66,9.84,23.07,21.11,25.53,18.65,1756.99,198.11,105.06,28.24,554.7,262.66,490.42,326.94,327.8,0.9712
ningaui_ridei,12.56,10.09,41.38,4316.4,25.97,1.59,24.38,15.0,10.12,21.09,4.03,535.26,71.8,22.85,48.78,201.04,57.12,154.9,103.26,346.3,0.7826
ningaui_timealeyi,14.08,9.73,42.31,4024.8,26.74,3.73,23.01,16.38,11.78,22.13,6.03,619.09,81.79,27.43,46.83,229.02,68.57,178.56,119.04,249.3,0.8487
ningaui_yvonnae,8.57,10.76,34.52,5756.4,25.72,-5.46,31.18,11.69,5.45,19.49,-2.34,437.71,63.09,15.18,58.38,176.66,37.96,128.77,85.85,282.9,0.6407
niviventer_coninga,13.18,9.93,41.26,4248.0,26.41,2.35,24.06,15.58,10.77,21.6,4.76,559.48,74.78,24.1,48.32,209.4,60.24,161.78,107.85,283.4,0.806
niviventer_cremoriventer,25.78,7.62,88.39,172.8,30.52,21.9,8.62,26.64,24.92,28.79,22.76,2005.83,211.35,131.8,21.15,591.77,329.49,552.76,368.51,260.5,0.9051
niviventer_culturatus,13.18,9.93,41.26,4248.0,26.41,2.35,24.06,15.58,10.77,21.6,4.76,559.48,74.78,24.1,48.32,209.4,60.24,161.78,107.85,283.4,0.806
niviventer_fulvescens,19.92,8.58,56.69,2358.0,28.24,13.11,15.13,21.43,18.41,25.22,14.62,1291.18,155.64,69.16,35.72,435.79,172.91,365.22,243.48,134.7,0.9879
niviventer_niviventer,10.73,10.16,33.29,5614.2,27.51,-3.0,30.51,13.78,7.67,21.4,0.05,471.51,67.5,16.73,57.43,189.0,41.82,138.49,92.33,18.5,0.7104
niviventer_rapit,23.0,8.19,89.12,910.8,28.06,18.87,9.19,23.92,22.08,26.22,19.79,1862.24,205.76,114.73,26.07,576.13,286.82,517.77,345.18,340.5,0.9581
noctilio_albiventris,21.97,8.36,83.26,1279.8,27.5,17.45,10.04,22.98,20.97,25.49,18.46,1741.34,196.87,103.71,28.53,551.22,259.27,486.3,324.2,325.4,0.9728
noctilio_leporinus,24.29,7.88,88.74,680.4,29.18,20.3,8.88,25.18,23.4,27.4,21.18,1934.79,210.68,121.67,24.54,589.91,304.18,536.45,357.64,250.7,0.9356
nomascus_concolor,14.75,9.51,40.8,4086.0,27.56,4.27,23.29,17.08,12.42,22.9,6.6,622.97,82.57,27.39,47.24,231.19,68.47,179.8,119.87,117.5,0.8585
nomascus_leucogenys,15.69,9.34,42.9,3763.8,27.67,5.89,21.77,17.87,13.51,23.31,8.07,713.31,92.95,32.64,45.09,260.25,81.6,205.11,136.74,124.6,0.9045
notiomys_edwardsii,2.74,11.6,27.05,8238.6,26.33,-16.57,42.9,7.03,-1.55,17.75,-12.28,851.06,137.34,17.78,74.92,384.56,44.46,257.41,171.61,13.7,0.6753
notomys_alexis,11.88,10.19,39.56,4606.2,26.04,0.29,25.75,14.46,9.31,20.89,2.87,487.35,66.35,20.02,50.71,185.79,50.05,141.5,94.34,314.4,0.7428
notomys_aquilo,18.37,9.09,61.79,2268.0,26.47,11.76,14.71,19.85,16.9,23.52,13.23,1291.82,154.91,69.84,35.12,433.75,174.61,365.02,243.34,414.7,0.994
notomys_cervinus,10.61,10.42,37.57,5025.6,25.86,-1.87,27.73,13.38,7.83,20.31,0.9,439.77,61.16,17.04,53.5,171.24,42.6,128.3,85.54,313.4,0.6884
notomys_fuscus,10.53,10.43,37.35,5065.2,25.88,-2.04,27.92,13.32,7.74,20.3,0.76,437.93,61.02,16.87,53.77,170.86,42.18,127.83,85.22,307.0,0.6856
notomys_mitchellii,7.99,10.85,33.63,5986.8,25.74,-6.53,32.27,11.22,4.77,19.29,-3.3,456.76,66.57,15.26,59.91,186.39,38.15,134.72,89.82,263.6,0.6383
notopteris_macdonaldi,17.93,8.91,47.83,3096.0,28.18,9.56,18.62,19.8,16.07,24.45,11.42,963.78,121.12,47.68,40.64,339.12,119.19,274.99,183.32,93.2,0.9718
notoryctes_typhlops,12.44,10.09,40.69,4406.4,26.08,1.27,24.81,14.92,9.96,21.12,3.75,520.66,70.17,21.96,49.38,196.47,54.91,150.83,100.55,323.0,0.7723
nyctalus_lasiopterus,1.74,11.83,26.96,8445.6,25.88,-18.0,43.88,6.13,-2.65,17.1,-13.62,864.77,140.8,17.08,76.3,394.24,42.69,262.16,174.77,69.4,0.6551
nyctalus_leisleri,3.5,11.6,28.98,7632.0,25.52,-14.52,40.04,7.5,-0.51,17.51,-10.52,732.58,115.14,17.78,70.88,322.38,44.44,220.1,146.73,181.8,0.6613
nyctalus_noctula,4.99,11.37,30.49,7048.8,25.5,-11.79,37.29,8.72,1.26,18.04,-8.06,617.42,94.54,16.98,66.99,264.7,42.46,184.3,122.86,226.6,0.6517
nyctereutes_procyonoides,6.61,10.93,29.94,6886.8,26.7,-9.82,36.52,10.26,2.96,19.39,-6.17,613.92,93.31,17.44,65.91,261.27,43.6,182.92,121.95,53.3,0.6909
nycteris_arge,26.63,7.41,88.11,50.0,31.25,22.84,8.41,27.47,25.79,29.57,23.68,2020.62,210.99,134.3,20.24,590.76,335.76,555.91,370.61,194.4,0.8859
nycteris_gambiensis,21.87,8.24,69.18,1675.8,28.42,16.51,11.91,23.06,20.68,26.04,17.7,1604.65,185.82,92.04,31.17,520.31,230.09,450.24,300.16,155.1,0.9735
nycteris_grandis,23.08,8.05,83.11,1204.2,28.41,18.72,9.69,24.05,22.11,26.47,19.69,1789.32,201.35,107.32,28.03,563.78,268.29,499.24,332.83,190.7,0.9567
nycteris_hispida,22.96,8.11,85.97,1150.2,28.15,18.72,9.43,23.9,22.02,26.26,19.66,1801.78,202.08,108.61,27.67,565.82,271.51,502.4,334.93,234.8,0.9586
nycteris_javanica,22.21,8.27,80.65,1324.8,27.85,17.6,10.26,23.24,21.19,25.8,18.62,1732.91,196.45,102.77,28.83,550.07,256.93,484.2,322.8,267.7,0.9695
nycteris_macrotis,24.81,7.74,88.56,626.4,29.62,20.88,8.74,25.69,23.94,27.87,21.75,1954.63,212.11,123.51,24.18,593.91,308.77,541.6,361.07,195.8,0.9254
nycteris_madagascariensis,17.68,9.21,58.0,2514.6,26.41,10.54,15.87,19.27,16.09,23.24,12.13,1176.77,143.13,62.01,36.76,400.76,155.03,333.48,222.32,405.3,0.9897
nycteris_nana,26.55,7.43,88.13,50.0,31.19,22.76,8.43,27.4,25.71,29.5,23.61,2019.59,211.03,134.11,20.31,590.88,335.29,555.7,370.47,200.3,0.8878
nycteris_thebaica,25.7,7.62,88.4,230.4,30.44,21.82,8.62,26.56,24.84,28.71,22.68,2004.05,211.96,131.04,21.54,593.49,327.6,552.65,368.44,245.9,0.9068
nycteris_tragata,24.27,7.87,88.73,720.0,29.15,20.28,8.87,25.16,23.38,27.38,21.17,1928.02,210.48,120.82,24.8,589.33,302.06,534.83,356.56,235.3,0.936
nycteris_woodi,16.44,9.38,50.73,3067.2,26.61,8.13,18.48,18.29,14.59,22.91,9.97,939.4,117.86,46.62,40.45,330.02,116.55,267.94,178.63,336.2,0.9642
nycticebus_bengalensis,17.42,9.02,47.03,3214.8,27.97,8.78,19.18,19.33,15.5,24.13,10.7,911.56,115.3,44.49,41.43,322.85,111.23,260.45,173.63,117.0,0.9635
nycticebus_coucang,26.22,7.53,88.27,50.0,30.91,22.38,8.53,27.07,25.37,29.21,23.24,2011.98,210.26,133.59,20.32,588.73,333.97,553.62,369.08,250.9,0.8953
nycticebus_pygmaeus,17.51,9.05,49.21,3049.2,27.63,9.23,18.4,19.35,15.67,23.95,11.07,970.4,121.63,48.25,40.33,340.57,120.64,276.72,184.48,180.1,0.9723
nycticeinops_schlieffeni,25.43,7.65,88.44,363.6,30.19,21.54,8.65,26.3,24.57,28.46,22.4,1993.83,212.73,128.89,22.42,595.63,322.24,550.72,367.15,224.4,0.9126
nycticeius_humeralis,10.22,10.23,32.51,5819.4,27.53,-3.95,31.48,13.37,7.07,21.24,-0.8,483.76,69.94,16.61,58.8,195.84,41.53,142.42,94.95,0.0,0.7068
nyctimene_aello,22.81,8.3,89.25,761.4,27.93,18.63,9.3,23.74,21.88,26.07,19.56,1887.33,206.58,117.84,25.08,578.41,294.6,523.81,349.2,440.1,0.9611
nyctimene_albiventer,22.95,8.28,89.22,723.6,28.05,18.77,9.28,23.88,22.02,26.2,19.7,1896.93,207.13,118.84,24.82,579.96,297.09,526.23,350.82,437.0,0.9589
nyctimene_cephalotes,22.74,8.32,89.27,774.0,27.87,18.55,9.32,23.68,21.81,26.01,19.48,1883.49,206.32,117.47,25.16,577.7,293.67,522.82,348.55,444.9,0.9622
nyctimene_certans,21.82,8.47,89.44,1123.2,27.03,17.56,9.47,22.77,20.87,25.14,18.51,1782.91,199.63,107.74,27.49,558.96,269.34,496.98,331.32,422.6,0.9748
nyctimene_cyclotis,22.13,8.41,89.38,1018.8,27.31,17.89,9.41,23.07,21.19,25.43,18.84,1817.04,202.13,110.85,26.79,565.97,277.13,505.86,337.24,424.0,0.9708
nyctimene_draconilla,22.23,8.4,89.36,984.6,27.39,18.0,9.4,23.17,21.29,25.52,18.94,1827.49,202.86,111.84,26.56,568.01,279.59,508.56,339.04,425.5,0.9695
nyctimene_major,21.73,8.41,81.51,1339.2,27.41,17.08,10.32,22.76,20.7,25.34,18.12,1717.23,194.85,101.71,28.93,545.57,254.26,479.9,319.94,335.3,0.9757
nyctimene_malaitensis,21.46,8.39,72.2,1614.6,27.85,16.22,11.62,22.62,20.29,25.52,17.39,1617.38,186.61,93.32,30.76,522.51,233.29,453.48,302.32,247.8,0.9785
nyctimene_masalai,23.66,8.08,88.99,666.0,28.65,19.58,9.08,24.57,22.75,26.84,20.48,1922.42,209.14,121.05,24.44,585.6,302.62,532.93,355.29,354.4,0.9471
nyctimene_rabori,19.61,8.83,67.16,1938.6,26.85,13.69,13.15,20.93,18.3,24.22,15.01,1452.2,170.82,81.17,32.92,478.3,202.93,408.74,272.49,378.8,0.9929
nyctimene_robinsoni,14.54,9.7,44.87,3733.2,26.44,4.81,21.63,16.71,12.38,22.11,6.97,694.35,90.33,31.89,44.89,252.92,79.72,199.59,133.06,315.4,0.8863
nyctimene_vizcaccia,22.58,8.25,89.19,1071.0,27.67,18.42,9.25,23.51,21.66,25.82,19.35,1814.35,202.49,110.16,27.14,566.97,275.4,505.42,336.95,329.7,0.9645
nyctinomops_aurispinosus,25.3,7.7,88.5,349.2,30.08,21.38,8.7,26.17,24.43,28.34,22.25,1991.5,212.28,128.9,22.33,594.38,322.26,549.98,366.65,251.6,0.9154
nyctinomops_femorosaccus,12.63,9.91,37.73,4717.8,27.09,0.81,26.28,15.26,10.01,21.83,3.44,496.59,68.0,20.09,51.45,190.39,50.23,144.37,96.25,146.3,0.7616
nyctinomops_laticaudatus,24.24,7.93,88.8,601.2,29.15,20.22,8.93,25.13,23.35,27.36,21.12,1944.75,210.7,123.15,24.01,589.95,307.89,538.7,359.13,295.8,0.9365
nyctinomops_macrotis,25.4,7.65,88.44,392.4,30.16,21.51,8.65,26.27,24.54,28.43,22.38,1991.58,212.88,128.43,22.62,596.07,321.08,550.29,366.86,214.9,0.9132
nyctomys_sumichrasti,19.83,8.58,55.48,2428.2,28.33,12.87,15.47,21.37,18.28,25.24,14.41,1260.79,152.59,67.04,36.19,427.26,167.61,356.92,237.95,116.1,0.9876
nyctophilus_arnhemensis,16.36,9.42,51.52,3024.0,26.41,8.13,18.28,18.19,14.53,22.76,9.96,952.71,119.25,47.51,40.16,333.89,118.77,271.6,181.07,369.4,0.9657
nyctophilus_bifax,16.35,9.44,52.44,2966.4,26.26,8.25,18.01,18.15,14.55,22.66,10.05,973.25,121.43,48.84,39.78,340.0,122.11,277.27,184.84,397.4,0.9684
nyctophilus_gouldi,7.78,10.9,33.52,6037.2,25.66,-6.85,32.51,11.03,4.53,19.16,-3.59,460.04,67.21,15.24,60.25,188.18,38.1,135.77,90.51,272.2,0.6352
nyctophilus_microtis,22.25,8.4,89.36,952.2,27.42,18.02,9.4,23.19,21.31,25.54,18.96,1835.64,203.35,112.67,26.35,569.38,281.66,510.63,340.42,436.7,0.9692
nyctophilus_timoriensis,12.02,10.18,40.23,4512.6,25.94,0.63,25.31,14.55,9.49,20.88,3.16,499.14,67.64,20.76,50.08,189.38,51.91,144.77,96.51,337.4,0.7523
nyctophilus_walkeri,17.27,9.28,56.21,2649.6,26.36,9.84,16.51,18.92,15.62,23.05,11.49,1114.09,136.55,57.87,37.66,382.34,144.68,316.22,210.81,404.7,0.9854
ochotona_alpina,2.55,11.63,26.83,8330.4,26.38,-16.96,43.34,6.88,-1.79,17.71,-12.62,863.65,139.93,17.61,75.54,391.79,44.02,261.49,174.32,0.0,0.6735
ochotona_cansus,8.91,10.49,31.53,6197.4,27.21,-6.06,33.27,12.24,5.59,20.56,-2.73,514.2,75.69,16.58,61.32,211.94,41.44,152.03,101.35,23.2,0.6948
ochotona_collaris,-8.35,13.73,23.38,11586.6,23.95,-34.77,58.71,-2.47,-14.22,12.2,-28.9,487.88,90.08,4.07,97.24,252.21,10.16,157.43,104.95,145.0,0.3489
ochotona_curzoniae,9.27,10.41,31.58,6130.8,27.39,-5.56,32.95,12.56,5.97,20.8,-2.27,510.28,74.88,16.64,60.87,209.66,41.6,150.75,100.5,0.0,0.701
ochotona_dauurica,4.47,11.28,27.94,7700.4,26.67,-13.69,40.36,8.51,0.43,18.6,-9.66,771.92,121.69,18.44,71.34,340.72,46.1,232.09,154.73,0.0,0.6974
ochotona_huangensis,9.33,10.44,32.34,5990.4,27.09,-5.2,32.29,12.56,6.1,20.63,-1.97,488.16,71.16,16.3,59.94,199.24,40.74,143.99,95.99,56.4,0.6894
ochotona_hyperborea,-3.84,12.86,24.53,10249.2,24.98,-27.42,52.4,1.4,-9.08,14.5,-22.18,762.68,133.73,7.42,88.33,374.44,18.55,235.79,157.2,81.0,0.5253
ochotona_macrotis,8.9,10.47,31.25,6249.6,27.34,-6.18,33.51,12.26,5.55,20.63,-2.83,523.87,77.31,16.74,61.66,216.46,41.84,154.98,103.32,0.0,0.7001
ochotona_princeps,2.79,11.65,27.61,8085.6,25.99,-16.19,42.18,7.01,-1.43,17.55,-11.97,821.51,131.7,17.87,73.9,368.76,44.66,248.06,165.37,77.4,0.6697
ochotona_pusilla,0.17,12.06,25.7,9095.4,25.99,-20.96,46.95,4.87,-4.52,16.6,-16.26,899.03,150.43,14.51,80.64,421.21,36.27,274.49,182.99,5.6,0.6277
ochotona_roylei,10.12,10.26,32.59,5821.2,27.44,-4.05,31.49,13.27,6.97,21.14,-0.9,481.74,69.66,16.54,58.81,195.03,41.34,141.83,94.55,14.2,0.7034
ochotona_rufescens,8.91,10.65,33.98,5788.8,26.14,-5.2,31.34,12.04,5.77,19.87,-2.06,449.48,64.89,15.51,58.59,181.69,38.77,132.28,88.19,216.3,0.6561
ochrotomys_nuttalli,9.82,10.3,32.11,5949.0,27.47,-4.62,32.09,13.03,6.61,21.05,-1.41,493.11,71.74,16.58,59.66,200.86,41.44,145.38,96.92,0.0,0.7035
octodon_bridgesi,7.38,10.79,30.55,6633.0,26.81,-8.51,35.32,10.92,3.85,19.75,-4.98,570.56,85.71,17.01,64.22,240.0,42.53,169.52,113.01,53.8,0.6886
octodon_degus,9.86,10.38,33.42,5729.4,26.94,-4.11,31.06,12.97,6.75,20.73,-1.01,464.16,66.82,16.17,58.2,187.09,40.42,136.51,91.01,97.4,0.687
octodon_lunatus,9.52,10.43,32.96,5857.2,26.93,-4.73,31.66,12.68,6.35,20.6,-1.56,472.7,68.47,16.13,59.05,191.71,40.33,139.22,92.81,90.2,0.6845
octodontomys_gliroides,13.72,9.76,40.66,4237.2,26.93,2.92,24.01,16.12,11.32,22.13,5.32,573.73,76.65,24.74,48.25,214.61,61.86,165.88,110.59,204.5,0.8214
octomys_mimax,10.91,10.23,35.3,5286.6,26.84,-2.13,28.96,13.81,8.01,21.05,0.77,452.02,63.68,16.86,55.24,178.3,42.15,132.27,88.18,144.3,0.7023
odocoileus_hemionus,3.96,11.5,29.12,7518.6,25.69,-13.81,39.5,7.91,0.01,17.79,-9.86,714.76,111.77,17.8,70.12,312.97,44.49,214.47,142.98,163.5,0.6663
odocoileus_virginianus,15.56,9.31,41.19,3940.2,27.99,5.39,22.61,17.82,13.3,23.47,7.65,670.31,88.16,30.01,46.27,246.86,75.04,193.14,128.76,61.9,0.887
oecomys_bicolor,22.93,8.19,89.12,961.2,27.98,18.79,9.19,23.85,22.01,26.15,19.71,1849.18,204.97,113.4,26.41,573.91,283.51,514.45,342.97,328.4,0.9592
oecomys_cleberi,16.69,9.38,53.79,2847.6,26.29,8.84,17.45,18.44,14.95,22.8,10.59,1024.85,127.02,52.11,38.98,355.66,130.28,291.56,194.37,401.0,0.976
oecomys_concolor,21.46,8.47,79.63,1405.8,27.31,16.67,10.64,22.52,20.4,25.18,17.74,1689.58,192.49,99.44,29.37,538.98,248.61,472.55,315.03,345.2,0.9789
oecomys_flavicans,21.1,8.47,70.32,1702.8,27.72,15.68,12.04,22.31,19.9,25.32,16.89,1576.9,182.91,90.21,31.35,512.14,225.52,442.6,295.06,260.8,0.9822
oecomys_mamorae,17.36,9.17,52.22,2871.0,27.02,9.46,17.56,19.12,15.61,23.51,11.22,1031.56,128.02,52.32,39.14,358.46,130.79,293.55,195.7,287.1,0.9789
oecomys_phaeotis,20.13,8.61,61.84,2102.4,27.79,13.86,13.93,21.52,18.74,25.01,15.26,1399.06,166.16,76.93,34.02,465.25,192.32,394.55,263.03,222.2,0.9888
oecomys_rex,23.28,8.19,89.12,675.0,28.34,19.15,9.19,24.2,22.36,26.5,20.07,1912.35,208.17,120.32,24.5,582.87,300.8,530.2,353.47,408.3,0.9536
oecomys_roberti,24.09,7.99,88.88,540.0,29.04,20.05,8.99,24.99,23.19,27.24,20.94,1948.63,210.29,124.06,23.6,588.81,310.16,539.38,359.59,347.3,0.9394
oecomys_rutilus,22.73,8.28,89.23,874.8,27.84,18.55,9.28,23.66,21.8,25.98,19.48,1863.63,205.45,115.18,25.83,575.26,287.96,517.93,345.29,399.3,0.9623
oecomys_speciosus,21.64,8.45,82.07,1332.0,27.3,17.01,10.29,22.67,20.61,25.24,18.04,1717.39,194.78,101.78,28.88,545.39,254.46,479.91,319.94,352.7,0.9768
oecomys_superans,22.75,8.14,83.19,1225.8,28.14,18.35,9.79,23.73,21.77,26.18,19.33,1775.44,200.06,106.27,28.17,560.16,265.68,495.5,330.33,231.1,0.9618
oenomys_hypoxanthus,25.02,7.78,88.61,361.8,29.84,21.07,8.78,25.89,24.14,28.09,21.94,1984.36,211.69,128.3,22.41,592.73,320.76,548.09,365.4,289.0,0.9212
oenomys_ornatus,22.81,8.07,77.02,1371.6,28.57,18.09,10.48,23.86,21.76,26.48,19.14,1731.83,196.89,102.26,29.14,551.3,255.65,484.17,322.78,153.8,0.9608
okapia_johnstoni,25.06,7.8,88.63,282.6,29.9,21.1,8.8,25.94,24.18,28.14,21.98,1988.43,211.03,129.44,21.88,590.89,323.6,548.69,365.79,319.6,0.9204
olallamys_albicauda,22.45,8.19,78.91,1350.0,28.16,17.79,10.38,23.49,21.42,26.09,18.82,1730.56,196.49,102.39,29.0,550.17,255.98,483.69,322.46,218.5,0.9661
olallamys_edax,21.86,8.32,75.16,1495.8,27.94,16.88,11.06,22.96,20.75,25.73,17.98,1668.45,191.13,97.36,29.97,535.16,243.41,467.14,311.43,242.2,0.9739
oligoryzomys_andinus,19.67,8.7,59.54,2246.4,27.71,13.1,14.61,21.14,18.21,24.79,14.56,1330.54,159.35,72.1,34.98,446.19,180.24,375.86,250.57,224.8,0.9905
oligoryzomys_arenalis,22.02,8.23,71.94,1576.8,28.31,16.87,11.45,23.16,20.87,26.02,18.01,1643.85,189.23,95.19,30.51,529.86,237.97,460.7,307.13,179.3,0.9717
oligoryzomys_chacoensis,14.53,9.69,44.22,3790.8,26.58,4.68,21.9,16.72,12.34,22.2,6.87,680.16,88.76,31.02,45.27,248.52,77.55,195.64,130.43,289.7,0.8807
oligoryzomys_delticola,9.6,10.55,35.27,5488.2,26.05,-3.87,29.92,12.59,6.61,20.07,-0.87,434.16,61.77,15.71,56.59,172.96,39.27,127.34,84.89,251.3,0.6627
oligoryzomys_destructor,20.08,8.63,62.21,2091.6,27.71,13.84,13.88,21.47,18.69,24.94,15.22,1402.2,166.43,77.19,33.94,466.0,192.97,395.38,263.59,235.2,0.9892
oligoryzomys_eliurus,16.17,9.47,51.73,3031.2,26.25,7.93,18.31,18.0,14.34,22.58,9.76,945.86,118.44,47.13,40.21,331.62,117.82,269.67,179.78,394.7,0.9636
oligoryzomys_flavescens,9.67,10.55,35.51,5443.2,26.01,-3.7,29.7,12.64,6.7,20.07,-0.73,432.46,61.4,15.75,56.29,171.91,39.38,126.77,84.52,261.3,0.6632
oligoryzomys_fulvescens,21.57,8.32,68.75,1715.4,28.22,16.12,12.1,22.78,20.36,25.8,17.33,1582.98,183.75,90.45,31.44,514.5,226.11,444.37,296.25,183.1,0.977
oligoryzomys_griseolus,22.35,8.22,79.58,1341.0,28.03,17.7,10.33,23.38,21.32,25.97,18.73,1730.99,196.43,102.5,28.94,550.01,256.26,483.76,322.51,238.9,0.9676
oligoryzomys_longicaudatus,8.78,10.58,32.4,6067.8,26.74,-5.92,32.65,12.04,5.51,20.2,-2.65,488.04,71.4,16.08,60.45,199.93,40.21,144.08,96.05,105.2,0.6764
oligoryzomys_magellanicus,-1.57,12.38,24.91,9675.0,25.76,-23.93,49.69,3.4,-6.54,15.82,-18.96,860.75,147.49,11.12,84.5,412.98,27.8,264.47,176.31,0.7,0.5869
oligoryzomys_microtis,17.79,9.09,53.96,2721.6,27.06,10.21,16.85,19.48,16.11,23.69,11.89,1098.13,135.14,56.6,38.14,378.4,141.51,311.95,207.97,291.0,0.9851
oligoryzomys_nigripes,9.8,10.51,35.41,5437.8,26.12,-3.56,29.68,12.77,6.83,20.19,-0.59,435.08,61.75,15.86,56.25,172.9,39.65,127.53,85.02,243.8,0.6678
ondatra_zibethicus,1.2,11.88,26.17,8764.2,26.16,-19.23,45.39,5.74,-3.34,17.08,-14.69,895.74,147.82,16.1,78.43,413.91,40.26,272.5,181.67,3.4,0.649
onychogalea_fraenata,13.01,9.96,40.97,4300.2,26.38,2.07,24.31,15.44,10.58,21.51,4.5,547.84,73.43,23.43,48.67,205.6,58.59,158.51,105.67,285.2,0.797
onychogalea_unguifera,16.94,9.34,54.79,2763.0,26.32,9.27,17.05,18.64,15.23,22.91,10.97,1062.56,131.07,54.53,38.42,367.0,136.32,301.99,201.33,402.8,0.9805
onychomys_arenicola,11.08,10.13,34.4,5391.0,27.28,-2.18,29.46,14.02,8.13,21.39,0.77,461.45,65.34,16.94,55.94,182.96,42.36,135.19,90.13,69.3,0.7115
onychomys_leucogaster,6.71,10.91,29.9,6876.0,26.77,-9.7,36.47,10.36,3.06,19.47,-6.05,613.54,93.21,17.47,65.84,260.98,43.66,182.79,121.86,43.0,0.6933
onychomys_torridus,8.63,10.64,32.71,6039.0,26.52,-6.0,32.52,11.89,5.38,20.02,-2.75,479.97,70.13,15.89,60.26,196.35,39.74,141.65,94.44,140.5,0.6679
oreamnos_americanus,-2.72,12.71,25.44,9730.8,24.75,-25.2,49.95,2.28,-7.71,14.76,-20.2,831.56,142.81,10.48,84.87,399.88,26.21,255.65,170.43,151.6,0.5608
oreonax_flavicauda,22.39,8.18,76.39,1420.2,28.28,17.57,10.71,23.46,21.32,26.14,18.65,1706.34,194.57,100.29,29.47,544.8,250.73,477.32,318.21,195.0,0.9669
oreotragus_oreotragus,21.41,8.49,80.05,1398.6,27.25,16.64,10.6,22.47,20.35,25.12,17.7,1690.83,192.55,99.58,29.32,539.14,248.96,472.86,315.24,355.9,0.9794
ornithorhynchus_anatinus,9.8,10.53,35.72,5392.8,26.01,-3.46,29.47,12.75,6.85,20.11,-0.51,432.13,61.2,15.86,55.95,171.35,39.65,126.6,84.4,264.7,0.6659
orthogeomys_cavator,22.01,8.21,69.88,1641.6,28.47,16.72,11.75,23.18,20.83,26.12,17.9,1620.36,187.26,93.25,30.94,524.33,233.12,454.47,302.98,150.0,0.9717
orthogeomys_cuniculus,18.25,8.86,49.14,2970.0,28.16,10.14,18.02,20.05,16.45,24.56,11.94,1015.68,126.75,50.95,39.8,354.89,127.38,289.37,192.91,104.1,0.9779
orthogeomys_dariensis,22.45,8.16,76.49,1413.0,28.32,17.65,10.67,23.52,21.39,26.19,18.72,1710.1,194.92,100.58,29.42,545.77,251.46,478.33,318.89,189.2,0.9661
orthogeomys_grandis,18.31,8.85,49.45,2943.0,28.15,10.25,17.9,20.1,16.52,24.57,12.04,1026.86,127.95,51.67,39.62,358.26,129.17,292.46,194.97,107.6,0.979
orthogeomys_heterodus,21.59,8.28,66.4,1794.6,28.45,15.97,12.47,22.84,20.34,25.95,17.22,1553.53,181.19,88.08,31.96,507.32,220.2,436.52,291.01,142.9,0.9766
orthogeomys_hispidus,17.08,9.06,45.29,3387.6,28.08,8.08,20.0,19.08,15.08,24.08,10.08,848.85,108.39,40.61,42.58,303.5,101.54,243.02,162.01,87.0,0.9506
orthogeomys_lanius,16.78,9.12,44.83,3461.4,27.97,7.63,20.35,18.82,14.75,23.9,9.66,819.8,105.1,38.89,43.08,294.29,97.22,234.9,156.6,98.5,0.9428
orthogeomys_underwoodi,22.03,8.2,69.81,1641.6,28.5,16.74,11.75,23.21,20.86,26.15,17.92,1620.9,187.32,93.28,30.94,524.5,233.19,454.62,303.08,146.3,0.9715
orycteropus_afer,23.34,8.04,88.94,1022.4,28.31,19.27,9.04,24.24,22.43,26.5,20.17,1844.02,205.18,112.46,26.82,574.5,281.15,513.39,342.26,236.5,0.9525
oryctolagus_cuniculus,3.69,11.42,27.47,7956.0,26.55,-15.02,41.57,7.85,-0.47,18.24,-10.86,814.06,129.78,18.29,73.04,363.37,45.72,245.46,163.64,0.0,0.6896
oryx_beisa,21.65,8.51,89.49,1143.0,26.89,17.37,9.51,22.6,20.7,24.98,18.32,1773.64,198.83,106.98,27.62,556.73,267.45,494.51,329.67,439.0,0.9769
oryx_dammah,17.92,8.98,50.42,2923.2,27.71,9.91,17.8,19.7,16.14,24.15,11.69,1025.17,127.6,51.7,39.49,357.28,129.24,291.91,194.61,176.5,0.979
oryx_gazella,21.02,8.57,77.74,1488.6,27.09,16.06,11.03,22.13,19.92,24.88,17.16,1651.71,189.13,96.45,29.92,529.56,241.14,462.42,308.28,373.6,0.9835
oryzomys_albigularis,25.11,7.73,88.54,419.4,29.91,21.18,8.73,25.98,24.23,28.16,22.05,1982.89,212.33,127.57,22.8,594.51,318.93,548.07,365.38,248.2,0.9193
oryzomys_alfaroi,21.62,8.27,66.17,1800.0,28.49,15.99,12.5,22.87,20.37,25.99,17.24,1552.15,181.08,87.95,32.0,507.03,219.89,436.15,290.77,135.9,0.9762
oryzomys_angouya,13.08,9.99,42.28,4158.0,26.08,2.44,23.64,15.44,10.71,21.35,4.81,571.66,76.05,24.91,47.72,212.95,62.26,165.13,110.09,341.1,0.8108
oryzomys_auriventer,25.2,7.67,88.47,498.6,29.96,21.29,8.67,26.06,24.33,28.23,22.16,1978.35,212.93,126.41,23.32,596.2,316.02,547.33,364.89,197.0,0.9174
oryzomys_balneator,25.44,7.62,88.4,426.6,30.18,21.56,8.62,26.3,24.58,28.46,22.42,1990.11,213.2,127.96,22.84,596.96,319.89,550.11,366.74,193.2,0.9124
oryzomys_bolivaris,22.86,8.08,79.59,1303.2,28.44,18.29,10.15,23.87,21.84,26.41,19.3,1754.52,198.64,104.27,28.69,556.19,260.66,490.11,326.74,178.7,0.9601
oryzomys_chapmani,16.61,9.15,44.39,3519.0,27.95,7.33,20.62,18.67,14.55,23.82,9.39,799.1,102.77,37.65,43.46,287.75,94.13,229.13,152.75,98.3,0.9368
oryzomys_couesi,17.54,8.98,46.81,3216.6,28.09,8.9,19.19,19.46,15.62,24.25,10.82,913.75,115.59,44.59,41.44,323.66,111.47,261.08,174.05,97.6,0.964
oryzomys_galapagoensis,26.58,7.38,88.07,145.8,31.19,22.81,8.38,27.42,25.74,29.51,23.65,2023.89,212.87,133.29,20.97,596.04,333.22,557.55,371.7,149.9,0.8871
oryzomys_gorgasi,22.46,8.17,77.08,1396.8,28.29,17.69,10.6,23.52,21.4,26.17,18.75,1715.61,195.35,101.06,29.31,546.98,252.65,479.78,319.85,195.5,0.9659
oryzomys_hammondi,26.61,7.41,88.11,50.0,31.24,22.83,8.41,27.45,25.77,29.56,23.67,2020.49,211.02,134.25,20.26,590.86,335.64,555.9,370.6,195.0,0.8864
oryzomys_keaysi,18.68,8.89,55.42,2548.8,27.5,11.47,16.04,20.29,17.08,24.3,13.07,1186.28,144.57,62.29,36.99,404.79,155.72,336.31,224.2,235.3,0.9896
oryzomys_lamia,15.22,9.63,48.34,3373.2,26.18,6.26,19.93,17.22,13.23,22.2,8.25,810.33,103.39,38.84,42.49,289.5,97.09,231.95,154.64,380.0,0.9298
oryzomys_laticeps,20.55,8.69,76.76,1551.6,26.78,15.46,11.33,21.68,19.42,24.52,16.59,1618.97,186.09,93.98,30.34,521.04,234.94,453.59,302.39,416.4,0.9877
oryzomys_legatus,14.75,9.62,43.97,3787.2,26.78,4.9,21.88,16.93,12.56,22.4,7.09,685.89,89.49,31.3,45.25,250.56,78.24,197.28,131.52,258.9,0.8854
oryzomys_levipes,17.93,9.03,52.88,2770.2,27.32,10.24,17.08,19.64,16.22,23.91,11.95,1082.64,133.6,55.51,38.47,374.09,138.79,307.72,205.15,247.2,0.984
oryzomys_macconnelli,23.62,8.09,89.0,671.4,28.62,19.53,9.09,24.53,22.71,26.8,20.43,1920.57,209.01,120.87,24.48,585.24,302.19,532.45,354.97,358.8,0.9478
oryzomys_melanotis,16.36,9.21,44.34,3553.2,27.79,7.01,20.78,18.44,14.28,23.64,9.09,783.8,100.99,36.78,43.69,282.76,91.95,224.83,149.89,120.0,0.9314
oryzomys_nitidus,20.79,8.54,69.27,1764.0,27.57,15.24,12.33,22.02,19.55,25.1,16.47,1546.66,180.06,87.95,31.76,504.16,219.88,434.43,289.62,280.6,0.9851
oryzomys_palustris,9.79,10.31,32.08,5959.8,27.47,-4.68,32.14,13.0,6.58,21.04,-1.46,494.0,71.9,16.58,59.73,201.33,41.44,145.66,97.11,0.0,0.7034
oryzomys_polius,21.54,8.35,70.37,1665.0,28.06,16.2,11.86,22.73,20.35,25.69,17.39,1600.95,185.28,91.92,31.1,518.77,229.8,449.15,299.43,211.3,0.9775
oryzomys_russatus,13.8,9.88,44.32,3873.6,26.06,3.77,22.29,16.03,11.57,21.6,6.0,644.15,84.43,29.08,45.82,236.39,72.7,185.46,123.64,363.7,0.8564
oryzomys_subflavus,17.68,9.2,57.55,2538.0,26.47,10.48,15.98,19.28,16.08,23.27,12.08,1167.36,142.17,61.36,36.92,398.09,153.41,330.9,220.6,395.1,0.9893
oryzomys_talamancae,23.97,7.91,88.78,847.8,28.88,19.96,8.91,24.87,23.08,27.09,20.86,1897.84,208.87,117.58,25.65,584.82,293.96,527.27,351.51,220.7,0.9415
oryzomys_xanthaeolus,22.07,8.24,73.87,1515.6,28.21,17.05,11.16,23.18,20.95,25.97,18.16,1666.54,191.14,97.07,30.1,535.19,242.68,466.72,311.14,200.1,0.9712
oryzomys_yunganus,23.19,8.14,89.06,891.0,28.21,19.08,9.14,24.1,22.27,26.39,19.99,1870.74,206.44,115.46,25.94,578.04,288.64,520.01,346.67,321.6,0.955
oryzorictes_hova,16.15,9.47,51.43,3052.8,26.28,7.86,18.42,17.99,14.31,22.6,9.7,937.71,117.56,46.61,40.35,329.16,116.53,267.41,178.27,388.0,0.9623
oryzorictes_tetradactylus,13.77,9.88,44.22,3886.2,26.07,3.71,22.35,16.01,11.54,21.6,5.95,640.72,84.03,28.88,45.91,235.29,72.2,184.5,123.0,362.1,0.8545
osgoodomys_banderanus,16.59,9.18,45.14,3459.6,27.78,7.44,20.34,18.63,14.56,23.71,9.47,815.93,104.59,38.71,43.06,292.87,96.78,233.79,155.86,128.7,0.941
otocyon_megalotis,18.75,8.97,61.04,2266.2,26.84,12.14,14.7,20.22,17.28,23.9,13.61,1301.32,156.03,70.37,35.11,436.89,175.93,367.69,245.13,357.1,0.9936
otolemur_crassicaudatus,17.77,9.13,55.31,2647.8,26.85,10.35,16.5,19.42,16.12,23.55,12.0,1126.34,138.04,58.52,37.65,386.51,146.3,319.68,213.12,328.5,0.987
otolemur_garnettii,22.65,8.33,89.28,829.8,27.78,18.45,9.33,23.58,21.71,25.91,19.38,1870.78,205.65,116.09,25.53,575.83,290.24,519.64,346.43,433.4,0.9635
otolemur_monteiri,21.23,8.47,73.81,1584.0,27.55,16.07,11.48,22.38,20.08,25.25,17.21,1623.17,186.93,93.93,30.56,523.42,234.82,454.94,303.29,296.7,0.9811
otomops_martiensseni,18.37,9.01,57.51,2471.4,26.99,11.32,15.67,19.94,16.81,23.86,12.89,1209.95,146.8,64.05,36.48,411.05,160.13,342.7,228.47,319.4,0.9912
otomys_angoniensis,17.32,9.22,53.89,2775.6,26.73,9.62,17.11,19.03,15.61,23.3,11.33,1066.46,131.65,54.65,38.5,368.61,136.63,303.14,202.09,338.8,0.982
otomys_denti,22.85,8.26,89.21,833.4,27.95,18.68,9.26,23.78,21.92,26.09,19.61,1874.76,206.14,116.3,25.56,577.18,290.76,520.77,347.18,400.5,0.9605
otomys_irroratus,12.33,10.02,38.45,4674.6,26.67,0.59,26.07,14.93,9.72,21.45,3.2,492.38,67.27,20.04,51.16,188.37,50.1,143.08,95.38,213.7,0.7539
otomys_laminatus,10.71,10.3,35.73,5256.0,26.56,-2.26,28.82,13.59,7.83,20.8,0.62,446.19,62.76,16.72,55.04,175.74,41.79,130.52,87.01,189.1,0.6945
otomys_maximus,18.6,8.91,55.35,2561.4,27.45,11.35,16.1,20.21,16.99,24.23,12.96,1179.29,143.82,61.84,37.08,402.69,154.6,334.37,222.92,242.7,0.9894
otonycteris_hemprichii,10.35,10.46,37.1,5124.6,25.86,-2.34,28.2,13.17,7.53,20.22,0.48,434.29,60.69,16.59,54.16,169.94,41.47,126.85,84.57,306.9,0.6794
otonyctomys_hatti,16.97,9.07,44.85,3436.2,28.09,7.87,20.23,18.99,14.95,24.05,9.89,831.56,106.46,39.56,42.91,298.1,98.91,238.2,158.8,81.7,0.9464
otopteropus_cartilagonodus,16.6,9.34,51.02,3031.2,26.67,8.35,18.31,18.43,14.76,23.0,10.19,955.6,119.66,47.61,40.21,335.04,119.04,272.45,181.63,329.7,0.9673
ototylomys_phyllotis,18.82,8.75,51.1,2781.0,28.25,11.11,17.13,20.54,17.11,24.82,12.83,1099.17,135.72,56.3,38.54,380.03,140.74,312.46,208.31,104.4,0.9841
ourebia_ourebi,21.88,8.29,73.15,1551.6,28.11,16.78,11.33,23.01,20.75,25.84,17.92,1649.62,189.61,95.76,30.34,530.91,239.39,462.18,308.12,212.1,0.9736
ovibos_moschatus,-11.42,14.17,21.82,12902.4,24.29,-40.64,64.93,-4.93,-17.92,11.3,-34.15,330.48,64.04,2.75,106.02,179.3,10.0,113.58,75.72,0.0,0.2317
ovis_ammon,5.36,11.12,28.51,7410.6,26.8,-12.19,38.99,9.26,1.46,19.0,-8.29,719.26,111.94,18.34,69.4,313.43,45.85,215.56,143.71,0.0,0.7029
ovis_canadensis,5.25,11.2,29.15,7286.4,26.38,-12.03,38.41,9.09,1.41,18.7,-8.19,684.78,105.98,17.93,68.58,296.75,44.83,204.95,136.63,74.4,0.6873
ovis_dalli,-6.2,13.33,24.02,10906.2,24.32,-31.18,55.5,-0.65,-11.75,13.22,-25.63,624.63,112.37,5.21,92.71,314.65,13.01,196.6,131.06,135.0,0.4427
ovis_nivicola,-5.64,13.12,23.43,11008.8,25.15,-30.83,55.99,-0.04,-11.24,13.96,-25.23,623.71,112.65,5.2,93.39,315.43,12.99,197.05,131.37,0.0,0.4487
oxymycterus_akodontius,13.75,9.77,41.07,4192.2,26.84,3.04,23.8,16.13,11.37,22.08,5.42,581.49,77.5,25.22,47.95,217.0,63.06,168.04,112.02,221.6,0.8258
oxymycterus_angularis,21.67,8.5,89.48,1155.6,26.9,17.4,9.5,22.62,20.72,25.0,18.35,1770.57,198.64,106.67,27.7,556.2,266.68,493.73,329.15,430.4,0.9766
oxymycterus_delator,12.33,10.09,39.94,4501.8,26.23,0.97,25.26,14.86,9.81,21.17,3.49,507.52,68.73,21.14,50.01,192.45,52.85,147.18,98.12,294.1,0.7628
oxymycterus_hiska,18.31,8.95,53.79,2676.6,27.47,10.83,16.64,19.98,16.65,24.14,12.49,1127.6,138.42,58.41,37.84,387.57,146.02,320.15,213.43,231.8,0.987
oxymycterus_hispidus,14.23,9.81,45.44,3722.4,26.1,4.52,21.58,16.39,12.07,21.78,6.68,689.77,89.68,31.72,44.82,251.11,79.3,198.25,132.16,368.9,0.8808
oxymycterus_hucucha,16.56,9.3,49.04,3169.8,26.99,8.02,18.97,18.45,14.66,23.2,9.92,906.75,114.41,44.48,41.13,320.36,111.21,258.94,172.62,270.5,0.9597
oxymycterus_inca,18.42,8.95,55.05,2595.6,27.36,11.1,16.26,20.05,16.79,24.11,12.73,1161.71,141.95,60.7,37.3,397.46,151.74,329.52,219.68,253.8,0.9888
oxymycterus_nasutus,10.31,10.45,36.71,5182.2,25.96,-2.51,28.47,13.15,7.46,20.27,0.34,434.49,60.9,16.46,54.55,170.51,41.14,126.99,84.66,286.2,0.6787
oxymycterus_paramensis,14.04,9.71,41.44,4116.6,26.93,3.49,23.44,16.38,11.69,22.24,5.83,600.93,79.78,26.32,47.44,223.37,65.8,173.5,115.67,213.3,0.8395
oxymycterus_roberti,15.8,9.54,50.38,3162.6,26.21,7.28,18.93,17.69,13.9,22.42,9.17,891.66,112.46,43.78,41.08,314.9,109.44,254.61,169.74,390.7,0.9523
ozotoceros_bezoarticus,13.79,9.86,43.62,3938.4,26.22,3.62,22.6,16.05,11.53,21.7,5.88,629.86,82.84,28.21,46.26,231.94,70.52,181.48,120.99,334.9,0.8498
pachyuromys_duprasi,9.84,10.31,32.29,5916.6,27.4,-4.53,31.94,13.03,6.64,21.02,-1.34,488.61,70.97,16.51,59.44,198.72,41.28,144.0,96.0,12.8,0.7013
paguma_larvata,18.81,8.77,51.56,2754.0,28.16,11.16,17.01,20.51,17.11,24.76,12.86,1109.19,136.75,56.98,38.36,382.91,142.44,315.21,210.14,119.0,0.9848
pan_paniscus,25.21,7.74,88.56,298.8,30.02,21.28,8.74,26.09,24.34,28.27,22.15,1991.48,211.58,129.46,21.99,592.42,323.65,549.64,366.43,288.7,0.9173
pan_troglodytes,25.68,7.56,88.32,396.0,30.39,21.83,8.56,26.54,24.82,28.68,22.68,1997.72,213.59,128.79,22.64,598.05,321.97,552.01,368.01,170.8,0.9072
panthera_leo,23.78,8.06,88.96,613.8,28.77,19.71,9.06,24.69,22.88,26.96,20.61,1932.58,209.55,122.25,24.09,586.73,305.62,535.41,356.94,360.1,0.945
panthera_onca,25.48,7.65,88.44,316.8,30.24,21.58,8.65,26.34,24.61,28.51,22.45,1997.04,212.42,129.62,22.11,594.77,324.05,551.3,367.53,239.0,0.9115
panthera_pardus,21.84,8.43,86.46,1216.8,27.2,17.46,9.75,22.82,20.87,25.25,18.43,1757.11,197.88,105.26,28.11,554.06,263.16,490.33,326.89,375.1,0.9745
panthera_tigris,15.49,9.39,42.96,3783.6,27.52,5.65,21.87,17.68,13.31,23.15,7.84,703.99,91.83,32.14,45.22,257.12,80.34,202.48,134.98,145.6,0.8994
pantholops_hodgsonii,9.94,10.28,32.23,5909.4,27.49,-4.41,31.91,13.13,6.75,21.11,-1.22,489.99,71.15,16.58,59.4,199.21,41.45,144.4,96.27,0.0,0.7043
papio_anubis,22.17,8.24,76.04,1447.2,28.13,17.29,10.83,23.25,21.08,25.96,18.37,1692.13,193.27,99.2,29.65,541.15,248.01,473.5,315.66,217.1,0.9699
papio_cynocephalus,22.34,8.33,89.28,1072.8,27.47,18.15,9.33,23.28,21.41,25.61,19.08,1808.33,201.84,109.78,27.15,565.15,274.44,503.76,335.84,365.8,0.9679
papio_hamadryas,18.31,9.1,61.45,2289.6,26.45,11.64,14.81,19.79,16.83,23.49,13.12,1281.57,153.87,69.14,35.26,430.85,172.84,362.21,241.47,414.8,0.9938
papio_papio,20.81,8.46,64.09,1949.4,28.07,14.86,13.21,22.13,19.49,25.43,16.18,1475.45,173.67,82.38,33.0,486.27,205.96,415.34,276.89,190.4,0.9842
papio_ursinus,13.22,9.86,39.82,4395.6,26.84,2.08,24.76,15.7,10.74,21.88,4.55,540.05,72.74,22.82,49.3,203.67,57.04,156.43,104.28,207.6,0.796
pappogeomys_alcorni,16.17,9.26,44.22,3587.4,27.69,6.75,20.94,18.27,14.08,23.5,8.84,769.96,99.39,35.99,43.92,278.28,89.96,220.95,147.3,133.3,0.9263
pappogeomys_bulleri,15.91,9.32,43.83,3654.0,27.6,6.34,21.25,18.03,13.78,23.35,8.47,746.02,96.64,34.59,44.36,270.6,86.48,214.24,142.83,142.8,0.9172
paracrocidura_schoutedeni,26.09,7.54,88.29,127.8,30.78,22.25,8.54,26.94,25.23,29.08,23.1,2012.11,211.38,132.71,20.85,591.86,331.78,554.19,369.46,234.0,0.8982
paracynictis_selousi,15.83,9.43,46.7,3427.2,26.93,6.75,20.18,17.85,13.81,22.9,8.77,807.99,103.4,38.48,42.85,289.51,96.2,231.43,154.28,261.0,0.9344
paradoxurus_hermaphroditus,20.34,8.52,59.55,2181.6,28.21,13.91,14.3,21.77,18.91,25.35,15.34,1372.12,163.72,74.84,34.54,458.41,187.11,387.31,258.21,152.3,0.9867
paradoxurus_jerdoni,20.93,8.44,64.69,1915.2,28.11,15.06,13.04,22.24,19.63,25.5,16.37,1491.8,175.24,83.58,32.77,490.66,208.95,419.77,279.85,187.0,0.9832
paradoxurus_zeylonensis,23.08,8.04,81.24,1247.4,28.52,18.62,9.89,24.06,22.09,26.54,19.61,1776.52,200.44,106.12,28.32,561.24,265.31,495.93,330.62,171.2,0.9566
paraechinus_aethiopicus,14.72,9.58,42.55,3920.4,27.1,4.59,22.51,16.97,12.47,22.6,6.84,655.09,86.07,29.4,46.14,241.0,73.51,188.71,125.81,200.7,0.8725
paraechinus_hypomelas,8.52,10.68,32.9,6026.4,26.37,-6.09,32.46,11.76,5.27,19.88,-2.84,475.16,69.38,15.77,60.18,194.27,39.42,140.21,93.48,164.7,0.6624
paraechinus_micropus,13.67,9.71,39.17,4404.6,27.31,2.51,24.8,16.15,11.19,22.35,4.99,549.43,74.04,23.18,49.36,207.31,57.96,159.16,106.11,133.4,0.8078
parahydromys_asper,22.31,8.39,89.35,945.0,27.47,18.08,9.39,23.24,21.37,25.59,19.02,1838.52,203.58,112.92,26.3,570.02,282.29,511.39,340.92,431.8,0.9684
paraleptomys_rufilatus,23.54,8.17,89.09,540.0,28.58,19.41,9.17,24.45,22.62,26.74,20.33,1935.79,208.9,123.25,23.6,584.93,308.11,535.83,357.22,432.9,0.9492
paraleptomys_wilhelmina,22.7,8.32,89.27,806.4,27.83,18.51,9.32,23.63,21.77,25.96,19.44,1876.5,205.98,116.69,25.38,576.74,291.73,521.08,347.39,436.3,0.9628
paralomys_gerbillus,18.8,8.82,53.69,2631.6,27.83,11.41,16.43,20.44,17.15,24.55,13.05,1156.3,141.58,60.18,37.54,396.42,150.45,328.13,218.75,178.7,0.9877
paramelomys_levipes,20.3,8.71,72.02,1713.6,26.96,14.86,12.09,21.51,19.1,24.54,16.07,1554.48,180.42,88.83,31.42,505.19,222.08,436.36,290.91,378.3,0.9893
paramelomys_mollis,22.11,8.42,89.38,1020.6,27.29,17.87,9.42,23.05,21.17,25.4,18.81,1816.06,202.04,110.77,26.8,565.72,276.93,505.6,337.06,426.8,0.9711
paramelomys_moncktoni,21.91,8.45,89.42,1101.6,27.11,17.66,9.45,22.85,20.96,25.22,18.6,1790.74,200.24,108.42,27.34,560.66,271.06,499.03,332.69,419.2,0.9737
paramelomys_platyops,22.24,8.4,89.36,972.0,27.41,18.01,9.4,23.18,21.3,25.53,18.95,1830.77,203.06,112.16,26.48,568.57,280.41,509.39,339.59,429.4,0.9694
paramelomys_rubex,22.36,8.38,89.34,925.2,27.52,18.14,9.38,23.3,21.42,25.64,19.08,1844.25,203.96,113.47,26.17,571.08,283.68,512.86,341.9,432.6,0.9677
paramurexia_rothschildi,22.34,8.38,89.34,925.2,27.5,18.12,9.38,23.28,21.4,25.63,19.06,1843.83,203.91,113.44,26.17,570.96,283.61,512.74,341.83,435.3,0.968
parantechinus_apicalis,7.97,10.79,32.63,6159.6,26.17,-6.92,33.09,11.28,4.66,19.55,-3.61,485.44,71.33,15.75,61.06,199.73,39.38,143.46,95.64,186.4,0.6552
paranyctimene_raptor,22.01,8.44,89.41,1042.2,27.2,17.76,9.44,22.96,21.07,25.32,18.71,1808.47,201.47,110.09,26.95,564.12,275.23,503.61,335.74,431.4,0.9724
parascalops_breweri,5.32,11.12,28.49,7421.4,26.8,-12.25,39.05,9.23,1.42,18.99,-8.34,721.28,112.31,18.35,69.48,314.46,45.87,216.19,144.13,0.0,0.7026
paraxerus_alexandri,24.96,7.86,88.71,201.6,29.83,20.98,8.86,25.85,24.08,28.06,21.86,1987.19,209.78,130.25,21.34,587.39,325.63,547.81,365.21,372.5,0.9224
paraxerus_boehmi,24.74,7.87,88.73,340.2,29.62,20.75,8.87,25.63,23.85,27.85,21.64,1979.09,210.83,128.2,22.27,590.33,320.5,546.49,364.33,341.3,0.9269
paraxerus_cepapi,18.43,8.98,56.52,2516.4,27.16,11.28,15.88,20.02,16.84,23.99,12.87,1193.26,145.15,62.87,36.78,406.42,157.17,338.16,225.44,289.8,0.9904
paraxerus_cooperi,23.45,7.98,87.38,1087.2,28.48,19.34,9.13,24.37,22.54,26.65,20.26,1830.17,204.46,110.96,27.25,572.49,277.39,509.93,339.95,188.4,0.9506
paraxerus_flavovittis,19.8,8.83,70.39,1809.0,26.69,14.15,12.54,21.05,18.54,24.19,15.41,1506.68,175.87,85.3,32.06,492.45,213.26,423.42,282.28,411.8,0.9924
paraxerus_lucifer,21.46,8.53,85.61,1261.8,26.94,16.98,9.96,22.46,20.47,24.95,17.98,1735.01,195.93,103.5,28.41,548.61,258.76,484.43,322.95,412.4,0.979
paraxerus_ochraceus,24.59,7.97,88.86,196.2,29.52,20.55,8.97,25.48,23.69,27.73,21.45,1978.49,208.79,129.74,21.31,584.61,324.36,545.38,363.59,432.9,0.9298
paraxerus_palliatus,18.72,9.02,63.09,2179.8,26.58,12.28,14.29,20.15,17.29,23.72,13.71,1335.27,159.3,72.85,34.53,446.05,182.12,376.9,251.27,403.6,0.9945
paraxerus_poensis,26.12,7.47,88.19,293.4,30.78,22.31,8.47,26.97,25.27,29.08,23.16,2012.64,213.75,130.9,21.96,598.5,327.24,555.44,370.3,151.2,0.8975
paraxerus_vexillarius,22.57,8.34,89.29,862.2,27.71,18.37,9.34,23.51,21.64,25.84,19.31,1862.61,205.17,115.25,25.75,574.49,288.13,517.57,345.05,429.3,0.9647
pardofelis_marmorata,20.68,8.47,62.18,2037.6,28.17,14.55,13.62,22.04,19.31,25.44,15.91,1437.51,170.08,79.56,33.58,476.23,198.9,405.08,270.05,169.0,0.9849
parotomys_brantsii,11.21,10.17,35.65,5193.0,26.9,-1.62,28.52,14.06,8.36,21.2,1.23,455.7,63.9,17.23,54.62,178.93,43.08,133.21,88.8,141.6,0.7106
parotomys_littledalei,12.06,10.01,36.76,4921.2,27.04,-0.2,27.24,14.78,9.33,21.59,2.52,474.65,65.66,18.67,52.81,183.86,46.67,138.31,92.21,139.3,0.7385
paruromys_dominator,24.37,7.98,88.86,354.6,29.31,20.33,8.98,25.27,23.47,27.51,21.23,1969.87,210.05,127.44,22.36,588.13,318.61,544.04,362.7,391.5,0.9341
pecari_tajacu,26.44,7.47,88.19,50.0,31.1,22.63,8.47,27.29,25.59,29.4,23.47,2015.63,210.31,134.09,20.17,588.88,335.23,554.47,369.65,228.5,0.8903
pectinator_spekei,19.69,8.86,70.71,1807.2,26.58,14.04,12.53,20.94,18.43,24.07,15.3,1504.82,175.64,85.21,32.05,491.79,213.03,422.89,281.93,429.7,0.9931
pedetes_capensis,14.98,9.56,43.87,3767.4,26.96,5.17,21.79,17.15,12.8,22.6,7.35,695.97,90.7,31.83,45.12,253.97,79.58,200.13,133.42,232.7,0.8917
pelea_capreolus,11.04,10.23,36.02,5167.8,26.67,-1.74,28.4,13.88,8.2,20.99,1.1,451.19,63.19,17.13,54.45,176.93,42.81,131.85,87.9,179.3,0.7044
pelomys_fallax,19.56,8.79,63.19,2098.8,27.21,13.3,13.91,20.95,18.17,24.43,14.69,1387.28,164.73,76.31,33.99,461.24,190.77,391.21,260.8,312.0,0.9922
pelomys_isseli,25.22,7.83,88.67,64.8,30.08,21.25,8.83,26.11,24.34,28.31,22.13,1989.78,208.16,131.94,20.43,582.86,329.84,547.62,365.08,396.7,0.917
pelomys_minor,21.64,8.42,79.59,1393.2,27.46,16.88,10.58,22.7,20.59,25.35,17.94,1697.95,193.3,100.05,29.29,541.23,250.14,474.82,316.55,322.8,0.9768
penthetor_lucasi,25.45,7.68,88.48,257.4,30.23,21.55,8.68,26.32,24.59,28.49,22.42,1998.11,211.71,130.35,21.72,592.78,325.88,551.19,367.46,270.5,0.9122
perameles_bougainville,12.98,9.89,39.16,4501.8,26.87,1.61,25.26,15.5,10.45,21.82,4.14,522.36,70.74,21.76,50.01,198.08,54.4,151.49,100.99,195.1,0.7823
perameles_gunnii,4.62,11.4,29.83,7250.4,25.65,-12.59,38.24,8.45,0.8,18.0,-8.76,660.9,102.12,17.44,68.34,285.93,43.6,197.72,131.81,188.4,0.6618
perameles_nasuta,11.01,10.3,37.26,5007.6,26.22,-1.43,27.65,13.78,8.25,20.69,1.34,449.27,62.42,17.45,53.38,174.78,43.63,131.05,87.37,259.2,0.7026
perodicticus_potto,25.8,7.55,88.31,318.6,30.51,21.95,8.55,26.66,24.95,28.8,22.81,2004.46,213.23,130.08,22.12,597.05,325.21,553.36,368.9,188.2,0.9046
perognathus_alticolus,7.8,10.81,32.28,6246.0,26.23,-7.27,33.5,11.15,4.46,19.53,-3.92,497.81,73.45,15.91,61.64,205.66,39.78,147.26,98.18,170.8,0.6583
perognathus_amplus,9.03,10.55,32.92,5941.8,26.66,-5.4,32.06,12.23,5.82,20.25,-2.19,473.68,68.89,15.94,59.61,192.88,39.86,139.64,93.1,125.6,0.6737
perognathus_fasciatus,3.41,11.47,27.31,8046.0,26.51,-15.48,42.0,7.61,-0.78,18.11,-11.28,827.49,132.43,18.18,73.64,370.81,45.44,249.75,166.5,0.0,0.686
perognathus_flavescens,6.57,10.9,29.35,7014.6,26.98,-10.14,37.12,10.28,2.85,19.56,-6.43,645.1,98.62,17.87,66.76,276.14,44.67,192.49,128.32,0.0,0.7042
perognathus_flavus,10.44,10.25,33.67,5599.8,27.18,-3.26,30.44,13.48,7.39,21.09,-0.22,463.41,66.29,16.48,57.33,185.62,41.19,136.09,90.72,69.8,0.6993
perognathus_inornatus,6.35,11.08,30.97,6726.6,26.02,-9.75,35.76,9.92,2.77,18.87,-6.17,568.71,85.81,16.66,64.84,240.26,41.65,169.15,112.76,169.1,0.6617
perognathus_longimembris,7.39,10.86,31.58,6438.6,26.32,-8.09,34.4,10.83,3.95,19.44,-4.65,527.46,78.53,16.3,62.92,219.88,40.74,156.37,104.25,143.4,0.6653
perognathus_merriami,11.56,10.03,34.7,5274.0,27.45,-1.45,28.91,14.45,8.67,21.67,1.44,466.41,65.67,17.43,55.16,183.87,43.57,136.46,90.98,50.6,0.7241
perognathus_parvus,3.56,11.52,28.17,7810.2,26.04,-14.84,40.88,7.65,-0.53,17.87,-10.75,777.32,123.13,18.09,72.07,344.76,45.23,234.0,156.0,89.0,0.6766
peromyscus_attwateri,9.71,10.32,32.0,5985.0,27.46,-4.81,32.26,12.94,6.49,21.0,-1.58,496.14,72.3,16.58,59.9,202.45,41.45,146.34,97.56,0.0,0.7028
peromyscus_boylii,9.16,10.52,32.86,5929.2,26.76,-5.24,32.0,12.36,5.96,20.36,-2.04,474.88,69.02,16.02,59.53,193.26,40.04,139.98,93.32,110.9,0.6774
peromyscus_bullatus,16.54,9.16,44.15,3547.8,27.95,7.2,20.75,18.61,14.46,23.8,9.27,789.29,101.66,37.06,43.65,284.66,92.66,226.39,150.93,96.0,0.9338
peromyscus_californicus,8.11,10.76,32.7,6123.6,26.22,-6.7,32.92,11.41,4.82,19.64,-3.41,482.4,70.76,15.75,60.82,198.14,39.37,142.51,95.01,180.7,0.6568
peromyscus_crinitus,6.96,10.92,30.89,6638.4,26.4,-8.95,35.35,10.5,3.43,19.33,-5.41,562.08,84.46,16.74,64.26,236.49,41.86,167.01,111.34,116.1,0.6736
peromyscus_dickeyi,11.85,10.07,36.86,4937.4,26.87,-0.44,27.32,14.58,9.12,21.41,2.29,469.54,65.01,18.42,52.92,182.03,46.06,136.85,91.23,163.4,0.7315
peromyscus_difficilis,14.94,9.46,40.99,4042.8,27.64,4.55,23.09,17.25,12.63,23.02,6.85,635.34,84.02,28.09,46.95,235.25,70.22,183.28,122.19,109.3,0.8662
peromyscus_eva,12.75,9.92,38.39,4622.4,26.95,1.13,25.83,15.33,10.16,21.79,3.71,506.01,68.95,20.74,50.82,193.07,51.85,146.95,97.97,173.6,0.7691
peromyscus_furvus,16.49,9.17,44.13,3555.0,27.93,7.14,20.79,18.57,14.42,23.77,9.22,786.34,101.32,36.89,43.7,283.7,92.23,225.56,150.37,98.9,0.9328
peromyscus_gossypinus,10.75,10.14,33.06,5644.8,27.61,-3.04,30.66,13.82,7.69,21.48,0.02,475.27,68.14,16.78,57.63,190.78,41.95,139.64,93.09,0.0,0.7131
peromyscus_grandis,18.89,8.74,51.31,2761.2,28.26,11.22,17.04,20.59,17.18,24.85,12.92,1108.16,136.68,56.88,38.41,382.71,142.2,314.94,209.96,104.2,0.9845
peromyscus_gratus,13.19,9.77,37.58,4656.6,27.49,1.5,25.99,15.79,10.59,22.29,4.09,513.6,70.11,20.95,51.04,196.31,52.38,149.21,99.48,89.3,0.7806
peromyscus_guatemalensis,18.91,8.74,51.45,2750.4,28.25,11.26,16.99,20.61,17.21,24.85,12.96,1112.81,137.17,57.18,38.34,384.08,142.96,316.22,210.82,105.8,0.9848
peromyscus_gymnotis,19.87,8.57,55.61,2417.4,28.35,12.93,15.42,21.41,18.33,25.26,14.47,1266.12,153.14,67.4,36.12,428.8,168.51,358.39,238.92,114.5,0.9875
peromyscus_hooperi,12.91,9.81,36.94,4775.4,27.51,0.96,26.55,15.56,10.25,22.2,3.61,499.66,68.62,20.05,51.84,192.13,50.14,145.36,96.91,77.1,0.768
peromyscus_keeni,-1.54,12.49,25.93,9354.6,24.96,-23.22,48.17,3.28,-6.36,15.32,-18.4,867.25,146.68,12.75,82.36,410.7,31.86,265.54,177.02,147.1,0.5887
peromyscus_leucopus,9.58,10.35,31.88,6028.2,27.44,-5.03,32.47,12.83,6.33,20.94,-1.78,500.02,73.02,16.59,60.19,204.45,41.47,147.55,98.37,0.0,0.7021
peromyscus_maniculatus,5.49,11.09,28.6,7365.6,26.82,-11.96,38.78,9.37,1.62,19.07,-8.08,710.84,110.4,18.3,69.1,309.13,45.75,212.93,141.95,0.0,0.7031
peromyscus_megalops,17.94,8.92,48.47,3051.0,28.06,9.66,18.41,19.78,16.1,24.38,11.5,979.65,122.8,48.7,40.34,343.85,121.76,279.37,186.24,113.4,0.9739
peromyscus_mekisturus,16.98,9.09,45.42,3389.4,27.99,7.98,20.01,18.98,14.98,23.98,9.98,845.97,108.03,40.47,42.6,302.49,101.17,242.2,161.47,101.7,0.9496
peromyscus_melanocarpus,17.75,8.95,47.68,3128.4,28.07,9.3,18.77,19.63,15.87,24.32,11.18,948.35,119.39,46.74,40.86,334.29,116.85,270.69,180.46,106.4,0.9696
peromyscus_melanophrys,15.97,9.26,42.85,3731.4,27.87,6.25,21.62,18.14,13.81,23.54,8.41,727.84,94.68,33.43,44.88,265.09,83.59,209.21,139.47,96.0,0.9116
peromyscus_melanotis,13.95,9.64,39.0,4384.8,27.54,2.84,24.71,16.42,11.48,22.6,5.31,558.33,75.16,23.62,49.23,210.45,59.05,161.7,107.8,99.8,0.8164
peromyscus_melanurus,18.4,8.84,50.06,2892.6,28.12,10.46,17.66,20.17,16.64,24.58,12.22,1047.56,130.16,53.0,39.28,364.46,132.51,298.18,198.79,116.8,0.9808
peromyscus_merriami,11.46,10.12,35.89,5122.8,26.97,-1.22,28.19,14.28,8.65,21.33,1.6,460.06,64.29,17.58,54.15,180.01,43.94,134.37,89.58,135.8,0.7183
peromyscus_mexicanus,18.57,8.8,50.11,2871.0,28.22,10.67,17.56,20.32,16.81,24.71,12.42,1059.35,131.47,53.73,39.14,368.11,134.32,301.46,200.97,101.8,0.9816
peromyscus_ochraventer,14.94,9.45,40.52,4089.6,27.76,4.45,23.31,17.27,12.61,23.1,6.78,626.64,83.07,27.54,47.26,232.6,68.85,180.87,120.58,87.0,0.8622
peromyscus_pectoralis,12.72,9.83,36.56,4849.2,27.52,0.62,26.9,15.41,10.03,22.14,3.31,492.22,67.85,19.55,52.33,189.97,48.89,143.32,95.54,70.5,0.7605
peromyscus_perfulvus,16.42,9.22,44.84,3504.6,27.72,7.17,20.55,18.48,14.37,23.61,9.23,798.88,102.66,37.7,43.36,287.45,94.26,229.02,152.68,134.0,0.9358
peromyscus_polionotus,11.15,10.07,33.6,5499.0,27.63,-2.34,29.97,14.14,8.15,21.64,0.66,470.83,67.02,17.0,56.66,187.67,42.51,138.11,92.07,7.6,0.7186
peromyscus_polius,11.14,10.15,34.98,5297.4,27.1,-1.92,29.02,14.04,8.24,21.3,0.98,457.85,64.54,17.05,55.32,180.7,42.62,133.99,89.33,103.6,0.7105
peromyscus_sejugis,13.01,9.86,38.72,4546.8,27.02,1.55,25.47,15.56,10.47,21.93,4.1,518.77,70.42,21.48,50.31,197.17,53.7,150.52,100.35,168.2,0.7807
peromyscus_simulus,14.78,9.52,41.35,4028.4,27.44,4.42,23.02,17.08,12.47,22.83,6.72,634.43,83.83,28.1,46.86,234.74,70.24,182.99,121.99,140.6,0.8641
peromyscus_spicilegus,14.42,9.58,40.52,4159.8,27.42,3.78,23.64,16.78,12.05,22.69,6.14,602.27,80.14,26.23,47.73,224.38,65.58,173.98,115.98,134.1,0.8449
peromyscus_stirtoni,19.77,8.59,55.21,2448.0,28.33,12.77,15.56,21.33,18.22,25.22,14.33,1251.6,151.65,66.42,36.32,424.62,166.05,354.4,236.27,115.1,0.9876
peromyscus_truei,9.84,10.39,33.5,5718.6,26.9,-4.11,31.0,12.94,6.74,20.7,-1.01,462.51,66.55,16.14,58.12,186.33,40.35,136.01,90.67,105.0,0.6855
peromyscus_winkelmanni,16.85,9.14,46.14,3349.8,27.75,7.93,19.82,18.83,14.86,23.78,9.91,855.02,108.95,41.09,42.33,305.07,102.72,244.68,163.12,141.4,0.9511
peromyscus_yucatanicus,16.65,9.13,43.94,3551.4,28.07,7.3,20.77,18.72,14.57,23.92,9.38,790.88,101.89,37.12,43.68,285.29,92.8,226.85,151.24,77.0,0.9348
peromyscus_zarhynchus,18.01,8.89,48.19,3061.8,28.17,9.71,18.46,19.86,16.17,24.48,11.55,977.57,122.62,48.54,40.41,343.32,121.36,278.81,185.87,96.9,0.9736
peropteryx_kappleri,24.65,7.86,88.71,442.8,29.52,20.66,8.86,25.53,23.76,27.75,21.55,1970.6,211.33,126.53,22.95,591.73,316.31,544.82,363.22,307.4,0.9286
peropteryx_macrotis,24.94,7.82,88.66,329.4,29.79,20.97,8.82,25.82,24.06,28.02,21.85,1984.11,211.22,128.64,22.2,591.41,321.61,547.81,365.21,316.0,0.9228
peropteryx_trinitatis,20.51,8.62,69.21,1789.2,27.36,14.91,12.45,21.76,19.27,24.87,16.15,1530.76,178.47,86.83,31.93,499.73,217.09,430.09,286.72,311.0,0.9874
peroryctes_broadbenti,20.57,8.66,73.66,1641.6,27.03,15.28,11.75,21.74,19.39,24.68,16.45,1587.03,183.41,91.33,30.94,513.54,228.32,445.12,296.74,372.1,0.9873
peroryctes_raffrayana,22.24,8.4,89.36,970.2,27.41,18.01,9.4,23.18,21.3,25.53,18.95,1831.18,203.09,112.21,26.47,568.64,280.52,509.5,339.66,430.3,0.9694
petaurillus_kinlochii,24.98,7.71,88.52,579.6,29.77,21.06,8.71,25.85,24.11,28.02,21.93,1964.43,212.54,124.64,23.86,595.1,311.59,544.01,362.68,192.8,0.922
petaurista_alborufus,11.66,10.08,36.2,5052.6,26.98,-0.88,27.86,14.45,8.87,21.41,1.91,464.03,64.62,17.91,53.68,180.93,44.77,135.42,90.28,138.8,0.7245
petaurista_elegans,20.81,8.43,61.91,2035.8,28.3,14.69,13.61,22.17,19.45,25.58,16.05,1441.39,170.52,79.79,33.57,477.46,199.48,406.16,270.77,148.8,0.9838
petaurista_magnificus,12.65,9.81,35.62,4982.4,27.79,0.26,27.53,15.4,9.9,22.29,3.02,487.26,67.62,19.0,53.22,189.32,47.49,142.09,94.73,19.3,0.7564
petaurista_petaurista,19.69,8.61,55.1,2462.4,28.28,12.65,15.63,21.25,18.12,25.16,14.22,1243.89,150.84,65.91,36.42,422.36,164.77,352.28,234.85,121.3,0.9878
petaurista_philippensis,17.6,8.98,47.37,3168.0,28.03,9.07,18.96,19.5,15.71,24.24,10.97,931.5,117.52,45.71,41.12,329.07,114.26,266.0,177.33,110.4,0.967
petauroides_volans,11.29,10.25,37.56,4930.2,26.29,-0.99,27.28,14.01,8.56,20.83,1.74,456.66,63.2,17.94,52.87,176.97,44.84,133.08,88.72,253.7,0.7128
petaurus_abidi,23.34,8.2,89.13,610.2,28.4,19.2,9.2,24.26,22.42,26.56,20.12,1922.83,208.44,121.67,24.07,583.64,304.18,532.69,355.13,429.9,0.9526
petaurus_australis,11.0,10.31,37.31,5004.0,26.19,-1.44,27.63,13.76,8.23,20.67,1.32,448.85,62.35,17.45,53.36,174.59,43.61,130.92,87.28,263.8,0.7022
petaurus_biacensis,24.56,7.99,88.88,171.0,29.5,20.51,8.99,25.45,23.66,27.7,21.41,1977.58,208.35,129.96,21.14,583.37,324.9,544.96,363.31,449.5,0.9304
petaurus_breviceps,14.24,9.8,45.39,3726.0,26.12,4.52,21.59,16.4,12.08,21.8,6.68,689.13,89.62,31.68,44.84,250.93,79.19,198.07,132.05,365.5,0.8807
petaurus_gracilis,15.54,9.54,48.14,3351.6,26.45,6.62,19.83,17.52,13.56,22.48,8.6,824.36,105.06,39.61,42.34,294.16,99.02,235.91,157.27,341.2,0.9361
petaurus_norfolcensis,11.26,10.26,37.71,4915.8,26.22,-0.99,27.21,13.98,8.54,20.78,1.73,456.31,63.11,17.96,52.77,176.71,44.9,132.96,88.64,265.0,0.712
petinomys_fuscocapillus,22.16,8.21,73.13,1530.0,28.33,17.11,11.22,23.28,21.04,26.09,18.23,1663.65,190.97,96.77,30.2,534.72,241.92,465.99,310.66,179.2,0.9699
petinomys_genibarbis,25.79,7.6,88.37,212.4,30.52,21.92,8.6,26.65,24.93,28.8,22.78,2006.18,211.94,131.38,21.42,593.42,328.44,553.12,368.75,240.8,0.9048
petinomys_sagitta,22.27,8.26,80.77,1317.6,27.89,17.67,10.22,23.29,21.25,25.85,18.69,1736.52,196.78,103.06,28.78,550.98,257.64,485.17,323.45,262.0,0.9687
petinomys_setosus,20.67,8.52,65.03,1926.0,27.87,14.77,13.09,21.98,19.36,25.25,16.08,1481.43,174.13,82.91,32.84,487.56,207.28,416.91,277.94,222.8,0.9855
petinomys_vordermanni,21.5,8.36,70.14,1675.8,28.05,16.14,11.91,22.69,20.31,25.67,17.33,1596.01,184.82,91.54,31.17,517.51,228.85,447.82,298.55,212.7,0.9779
petrodromus_tetradactylus,18.62,8.97,58.76,2385.0,27.02,11.75,15.26,20.15,17.1,23.96,13.28,1250.36,150.96,66.79,35.9,422.67,166.98,353.79,235.86,321.6,0.9923
petrogale_assimilis,14.5,9.73,45.37,3695.4,26.3,4.85,21.45,16.65,12.36,22.01,6.99,702.89,91.26,32.43,44.64,255.52,81.07,201.95,134.64,339.6,0.889
petrogale_brachyotis,17.47,9.24,56.92,2592.0,26.4,10.16,16.24,19.09,15.84,23.15,11.78,1141.12,139.41,59.64,37.28,390.34,149.11,323.67,215.78,402.2,0.9875
petrogale_burbidgei,17.17,9.27,54.56,2752.2,26.52,9.52,17.0,18.87,15.47,23.12,11.22,1072.08,132.17,55.08,38.35,370.06,137.7,304.66,203.11,371.9,0.982
petrogale_concinna,17.6,9.22,57.33,2557.8,26.44,10.36,16.08,19.2,15.99,23.22,11.97,1157.64,141.15,60.73,37.05,395.22,151.81,328.22,218.81,398.2,0.9887
petrogale_godmani,17.02,9.3,54.0,2800.8,26.49,9.27,17.23,18.74,15.29,23.05,10.99,1049.97,129.79,53.66,38.67,363.42,134.15,298.55,199.03,373.0,0.9797
petrogale_inornata,14.0,9.79,43.14,3956.4,26.47,3.79,22.68,16.27,11.73,21.94,6.06,630.92,83.06,28.19,46.38,232.55,70.48,181.82,121.22,294.2,0.8532
petrogale_lateralis,11.62,10.22,38.81,4730.4,26.1,-0.24,26.34,14.25,8.98,20.83,2.4,472.34,64.72,19.08,51.54,181.21,47.69,137.34,91.56,297.0,0.7288
petrogale_penicillata,9.03,10.64,34.32,5716.8,26.08,-4.91,31.0,12.13,5.93,19.88,-1.81,443.62,63.82,15.49,58.11,178.7,38.71,130.45,86.97,230.4,0.6553
petrogale_persephone,14.58,9.69,44.83,3731.4,26.48,4.86,21.62,16.75,12.42,22.15,7.02,695.76,90.5,31.96,44.88,253.41,79.9,199.99,133.33,309.8,0.8873
petrogale_rothschildi,13.73,9.81,41.84,4116.6,26.62,3.18,23.44,16.07,11.39,21.93,5.53,593.9,78.84,26.01,47.44,220.76,65.03,171.47,114.32,260.1,0.8318
petrogale_xanthopus,9.9,10.53,36.35,5290.2,25.84,-3.14,28.98,12.8,7.0,20.04,-0.24,428.87,60.43,15.99,55.27,169.2,39.97,125.5,83.67,298.0,0.6661
petromus_typicus,14.83,9.53,41.97,3960.0,27.32,4.62,22.7,17.1,12.56,22.78,6.89,649.43,85.51,29.01,46.4,239.42,72.52,187.17,124.78,164.2,0.8713
petromyscus_collinus,13.78,9.7,39.53,4350.6,27.28,2.74,24.54,16.24,11.33,22.37,5.19,558.78,75.09,23.75,49.0,210.25,59.37,161.77,107.84,142.4,0.8144
petromyscus_monticularis,12.11,10.0,36.66,4926.6,27.1,-0.16,27.26,14.83,9.38,21.65,2.56,475.66,65.82,18.69,52.84,184.3,46.73,138.62,92.41,129.2,0.74
petropseudes_dahli,16.74,9.37,53.85,2838.6,26.31,8.91,17.4,18.48,15.0,22.83,10.65,1029.3,127.51,52.39,38.92,357.02,130.97,292.8,195.2,398.1,0.9766
phacochoerus_aethiopicus,22.56,8.35,89.3,847.8,27.7,18.36,9.35,23.5,21.63,25.83,19.29,1865.27,205.28,115.57,25.65,574.79,288.92,518.22,345.48,437.9,0.9648
phacochoerus_africanus,23.04,8.07,83.9,1189.8,28.33,18.71,9.62,24.0,22.07,26.4,19.67,1792.43,201.52,107.65,27.93,564.26,269.12,500.03,333.35,204.3,0.9573
phaenomys_ferrugineus,13.23,9.98,42.89,4078.8,26.02,2.76,23.26,15.55,10.9,21.37,5.09,589.12,78.05,25.93,47.19,218.55,64.81,170.02,113.35,355.4,0.8221
phalanger_carmelitae,21.55,8.51,86.74,1231.2,26.94,17.13,9.81,22.53,20.56,24.98,18.11,1746.02,196.81,104.46,28.21,551.06,261.15,487.32,324.88,414.1,0.978
phalanger_gymnotis,22.11,8.42,89.38,1017.0,27.3,17.88,9.42,23.06,21.17,25.41,18.82,1817.1,202.11,110.87,26.78,565.92,277.18,505.86,337.24,427.4,0.9711
phalanger_intercastellanus,20.73,8.61,73.99,1618.2,27.14,15.49,11.64,21.9,19.57,24.81,16.66,1599.4,184.58,92.25,30.79,516.82,230.62,448.46,298.98,357.2,0.986
phalanger_lullulae,20.83,8.57,73.07,1638.0,27.29,15.55,11.73,22.01,19.66,24.94,16.73,1594.55,184.24,91.79,30.92,515.86,229.48,447.21,298.14,332.4,0.985
phalanger_matanim,22.4,8.37,89.33,919.8,27.55,18.18,9.37,23.34,21.46,25.68,19.12,1846.31,204.12,113.65,26.13,571.53,284.13,513.4,342.26,429.3,0.9671
phalanger_orientalis,22.26,8.41,89.37,934.2,27.43,18.02,9.41,23.2,21.32,25.55,18.96,1839.82,203.58,113.11,26.23,570.03,282.76,511.68,341.12,444.5,0.9691
phalanger_ornatus,24.71,7.95,88.83,154.8,29.64,20.69,8.95,25.61,23.82,27.85,21.58,1981.0,208.48,130.36,21.03,583.75,325.91,545.8,363.86,432.7,0.9275
phalanger_rothschildi,24.4,8.01,88.9,261.0,29.36,20.35,9.01,25.3,23.5,27.55,21.25,1973.75,209.18,128.72,21.74,585.7,321.8,544.5,363.0,430.8,0.9335
phalanger_sericeus,21.73,8.49,89.46,1157.4,26.94,17.46,9.49,22.68,20.78,25.05,18.41,1771.35,198.75,106.7,27.72,556.51,266.75,493.95,329.3,421.0,0.9759
phalanger_vestitus,22.27,8.39,89.36,959.4,27.44,18.04,9.39,23.21,21.33,25.56,18.98,1834.36,203.3,112.51,26.4,569.24,281.28,510.32,340.21,430.8,0.9689
phaner_furcifer,16.99,9.32,54.7,2763.0,26.37,9.32,17.05,18.69,15.29,22.96,11.02,1063.72,131.21,54.59,38.42,367.4,136.47,302.32,201.55,395.0,0.9808
phascogale_calura,8.8,10.65,33.54,5875.2,26.26,-5.49,31.74,11.97,5.63,19.91,-2.31,458.67,66.49,15.61,59.17,186.18,39.02,135.12,90.08,192.1,0.6591
phascogale_tapoatafa,12.26,10.14,40.75,4422.6,25.95,1.07,24.88,14.75,9.78,20.97,3.55,514.73,69.43,21.67,49.48,194.39,54.17,149.14,99.43,341.9,0.7658
phascolarctos_cinereus,10.72,10.37,37.06,5076.0,26.1,-1.87,27.97,13.52,7.92,20.51,0.93,442.38,61.68,17.02,53.84,172.69,42.54,129.14,86.09,272.6,0.6923
phascolosorex_dorsalis,22.44,8.37,89.32,900.0,27.59,18.22,9.37,23.37,21.5,25.71,19.16,1851.47,204.43,114.17,26.0,572.41,285.43,514.71,343.14,433.0,0.9666
phascomurexia_naso,22.44,8.37,89.32,896.4,27.59,18.22,9.37,23.38,21.5,25.72,19.16,1852.32,204.48,114.26,25.98,572.55,285.66,514.92,343.28,434.1,0.9666
phenacomys_intermedius,1.43,11.92,27.13,8460.0,25.6,-18.35,43.95,5.82,-2.97,16.81,-13.96,859.8,140.08,16.91,76.4,392.21,42.27,260.69,173.79,111.2,0.6471
phenacomys_ungava,-2.11,12.47,24.69,9853.2,25.68,-24.85,50.53,2.95,-7.16,15.58,-19.79,838.4,144.7,10.0,85.69,405.16,25.0,258.1,172.06,0.0,0.5725
philantomba_maxwellii,22.07,8.19,69.83,1638.0,28.52,16.79,11.73,23.24,20.9,26.18,17.96,1623.06,187.53,93.43,30.92,525.09,233.59,455.2,303.47,142.4,0.971
philantomba_monticola,19.35,8.8,60.34,2241.0,27.37,12.79,14.58,20.81,17.9,24.46,14.25,1325.31,158.68,71.85,34.94,444.3,179.63,374.36,249.57,276.8,0.992
philetor_brachypterus,20.67,8.64,74.59,1605.6,27.04,15.45,11.58,21.82,19.51,24.72,16.61,1602.4,184.78,92.53,30.7,517.39,231.33,449.24,299.49,373.5,0.9866
phloeomys_cumingi,18.13,9.09,58.09,2466.0,26.73,11.09,15.64,19.69,16.56,23.6,12.65,1206.49,146.34,63.9,36.44,409.74,159.76,341.7,227.8,359.4,0.9913
phloeomys_pallidus,16.59,9.34,51.03,3031.2,26.66,8.35,18.31,18.42,14.76,23.0,10.18,955.5,119.64,47.61,40.21,335.0,119.02,272.42,181.61,330.4,0.9673
phodopus_campbelli,3.45,11.46,27.33,8035.2,26.52,-15.43,41.94,7.64,-0.75,18.13,-11.23,825.92,132.12,18.19,73.57,369.94,45.48,249.25,166.17,0.0,0.6866
phodopus_sungorus,0.01,12.09,25.58,9160.2,26.0,-21.25,47.26,4.74,-4.72,16.55,-16.53,898.32,150.72,14.17,81.07,422.02,35.43,274.47,182.98,0.0,0.6243
phoniscus_atrox,23.92,7.95,88.83,795.6,28.84,19.89,8.95,24.81,23.02,27.05,20.78,1906.57,209.13,118.68,25.3,585.58,296.69,529.36,352.91,254.5,0.9424
phoniscus_jagorii,24.83,7.85,88.7,325.8,29.7,20.85,8.85,25.72,23.95,27.93,21.73,1981.75,210.92,128.53,22.17,590.57,321.32,547.13,364.76,334.4,0.925
phoniscus_papuensis,15.51,9.56,48.4,3335.4,26.38,6.63,19.75,17.49,13.54,22.43,8.6,828.79,105.53,39.9,42.24,295.48,99.74,237.13,158.09,353.0,0.9369
phylloderma_stenops,22.72,8.23,89.16,1035.0,27.8,18.57,9.23,23.64,21.8,25.95,19.49,1826.67,203.41,111.27,26.9,569.54,278.19,508.64,339.09,325.5,0.9624
phyllomys_blainvillii,19.06,8.97,65.83,2037.6,26.55,12.93,13.62,20.42,17.7,23.83,14.29,1400.18,165.66,77.5,33.58,463.86,193.74,394.56,263.04,417.9,0.9947
phyllomys_brasiliensis,14.53,9.75,46.3,3614.4,26.12,5.05,21.07,16.64,12.42,21.9,7.16,724.75,93.69,33.76,44.1,262.32,84.41,208.04,138.69,373.2,0.8972
phyllomys_dasythrix,10.3,10.46,36.78,5173.2,25.93,-2.5,28.43,13.14,7.45,20.25,0.35,434.07,60.81,16.46,54.49,170.27,41.16,126.86,84.57,291.7,0.6782
phyllomys_lamarum,16.86,9.34,54.03,2815.2,26.37,9.08,17.29,18.59,15.13,22.92,10.81,1040.97,128.79,53.12,38.77,360.6,132.79,296.03,197.36,390.0,0.9783
phyllomys_thomasi,12.63,10.08,41.54,4291.2,25.97,1.71,24.26,15.06,10.2,21.12,4.14,540.42,72.4,23.14,48.61,202.71,57.86,156.34,104.23,347.5,0.7867
phyllonycteris_aphylla,17.11,9.1,46.91,3259.8,27.78,8.38,19.39,19.05,15.17,23.9,10.32,889.76,112.82,43.2,41.73,315.91,108.01,254.35,169.57,142.9,0.9589
phyllostomus_discolor,25.02,7.8,88.64,304.2,29.86,21.06,8.8,25.9,24.14,28.1,21.94,1986.87,211.16,129.1,22.03,591.25,322.75,548.4,365.6,315.7,0.9212
phyllostomus_elongatus,22.41,8.33,89.28,1011.6,27.55,18.22,9.33,23.35,21.48,25.68,19.15,1825.34,202.96,111.43,26.74,568.3,278.58,508.12,338.75,383.8,0.9669
phyllostomus_hastatus,23.46,8.12,89.03,729.0,28.47,19.36,9.12,24.37,22.55,26.65,20.27,1907.81,208.39,119.46,24.86,583.49,298.65,529.28,352.86,355.9,0.9506
phyllostomus_latifolius,25.06,7.81,88.66,237.6,29.9,21.09,8.81,25.94,24.17,28.14,21.97,1989.17,210.49,129.99,21.58,589.36,324.96,548.6,365.73,341.3,0.9204
phyllotis_amicus,20.96,8.43,64.67,1913.4,28.13,15.1,13.04,22.27,19.66,25.52,16.4,1493.17,175.38,83.67,32.76,491.06,209.18,420.15,280.1,183.4,0.9829
phyllotis_andium,22.68,8.12,78.53,1342.8,28.37,18.03,10.34,23.71,21.65,26.3,19.06,1738.04,197.25,102.9,28.95,552.31,257.26,485.74,323.83,187.2,0.9628
phyllotis_bonariensis,6.22,11.08,30.62,6816.6,26.12,-10.07,36.19,9.84,2.6,18.89,-6.45,587.56,89.02,16.92,65.44,249.25,42.3,174.93,116.62,146.4,0.6682
phyllotis_caprinus,14.26,9.69,42.38,3996.0,26.84,3.97,22.87,16.54,11.97,22.26,6.25,628.82,82.95,27.96,46.64,232.27,69.9,181.3,120.87,235.8,0.8555
phyllotis_darwini,10.42,10.28,34.12,5533.2,26.99,-3.14,30.13,13.43,7.41,20.97,-0.12,456.92,65.15,16.42,56.89,182.43,41.04,134.08,89.39,103.3,0.6949
phyllotis_definitus,20.01,8.62,60.48,2172.6,27.85,13.59,14.26,21.43,18.58,25.0,15.02,1367.95,163.13,74.69,34.48,456.77,186.71,386.09,257.4,208.5,0.9891
phyllotis_haggardi,25.8,7.56,88.31,311.4,30.5,21.95,8.56,26.65,24.94,28.79,22.8,2004.6,213.15,130.17,22.08,596.81,325.43,553.35,368.9,192.4,0.9046
phyllotis_magister,17.0,9.16,48.22,3177.0,27.45,8.45,19.0,18.9,15.1,23.65,10.35,914.56,115.44,44.83,41.18,323.25,112.07,261.19,174.13,198.8,0.9628
phyllotis_osgoodi,16.45,9.28,47.07,3326.4,27.29,7.58,19.71,18.42,14.47,23.34,9.55,853.12,108.57,41.11,42.18,304.01,102.77,244.07,162.71,213.9,0.9488
phyllotis_osilae,15.81,9.4,45.61,3517.2,27.14,6.53,20.61,17.87,13.74,23.02,8.59,781.08,100.44,36.81,43.45,281.23,92.02,223.95,149.3,222.8,0.927
phyllotis_wolffsohni,15.88,9.41,46.55,3432.6,27.0,6.79,20.21,17.91,13.86,22.96,8.81,807.59,103.37,38.44,42.88,289.45,96.1,231.33,154.22,250.3,0.9346
phyllotis_xanthopygus,10.35,10.3,34.22,5529.6,26.91,-3.2,30.11,13.36,7.34,20.89,-0.19,454.93,64.86,16.35,56.86,181.6,40.88,133.49,88.99,116.2,0.6922
piliocolobus_badius,21.67,8.28,67.65,1744.2,28.4,16.16,12.24,22.89,20.44,25.95,17.38,1574.47,183.08,89.71,31.63,512.62,224.27,442.13,294.76,154.3,0.9758
piliocolobus_kirkii,21.85,8.47,89.44,1096.2,27.06,17.59,9.47,22.8,20.9,25.16,18.53,1790.78,200.17,108.48,27.31,560.48,271.2,499.01,332.67,431.0,0.9744
piliocolobus_pennantii,26.22,7.48,88.21,171.0,30.89,22.4,8.48,27.07,25.37,29.19,23.25,2016.02,212.4,132.49,21.14,594.71,331.22,555.56,370.37,193.2,0.8953
piliocolobus_preussi,24.02,7.87,88.72,930.6,28.9,20.03,8.87,24.91,23.14,27.13,20.92,1881.38,208.14,115.7,26.2,582.78,289.25,523.22,348.81,174.5,0.9406
piliocolobus_rufomitratus,23.73,8.14,89.05,464.4,28.75,19.62,9.14,24.64,22.82,26.93,20.53,1947.63,209.16,124.82,23.1,585.64,312.04,538.61,359.07,438.7,0.9459
pipistrellus_abramus,9.96,10.48,35.62,5383.8,26.14,-3.28,29.42,12.9,7.02,20.26,-0.34,435.2,61.6,16.0,55.89,172.49,39.99,127.49,84.99,244.7,0.6714
pipistrellus_angulatus,22.28,8.34,89.29,1105.2,27.41,18.08,9.34,23.21,21.35,25.55,19.01,1798.32,201.13,108.85,27.37,563.16,272.12,501.16,334.11,360.6,0.9687
pipistrellus_ceylonicus,17.12,9.05,45.37,3376.8,28.09,8.14,19.95,19.11,15.12,24.1,10.14,852.92,108.85,40.86,42.51,304.77,102.15,244.15,162.77,87.0,0.9516
pipistrellus_collinus,21.41,8.53,84.75,1285.2,26.95,16.88,10.07,22.42,20.4,24.93,17.89,1726.67,195.27,102.78,28.57,546.76,256.96,482.23,321.49,409.7,0.9796
pipistrellus_coromandra,15.68,9.31,41.89,3857.4,27.9,5.69,22.22,17.91,13.46,23.46,7.91,691.28,90.53,31.27,45.72,253.47,78.18,198.99,132.66,81.4,0.8962
pipistrellus_hesperus,9.97,10.37,33.79,5653.8,26.86,-3.84,30.7,13.04,6.9,20.72,-0.77,458.22,65.72,16.16,57.69,184.02,40.39,134.65,89.76,115.8,0.6858
pipistrellus_javanicus,20.1,8.55,57.73,2289.6,28.24,13.43,14.81,21.58,18.61,25.28,14.91,1322.83,158.83,71.36,35.26,444.72,178.41,373.87,249.25,139.7,0.9875
pipistrellus_kuhlii,9.77,10.51,35.34,5452.2,26.13,-3.61,29.75,12.75,6.8,20.18,-0.64,435.48,61.85,15.84,56.35,173.18,39.6,127.67,85.11,241.2,0.6673
pipistrellus_nanulus,25.67,7.64,88.42,203.4,30.42,21.78,8.64,26.53,24.8,28.69,22.64,2003.46,211.52,131.3,21.36,592.27,328.25,552.31,368.21,263.1,0.9075
pipistrellus_nathusii,1.69,11.79,26.41,8604.0,26.24,-18.39,44.63,6.15,-2.77,17.31,-13.93,887.29,145.44,16.74,77.36,407.24,41.85,269.45,179.63,2.9,0.6583
pipistrellus_pipistrellus,2.79,11.75,28.71,7819.2,25.3,-15.62,40.92,6.89,-1.3,17.12,-11.53,761.81,120.72,17.69,72.13,338.02,44.24,229.35,152.9,202.4,0.6536
pipistrellus_rueppellii,22.87,8.12,84.91,1179.0,28.14,18.57,9.57,23.83,21.92,26.22,19.53,1791.75,201.31,107.71,27.86,563.67,269.28,499.77,333.18,234.4,0.96
pipistrellus_rusticus,23.06,8.08,85.91,1144.8,28.23,18.82,9.41,24.0,22.12,26.35,19.76,1805.52,202.43,108.89,27.63,566.8,272.21,503.41,335.61,222.4,0.957
pipistrellus_stenopterus,25.37,7.71,88.52,264.6,30.16,21.45,8.71,26.24,24.5,28.42,22.32,1996.05,211.59,130.14,21.76,592.45,325.34,550.67,367.12,280.0,0.9139
pipistrellus_subflavus,10.83,10.14,33.39,5581.8,27.52,-2.84,30.36,13.86,7.79,21.45,0.2,470.66,67.27,16.78,57.21,188.36,41.96,138.19,92.13,18.3,0.712
pipistrellus_tenuis,20.0,8.57,57.49,2311.2,28.2,13.28,14.91,21.49,18.5,25.22,14.78,1311.81,157.7,70.61,35.41,441.56,176.53,370.85,247.24,144.9,0.9879
pithecia_aequatorialis,25.23,7.68,88.48,442.8,30.0,21.32,8.68,26.09,24.36,28.26,22.19,1983.92,212.76,127.38,22.95,595.73,318.45,548.51,365.67,218.6,0.9168
pithecia_albicans,23.56,8.08,88.98,752.4,28.55,19.47,9.08,24.47,22.65,26.74,20.38,1906.11,208.51,119.11,25.02,583.84,297.77,528.96,352.64,329.7,0.9488
pithecia_irrorata,21.38,8.47,77.54,1467.0,27.39,16.46,10.93,22.47,20.28,25.2,17.55,1667.23,190.65,97.56,29.78,533.83,243.9,466.64,311.09,329.3,0.9797
pithecia_monachus,22.58,8.23,88.08,1132.2,27.72,18.37,9.35,23.51,21.64,25.85,19.31,1797.96,201.42,108.55,27.55,563.99,271.39,501.22,334.15,301.8,0.9644
pithecia_pithecia,23.74,8.11,89.02,525.6,28.75,19.65,9.11,24.65,22.83,26.93,20.56,1942.13,209.39,123.8,23.5,586.3,309.51,537.49,358.33,407.7,0.9457
plagiodontia_aedium,16.42,9.26,46.42,3378.6,27.4,7.44,19.95,18.42,14.43,23.41,9.44,836.35,106.74,40.06,42.52,298.88,100.15,239.41,159.61,193.0,0.945
planigale_gilesi,9.92,10.52,36.21,5306.4,25.9,-3.16,29.06,12.82,7.01,20.09,-0.25,430.06,60.65,15.99,55.38,169.81,39.98,125.87,83.91,287.4,0.6673
planigale_ingrami,15.29,9.63,48.63,3344.4,26.17,6.38,19.79,17.27,13.31,22.21,8.36,820.73,104.55,39.47,42.3,292.75,98.67,234.85,156.57,383.7,0.933
planigale_maculata,13.61,9.91,43.83,3942.0,26.04,3.43,22.61,15.87,11.34,21.52,5.69,624.86,82.2,27.97,46.28,230.15,69.93,180.05,120.03,361.4,0.845
planigale_novaeguineae,20.35,8.72,73.98,1648.8,26.83,15.05,11.79,21.53,19.17,24.48,16.23,1579.48,182.61,90.83,30.99,511.32,227.08,443.04,295.36,401.6,0.9891
planigale_tenuirostris,10.39,10.44,36.97,5135.4,25.93,-2.32,28.25,13.22,7.57,20.28,0.5,435.49,60.89,16.61,54.24,170.5,41.52,127.21,84.81,295.0,0.681
platyrrhinus_aurarius,24.54,7.87,88.72,505.8,29.42,20.55,8.87,25.43,23.66,27.65,21.44,1962.61,211.33,125.33,23.37,591.73,313.31,543.03,362.02,293.9,0.9308
platyrrhinus_brachycephalus,24.12,7.97,88.85,588.6,29.05,20.08,8.97,25.01,23.22,27.25,20.98,1943.46,210.39,123.21,23.92,589.09,308.02,538.26,358.84,321.0,0.9388
platyrrhinus_dorsalis,21.94,8.34,79.72,1368.0,27.69,17.23,10.46,22.99,20.89,25.6,18.28,1712.92,194.7,101.18,29.12,545.17,252.94,478.87,319.24,289.2,0.9731
platyrrhinus_helleri,25.05,7.75,88.57,417.6,29.86,21.12,8.75,25.93,24.18,28.11,21.99,1981.83,212.19,127.52,22.78,594.13,318.81,547.76,365.17,256.9,0.9206
platyrrhinus_infuscus,22.94,8.13,87.6,1117.8,28.04,18.76,9.28,23.87,22.01,26.19,19.69,1810.15,202.61,109.44,27.45,567.3,273.59,504.53,336.36,253.3,0.9589
platyrrhinus_lineatus,19.67,8.82,67.32,1927.8,26.88,13.77,13.1,20.98,18.36,24.26,15.08,1457.73,171.36,81.57,32.85,479.82,203.92,410.24,273.5,375.3,0.9927
platyrrhinus_umbratus,23.03,8.12,89.03,1069.2,28.05,18.93,9.12,23.94,22.12,26.22,19.84,1825.17,203.67,110.84,27.13,570.29,277.09,508.43,338.95,261.5,0.9575
platyrrhinus_vittatus,24.48,7.83,88.68,651.6,29.33,20.5,8.83,25.36,23.59,27.57,21.38,1943.31,211.22,122.52,24.34,591.42,306.3,538.63,359.09,235.9,0.9319
plecotus_auritus,3.16,11.55,27.54,8037.0,26.23,-15.72,41.95,7.35,-1.04,17.84,-11.53,819.57,131.11,18.04,73.58,367.12,45.11,247.34,164.89,44.1,0.6781
plecotus_austriacus,8.27,10.8,33.96,5889.6,25.77,-6.04,31.81,11.45,5.09,19.41,-2.86,448.58,65.07,15.23,59.26,182.21,38.07,132.17,88.11,266.2,0.6401
podomys_floridanus,12.52,9.85,35.84,4973.4,27.64,0.15,27.49,15.27,9.77,22.14,2.9,484.36,67.18,18.91,53.16,188.11,47.27,141.23,94.15,43.6,0.7524
podoxymys_roraimae,22.8,8.24,89.18,928.8,27.88,18.64,9.24,23.72,21.88,26.04,19.57,1853.58,205.04,114.01,26.19,574.1,285.02,515.47,343.65,363.3,0.9612
poecilogale_albinucha,17.35,9.16,51.72,2903.4,27.09,9.38,17.71,19.12,15.58,23.55,11.15,1019.35,126.73,51.51,39.36,354.86,128.79,290.19,193.46,273.2,0.9776
poelagus_marjorita,25.1,7.79,88.63,259.2,29.93,21.14,8.79,25.98,24.22,28.18,22.02,1989.86,210.86,129.79,21.73,590.41,324.48,548.93,365.95,324.5,0.9195
pogonomelomys_mayeri,22.47,8.36,89.31,900.0,27.61,18.25,9.36,23.4,21.53,25.74,19.19,1852.15,204.51,114.22,26.0,572.62,285.54,514.9,343.27,428.4,0.9661
pogonomys_championi,22.59,8.34,89.29,855.0,27.72,18.39,9.34,23.52,21.65,25.86,19.32,1864.37,205.28,115.44,25.7,574.77,288.59,518.02,345.34,430.8,0.9644
pogonomys_loriae,22.07,8.43,89.39,1033.2,27.26,17.83,9.43,23.02,21.13,25.37,18.77,1812.16,201.77,110.41,26.89,564.95,276.02,504.59,336.39,426.0,0.9716
pogonomys_macrourus,22.23,8.4,89.36,990.0,27.39,18.0,9.4,23.17,21.29,25.52,18.94,1826.23,202.79,111.7,26.6,567.81,279.26,508.24,338.83,422.8,0.9695
pogonomys_sylvestris,22.13,8.42,89.38,1013.4,27.31,17.89,9.42,23.07,21.18,25.42,18.83,1818.26,202.2,110.98,26.76,566.16,277.45,506.16,337.44,427.2,0.9708
poiana_richardsonii,26.05,7.57,88.34,68.4,30.77,22.19,8.57,26.91,25.19,29.05,23.05,2009.05,210.23,133.17,20.46,588.64,332.93,552.95,368.63,267.8,0.8991
pongo_abelii,24.82,7.72,88.53,684.0,29.61,20.9,8.72,25.69,23.95,27.87,21.77,1946.42,212.0,122.37,24.56,593.59,305.91,539.7,359.8,167.8,0.9252
pongo_pygmaeus,25.21,7.77,88.59,239.4,30.03,21.26,8.77,26.09,24.33,28.28,22.14,1992.69,210.88,130.2,21.6,590.48,325.49,549.58,366.39,316.9,0.9173
potamochoerus_larvatus,20.02,8.74,68.17,1866.6,27.07,14.26,12.81,21.31,18.74,24.51,15.54,1489.78,174.5,83.87,32.44,488.59,209.67,418.96,279.31,349.5,0.9908
potamochoerus_porcus,25.33,7.63,88.42,487.8,30.08,21.45,8.63,26.2,24.47,28.35,22.31,1982.51,213.23,126.79,23.25,597.04,316.99,548.41,365.61,181.2,0.9147
potamogale_velox,25.01,7.78,88.61,365.4,29.84,21.06,8.78,25.89,24.14,28.09,21.94,1984.11,211.71,128.25,22.44,592.8,320.62,548.05,365.36,287.8,0.9214
potorous_gilbertii,7.83,10.81,32.36,6228.0,26.21,-7.2,33.41,11.17,4.49,19.52,-3.86,494.97,72.97,15.87,61.52,204.31,39.68,146.39,97.6,175.3,0.6574
potorous_longipes,6.36,11.09,31.22,6676.2,25.9,-9.62,35.53,9.92,2.81,18.8,-6.07,557.1,83.86,16.48,64.51,234.81,41.19,165.6,110.4,190.5,0.6558
potorous_tridactylus,7.45,10.91,32.44,6274.8,25.95,-7.68,33.63,10.82,4.09,19.22,-4.32,495.27,73.17,15.75,61.83,204.88,39.38,146.56,97.7,211.4,0.6482
potos_flavus,25.96,7.61,88.38,54.0,30.7,22.09,8.61,26.83,25.1,28.98,22.95,2006.35,209.75,133.15,20.36,587.29,332.89,552.11,368.07,287.7,0.9011
praomys_daltoni,20.9,8.4,61.67,2037.6,28.39,14.77,13.62,22.26,19.54,25.67,16.13,1442.74,170.7,79.85,33.58,477.96,199.63,406.55,271.04,134.1,0.9829
praomys_delectorum,21.18,8.58,82.39,1357.2,26.91,16.5,10.41,22.22,20.14,24.83,17.54,1698.92,192.98,100.45,29.05,540.35,251.13,474.89,316.59,410.7,0.982
praomys_derooi,22.66,8.08,74.32,1456.2,28.64,17.76,10.88,23.74,21.57,26.46,18.85,1700.42,194.32,99.6,29.71,544.1,249.01,475.87,317.25,137.4,0.9629
praomys_hartwigi,23.53,7.96,87.56,1078.2,28.53,19.44,9.09,24.44,22.62,26.71,20.35,1834.34,204.81,111.3,27.19,573.47,278.25,511.04,340.69,180.6,0.9492
praomys_jacksoni,24.98,7.8,88.63,342.0,29.82,21.02,8.8,25.86,24.1,28.06,21.9,1984.51,211.43,128.53,22.28,592.01,321.33,548.0,365.34,303.8,0.922
praomys_lukolelae,25.84,7.6,88.37,169.2,30.57,21.97,8.6,26.7,24.98,28.85,22.83,2007.27,211.45,131.93,21.13,592.06,329.83,553.13,368.75,252.3,0.9037
praomys_morio,24.39,7.8,88.64,802.8,29.23,20.43,8.8,25.27,23.51,27.47,21.31,1916.26,210.29,119.2,25.35,588.82,298.01,532.1,354.73,177.5,0.9337
praomys_tullbergi,25.94,7.5,88.23,356.4,30.61,22.12,8.5,26.79,25.09,28.91,22.97,2005.98,213.92,129.76,22.38,598.98,324.4,554.03,369.35,149.3,0.9015
presbytis_comata,22.76,8.14,83.49,1218.6,28.12,18.37,9.75,23.74,21.78,26.17,19.35,1777.73,200.22,106.48,28.12,560.63,266.2,496.1,330.73,233.3,0.9617
presbytis_femoralis,23.81,7.92,88.78,966.6,28.72,19.8,8.92,24.71,22.92,26.93,20.69,1868.37,207.16,114.52,26.44,580.06,286.31,519.82,346.55,189.6,0.9444
presbytis_frontata,25.69,7.7,88.5,50.0,30.47,21.77,8.7,26.56,24.82,28.73,22.64,1999.24,208.83,132.82,20.28,584.72,332.06,550.07,366.71,336.5,0.907
presbytis_hosei,23.78,8.04,88.94,660.6,28.75,19.71,9.04,24.69,22.88,26.95,20.62,1925.97,209.46,121.33,24.4,586.48,303.32,533.88,355.92,338.6,0.945
presbytis_melalophos,24.82,7.75,88.57,599.4,29.63,20.88,8.75,25.69,23.94,27.88,21.76,1958.31,212.14,124.03,24.0,594.0,310.08,542.45,361.63,207.8,0.9252
presbytis_potenziani,25.65,7.57,88.34,383.4,30.37,21.79,8.57,26.51,24.79,28.65,22.65,1997.85,213.43,128.93,22.56,597.6,322.34,551.96,367.97,181.0,0.9079
presbytis_rubicunda,25.17,7.77,88.6,255.6,29.99,21.22,8.77,26.05,24.29,28.24,22.1,1991.53,210.99,129.94,21.7,590.76,324.85,549.37,366.24,315.5,0.9181
presbytis_siamensis,25.72,7.58,88.34,324.0,30.43,21.86,8.58,26.57,24.86,28.72,22.71,2002.25,213.07,129.88,22.16,596.61,324.7,552.78,368.52,199.0,0.9064
presbytis_thomasi,24.5,7.77,88.6,801.0,29.32,20.55,8.77,25.38,23.62,27.57,21.43,1919.01,210.57,119.39,25.34,589.6,298.49,532.85,355.24,162.2,0.9315
priodontes_maximus,20.66,8.62,72.6,1666.8,27.19,15.31,11.87,21.84,19.47,24.81,16.5,1579.93,182.86,90.7,31.11,512.02,226.75,443.26,295.51,346.2,0.9865
prionailurus_bengalensis,15.76,9.33,43.12,3735.0,27.66,6.02,21.64,17.92,13.59,23.33,8.18,721.92,93.92,33.15,44.9,262.99,82.87,207.51,138.34,127.8,0.908
prionailurus_planiceps,25.83,7.59,88.37,190.8,30.56,21.96,8.59,26.69,24.97,28.84,22.82,2007.12,211.73,131.68,21.27,592.86,329.2,553.23,368.82,244.5,0.904
prionailurus_rubiginosus,18.93,8.78,53.38,2635.2,27.97,11.53,16.44,20.57,17.28,24.68,13.17,1157.9,141.8,60.24,37.57,397.05,150.6,328.59,219.06,156.9,0.9874
prionailurus_viverrinus,21.44,8.31,65.17,1852.2,28.45,15.7,12.75,22.71,20.16,25.9,16.97,1527.91,178.81,86.14,32.35,500.67,215.35,429.61,286.41,139.2,0.9781
prionodon_linsang,24.25,7.88,88.74,711.0,29.13,20.25,8.88,25.14,23.36,27.36,21.14,1929.01,210.46,120.98,24.74,589.3,302.45,535.05,356.7,242.8,0.9363
prionodon_pardicolor,15.66,9.32,41.97,3853.8,27.86,5.67,22.2,17.88,13.44,23.43,7.89,691.42,90.53,31.29,45.69,253.48,78.23,199.02,132.68,87.5,0.8961
prionomys_batesi,23.87,7.94,88.81,871.2,28.79,19.85,8.94,24.77,22.98,27.0,20.74,1890.7,208.39,116.9,25.81,583.48,292.24,525.43,350.29,225.5,0.9433
procapra_gutturosa,2.83,11.58,26.98,8238.6,26.42,-16.48,42.9,7.12,-1.46,17.84,-12.19,853.11,137.67,17.83,74.92,385.49,44.57,258.03,172.02,0.0,0.6779
procapra_picticaudata,9.5,10.36,31.8,6055.2,27.42,-5.17,32.59,12.76,6.24,20.91,-1.91,502.58,73.49,16.6,60.37,205.76,41.5,148.35,98.9,0.0,0.7018
procapra_przewalskii,7.62,10.71,30.16,6670.8,27.14,-8.36,35.5,11.17,4.07,20.04,-4.81,584.79,88.01,17.31,64.47,246.41,43.28,173.82,115.88,0.0,0.7019
procavia_capensis,26.17,7.56,88.31,50.0,30.88,22.32,8.56,27.03,25.31,29.17,23.17,2008.76,209.45,133.76,20.1,586.45,334.39,552.5,368.34,274.8,0.8964
procolobus_verus,23.23,7.98,80.24,1260.0,28.7,18.75,9.95,24.22,22.23,26.71,19.74,1776.24,200.57,105.98,28.4,561.59,264.96,495.92,330.62,142.0,0.9542
procyon_cancrivorus,19.54,8.83,65.48,2008.8,26.96,13.47,13.49,20.89,18.19,24.26,14.82,1422.72,168.05,78.97,33.39,470.53,197.43,400.77,267.18,357.5,0.9929
procyon_lotor,9.86,10.3,32.14,5938.2,27.48,-4.56,32.04,13.06,6.65,21.07,-1.36,492.23,71.57,16.58,59.59,200.4,41.44,145.11,96.74,0.0,0.7039
procyon_pygmaeus,16.28,9.19,43.05,3675.6,28.02,6.67,21.36,18.41,14.14,23.75,8.8,748.95,97.13,34.64,44.5,271.97,86.59,215.14,143.42,75.7,0.9205
proechimys_brevicauda,20.9,8.51,69.46,1747.8,27.64,15.39,12.25,22.13,19.68,25.19,16.62,1555.52,180.91,88.6,31.65,506.56,221.49,436.83,291.22,269.9,0.9841
proechimys_canicollis,21.03,8.45,67.11,1818.0,27.95,15.36,12.58,22.29,19.77,25.43,16.62,1531.65,178.88,86.64,32.12,500.88,216.6,430.49,286.99,218.1,0.9826
proechimys_cuvieri,25.08,7.81,88.65,219.6,29.93,21.12,8.81,25.97,24.2,28.17,22.0,1989.98,210.32,130.24,21.46,588.91,325.59,548.7,365.8,345.2,0.92
proechimys_decumanus,25.81,7.55,88.3,324.0,30.51,21.96,8.55,26.66,24.95,28.8,22.81,2004.36,213.3,130.02,22.16,597.23,325.04,553.36,368.91,185.0,0.9044
proechimys_goeldii,21.9,8.39,83.8,1272.6,27.4,17.39,10.01,22.9,20.9,25.4,18.4,1741.79,196.83,103.81,28.48,551.12,259.51,486.38,324.25,340.4,0.9737
proechimys_guairae,21.21,8.47,72.96,1611.0,27.6,15.99,11.61,22.37,20.05,25.28,17.15,1613.08,186.08,93.1,30.74,521.01,232.75,452.26,301.51,286.8,0.9813
proechimys_guyannensis,25.13,7.86,88.71,70.2,30.0,21.14,8.86,26.01,24.24,28.23,22.03,1987.8,208.03,131.74,20.47,582.49,329.36,547.11,364.74,409.1,0.9189
proechimys_longicaudatus,18.36,8.99,56.11,2545.2,27.17,11.15,16.02,19.96,16.76,23.96,12.75,1180.22,143.8,61.99,36.97,402.64,154.98,334.57,223.05,286.9,0.9899
proechimys_mincae,20.53,8.53,63.41,2001.6,27.92,14.47,13.45,21.87,19.18,25.23,15.82,1448.38,171.01,80.45,33.34,478.81,201.13,407.97,271.98,208.9,0.9864
proechimys_oconnelli,24.21,7.89,88.75,709.2,29.11,20.21,8.89,25.1,23.33,27.33,21.1,1928.5,210.38,120.97,24.73,589.07,302.42,534.9,356.6,249.0,0.9371
proechimys_poliopus,21.15,8.43,68.38,1764.0,27.93,15.6,12.33,22.38,19.91,25.46,16.83,1554.94,181.02,88.42,31.76,506.86,221.06,436.75,291.17,225.4,0.9815
proechimys_quadruplicatus,26.24,7.54,88.29,50.0,30.93,22.39,8.54,27.09,25.38,29.22,23.25,2009.53,209.38,133.93,20.02,586.25,334.82,552.65,368.43,269.8,0.8948
proechimys_semispinosus,21.75,8.27,68.66,1702.8,28.38,16.34,12.04,22.96,20.55,25.97,17.54,1591.94,184.65,91.07,31.35,517.03,227.67,446.82,297.88,160.5,0.9749
proechimys_simonsi,21.52,8.38,72.73,1593.0,27.86,16.34,11.52,22.67,20.37,25.55,17.49,1626.64,187.44,94.05,30.62,524.82,235.12,455.96,303.98,247.9,0.9779
proechimys_steerei,21.73,8.38,77.97,1429.2,27.64,16.89,10.75,22.8,20.65,25.49,17.96,1687.95,192.58,99.13,29.53,539.23,247.82,472.23,314.82,293.5,0.9756
profelis_aurata,25.4,7.63,88.41,446.4,30.14,21.51,8.63,26.26,24.53,28.42,22.38,1987.6,213.2,127.58,22.98,596.97,318.94,549.55,366.37,190.5,0.9132
prolemur_simus,13.69,9.9,44.0,3916.8,26.06,3.56,22.5,15.94,11.44,21.56,5.81,632.1,83.04,28.39,46.11,232.5,70.96,182.08,121.39,360.7,0.8495
prometheomys_schaposchnikowi,3.07,11.7,28.91,7723.8,25.33,-15.14,40.47,7.12,-0.98,17.24,-11.1,745.29,117.61,17.71,71.49,329.31,44.26,224.14,149.43,204.6,0.6551
promops_centralis,24.82,7.73,88.55,635.4,29.62,20.89,8.73,25.69,23.95,27.88,21.76,1953.52,212.11,123.34,24.24,593.91,308.35,541.36,360.9,190.7,0.9252
promops_nasutus,19.67,8.79,65.08,2012.4,27.1,13.6,13.5,21.02,18.32,24.4,14.95,1424.4,168.28,79.04,33.42,471.19,197.59,401.26,267.51,335.1,0.9922
pronolagus_crassicaudatus,10.34,10.4,35.93,5283.0,26.27,-2.68,28.95,13.24,7.45,20.48,0.21,438.83,61.81,16.38,55.22,173.07,40.94,128.41,85.6,232.8,0.682
pronolagus_randensis,15.36,9.48,44.57,3657.6,27.06,5.79,21.27,17.49,13.24,22.81,7.92,732.54,94.91,33.95,44.38,265.75,84.88,210.38,140.25,224.7,0.9083
pronolagus_rupestris,16.95,9.24,50.62,3018.6,26.99,8.73,18.25,18.77,15.12,23.34,10.56,968.23,121.15,48.31,40.12,339.23,120.78,276.01,184.0,281.3,0.9705
propithecus_coquereli,16.88,9.35,54.47,2788.2,26.32,9.15,17.17,18.59,15.16,22.88,10.87,1051.48,129.89,53.81,38.59,363.69,134.53,298.93,199.29,400.8,0.9793
propithecus_diadema,16.12,9.48,51.37,3060.0,26.27,7.82,18.45,17.97,14.28,22.58,9.66,934.52,117.2,46.41,40.4,328.17,116.04,266.53,177.68,388.9,0.9616
propithecus_edwardsi,13.87,9.87,44.48,3850.2,26.07,3.89,22.18,16.09,11.66,21.64,6.11,651.12,85.23,29.48,45.67,238.66,73.7,187.41,124.94,363.3,0.8604
propithecus_tattersalli,18.15,9.12,60.36,2354.4,26.47,11.35,15.12,19.66,16.64,23.44,12.86,1251.84,150.87,67.08,35.7,422.43,167.7,354.08,236.05,408.3,0.993
propithecus_verreauxi,13.24,9.98,42.93,4073.4,26.02,2.78,23.24,15.56,10.91,21.37,5.1,590.34,78.19,26.0,47.16,218.94,64.99,170.36,113.57,356.5,0.8229
proteles_cristata,22.36,8.34,89.29,1033.2,27.5,18.16,9.34,23.29,21.43,25.63,19.09,1818.77,202.51,110.81,26.89,567.01,277.03,506.43,337.62,382.0,0.9676
protochromys_fellowsi,22.18,8.4,89.36,1026.0,27.35,17.96,9.4,23.12,21.24,25.47,18.89,1816.47,202.16,110.74,26.84,566.04,276.86,505.74,337.16,412.6,0.9701
protoxerus_aubinnii,23.67,7.91,86.81,1083.6,28.69,19.57,9.12,24.59,22.76,26.87,20.48,1836.24,205.09,111.36,27.22,574.26,278.4,511.6,341.06,156.0,0.9468
protoxerus_stangeri,26.61,7.42,88.13,50.0,31.24,22.82,8.42,27.45,25.76,29.55,23.66,2019.05,210.57,134.4,20.12,589.6,336.0,555.36,370.24,206.0,0.8864
przewalskium_albirostris,9.45,10.37,31.76,6069.6,27.42,-5.24,32.66,12.72,6.19,20.89,-1.98,503.99,73.74,16.6,60.46,206.48,41.51,148.79,99.2,0.0,0.7015
psammomys_obesus,12.19,10.01,37.37,4824.0,26.92,0.14,26.78,14.87,9.51,21.56,2.82,480.9,66.2,19.17,52.16,185.37,47.93,139.98,93.32,164.3,0.7446
pseudantechinus_bilarni,17.23,9.29,56.12,2658.6,26.34,9.78,16.55,18.89,15.58,23.03,11.44,1109.62,136.07,57.59,37.72,381.0,143.96,314.98,209.99,406.8,0.985
pseudantechinus_macdonnellensis,13.38,9.92,42.37,4109.4,26.26,2.85,23.41,15.72,11.04,21.58,5.19,587.18,77.92,25.74,47.4,218.18,64.35,169.52,113.01,316.9,0.8234
pseudantechinus_ningbing,16.92,9.32,53.78,2824.2,26.45,9.12,17.34,18.65,15.19,22.99,10.85,1038.86,128.59,52.96,38.83,360.05,132.39,295.47,196.98,377.2,0.9783
pseudantechinus_woolleyae,12.55,10.02,39.54,4518.0,26.48,1.15,25.34,15.08,10.01,21.41,3.68,510.79,69.23,21.23,50.12,193.85,53.08,148.16,98.77,253.6,0.7685
pseudocheirus_peregrinus,10.97,10.36,38.25,4888.8,25.87,-1.22,27.09,13.68,8.26,20.45,1.49,450.38,62.2,17.79,52.59,174.17,44.48,131.19,87.46,322.0,0.7025
pseudochirops_albertisii,23.82,8.13,89.04,415.8,28.84,19.71,9.13,24.73,22.91,27.01,20.63,1953.47,209.13,125.72,22.77,585.55,314.3,539.91,359.94,447.7,0.9443
pseudochirops_archeri,16.04,9.46,49.97,3162.6,26.46,7.52,18.93,17.94,14.15,22.67,9.42,897.36,113.18,44.06,41.08,316.91,110.14,256.24,170.82,352.6,0.955
pseudochirops_corinnae,21.59,8.51,87.6,1209.6,26.93,17.22,9.71,22.56,20.62,24.99,18.19,1753.29,197.36,105.1,28.06,552.61,262.76,489.22,326.15,417.9,0.9775
pseudochirops_coronatus,24.41,8.02,88.91,219.6,29.37,20.35,9.02,25.31,23.51,27.57,21.25,1974.38,208.68,129.22,21.46,584.29,323.04,544.4,362.93,449.2,0.9333
pseudochirops_cupreus,21.57,8.51,87.73,1207.8,26.91,17.21,9.7,22.54,20.6,24.97,18.18,1753.48,197.36,105.13,28.05,552.61,262.83,489.27,326.18,420.9,0.9778
pseudochirulus_canescens,22.14,8.42,89.39,995.4,27.32,17.9,9.42,23.08,21.19,25.43,18.84,1822.86,202.48,111.44,26.64,566.95,278.61,507.34,338.22,434.1,0.9707
pseudochirulus_caroli,22.85,8.3,89.25,738.0,27.97,18.67,9.3,23.78,21.92,26.11,19.6,1892.34,206.82,118.4,24.92,579.09,295.99,525.05,350.03,444.7,0.9605
pseudochirulus_cinereus,16.75,9.34,52.79,2901.6,26.49,8.79,17.7,18.52,14.98,22.95,10.56,1006.17,125.08,50.86,39.34,350.23,127.15,286.43,190.95,366.3,0.9743
pseudochirulus_forbesi,20.78,8.62,75.84,1560.6,27.03,15.66,11.37,21.91,19.64,24.76,16.8,1620.97,186.42,94.01,30.4,521.97,235.03,454.2,302.8,377.7,0.9856
pseudochirulus_herbertensis,16.12,9.45,50.27,3133.8,26.46,7.66,18.8,18.0,14.24,22.7,9.54,908.95,114.46,44.77,40.89,320.5,111.93,259.46,172.97,354.2,0.9575
pseudochirulus_mayeri,22.45,8.37,89.32,887.4,27.61,18.24,9.37,23.39,21.52,25.73,19.18,1854.59,204.62,114.5,25.92,572.92,286.24,515.5,343.67,436.0,0.9664
pseudochirulus_schlegeli,24.43,8.02,88.91,212.4,29.39,20.37,9.02,25.33,23.53,27.59,21.27,1974.89,208.63,129.33,21.42,584.17,323.32,544.49,363.0,449.4,0.9329
pseudohydromys_ellermani,21.98,8.44,89.41,1071.0,27.17,17.73,9.44,22.93,21.04,25.29,18.68,1800.44,200.94,109.32,27.14,562.62,273.29,501.55,334.37,422.4,0.9728
pseudohydromys_fuscus,21.97,8.44,89.4,1090.8,27.16,17.72,9.44,22.91,21.02,25.27,18.66,1794.95,200.57,108.79,27.27,561.6,271.96,500.14,333.43,415.3,0.9729
pseudohydromys_murinus,21.75,8.46,87.84,1193.4,27.05,17.42,9.64,22.72,20.79,25.12,18.38,1761.75,198.12,105.77,27.96,554.73,264.42,491.49,327.66,400.3,0.9756
pseudohydromys_occidentalis,22.65,8.33,89.28,820.8,27.78,18.45,9.33,23.58,21.72,25.91,19.38,1872.56,205.73,116.3,25.47,576.05,290.75,520.08,346.72,437.4,0.9635
pseudois_nayaur,9.06,10.44,31.39,6199.2,27.36,-5.92,33.27,12.39,5.73,20.7,-2.59,517.89,76.24,16.69,61.33,213.48,41.72,153.12,102.08,0.0,0.7005
pseudois_schaeferi,11.06,10.1,33.7,5499.0,27.54,-2.43,29.97,14.05,8.06,21.55,0.57,468.73,66.73,16.93,56.66,186.83,42.32,137.49,91.66,21.6,0.7155
pseudomys_albocinereus,10.17,10.41,35.36,5389.2,26.37,-3.08,29.45,13.12,7.23,20.48,-0.14,440.44,62.36,16.18,55.93,174.61,40.44,129.03,86.02,209.5,0.6793
pseudomys_apodemoides,6.72,11.07,32.14,6445.8,25.66,-8.78,34.44,10.17,3.28,18.78,-5.33,513.48,76.47,15.84,62.97,214.12,39.61,152.24,101.49,243.5,0.6405
pseudomys_australis,10.06,10.51,36.72,5216.4,25.81,-2.82,28.63,12.92,7.2,20.08,0.04,429.81,60.34,16.2,54.78,168.96,40.5,125.67,83.78,307.7,0.6703
pseudomys_bolami,9.14,10.67,35.24,5562.0,25.78,-4.48,30.26,12.16,6.11,19.73,-1.46,429.8,61.37,15.37,57.08,171.84,38.43,126.16,84.11,287.7,0.6493
pseudomys_chapmani,13.19,9.9,40.75,4300.2,26.55,2.25,24.31,15.62,10.75,21.69,4.68,551.96,73.98,23.61,48.67,207.14,59.03,159.7,106.47,257.7,0.8021
pseudomys_delicatulus,15.69,9.56,50.02,3198.6,26.2,7.1,19.1,17.61,13.78,22.38,9.01,877.21,110.86,42.89,41.32,310.41,107.23,250.59,167.06,389.5,0.9487
pseudomys_desertor,12.69,10.04,40.86,4354.2,26.2,1.64,24.56,15.15,10.23,21.29,4.09,533.12,71.65,22.65,49.03,200.63,56.61,154.35,102.9,308.5,0.7836
pseudomys_fieldi,13.59,9.79,40.54,4267.8,26.88,2.72,24.15,16.01,11.18,22.05,5.14,566.05,75.74,24.32,48.45,212.07,60.79,163.72,109.14,210.4,0.8156
pseudomys_fumeus,6.56,11.05,31.39,6609.6,25.93,-9.28,35.21,10.09,3.04,18.89,-5.76,546.27,81.98,16.36,64.06,229.53,40.9,162.26,108.17,190.7,0.655
pseudomys_gracilicaudatus,12.77,9.99,40.32,4401.0,26.4,1.62,24.78,15.25,10.29,21.44,4.1,529.03,71.28,22.33,49.34,199.57,55.84,153.25,102.16,274.1,0.7827
pseudomys_hermannsburgensis,12.25,10.13,40.5,4451.4,26.01,0.99,25.02,14.75,9.75,21.01,3.49,511.1,69.04,21.43,49.68,193.31,53.58,148.13,98.76,330.3,0.7635
pseudomys_higginsi,3.72,11.55,28.97,7594.2,25.65,-14.21,39.86,7.71,-0.26,17.67,-10.23,728.31,114.27,17.83,70.63,319.97,44.57,218.72,145.81,165.0,0.6652
pseudomys_johnsoni,14.81,9.71,47.14,3513.6,26.13,5.54,20.59,16.87,12.75,22.02,7.6,759.09,97.59,35.79,43.42,273.26,89.47,217.64,145.09,377.9,0.9114
pseudomys_laborifex,16.57,9.38,52.44,2943.0,26.41,8.52,17.9,18.36,14.78,22.83,10.31,986.76,122.95,49.65,39.62,344.27,124.13,281.04,187.36,375.0,0.9712
pseudomys_nanus,14.1,9.81,44.55,3816.0,26.21,4.19,22.02,16.3,11.9,21.8,6.39,664.15,86.78,30.2,45.44,242.99,75.49,191.09,127.39,345.0,0.8689
pseudomys_novaehollandiae,7.3,10.92,32.11,6357.6,26.02,-8.01,34.02,10.71,3.9,19.21,-4.6,508.41,75.41,15.94,62.38,211.14,39.84,150.59,100.39,195.4,0.6521
pseudomys_occidentalis,8.42,10.72,33.22,5988.6,26.17,-6.11,32.28,11.64,5.19,19.71,-2.88,466.81,68.04,15.59,59.92,190.51,38.97,137.69,91.79,197.6,0.6549
pseudomys_oralis,9.47,10.53,34.37,5643.0,26.32,-4.33,30.65,12.53,6.4,20.19,-1.26,445.39,63.85,15.73,57.62,178.77,39.32,130.86,87.24,198.8,0.6666
pseudomys_pilligaensis,9.9,10.47,35.12,5464.8,26.29,-3.52,29.81,12.88,6.92,20.33,-0.54,439.27,62.43,15.95,56.43,174.8,39.87,128.8,85.87,216.3,0.6726
pseudomys_shortridgei,6.89,11.04,32.38,6375.6,25.65,-8.46,34.11,10.3,3.48,18.83,-5.05,502.58,74.6,15.7,62.5,208.89,39.26,148.89,99.26,250.6,0.6385
pseudoryx_nghetinhensis,17.17,9.11,47.97,3175.2,27.62,8.62,18.99,19.07,15.27,23.82,10.52,919.07,116.0,45.06,41.17,324.81,112.65,262.47,174.98,173.7,0.9641
pseudoryzomys_simplex,15.57,9.55,48.66,3310.2,26.36,6.73,19.63,17.53,13.6,22.44,8.69,837.93,106.55,40.45,42.07,298.33,101.13,239.68,159.78,356.9,0.9395
ptenochirus_jagori,18.98,8.95,63.0,2160.0,26.79,12.59,14.2,20.4,17.56,23.95,14.01,1349.24,160.78,73.76,34.4,450.2,184.4,380.76,253.84,373.0,0.994
ptenochirus_minor,20.69,8.65,76.33,1553.4,26.92,15.59,11.34,21.82,19.56,24.66,16.72,1621.49,186.4,94.11,30.36,521.91,235.26,454.31,302.87,394.6,0.9865
pteralopex_acrodonta,18.12,8.87,48.46,3031.2,28.19,9.88,18.31,19.95,16.29,24.53,11.71,990.75,124.06,49.37,40.21,347.36,123.41,282.47,188.31,95.4,0.9752
pteralopex_anceps,22.56,8.24,88.33,1128.6,27.69,18.36,9.33,23.49,21.62,25.82,19.29,1798.42,201.43,108.62,27.52,564.0,271.55,501.33,334.22,306.9,0.9647
pteralopex_atrata,21.5,8.4,73.58,1569.6,27.77,16.36,11.41,22.64,20.36,25.49,17.5,1634.43,188.07,94.71,30.46,526.59,236.77,458.02,305.35,262.5,0.9781
pteralopex_pulchra,21.02,8.48,69.33,1742.4,27.75,15.52,12.23,22.24,19.8,25.3,16.74,1560.22,181.4,88.91,31.62,507.92,222.28,438.12,292.08,254.7,0.9829
pteromys_volans,-1.99,12.45,24.73,9815.4,25.7,-24.65,50.35,3.04,-7.03,15.63,-19.61,843.53,145.36,10.24,85.44,407.02,25.59,259.57,173.05,0.0,0.5758
pteromyscus_pulverulentus,25.76,7.61,88.38,219.6,30.49,21.88,8.61,26.62,24.89,28.77,22.74,2005.44,211.96,131.25,21.46,593.48,328.12,552.97,368.64,242.1,0.9055
pteronotus_davyi,21.22,8.34,63.41,1938.6,28.45,15.3,13.15,22.53,19.9,25.82,16.61,1489.23,175.18,83.24,32.92,490.5,208.11,419.16,279.44,131.9,0.9802
pteronotus_gymnonotus,25.9,7.57,88.33,203.4,30.61,22.04,8.57,26.75,25.04,28.9,22.9,2008.76,212.08,131.65,21.36,593.83,329.12,553.77,369.18,227.8,0.9024
pteronotus_parnellii,22.95,8.11,85.82,1153.8,28.15,18.7,9.45,23.9,22.01,26.26,19.65,1800.67,202.0,108.5,27.69,565.59,271.26,502.11,334.74,233.9,0.9588
pteronotus_personatus,23.33,8.05,88.95,1015.2,28.31,19.26,9.05,24.23,22.43,26.5,20.16,1845.6,205.26,112.63,26.77,574.73,281.58,513.79,342.52,241.2,0.9527
pteronotus_quadridens,15.84,9.33,43.73,3670.2,27.58,6.24,21.33,17.98,13.71,23.31,8.38,740.34,95.99,34.26,44.47,268.77,85.65,212.65,141.77,144.9,0.9148
pteronura_brasiliensis,20.81,8.62,76.7,1533.6,26.99,15.75,11.24,21.93,19.68,24.74,16.87,1631.18,187.29,94.85,30.22,524.4,237.12,456.91,304.61,385.5,0.9854
pteropus_admiralitatum,22.71,8.24,89.18,1013.4,27.79,18.55,9.24,23.63,21.78,25.94,19.47,1831.68,203.69,111.8,26.76,570.33,279.5,509.9,339.93,337.8,0.9625
pteropus_aldabrensis,20.03,8.8,73.42,1692.0,26.62,14.63,11.99,21.22,18.83,24.22,15.83,1556.06,180.37,89.11,31.28,505.04,222.78,436.69,291.13,431.5,0.9914
pteropus_alecto,15.36,9.61,48.84,3321.0,26.18,6.5,19.68,17.32,13.39,22.25,8.47,829.69,105.56,40.0,42.14,295.57,100.01,237.35,158.23,384.0,0.9358
pteropus_anetianus,17.76,8.98,48.82,3047.4,27.87,9.48,18.39,19.6,15.92,24.2,11.32,976.76,122.42,48.58,40.32,342.77,121.45,278.53,185.69,142.8,0.9734
pteropus_caniceps,25.18,7.86,88.72,50.0,30.06,21.19,8.86,26.07,24.29,28.28,22.08,1985.81,207.03,132.25,20.08,579.68,330.62,546.18,364.12,427.8,0.9179
pteropus_chrysoproctus,23.65,8.15,89.07,500.4,28.68,19.53,9.15,24.56,22.73,26.85,20.44,1942.42,209.09,124.09,23.34,585.44,310.24,537.4,358.27,434.6,0.9473
pteropus_conspicillatus,19.57,8.87,69.06,1873.8,26.64,13.79,12.85,20.85,18.28,24.07,15.07,1476.47,173.01,83.06,32.49,484.43,207.65,415.25,276.83,416.2,0.9935
pteropus_dasymallus,12.06,10.15,39.76,4559.4,26.1,0.57,25.53,14.61,9.51,21.0,3.12,495.57,67.31,20.49,50.4,188.47,51.21,143.81,95.87,309.1,0.751
pteropus_fundatus,19.32,8.71,55.33,2487.6,27.98,12.24,15.75,20.9,17.75,24.83,13.81,1225.39,148.81,64.76,36.58,416.68,161.89,347.14,231.43,165.7,0.989
pteropus_giganteus,17.4,9.02,46.83,3231.0,27.99,8.73,19.26,19.32,15.47,24.14,10.66,905.81,114.68,44.13,41.54,321.1,110.32,258.85,172.57,112.1,0.9625
pteropus_gilliardorum,22.87,8.23,89.16,919.8,27.94,18.72,9.23,23.79,21.94,26.1,19.64,1857.11,205.31,114.32,26.13,574.87,285.79,516.4,344.27,357.3,0.9601
pteropus_howensis,23.23,8.09,89.0,986.4,28.22,19.13,9.09,24.13,22.32,26.41,20.04,1850.12,205.39,113.2,26.58,575.1,283.01,514.87,343.24,270.9,0.9543
pteropus_hypomelanus,23.89,8.02,88.92,628.2,28.85,19.82,9.02,24.79,22.98,27.04,20.73,1932.97,209.78,122.12,24.19,587.39,305.3,535.61,357.08,337.7,0.943
pteropus_leucopterus,17.84,9.14,56.79,2561.4,26.7,10.6,16.1,19.45,16.23,23.48,12.21,1161.93,141.7,60.93,37.08,396.77,152.32,329.45,219.63,358.4,0.9891
pteropus_livingstonii,18.55,9.06,62.99,2199.6,26.46,12.07,14.39,19.99,17.11,23.58,13.51,1323.44,158.07,72.06,34.66,442.61,180.14,373.65,249.1,420.0,0.9946
pteropus_lombocensis,20.51,8.67,73.2,1659.6,27.02,15.19,11.84,21.7,19.33,24.66,16.37,1579.26,182.71,90.72,31.06,511.58,226.81,443.03,295.36,371.6,0.9878
pteropus_lylei,20.82,8.46,64.12,1947.6,28.07,14.88,13.2,22.13,19.5,25.43,16.2,1476.37,173.76,82.45,32.98,486.52,206.13,415.59,277.06,189.8,0.9841
pteropus_macrotis,22.01,8.44,89.41,1042.2,27.21,17.76,9.44,22.96,21.07,25.32,18.71,1808.49,201.47,110.09,26.95,564.13,275.24,503.62,335.75,431.2,0.9724
pteropus_mahaganus,22.33,8.27,84.27,1231.2,27.73,17.92,9.81,23.31,21.35,25.77,18.9,1764.17,198.85,105.54,28.21,556.79,263.86,492.39,328.26,293.1,0.9679
pteropus_mariannus,17.36,9.25,55.82,2662.2,26.47,9.9,16.57,19.01,15.7,23.16,11.56,1111.12,136.28,57.64,37.75,381.59,144.1,315.42,210.28,385.8,0.9854
pteropus_melanopogon,22.22,8.41,89.37,972.0,27.39,17.98,9.41,23.16,21.28,25.51,18.93,1830.26,203.01,112.13,26.48,568.42,280.34,509.25,339.5,432.7,0.9696
pteropus_neohibernicus,22.26,8.4,89.36,959.4,27.43,18.04,9.4,23.2,21.33,25.55,18.98,1834.28,203.29,112.51,26.4,569.22,281.27,510.29,340.2,431.4,0.9691
pteropus_niger,14.79,9.66,45.56,3645.0,26.45,5.24,21.21,16.91,12.67,22.21,7.36,722.54,93.55,33.54,44.3,261.95,83.84,207.48,138.32,319.3,0.8993
pteropus_nitendiensis,20.82,8.46,64.35,1938.6,28.05,14.9,13.15,22.13,19.5,25.42,16.21,1479.95,174.08,82.72,32.92,487.44,206.81,416.55,277.7,193.9,0.9841
pteropus_ocularis,23.36,8.2,89.13,597.6,28.42,19.23,9.2,24.28,22.44,26.58,20.15,1925.0,208.51,121.94,23.98,583.83,304.86,533.21,355.47,432.2,0.9523
pteropus_ornatus,15.46,9.39,42.57,3823.2,27.59,5.54,22.05,17.66,13.25,23.18,7.74,693.9,90.7,31.52,45.49,253.97,78.8,199.67,133.11,132.1,0.8954
pteropus_personatus,24.94,7.91,88.78,81.0,29.84,20.93,8.91,25.83,24.05,28.06,21.82,1983.96,207.78,131.37,20.54,581.78,328.43,546.12,364.08,432.8,0.9228
pteropus_pohlei,24.39,8.02,88.92,226.8,29.35,20.32,9.02,25.29,23.48,27.54,21.23,1973.81,208.71,129.1,21.51,584.4,322.75,544.29,362.86,449.4,0.9337
pteropus_poliocephalus,10.32,10.42,36.21,5248.8,26.15,-2.64,28.79,13.19,7.44,20.39,0.24,436.82,61.42,16.38,54.99,171.99,40.96,127.77,85.18,253.2,0.6804
pteropus_pumilus,19.06,8.93,63.54,2129.4,26.79,12.74,14.06,20.47,17.66,23.98,14.14,1363.59,162.2,74.77,34.2,454.17,186.94,384.66,256.44,373.7,0.994
pteropus_rayneri,22.03,8.32,80.16,1350.0,27.74,17.36,10.38,23.07,21.0,25.66,18.4,1720.82,195.38,101.82,29.0,547.08,254.54,480.97,320.65,283.5,0.9719
pteropus_rodricensis,15.41,9.51,45.82,3547.8,26.82,6.07,20.75,17.48,13.33,22.67,8.15,763.31,98.32,35.84,43.65,275.29,89.61,218.94,145.96,269.2,0.9186
pteropus_samoensis,18.52,8.81,49.89,2890.8,28.22,10.57,17.65,20.28,16.75,24.69,12.34,1050.87,130.56,53.18,39.27,365.57,132.95,299.11,199.41,100.0,0.9809
pteropus_scapulatus,12.99,10.02,42.32,4165.2,26.0,2.34,23.67,15.35,10.62,21.27,4.7,568.33,75.64,24.74,47.77,211.79,61.84,164.18,109.45,351.8,0.8077
pteropus_seychellensis,21.3,8.58,86.12,1261.8,26.78,16.82,9.96,22.3,20.3,24.79,17.81,1731.23,195.51,103.28,28.41,547.42,258.2,483.37,322.25,437.6,0.9808
pteropus_tonganus,20.16,8.52,57.04,2316.6,28.38,13.44,14.94,21.65,18.67,25.39,14.93,1313.41,157.94,70.66,35.44,442.24,176.64,371.33,247.55,117.2,0.9868
pteropus_vampyrus,23.95,7.97,88.85,721.8,28.88,19.92,8.97,24.85,23.05,27.09,20.81,1920.37,209.66,120.32,24.81,587.06,300.81,532.72,355.15,283.5,0.9419
pteropus_vetulus,15.43,9.4,42.61,3823.2,27.56,5.5,22.05,17.63,13.22,23.15,7.71,693.18,90.61,31.49,45.49,253.71,78.72,199.46,132.97,136.9,0.8949
pteropus_voeltzkowi,22.34,8.38,89.34,927.0,27.5,18.12,9.38,23.28,21.4,25.63,19.06,1843.42,203.89,113.4,26.18,570.89,283.5,512.64,341.76,434.6,0.968
pteropus_woodfordi,21.62,8.38,75.43,1506.6,27.73,16.62,11.11,22.73,20.51,25.51,17.73,1659.3,190.2,96.73,30.04,532.57,241.83,464.64,309.76,273.3,0.9768
ptilocercus_lowii,26.15,7.53,88.28,90.0,30.85,22.31,8.53,27.01,25.3,29.14,23.17,2012.38,210.88,133.15,20.6,590.47,332.88,554.01,369.34,241.6,0.8969
pudu_mephistophiles,24.59,7.79,88.63,671.4,29.42,20.63,8.79,25.46,23.71,27.66,21.51,1942.93,211.45,122.28,24.48,592.05,305.7,538.65,359.1,209.7,0.9298
pudu_puda,3.97,11.37,27.64,7864.2,26.6,-14.54,41.14,8.08,-0.14,18.37,-10.43,799.55,126.95,18.37,72.43,355.47,45.93,240.84,160.56,0.0,0.6927
puma_concolor,25.18,7.64,88.43,590.4,29.93,21.29,8.64,26.04,24.31,28.2,22.15,1967.76,213.04,124.73,23.94,596.52,311.82,545.01,363.34,156.6,0.9179
puma_yagouaroundi,24.72,7.79,88.62,576.0,29.55,20.76,8.79,25.59,23.84,27.79,21.64,1958.86,211.88,124.32,23.84,593.27,310.81,542.45,361.63,234.5,0.9272
punomys_lemminus,18.36,8.94,53.86,2667.6,27.49,10.89,16.6,20.02,16.7,24.17,12.55,1132.18,138.91,58.7,37.78,388.94,146.75,321.42,214.28,228.9,0.9872
pygathrix_nemaeus,17.67,9.03,49.77,2993.4,27.65,9.51,18.14,19.49,15.86,24.02,11.32,993.95,124.2,49.73,39.96,347.76,124.34,283.25,188.84,181.7,0.9754
pygathrix_nigripes,19.66,8.69,59.14,2266.2,27.75,13.05,14.7,21.13,18.19,24.81,14.52,1322.23,158.54,71.5,35.11,443.91,178.75,373.6,249.07,217.7,0.9903
pygeretmus_pumilio,4.11,11.34,27.72,7817.4,26.62,-14.3,40.92,8.21,0.02,18.43,-10.21,791.87,125.47,18.4,72.12,351.33,46.0,238.4,158.93,0.0,0.6941
pygoderma_bilabiatum,13.62,9.89,43.23,3996.0,26.2,3.33,22.87,15.91,11.33,21.62,5.62,614.12,81.01,27.31,46.64,226.84,68.27,177.06,118.04,333.8,0.8401
rangifer_tarandus,-7.52,13.46,22.85,11626.2,24.87,-34.03,58.9,-1.63,-13.41,13.09,-28.14,502.37,92.89,4.19,97.51,260.09,10.47,162.34,108.22,0.0,0.3647
raphicerus_campestris,16.98,9.24,51.01,2989.8,26.94,8.82,18.12,18.79,15.16,23.32,10.63,979.18,122.33,49.01,39.93,342.52,122.54,279.03,186.02,290.5,0.972
raphicerus_melanotis,9.32,10.51,33.41,5815.8,26.63,-4.84,31.46,12.47,6.17,20.33,-1.69,462.56,66.87,15.89,58.77,187.22,39.73,136.17,90.78,139.9,0.6737
raphicerus_sharpei,17.35,9.22,54.24,2752.2,26.7,9.7,17.0,19.05,15.65,23.3,11.4,1076.16,132.67,55.29,38.35,371.47,138.22,305.82,203.88,344.7,0.9828
rattus_annandalei,25.06,7.7,88.5,534.6,29.84,21.14,8.7,25.93,24.19,28.1,22.01,1971.52,212.69,125.58,23.56,595.52,313.95,545.68,363.79,201.1,0.9203
rattus_argentiventer,22.19,8.22,74.67,1483.2,28.24,17.24,11.0,23.29,21.09,26.04,18.34,1680.49,192.36,98.19,29.89,538.61,245.46,470.44,313.63,196.6,0.9696
rattus_baluensis,22.49,8.28,89.22,1092.6,27.59,18.31,9.28,23.42,21.56,25.73,19.24,1806.49,201.88,109.47,27.28,565.27,273.67,503.36,335.58,334.3,0.9658
rattus_colletti,18.36,9.09,61.86,2266.2,26.45,11.74,14.7,19.83,16.89,23.51,13.21,1292.21,154.94,69.88,35.11,433.84,174.7,365.12,243.41,417.8,0.9941
rattus_elaphinus,24.31,8.01,88.9,327.6,29.27,20.26,9.01,25.22,23.41,27.47,21.16,1969.76,209.66,127.73,22.18,587.06,319.33,543.84,362.56,413.0,0.9352
rattus_everetti,18.92,8.96,62.69,2178.0,26.78,12.5,14.29,20.35,17.49,23.92,13.92,1340.78,159.94,73.16,34.52,447.84,182.91,378.45,252.3,372.6,0.994
rattus_exulans,19.87,8.6,57.31,2332.8,28.13,13.11,15.02,21.37,18.37,25.12,14.61,1300.14,156.49,69.83,35.55,438.18,174.57,367.65,245.1,154.5,0.9885
rattus_feliceus,23.36,8.2,89.13,586.8,28.42,19.22,9.2,24.28,22.44,26.58,20.14,1926.34,208.51,122.14,23.91,583.83,305.36,533.51,355.68,437.4,0.9523
rattus_fuscipes,11.06,10.34,38.41,4856.4,25.87,-1.06,26.93,13.76,8.37,20.49,1.64,453.58,62.54,18.0,52.38,175.12,45.0,132.08,88.05,323.0,0.7063
rattus_jobiensis,24.39,8.02,88.92,226.8,29.35,20.33,9.02,25.29,23.48,27.55,21.23,1973.84,208.72,129.1,21.51,584.41,322.76,544.3,362.87,449.2,0.9337
rattus_leucopus,18.91,8.98,64.1,2120.4,26.61,12.6,14.01,20.31,17.51,23.81,14.0,1363.59,162.12,74.84,34.14,453.93,187.11,384.62,256.42,402.1,0.9946
rattus_losea,16.38,9.28,46.67,3364.2,27.32,7.43,19.89,18.37,14.39,23.34,9.42,839.78,107.1,40.29,42.43,299.87,100.72,240.36,160.24,206.4,0.9455
rattus_lutreolus,9.93,10.5,35.92,5346.0,26.02,-3.23,29.24,12.86,7.01,20.17,-0.3,432.38,61.09,15.98,55.64,171.06,39.96,126.61,84.41,266.7,0.669
rattus_mordax,20.79,8.61,74.8,1589.4,27.12,15.62,11.51,21.94,19.64,24.82,16.77,1611.15,185.61,93.18,30.6,519.71,232.96,451.6,301.07,361.4,0.9855
rattus_morotaiensis,23.91,8.1,89.01,415.8,28.92,19.82,9.1,24.82,23.0,27.1,20.73,1955.61,209.36,125.86,22.77,586.2,314.64,540.5,360.33,433.4,0.9427
rattus_nitidus,15.67,9.32,42.26,3825.0,27.8,5.74,22.06,17.87,13.46,23.39,7.94,698.25,91.28,31.71,45.5,255.59,79.28,200.92,133.95,99.5,0.8988
rattus_novaeguineae,21.53,8.5,84.87,1274.4,27.04,17.02,10.02,22.53,20.52,25.03,18.02,1732.63,195.82,103.24,28.5,548.28,258.1,483.83,322.55,397.0,0.9782
rattus_praetor,22.62,8.31,89.26,891.0,27.74,18.42,9.31,23.55,21.68,25.88,19.36,1857.54,204.99,114.64,25.94,573.96,286.6,516.34,344.23,409.6,0.9639
rattus_richardsoni,22.74,8.32,89.27,779.4,27.86,18.55,9.32,23.67,21.81,26.0,19.48,1882.4,206.27,117.34,25.2,577.56,293.36,522.55,348.37,443.1,0.9622
rattus_sordidus,16.6,9.36,51.63,2991.6,26.56,8.44,18.13,18.41,14.78,22.94,10.25,969.74,121.16,48.53,39.94,339.25,121.33,276.35,184.23,348.3,0.9692
rattus_steini,22.11,8.42,89.39,1018.8,27.29,17.87,9.42,23.05,21.16,25.4,18.81,1816.46,202.07,110.82,26.79,565.78,277.04,505.69,337.13,427.9,0.9711
rattus_tiomanicus,25.71,7.62,88.4,221.4,30.45,21.83,8.62,26.57,24.85,28.73,22.7,2004.45,211.88,131.16,21.48,593.26,327.91,552.7,368.47,247.9,0.9066
rattus_tunneyi,14.69,9.73,46.8,3555.0,26.12,5.34,20.79,16.77,12.61,21.97,7.41,744.68,95.96,34.94,43.7,268.68,87.35,213.61,142.41,376.6,0.9056
rattus_vandeuseni,20.23,8.71,70.48,1769.4,27.03,14.67,12.36,21.47,19.0,24.56,15.91,1531.89,178.4,87.07,31.8,499.51,217.67,430.31,286.87,362.9,0.9897
rattus_verecundus,21.96,8.44,89.41,1076.4,27.15,17.71,9.44,22.91,21.02,25.27,18.66,1798.55,200.79,109.15,27.18,562.22,272.87,501.05,334.04,423.1,0.973
rattus_villosissimus,13.88,9.87,44.55,3843.0,26.06,3.91,22.15,16.1,11.67,21.63,6.13,652.93,85.44,29.59,45.62,239.23,73.97,187.92,125.28,365.6,0.8613
ratufa_affinis,25.66,7.63,88.41,243.0,30.41,21.78,8.63,26.52,24.8,28.68,22.64,2003.08,212.03,130.83,21.62,593.7,327.09,552.47,368.31,245.6,0.9077
ratufa_bicolor,21.34,8.35,66.5,1812.6,28.25,15.69,12.56,22.6,20.09,25.74,16.95,1540.96,179.91,87.21,32.08,503.76,218.03,433.08,288.72,172.4,0.9793
ratufa_indica,18.61,8.82,51.62,2772.0,28.01,10.92,17.09,20.32,16.9,24.59,12.63,1097.72,135.48,56.28,38.48,379.33,140.69,312.02,208.01,141.2,0.9845
ratufa_macroura,22.21,8.2,73.42,1517.4,28.35,17.19,11.17,23.33,21.1,26.12,18.3,1669.22,191.47,97.21,30.12,536.11,243.02,467.48,311.65,177.1,0.9693
redunca_arundinum,17.04,9.22,50.98,2984.4,26.99,8.9,18.09,18.85,15.23,23.37,10.71,982.63,122.72,49.22,39.9,343.62,123.04,280.0,186.67,283.0,0.9726
redunca_fulvorufula,19.28,8.83,61.01,2217.6,27.24,12.77,14.47,20.73,17.84,24.35,14.22,1333.16,159.4,72.45,34.78,446.32,181.13,376.47,250.98,298.4,0.9925
redunca_redunca,25.5,7.62,88.4,397.8,30.24,21.62,8.62,26.36,24.63,28.51,22.48,1993.37,213.15,128.49,22.65,596.82,321.22,550.82,367.21,198.2,0.9111
reithrodon_auritus,5.4,11.2,29.63,7158.6,26.19,-11.61,37.8,9.18,1.62,18.63,-7.83,655.16,100.82,17.62,67.72,282.28,44.05,195.8,130.53,111.5,0.679
reithrodontomys_brevirostris,20.85,8.41,61.31,2057.4,28.39,14.68,13.72,22.22,19.48,25.65,16.05,1433.57,169.81,79.19,33.72,475.47,197.96,404.06,269.38,133.3,0.9833
reithrodontomys_burti,12.18,9.99,37.02,4869.0,27.03,0.04,26.99,14.88,9.49,21.63,2.74,479.06,66.1,18.98,52.46,185.08,47.45,139.52,93.01,144.3,0.7433
reithrodontomys_chrysopsis,16.51,9.18,44.6,3513.6,27.84,7.24,20.59,18.57,14.45,23.72,9.3,798.37,102.64,37.64,43.42,287.4,94.1,228.9,152.6,116.0,0.9361
reithrodontomys_creper,21.91,8.23,69.01,1677.6,28.47,16.55,11.92,23.11,20.72,26.09,17.74,1604.94,185.88,92.04,31.18,520.46,230.1,450.33,300.22,147.9,0.9729
reithrodontomys_darienensis,22.25,8.19,73.86,1501.2,28.35,17.26,11.09,23.36,21.15,26.14,18.37,1675.79,192.03,97.74,30.01,537.69,244.36,469.23,312.82,178.3,0.9688
reithrodontomys_fulvescens,14.11,9.59,38.82,4383.0,27.69,3.0,24.7,16.58,11.64,22.75,5.47,562.16,75.67,23.79,49.22,211.87,59.47,162.81,108.54,76.6,0.8205
reithrodontomys_gracilis,18.66,8.78,50.45,2838.6,28.24,10.83,17.4,20.4,16.92,24.76,12.57,1073.71,133.01,54.65,38.92,372.43,136.62,305.43,203.62,102.0,0.9826
reithrodontomys_hirsutus,15.59,9.37,43.02,3765.6,27.57,5.79,21.78,17.77,13.41,23.21,7.97,710.6,92.6,32.51,45.1,259.29,81.27,204.33,136.22,138.9,0.9027
reithrodontomys_humulis,9.61,10.34,31.91,6017.4,27.44,-4.97,32.42,12.86,6.37,20.96,-1.73,499.03,72.84,16.59,60.12,203.94,41.47,147.24,98.16,0.0,0.7022
reithrodontomys_megalotis,9.33,10.44,32.33,5990.4,27.09,-5.2,32.29,12.56,6.1,20.63,-1.97,488.2,71.16,16.3,59.94,199.26,40.75,144.0,96.0,56.1,0.6894
reithrodontomys_mexicanus,21.5,8.29,64.97,1854.0,28.51,15.76,12.76,22.77,20.22,25.96,17.03,1528.67,178.92,86.17,32.36,500.97,215.41,429.83,286.55,128.7,0.9774
reithrodontomys_microdon,17.79,8.94,47.81,3114.0,28.08,9.38,18.7,19.66,15.92,24.34,11.25,954.29,120.04,47.11,40.76,336.12,117.78,272.34,181.56,106.5,0.9705
reithrodontomys_montanus,8.02,10.64,30.58,6521.4,27.16,-7.64,34.8,11.5,4.54,20.2,-4.16,559.94,83.69,17.04,63.48,234.32,42.61,166.16,110.77,8.2,0.6988
reithrodontomys_raviventris,5.98,11.15,30.84,6813.0,25.88,-10.3,36.17,9.6,2.36,18.64,-6.68,581.16,88.03,16.75,65.42,246.49,41.87,173.02,115.34,184.9,0.6588
reithrodontomys_spectabilis,16.28,9.19,43.05,3675.6,28.02,6.67,21.36,18.41,14.14,23.75,8.8,748.95,97.13,34.64,44.5,271.97,86.59,215.14,143.42,75.7,0.9205
reithrodontomys_sumichrasti,19.04,8.72,52.11,2696.4,28.25,11.51,16.73,20.72,17.37,24.9,13.19,1136.7,139.69,58.75,37.98,391.13,146.88,322.81,215.21,110.6,0.9859
reithrodontomys_tenuirostris,18.97,8.73,51.68,2728.8,28.26,11.38,16.89,20.66,17.29,24.88,13.06,1122.64,138.22,57.82,38.19,387.0,144.56,318.94,212.62,105.7,0.9852
rhagomys_rufescens,13.26,9.97,42.96,4068.0,26.02,2.81,23.21,15.58,10.94,21.38,5.14,591.86,78.37,26.08,47.12,219.44,65.2,170.79,113.86,355.6,0.824
rheithrosciurus_macrotis,25.13,7.78,88.61,268.2,29.96,21.18,8.78,26.01,24.25,28.2,22.05,1990.37,211.04,129.73,21.79,590.9,324.31,549.13,366.09,315.7,0.9189
rheomys_mexicanus,18.22,8.87,49.22,2968.2,28.13,10.11,18.02,20.02,16.42,24.53,11.92,1015.73,126.74,50.97,39.79,354.88,127.42,289.38,192.92,109.0,0.9779
rheomys_raptor,22.26,8.19,73.97,1497.6,28.35,17.28,11.07,23.37,21.15,26.14,18.39,1677.17,192.15,97.86,29.98,538.01,244.64,469.59,313.06,179.0,0.9686
rheomys_thomasi,18.8,8.76,50.99,2790.0,28.25,11.07,17.17,20.52,17.09,24.81,12.79,1095.27,135.31,56.04,38.6,378.87,140.1,311.39,207.59,103.4,0.9839
rhinoceros_sondaicus,25.05,7.74,88.55,444.6,29.85,21.12,8.74,25.92,24.18,28.11,21.99,1979.72,212.33,127.09,22.96,594.53,317.73,547.36,364.9,244.9,0.9206
rhinoceros_unicornis,12.78,9.79,35.87,4930.2,27.79,0.51,27.28,15.51,10.05,22.33,3.23,491.19,67.98,19.29,52.87,190.35,48.23,143.15,95.43,23.5,0.7609
rhinolophus_acuminatus,24.3,7.9,88.76,628.2,29.19,20.29,8.9,25.19,23.41,27.41,21.18,1942.43,210.81,122.72,24.19,590.27,306.79,538.24,358.82,274.7,0.9354
rhinolophus_affinis,20.66,8.47,61.72,2057.4,28.21,14.49,13.72,22.04,19.29,25.46,15.86,1429.35,169.31,78.95,33.72,474.08,197.38,402.87,268.58,161.4,0.985
rhinolophus_alcyone,25.34,7.63,88.41,496.8,30.09,21.46,8.63,26.21,24.48,28.36,22.32,1981.91,213.29,126.66,23.31,597.2,316.64,548.31,365.54,175.3,0.9145
rhinolophus_arcuatus,22.51,8.32,89.27,961.2,27.64,18.32,9.32,23.44,21.58,25.77,19.25,1839.56,203.9,112.81,26.41,570.92,282.03,511.77,341.18,392.6,0.9655
rhinolophus_blasii,20.39,8.7,73.41,1663.2,26.91,15.06,11.85,21.58,19.2,24.54,16.24,1575.09,182.26,90.45,31.09,510.34,226.13,441.88,294.59,388.9,0.9888
rhinolophus_bocharicus,6.32,11.01,30.07,6910.2,26.47,-10.17,36.63,9.98,2.66,19.14,-6.5,613.01,93.27,17.33,66.07,261.16,43.34,182.7,121.8,87.3,0.6832
rhinolophus_capensis,9.8,10.42,33.94,5657.4,26.69,-4.02,30.72,12.87,6.73,20.55,-0.95,454.65,65.22,16.02,57.72,182.62,40.05,133.6,89.07,140.5,0.6798
rhinolophus_coelophyllus,19.83,8.61,57.2,2341.8,28.11,13.05,15.06,21.33,18.32,25.1,14.56,1295.59,156.03,69.52,35.61,436.88,173.79,366.4,244.27,156.4,0.9886
rhinolophus_cornutus,7.11,11.01,32.73,6278.4,25.62,-8.03,33.65,10.48,3.75,18.89,-4.66,488.12,72.13,15.52,61.86,201.96,38.79,144.45,96.3,262.1,0.6354
rhinolophus_darlingi,19.73,8.74,62.98,2091.6,27.36,13.49,13.88,21.12,18.34,24.59,14.87,1394.12,165.47,76.74,33.94,463.32,191.85,393.1,262.07,289.1,0.9914
rhinolophus_denti,21.68,8.29,68.78,1704.6,28.31,16.26,12.05,22.89,20.48,25.9,17.47,1589.65,184.41,90.92,31.36,516.34,227.31,446.19,297.46,170.5,0.9757
rhinolophus_eloquens,25.23,7.85,88.7,50.0,30.1,21.25,8.85,26.12,24.35,28.33,22.13,1986.63,207.04,132.36,20.05,579.71,330.91,546.37,364.25,422.5,0.9168
rhinolophus_euryale,6.61,10.99,30.73,6730.2,26.29,-9.5,35.78,10.18,3.03,19.13,-5.92,575.55,86.85,16.85,64.87,243.19,42.13,171.19,114.13,127.5,0.6718
rhinolophus_euryotis,22.84,8.3,89.25,738.0,27.96,18.66,9.3,23.77,21.91,26.1,19.59,1892.11,206.79,118.38,24.92,579.02,295.96,524.98,349.99,446.3,0.9607
rhinolophus_ferrumequinum,6.2,11.04,30.09,6926.4,26.39,-10.32,36.71,9.87,2.53,19.04,-6.65,614.27,93.53,17.31,66.18,261.89,43.29,183.11,122.07,98.3,0.6807
rhinolophus_fumigatus,23.62,7.97,88.85,995.4,28.55,19.58,8.97,24.51,22.72,26.75,20.48,1856.99,206.27,113.53,26.64,577.56,283.82,516.83,344.55,206.6,0.9477
rhinolophus_hildebrandtii,20.35,8.71,72.93,1681.2,26.92,14.98,11.94,21.54,19.16,24.53,16.17,1567.56,181.59,89.86,31.21,508.45,224.66,439.86,293.24,386.5,0.9891
rhinolophus_hilli,24.3,7.97,88.86,428.4,29.23,20.26,8.97,25.2,23.4,27.44,21.16,1963.64,210.39,126.24,22.86,589.08,315.59,542.8,361.87,368.0,0.9354
rhinolophus_hipposideros,8.96,10.66,34.48,5702.4,25.97,-4.95,30.93,12.06,5.87,19.79,-1.86,440.32,63.3,15.41,58.02,177.25,38.51,129.46,86.31,248.1,0.6516
rhinolophus_inops,19.3,8.89,65.28,2037.6,26.79,13.17,13.62,20.66,17.94,24.07,14.53,1405.81,166.33,77.81,33.58,465.73,194.52,396.15,264.1,380.3,0.9938
rhinolophus_keyensis,23.54,8.1,89.02,698.4,28.55,19.44,9.1,24.45,22.63,26.72,20.35,1914.6,208.72,120.21,24.66,584.42,300.53,530.97,353.98,358.2,0.9492
rhinolophus_landeri,23.24,8.03,86.07,1128.6,28.37,19.04,9.33,24.18,22.31,26.51,19.98,1814.26,203.2,109.58,27.52,568.97,273.94,505.75,337.16,201.3,0.9541
rhinolophus_lepidus,17.39,9.01,46.51,3256.2,28.05,8.67,19.38,19.33,15.46,24.18,10.61,897.45,113.78,43.6,41.71,318.58,108.99,256.54,171.03,101.1,0.961
rhinolophus_luctus,20.71,8.44,60.93,2086.2,28.33,14.48,13.85,22.1,19.33,25.56,15.87,1419.0,168.37,78.15,33.91,471.44,195.38,400.09,266.73,140.1,0.9844
rhinolophus_macrotis,15.68,9.32,42.18,3830.4,27.83,5.74,22.09,17.89,13.47,23.41,7.95,697.31,91.18,31.65,45.54,255.32,79.12,200.66,133.78,94.9,0.8985
rhinolophus_malayanus,20.41,8.52,60.93,2115.0,28.1,14.11,13.99,21.81,19.01,25.3,15.51,1400.38,166.44,76.9,34.1,466.03,192.26,394.98,263.32,173.8,0.9867
rhinolophus_marshalli,19.32,8.72,55.58,2475.0,27.95,12.26,15.69,20.89,17.75,24.81,13.83,1230.38,149.31,65.11,36.5,418.07,162.77,348.51,232.34,171.8,0.9892
rhinolophus_megaphyllus,14.79,9.67,45.66,3636.0,26.44,5.27,21.17,16.91,12.68,22.2,7.38,725.06,93.83,33.69,44.24,262.74,84.23,208.18,138.79,322.6,0.9002
rhinolophus_mehelyi,6.56,10.96,30.17,6849.0,26.55,-9.8,36.34,10.19,2.92,19.28,-6.16,603.31,91.54,17.26,65.66,256.31,43.16,179.68,119.79,79.3,0.6846
rhinolophus_paradoxolophus,16.62,9.18,45.33,3439.8,27.76,7.52,20.24,18.65,14.6,23.71,9.54,822.53,105.33,39.12,42.93,294.92,97.79,235.63,157.08,133.0,0.9428
rhinolophus_pearsonii,14.77,9.47,40.11,4154.4,27.76,4.14,23.62,17.13,12.41,23.04,6.51,611.38,81.32,26.65,47.7,227.71,66.62,176.6,117.73,82.1,0.8533
rhinolophus_philippinensis,25.01,7.9,88.77,50.0,29.91,21.01,8.9,25.9,24.12,28.13,21.9,1983.77,207.24,131.78,20.29,580.27,329.44,545.82,363.88,439.5,0.9214
rhinolophus_pusillus,16.2,9.22,43.31,3663.0,27.91,6.61,21.3,18.33,14.07,23.65,8.74,750.36,97.25,34.75,44.42,272.3,86.89,215.51,143.67,94.0,0.9205
rhinolophus_robinsoni,23.58,7.96,88.84,1040.4,28.51,19.55,8.96,24.48,22.69,26.72,20.45,1845.23,205.54,112.35,26.94,575.52,280.87,513.84,342.56,190.2,0.9484
rhinolophus_rouxii,19.32,8.68,53.53,2584.8,28.24,12.03,16.21,20.94,17.7,25.0,13.65,1186.84,144.93,62.08,37.23,405.81,155.2,336.61,224.4,119.7,0.9874
rhinolophus_sedulus,25.46,7.68,88.48,255.6,30.24,21.55,8.68,26.33,24.59,28.5,22.42,1998.3,211.7,130.38,21.7,592.77,325.96,551.23,367.49,270.3,0.912
rhinolophus_shameli,17.38,9.04,47.51,3184.2,27.85,8.81,19.04,19.28,15.47,24.04,10.71,920.84,116.28,45.1,41.23,325.59,112.75,263.0,175.34,137.5,0.9649
rhinolophus_simulator,20.97,8.45,66.49,1845.0,27.96,15.25,12.71,22.24,19.7,25.42,16.52,1519.98,177.81,85.75,32.3,497.86,214.38,427.34,284.9,214.0,0.9831
rhinolophus_stheno,22.83,8.12,82.48,1236.6,28.24,18.4,9.84,23.81,21.84,26.27,19.38,1774.0,200.03,106.08,28.24,560.07,265.2,495.16,330.11,214.4,0.9606
rhinolophus_swinnyi,15.07,9.61,46.17,3560.4,26.51,5.7,20.81,17.15,12.98,22.35,7.78,751.87,96.91,35.25,43.74,271.35,88.13,215.69,143.79,316.2,0.9119
rhinolophus_thomasi,19.13,8.74,54.2,2568.6,28.0,11.87,16.13,20.74,17.51,24.77,13.48,1188.7,145.03,62.28,37.12,406.07,155.71,337.07,224.71,157.6,0.9883
rhinolophus_trifoliatus,21.58,8.32,69.42,1692.0,28.18,16.19,11.99,22.78,20.38,25.78,17.39,1592.0,184.54,91.17,31.28,516.71,227.92,446.78,297.85,191.9,0.977
rhinolophus_virgo,18.99,8.93,62.54,2178.0,26.85,12.56,14.29,20.42,17.56,23.99,13.99,1342.33,160.13,73.25,34.52,448.36,183.12,378.89,252.59,362.2,0.9938
rhinolophus_yunanensis,15.64,9.35,42.76,3781.8,27.67,5.81,21.86,17.83,13.46,23.29,7.99,707.9,92.33,32.32,45.21,258.53,80.8,203.6,135.73,123.3,0.9021
rhinonicteris_aurantia,15.98,9.49,50.42,3139.2,26.34,7.51,18.82,17.87,14.1,22.57,9.39,903.89,113.86,44.5,40.93,318.81,111.24,258.03,172.02,373.1,0.9557
rhinophylla_fischerae,23.15,8.17,89.09,844.2,28.19,19.03,9.17,24.07,22.24,26.36,19.94,1879.6,206.81,116.49,25.63,579.07,291.23,522.18,348.12,348.9,0.9557
rhinophylla_pumilio,22.9,8.25,89.19,828.0,27.99,18.73,9.25,23.82,21.97,26.14,19.66,1876.9,206.3,116.49,25.52,577.65,291.23,521.33,347.55,395.8,0.9597
rhinopithecus_avunculus,14.97,9.48,41.67,3970.8,27.49,4.74,22.75,17.25,12.7,22.94,7.01,650.48,85.69,29.02,46.47,239.95,72.54,187.49,124.99,137.3,0.8732
rhinopithecus_bieti,11.97,9.94,35.03,5164.2,27.59,-0.8,28.39,14.81,9.14,21.91,2.04,472.6,66.18,17.95,54.43,185.3,44.87,138.1,92.07,37.8,0.7356
rhinopithecus_brelichi,12.18,9.97,36.63,4919.4,27.16,-0.07,27.23,14.91,9.46,21.71,2.65,477.58,66.06,18.79,52.8,184.98,46.97,139.17,92.78,120.9,0.7424
rhinopithecus_roxellana,9.77,10.37,32.95,5817.6,27.08,-4.39,31.47,12.92,6.63,20.79,-1.24,473.27,68.42,16.26,58.78,191.57,40.64,139.33,92.88,69.2,0.6905
rhinopoma_hardwickii,15.28,9.63,48.61,3346.2,26.17,6.37,19.8,17.26,13.3,22.21,8.35,820.08,104.48,39.43,42.31,292.55,98.57,234.67,156.45,383.5,0.9328
rhinopoma_microphyllum,15.19,9.64,48.16,3391.2,26.2,6.18,20.01,17.19,13.19,22.19,8.18,804.0,102.68,38.45,42.61,287.52,96.13,230.19,153.46,377.0,0.9279
rhinopoma_muscatellum,14.07,9.73,42.18,4039.2,26.76,3.69,23.07,16.38,11.76,22.14,5.99,616.0,81.45,27.24,46.93,228.05,68.11,177.69,118.46,244.5,0.8471
rhinosciurus_laticaudatus,26.08,7.54,88.3,117.0,30.78,22.24,8.54,26.94,25.23,29.08,23.09,2011.72,211.19,132.81,20.78,591.33,332.02,554.01,369.34,239.7,0.8984
rhipidomys_austrinus,15.96,9.39,46.66,3414.6,27.03,6.91,20.12,17.98,13.95,23.01,8.92,814.84,104.2,38.87,42.76,291.76,97.16,233.36,155.57,246.4,0.937
rhipidomys_fulviventer,22.08,8.3,80.11,1348.2,27.78,17.41,10.37,23.11,21.04,25.7,18.45,1722.37,195.54,101.92,28.99,547.51,254.81,481.39,320.93,277.7,0.9712
rhipidomys_latimanus,25.58,7.6,88.37,372.6,30.31,21.71,8.6,26.44,24.72,28.59,22.57,1996.88,213.17,128.99,22.48,596.89,322.48,551.62,367.75,196.7,0.9094
rhipidomys_macconnelli,23.31,8.13,89.05,811.8,28.33,19.2,9.13,24.23,22.4,26.51,20.12,1889.62,207.49,117.45,25.41,580.97,293.63,524.76,349.84,339.5,0.9531
rhipidomys_nitela,23.12,8.19,89.12,799.2,28.18,18.98,9.19,24.04,22.2,26.34,19.9,1887.58,207.1,117.46,25.33,579.88,293.65,524.11,349.41,374.8,0.9562
rhipidomys_ochrogaster,13.45,9.94,43.39,4003.2,26.05,3.14,22.9,15.74,11.16,21.47,5.43,608.77,80.34,27.05,46.69,224.95,67.61,175.54,117.02,356.5,0.8351
rhipidomys_venezuelae,21.22,8.45,71.47,1656.0,27.72,15.9,11.82,22.41,20.04,25.36,17.09,1596.97,184.72,91.77,31.04,517.21,229.43,447.98,298.66,264.0,0.9811
rhipidomys_venustus,21.34,8.43,72.5,1614.6,27.73,16.11,11.62,22.5,20.18,25.41,17.27,1614.72,186.31,93.16,30.76,521.65,232.91,452.74,301.83,265.5,0.9799
rhipidomys_wetzeli,23.66,8.06,88.96,712.8,28.65,19.58,9.06,24.57,22.76,26.83,20.49,1915.15,208.98,120.09,24.75,585.13,300.23,531.22,354.14,332.4,0.9471
rhizomys_pruinosus,18.73,8.82,53.08,2673.0,27.88,11.25,16.62,20.4,17.07,24.55,12.92,1138.67,139.75,59.0,37.82,391.3,147.51,323.28,215.52,169.0,0.9869
rhizomys_sumatrensis,20.08,8.59,59.44,2212.2,28.02,13.58,14.45,21.52,18.63,25.14,15.02,1353.68,161.8,73.61,34.75,453.05,184.02,382.24,254.83,178.6,0.9883
rhogeessa_minutilla,22.74,8.19,88.43,1114.2,27.83,18.57,9.26,23.67,21.82,25.98,19.5,1806.57,202.16,109.26,27.43,566.06,273.14,503.52,335.68,285.3,0.962
rhogeessa_parvula,14.85,9.48,40.89,4064.4,27.61,4.41,23.19,17.17,12.53,22.97,6.73,629.23,83.31,27.74,47.1,233.25,69.35,181.56,121.04,112.6,0.8625
rhogeessa_tumida,17.99,8.9,48.03,3076.2,28.18,9.65,18.53,19.84,16.13,24.47,11.5,971.86,122.0,48.18,40.51,341.59,120.45,277.23,184.82,94.6,0.9729
rhynchocyon_chrysopygus,23.67,8.15,89.07,477.0,28.7,19.56,9.15,24.59,22.76,26.87,20.47,1945.22,209.07,124.53,23.18,585.4,311.32,538.03,358.69,441.4,0.947
rhynchocyon_cirnei,21.88,8.41,85.35,1238.4,27.3,17.45,9.85,22.87,20.9,25.33,18.44,1751.69,197.53,104.73,28.26,553.09,261.82,488.95,325.96,358.8,0.974
rhynchocyon_petersi,21.96,8.45,89.42,1063.8,27.16,17.71,9.45,22.91,21.02,25.27,18.66,1801.89,201.01,109.48,27.09,562.82,273.69,501.91,334.61,428.5,0.9731
rhynchogale_melleri,17.59,9.17,54.94,2687.4,26.77,10.08,16.69,19.26,15.92,23.43,11.75,1106.72,135.94,57.26,37.92,380.62,143.14,314.26,209.51,338.0,0.9855
rhyncholestes_raphanurus,4.92,11.2,28.28,7542.0,26.71,-12.91,39.61,8.88,0.96,18.78,-8.95,742.72,116.27,18.39,70.28,325.55,45.99,222.92,148.61,5.7,0.6997
rhynchomys_isarogensis,18.11,9.1,58.31,2457.0,26.69,11.09,15.6,19.67,16.55,23.57,12.65,1209.64,146.64,64.13,36.38,410.6,160.33,342.56,228.37,366.6,0.9914
rhynchonycteris_naso,25.1,7.79,88.62,275.4,29.93,21.14,8.79,25.98,24.22,28.17,22.02,1989.53,211.05,129.59,21.84,590.93,323.98,548.95,365.97,316.9,0.9195
romerolagus_diazi,16.8,9.13,45.18,3430.8,27.91,7.71,20.2,18.82,14.78,23.87,9.73,829.2,106.13,39.48,42.87,297.17,98.69,237.51,158.34,110.7,0.9452
rousettus_aegyptiacus,25.21,7.77,88.6,226.8,30.04,21.27,8.77,26.09,24.34,28.28,22.14,1992.9,210.73,130.35,21.51,590.05,325.87,549.55,366.37,322.1,0.9173
rousettus_amplexicaudatus,22.82,8.3,89.24,775.8,27.93,18.64,9.3,23.75,21.89,26.07,19.57,1884.91,206.5,117.54,25.17,578.2,293.84,523.23,348.82,432.3,0.961
rousettus_celebensis,24.88,7.89,88.75,176.4,29.77,20.88,8.89,25.77,23.99,27.99,21.77,1985.19,209.22,130.4,21.18,585.82,326.0,547.1,364.73,396.6,0.924
rousettus_lanosus,24.36,7.99,88.88,333.0,29.3,20.31,8.99,25.25,23.46,27.5,21.21,1970.48,209.82,127.72,22.22,587.48,319.3,544.07,362.71,404.2,0.9343
rousettus_leschenaultii,19.98,8.56,56.25,2374.2,28.34,13.13,15.21,21.5,18.45,25.3,14.65,1285.96,155.16,68.77,35.83,434.44,171.92,363.82,242.54,118.4,0.9874
rousettus_madagascariensis,15.22,9.64,48.39,3369.6,26.17,6.26,19.91,17.21,13.23,22.19,8.25,811.43,103.51,38.91,42.46,289.83,97.26,232.26,154.84,381.8,0.9301
rousettus_obliviosus,18.73,9.03,64.09,2136.6,26.48,12.39,14.09,20.14,17.32,23.66,13.8,1353.02,161.02,74.14,34.24,450.84,185.35,381.72,254.48,421.5,0.9949
rousettus_spinalatus,23.94,7.94,88.81,802.8,28.86,19.92,8.94,24.84,23.05,27.07,20.82,1905.9,209.16,118.56,25.35,585.64,296.4,529.22,352.82,246.5,0.9421
rucervus_duvaucelii,13.57,9.66,37.29,4636.8,27.81,1.92,25.9,16.16,10.98,22.63,4.5,523.82,71.43,21.43,50.91,200.01,53.57,152.15,101.43,40.5,0.7921
rucervus_eldii,16.79,9.14,45.65,3394.8,27.81,7.78,20.03,18.79,14.79,23.8,9.78,839.88,107.29,40.15,42.63,300.41,100.38,240.47,160.31,128.8,0.9476
rupicapra_pyrenaica,4.67,11.24,28.07,7633.8,26.7,-13.35,40.05,8.68,0.67,18.69,-9.34,760.16,119.48,18.44,70.89,334.55,46.1,228.39,152.26,0.0,0.6989
rupicapra_rupicapra,3.48,11.53,28.14,7830.0,26.02,-14.95,40.98,7.58,-0.61,17.83,-10.86,780.33,123.72,18.08,72.2,346.4,45.19,234.96,156.64,90.8,0.6755
rusa_alfredi,19.79,8.8,68.17,1886.4,26.89,13.98,12.91,21.08,18.5,24.31,15.27,1476.72,173.17,82.97,32.58,484.88,207.43,415.38,276.92,376.0,0.9922
rusa_marianna,19.0,8.93,62.53,2178.0,26.85,12.57,14.29,20.43,17.57,24.0,14.0,1342.48,160.15,73.25,34.52,448.41,183.14,378.93,252.62,361.2,0.9938
rusa_timorensis,22.21,8.27,80.65,1324.8,27.85,17.6,10.26,23.24,21.19,25.8,18.62,1732.91,196.45,102.77,28.83,550.07,256.93,484.2,322.8,267.7,0.9695
rusa_unicolor,20.48,8.48,59.66,2163.6,28.3,14.08,14.22,21.9,19.06,25.45,15.5,1382.47,164.78,75.55,34.42,461.38,188.87,390.15,260.1,140.1,0.9858
ruwenzorisorex_suncoides,25.0,7.85,88.7,194.4,29.87,21.02,8.85,25.89,24.12,28.1,21.9,1988.05,209.77,130.39,21.3,587.36,325.97,548.0,365.33,370.0,0.9216
saccolaimus_flaviventris,12.44,10.11,41.12,4359.6,25.97,1.38,24.59,14.9,9.99,21.05,3.84,526.73,70.81,22.36,49.06,198.28,55.9,152.51,101.67,343.9,0.7758
saccolaimus_peli,26.74,7.39,88.08,50.0,31.35,22.97,8.39,27.58,25.9,29.68,23.8,2021.05,210.55,134.72,20.01,589.54,336.8,555.8,370.53,193.0,0.8834
saccolaimus_saccolaimus,23.98,8.01,88.9,590.4,28.94,19.93,9.01,24.88,23.08,27.13,20.83,1940.14,210.05,122.98,23.94,588.15,307.45,537.36,358.24,340.7,0.9414
saccopteryx_bilineata,25.96,7.59,88.36,90.0,30.69,22.09,8.59,26.82,25.1,28.97,22.95,2007.91,210.41,132.86,20.6,589.15,332.14,552.78,368.52,271.4,0.9011
saccopteryx_canescens,25.55,7.75,88.57,50.0,30.37,21.62,8.75,26.43,24.68,28.62,22.49,1994.43,207.93,132.82,20.08,582.2,332.06,548.55,365.7,370.3,0.91
saccostomus_campestris,15.58,9.46,45.64,3542.4,26.98,6.25,20.73,17.65,13.5,22.83,8.32,768.65,98.98,36.12,43.62,277.13,90.29,220.45,146.97,246.3,0.9216
saccostomus_mearnsi,24.49,7.99,88.88,223.2,29.44,20.45,8.99,25.39,23.6,27.64,21.35,1976.33,208.93,129.3,21.49,585.01,323.26,544.96,363.31,434.4,0.9318
saguinus_bicolor,24.52,7.95,88.83,313.2,29.44,20.49,8.95,25.41,23.62,27.65,21.39,1975.02,210.03,128.23,22.09,588.08,320.58,545.19,363.46,388.4,0.9312
saguinus_fuscicollis,23.31,8.08,88.98,950.4,28.3,19.23,9.08,24.22,22.4,26.49,20.14,1860.52,206.08,114.21,26.34,577.03,285.53,517.54,345.02,274.5,0.953
saguinus_geoffroyi,23.07,8.04,81.65,1238.4,28.49,18.64,9.85,24.06,22.09,26.52,19.62,1779.07,200.62,106.36,28.26,561.74,265.91,496.59,331.06,176.2,0.9568
saguinus_imperator,21.31,8.42,71.08,1661.4,27.82,15.98,11.85,22.49,20.12,25.45,17.16,1596.95,184.77,91.72,31.08,517.37,229.31,448.0,298.67,248.5,0.9801
saguinus_inustus,25.75,7.65,88.44,115.2,30.5,21.85,8.65,26.61,24.88,28.77,22.72,2003.87,210.34,132.31,20.77,588.95,330.77,551.83,367.89,292.5,0.9057
saguinus_labiatus,22.37,8.29,87.82,1152.0,27.56,18.12,9.44,23.31,21.42,25.67,19.06,1787.63,200.51,107.73,27.68,561.44,269.34,498.46,332.31,325.0,0.9674
saguinus_leucopus,23.12,8.07,86.22,1134.0,28.26,18.91,9.36,24.05,22.18,26.39,19.84,1809.9,202.78,109.26,27.56,567.8,273.14,504.57,336.38,218.0,0.9561
saguinus_midas,25.21,7.85,88.7,50.0,30.08,21.23,8.85,26.1,24.33,28.31,22.12,1987.69,207.47,132.17,20.2,580.92,330.44,546.82,364.54,414.4,0.9172
saguinus_mystax,22.78,8.18,87.96,1121.4,27.89,18.59,9.3,23.71,21.85,26.03,19.52,1805.42,202.12,109.11,27.48,565.95,272.78,503.24,335.49,276.6,0.9614
saguinus_nigricollis,24.6,7.83,88.68,547.2,29.46,20.63,8.83,25.49,23.72,27.7,21.51,1959.64,211.58,124.69,23.65,592.41,311.71,542.48,361.65,265.2,0.9296
saguinus_oedipus,21.62,8.32,70.32,1659.6,28.13,16.29,11.84,22.81,20.44,25.76,17.48,1604.83,185.67,92.19,31.06,519.86,230.48,450.21,300.14,201.2,0.9766
saguinus_tripartitus,25.53,7.62,88.4,360.0,30.27,21.65,8.62,26.39,24.67,28.55,22.51,1996.35,212.94,129.1,22.4,596.24,322.74,551.39,367.59,210.6,0.9105
saiga_tatarica,2.1,11.75,27.01,8364.6,26.03,-17.47,43.5,6.45,-2.25,17.33,-13.12,859.49,139.46,17.36,75.76,390.48,43.4,260.33,173.55,51.9,0.6622
saimiri_boliviensis,20.1,8.67,64.7,1989.0,27.47,14.08,13.39,21.44,18.76,24.79,15.41,1443.58,170.31,80.29,33.26,476.87,200.72,406.55,271.04,280.1,0.9897
saimiri_oerstedii,22.2,8.18,71.4,1578.6,28.5,17.04,11.45,23.34,21.05,26.21,18.19,1647.41,189.66,95.38,30.52,531.06,238.45,461.71,307.8,150.5,0.9693
saimiri_sciureus,25.29,7.79,88.62,115.2,30.13,21.34,8.79,26.17,24.41,28.37,22.22,1993.36,209.24,131.61,20.77,585.86,329.04,548.94,365.96,362.5,0.9156
saimiri_ustus,20.62,8.65,74.36,1616.4,27.02,15.38,11.63,21.78,19.45,24.69,16.55,1597.38,184.32,92.15,30.78,516.11,230.37,447.89,298.59,375.9,0.987
saimiri_vanzolinii,24.79,7.83,88.68,410.4,29.64,20.81,8.83,25.67,23.9,27.88,21.7,1976.16,211.48,127.24,22.74,592.15,318.1,546.15,364.1,301.4,0.9258
salanoia_concolor,16.12,9.48,51.34,3061.8,26.28,7.82,18.46,17.97,14.28,22.58,9.66,933.95,117.14,46.38,40.41,328.0,115.94,266.37,177.58,387.7,0.9615
sarcophilus_harrisii,3.75,11.54,28.99,7585.2,25.65,-14.17,39.82,7.73,-0.23,17.69,-10.19,726.64,113.97,17.82,70.57,319.11,44.55,218.2,145.46,165.3,0.6653
sauromys_petrophilus,13.09,9.88,39.6,4437.0,26.82,1.86,24.95,15.59,10.6,21.82,4.36,532.12,71.83,22.36,49.58,201.11,55.9,154.2,102.8,207.9,0.7895
scalopus_aquaticus,8.47,10.55,30.87,6390.0,27.27,-6.9,34.17,11.89,5.06,20.44,-3.49,542.14,80.53,16.9,62.6,225.48,42.24,160.64,107.09,0.0,0.7
scapanus_latimanus,6.22,11.1,30.82,6777.0,26.02,-9.99,36.0,9.82,2.62,18.82,-6.38,577.82,87.38,16.77,65.18,244.67,41.92,171.95,114.64,165.6,0.6632
scapanus_orarius,2.6,11.72,27.9,8049.6,25.7,-16.31,42.01,6.8,-1.6,17.3,-12.11,809.37,129.55,17.76,73.66,362.75,44.41,244.29,162.86,124.3,0.6623
scapteromys_tumidus,8.7,10.71,34.13,5796.0,25.96,-5.41,31.37,11.84,5.57,19.68,-2.28,445.74,64.37,15.36,58.64,180.24,38.41,131.19,87.46,244.0,0.6488
sciurillus_pusillus,24.76,7.86,88.72,349.2,29.63,20.77,8.86,25.65,23.87,27.86,21.66,1979.08,210.95,128.1,22.33,590.67,320.25,546.55,364.37,334.4,0.9265
sciurus_aberti,9.68,10.41,33.19,5794.2,26.93,-4.43,31.36,12.82,6.55,20.66,-1.29,468.08,67.59,16.14,58.63,189.26,40.34,137.76,91.84,94.4,0.6853
sciurus_aestuans,18.01,9.14,59.29,2419.2,26.49,11.07,15.42,19.55,16.46,23.4,12.61,1222.4,147.87,65.06,36.13,414.04,162.66,346.02,230.68,400.3,0.9919
sciurus_alleni,14.05,9.6,38.8,4393.8,27.66,2.91,24.75,16.53,11.58,22.71,5.39,559.47,75.35,23.64,49.29,210.98,59.1,162.05,108.03,80.5,0.8183
sciurus_arizonensis,9.28,10.49,32.95,5895.0,26.79,-5.04,31.84,12.47,6.1,20.43,-1.86,472.66,68.58,16.03,59.3,192.04,40.08,139.27,92.85,108.3,0.6789
sciurus_aureogaster,16.46,9.18,43.96,3573.0,27.94,7.07,20.87,18.55,14.38,23.77,9.16,780.61,100.68,36.55,43.82,281.91,91.36,223.96,149.31,95.4,0.931
sciurus_carolinensis,6.46,10.92,29.27,7050.6,26.97,-10.33,37.29,10.19,2.73,19.51,-6.6,651.74,99.8,17.92,67.0,279.44,44.8,194.55,129.7,0.0,0.7043
sciurus_colliaei,13.98,9.66,39.84,4289.4,27.32,3.06,24.26,16.41,11.55,22.47,5.49,571.84,76.6,24.5,48.6,214.48,61.24,165.43,110.29,140.6,0.824
sciurus_deppei,17.77,8.94,47.32,3151.8,28.15,9.27,18.88,19.65,15.88,24.38,11.16,940.77,118.59,46.24,41.01,332.04,115.61,268.59,179.06,92.8,0.9685
sciurus_gilvigularis,24.64,7.94,88.81,248.4,29.56,20.62,8.94,25.54,23.75,27.77,21.52,1979.52,209.61,129.24,21.66,586.92,323.09,546.01,364.0,399.7,0.9288
sciurus_granatensis,23.64,7.99,88.87,919.8,28.58,19.6,8.99,24.54,22.74,26.79,20.5,1875.0,207.29,115.42,26.13,580.41,288.55,521.37,347.58,238.1,0.9474
sciurus_griseus,4.82,11.33,29.55,7273.8,25.92,-12.43,38.35,8.66,0.99,18.25,-8.6,671.62,103.89,17.63,68.49,290.88,44.09,200.98,133.99,146.3,0.6713
sciurus_ignitus,19.59,8.74,60.96,2190.6,27.48,13.14,14.34,21.03,18.16,24.61,14.57,1351.12,161.3,73.63,34.6,451.63,184.08,381.43,254.28,263.9,0.9914
sciurus_igniventris,23.93,7.97,88.85,734.4,28.86,19.89,8.97,24.83,23.03,27.07,20.79,1917.76,209.55,120.03,24.9,586.73,300.07,532.08,354.72,281.0,0.9423
sciurus_lis,6.42,11.13,31.96,6526.8,25.57,-9.25,34.82,9.9,2.94,18.61,-5.76,524.27,78.37,15.94,63.51,219.45,39.85,155.58,103.72,251.5,0.6391
sciurus_nayaritensis,13.18,9.79,38.09,4597.2,27.32,1.61,25.71,15.75,10.6,22.17,4.18,517.96,70.49,21.3,50.65,197.37,53.26,150.38,100.25,119.6,0.7829
sciurus_oculatus,15.9,9.28,42.77,3747.6,27.84,6.14,21.7,18.07,13.73,23.5,8.31,722.21,94.03,33.11,44.98,263.27,82.78,207.63,138.42,99.2,0.9092
sciurus_pucheranii,24.05,7.9,88.76,822.6,28.94,20.05,8.9,24.94,23.16,27.17,20.94,1904.56,209.27,118.27,25.48,585.96,295.67,528.98,352.65,220.9,0.9401
sciurus_pyrrhinus,20.02,8.63,60.85,2154.6,27.82,13.64,14.17,21.44,18.61,24.98,15.06,1375.58,163.87,75.24,34.36,458.84,188.1,388.16,258.78,214.4,0.9892
sciurus_richmondi,20.21,8.52,57.76,2277.0,28.32,13.57,14.75,21.69,18.73,25.37,15.05,1330.55,159.64,71.87,35.18,446.99,179.68,376.0,250.67,128.1,0.9869
sciurus_sanborni,19.51,8.73,59.04,2286.0,27.64,12.85,14.79,20.98,18.03,24.68,14.33,1310.65,157.33,70.73,35.24,440.53,176.83,370.42,246.94,232.3,0.9908
sciurus_spadiceus,21.34,8.46,74.81,1546.2,27.55,16.25,11.3,22.47,20.21,25.29,17.38,1639.01,188.33,95.19,30.31,527.32,237.97,459.17,306.12,298.1,0.98
sciurus_stramineus,24.66,7.76,88.58,702.0,29.48,20.72,8.76,25.54,23.79,27.73,21.6,1940.02,211.54,121.77,24.68,592.32,304.42,538.05,358.7,183.2,0.9284
sciurus_variegatoides,20.78,8.42,60.7,2089.8,28.41,14.54,13.87,22.17,19.39,25.63,15.93,1419.08,168.41,78.13,33.93,471.56,195.32,400.13,266.75,128.3,0.9837
sciurus_vulgaris,-1.39,12.34,24.98,9617.4,25.79,-23.62,49.42,3.56,-6.33,15.91,-18.68,867.15,148.24,11.48,84.12,415.08,28.7,266.27,177.51,0.0,0.5914
sciurus_yucatanensis,17.27,9.02,45.73,3330.0,28.12,8.4,19.73,19.24,15.3,24.18,10.37,871.05,110.88,41.96,42.2,310.46,104.89,249.21,166.14,85.1,0.9558
scleronycteris_ega,25.89,7.65,88.44,50.0,30.65,22.0,8.65,26.76,25.03,28.92,22.86,2001.6,208.55,133.4,20.02,583.94,333.5,550.46,366.98,322.7,0.9026
scolomys_melanops,26.32,7.47,88.19,120.6,30.98,22.51,8.47,27.17,25.47,29.28,23.35,2017.24,211.82,133.13,20.8,593.09,332.83,555.55,370.37,201.9,0.893
scolomys_ucayalensis,23.6,7.99,88.87,946.8,28.55,19.56,8.99,24.5,22.71,26.75,20.46,1868.07,206.87,114.71,26.31,579.25,286.78,519.62,346.41,231.2,0.9481
scoteanax_rueppellii,11.4,10.22,37.71,4894.2,26.31,-0.8,27.11,14.11,8.69,20.89,1.91,460.2,63.58,18.17,52.63,178.02,45.42,134.06,89.38,253.0,0.7172
scotinomys_teguina,20.23,8.51,57.42,2291.4,28.38,13.56,14.82,21.71,18.75,25.42,15.04,1325.15,159.12,71.47,35.28,445.54,178.69,374.54,249.69,118.5,0.9866
scotinomys_xerampelinus,21.85,8.24,68.67,1693.8,28.45,16.45,12.0,23.05,20.65,26.05,17.65,1597.58,185.21,91.47,31.29,518.58,228.68,448.35,298.9,149.4,0.9737
scotoecus_albigula,21.58,8.44,80.28,1380.6,27.36,16.85,10.52,22.63,20.53,25.26,17.9,1700.52,193.44,100.33,29.2,541.64,250.81,475.47,316.98,338.9,0.9775
scotoecus_albofuscus,22.93,8.08,81.32,1256.4,28.39,18.46,9.93,23.92,21.93,26.4,19.45,1770.38,199.86,105.67,28.38,559.61,264.17,494.27,329.51,190.0,0.959
scotoecus_hindei,24.19,7.98,88.86,511.2,29.12,20.15,8.98,25.08,23.29,27.33,21.04,1953.8,210.46,124.7,23.41,589.28,311.76,540.63,360.42,346.5,0.9375
scotoecus_hirundo,22.41,8.17,76.02,1429.2,28.32,17.57,10.75,23.48,21.33,26.17,18.64,1703.65,194.37,100.05,29.53,544.24,250.12,476.62,317.75,188.8,0.9666
scotomanes_ornatus,14.01,9.62,39.06,4370.4,27.56,2.92,24.64,16.47,11.55,22.63,5.39,561.5,75.53,23.8,49.14,211.49,59.5,162.59,108.39,97.7,0.8189
scotonycteris_ophiodon,26.06,7.48,88.2,315.0,30.72,22.24,8.48,26.91,25.21,29.03,23.09,2010.5,213.82,130.51,22.1,598.71,326.29,555.0,370.0,150.6,0.8989
scotonycteris_zenkeri,25.92,7.53,88.27,295.2,30.61,22.08,8.53,26.77,25.07,28.9,22.93,2007.92,213.27,130.57,21.97,597.17,326.42,554.15,369.44,181.4,0.902
scotophilus_borbonicus,14.25,9.77,44.52,3799.8,26.32,4.38,21.94,16.45,12.06,21.93,6.57,671.56,87.67,30.59,45.33,245.49,76.48,193.18,128.79,328.6,0.8739
scotophilus_dinganii,22.07,8.27,76.45,1443.6,28.02,17.2,10.82,23.15,20.99,25.86,18.28,1691.12,193.11,99.18,29.62,540.71,247.95,473.19,315.46,233.6,0.9713
scotophilus_heathii,16.1,9.22,42.51,3745.8,28.03,6.34,21.69,18.27,13.93,23.69,8.51,727.21,94.67,33.35,44.97,265.07,83.37,209.06,139.37,69.7,0.9123
scotophilus_leucogaster,22.04,8.27,75.87,1461.6,28.04,17.13,10.9,23.13,20.95,25.86,18.22,1684.37,192.55,98.61,29.74,539.14,246.54,471.41,314.27,229.8,0.9716
scotophilus_nigrita,22.04,8.27,75.87,1461.6,28.04,17.13,10.9,23.13,20.95,25.86,18.22,1684.37,192.55,98.61,29.74,539.14,246.54,471.41,314.27,229.8,0.9716
scotophilus_nux,25.5,7.62,88.4,388.8,30.24,21.62,8.62,26.36,24.64,28.52,22.49,1994.06,213.1,128.63,22.59,596.68,321.58,550.95,367.3,201.5,0.9111
scotophilus_viridis,22.54,8.15,77.62,1377.0,28.31,17.81,10.5,23.59,21.49,26.21,18.86,1723.76,196.04,101.73,29.18,548.92,254.33,481.95,321.3,193.4,0.9648
scotorepens_balstoni,10.63,10.41,37.58,5022.0,25.87,-1.84,27.71,13.4,7.86,20.33,0.93,440.24,61.21,17.07,53.48,171.39,42.67,128.44,85.62,312.0,0.6891
scotorepens_greyii,13.97,9.85,44.67,3821.4,26.09,4.05,22.05,16.17,11.77,21.69,6.25,659.94,86.26,29.99,45.48,241.52,74.96,189.89,126.59,362.1,0.8655
scotorepens_orion,8.48,10.72,33.45,5940.0,26.11,-5.94,32.05,11.69,5.28,19.7,-2.74,460.78,67.0,15.51,59.6,187.61,38.78,135.84,90.56,210.7,0.6527
scotorepens_sanborni,17.42,9.26,56.98,2593.8,26.35,10.11,16.25,19.04,15.79,23.1,11.73,1139.31,139.2,59.54,37.29,389.76,148.84,323.16,215.44,408.7,0.9873
scotozous_dormeri,15.48,9.37,42.1,3864.6,27.72,5.47,22.25,17.7,13.26,23.27,7.69,684.93,89.73,30.96,45.76,251.24,77.39,197.18,131.45,109.5,0.8921
scutisorex_somereni,25.52,7.75,88.57,50.0,30.33,21.59,8.75,26.4,24.65,28.58,22.46,1995.58,208.47,132.56,20.29,583.72,331.4,549.07,366.05,360.7,0.9107
sekeetamys_calurus,11.99,10.18,39.91,4552.2,26.01,0.51,25.5,14.54,9.44,20.91,3.06,494.55,67.15,20.46,50.35,188.02,51.16,143.51,95.67,323.7,0.7491
selevinia_betpakdalaensis,2.47,11.64,26.79,8355.6,26.37,-17.09,43.46,6.81,-1.88,17.68,-12.74,866.34,140.51,17.54,75.7,393.44,43.85,262.37,174.91,0.0,0.6721
semnopithecus_entellus,14.46,9.54,39.81,4228.2,27.64,3.67,23.97,16.85,12.06,22.84,6.07,592.01,79.05,25.56,48.19,221.34,63.9,171.15,114.1,96.2,0.8403
semnopithecus_hypoleucos,20.89,8.45,64.65,1920.6,28.07,15.01,13.07,22.19,19.58,25.46,16.31,1488.63,174.92,83.36,32.8,489.78,208.4,418.9,279.27,191.5,0.9836
setifer_setosus,15.1,9.66,48.01,3412.8,26.16,6.05,20.12,17.11,13.09,22.14,8.06,795.36,101.7,37.94,42.75,284.76,94.86,227.77,151.85,380.7,0.9248
setonix_brachyurus,8.46,10.69,32.87,6040.8,26.34,-6.18,32.53,11.71,5.2,19.84,-2.93,476.13,69.57,15.76,60.27,194.8,39.41,140.52,93.68,167.2,0.6615
sicista_betulina,-3.5,12.8,24.71,10123.2,24.99,-26.82,51.8,1.68,-8.68,14.63,-21.63,783.63,136.72,8.17,87.49,382.81,20.43,241.94,161.29,87.9,0.5364
sicista_napaea,0.26,12.04,25.69,9079.2,26.04,-20.84,46.87,4.95,-4.43,16.66,-16.15,900.14,150.52,14.61,80.53,421.45,36.52,274.78,183.19,0.0,0.6297
sicista_subtilis,0.58,12.06,26.48,8794.8,25.62,-19.91,45.53,5.13,-3.98,16.51,-15.36,884.69,146.19,15.75,78.63,409.33,39.38,269.23,179.48,84.7,0.6336
sigmodon_alleni,16.42,9.2,44.38,3542.4,27.82,7.09,20.73,18.49,14.35,23.68,9.17,788.18,101.49,37.03,43.62,284.18,92.58,226.06,150.7,116.0,0.9329
sigmodon_alstoni,22.99,8.2,89.13,876.6,28.05,18.85,9.2,23.91,22.07,26.21,19.77,1869.28,206.1,115.52,25.84,577.07,288.79,519.52,346.34,358.3,0.9583
sigmodon_arizonae,11.55,10.1,35.94,5103.0,27.01,-1.09,28.1,14.36,8.74,21.39,1.72,461.9,64.48,17.7,54.02,180.55,44.25,134.88,89.92,131.2,0.7211
sigmodon_fulviventer,12.08,9.98,36.23,4986.0,27.23,-0.31,27.54,14.84,9.33,21.72,2.44,474.07,65.8,18.47,53.24,184.23,46.18,138.25,92.17,105.3,0.7385
sigmodon_inopinatus,25.54,7.61,88.38,392.4,30.27,21.67,8.61,26.4,24.68,28.55,22.53,1994.75,213.22,128.63,22.62,597.02,321.59,551.17,367.44,193.8,0.9103
sigmodon_leucotis,15.24,9.41,41.62,3942.0,27.67,5.06,22.61,17.5,12.97,23.15,7.32,662.47,87.14,29.66,46.28,244.0,74.14,190.88,127.26,110.7,0.8809
sigmodon_mascotensis,17.16,9.07,46.37,3294.0,27.92,8.36,19.55,19.12,15.21,24.0,10.32,879.89,111.78,42.56,41.96,312.99,106.39,251.63,167.75,119.2,0.9572
sigmodon_ochrognathus,11.28,10.13,35.16,5252.4,27.12,-1.69,28.8,14.16,8.39,21.36,1.19,459.08,64.57,17.21,55.02,180.78,43.02,134.28,89.52,104.0,0.7141
simias_concolor,25.65,7.57,88.34,383.4,30.37,21.79,8.57,26.51,24.79,28.65,22.65,1997.85,213.43,128.93,22.56,597.6,322.34,551.96,367.97,181.0,0.9079
sminthopsis_aitkeni,6.65,11.09,32.19,6447.6,25.6,-8.85,34.45,10.1,3.21,18.71,-5.4,512.31,76.3,15.8,62.98,213.65,39.51,151.9,101.26,253.0,0.6381
sminthopsis_archeri,19.4,8.9,67.48,1945.8,26.65,13.46,13.19,20.71,18.08,24.01,14.78,1444.32,169.97,80.67,32.97,475.91,201.69,406.56,271.04,409.1,0.9939
sminthopsis_butleri,18.23,9.11,60.48,2341.8,26.51,11.45,15.06,19.73,16.72,23.5,12.95,1258.6,151.57,67.53,35.61,424.4,168.83,355.94,237.29,403.0,0.9932
sminthopsis_crassicaudata,10.17,10.49,36.85,5182.2,25.83,-2.64,28.47,13.02,7.33,20.14,0.21,431.47,60.47,16.34,54.55,169.32,40.86,126.11,84.07,306.3,0.6738
sminthopsis_dolichura,9.64,10.56,35.53,5445.0,25.98,-3.73,29.71,12.61,6.67,20.04,-0.76,431.86,61.32,15.73,56.3,171.68,39.32,126.6,84.4,265.3,0.6621
sminthopsis_douglasi,14.65,9.72,46.09,3618.0,26.24,5.16,21.09,16.76,12.54,22.03,7.27,726.47,93.93,33.83,44.12,263.0,84.57,208.54,139.03,353.6,0.8991
sminthopsis_gilberti,8.7,10.69,33.83,5844.6,26.08,-5.52,31.6,11.86,5.54,19.76,-2.36,452.03,65.43,15.46,58.96,183.21,38.64,133.11,88.74,222.3,0.6526
sminthopsis_granulipes,9.12,10.59,33.83,5779.8,26.33,-4.96,31.29,12.25,5.99,20.07,-1.83,453.26,65.41,15.66,58.53,183.14,39.16,133.38,88.92,187.7,0.6633
sminthopsis_griseoventer,9.03,10.62,33.99,5767.2,26.21,-5.02,31.23,12.16,5.91,19.97,-1.9,449.71,64.86,15.57,58.45,181.6,38.93,132.32,88.21,206.7,0.659
sminthopsis_hirtipes,11.15,10.31,38.1,4881.6,26.03,-1.02,27.05,13.86,8.45,20.62,1.68,454.84,62.8,17.99,52.54,175.84,44.97,132.48,88.32,297.1,0.7089
sminthopsis_leucopus,5.24,11.29,30.3,7045.2,25.74,-11.53,37.27,8.97,1.51,18.29,-7.8,622.32,95.27,17.13,66.97,266.76,42.83,185.75,123.84,189.5,0.6603
sminthopsis_longicaudata,11.84,10.18,39.15,4658.4,26.14,0.15,26.0,14.44,9.24,20.94,2.74,482.4,65.86,19.68,51.06,184.39,49.19,140.15,93.43,295.7,0.7391
sminthopsis_macroura,12.42,10.11,41.03,4372.2,25.98,1.33,24.65,14.89,9.96,21.05,3.8,524.59,70.57,22.23,49.15,197.6,55.58,151.91,101.27,341.4,0.7742
sminthopsis_murina,11.11,10.3,37.65,4944.6,26.15,-1.2,27.35,13.84,8.37,20.68,1.53,452.2,62.63,17.72,52.96,175.37,44.31,131.81,87.87,274.7,0.7065
sminthopsis_ooldea,12.31,10.12,40.48,4446.0,26.06,1.06,24.99,14.81,9.81,21.06,3.56,513.08,69.29,21.53,49.64,194.0,53.83,148.7,99.13,323.7,0.7657
sminthopsis_psammophila,9.31,10.63,35.41,5511.6,25.82,-4.21,30.03,12.31,6.3,19.82,-1.2,429.37,61.16,15.48,56.74,171.25,38.69,125.97,83.98,284.9,0.653
sminthopsis_virginiae,17.7,9.21,58.35,2494.8,26.38,10.6,15.78,19.28,16.13,23.23,12.18,1185.17,143.99,62.58,36.63,403.17,156.46,335.78,223.85,411.2,0.9902
sminthopsis_youngsoni,13.6,9.89,43.24,3997.8,26.19,3.31,22.88,15.89,11.31,21.61,5.59,613.35,80.92,27.27,46.65,226.57,68.17,176.85,117.9,335.7,0.8395
solenodon_cubanus,15.63,9.35,42.74,3785.4,27.66,5.79,21.88,17.82,13.45,23.29,7.98,706.8,92.21,32.26,45.24,258.18,80.64,203.29,135.53,123.2,0.9016
solenodon_paradoxus,16.42,9.26,46.42,3378.6,27.4,7.44,19.95,18.42,14.43,23.41,9.44,836.35,106.74,40.06,42.52,298.88,100.15,239.41,159.61,193.0,0.945
solomys_ponceleti,22.48,8.25,87.35,1153.8,27.68,18.23,9.45,23.43,21.54,25.79,19.18,1789.83,200.78,107.85,27.69,562.19,269.62,499.09,332.72,306.2,0.9659
solomys_salebrosus,22.48,8.25,87.35,1153.8,27.68,18.23,9.45,23.43,21.54,25.79,19.18,1789.83,200.78,107.85,27.69,562.19,269.62,499.09,332.72,306.2,0.9659
sorex_alaskanus,-5.39,13.19,24.39,10611.0,24.36,-29.74,54.11,0.02,-10.81,13.54,-24.33,682.9,121.46,5.69,90.74,340.08,14.23,212.58,141.72,149.6,0.477
sorex_alpinus,2.42,11.65,26.77,8370.0,26.36,-17.16,43.52,6.78,-1.93,17.66,-12.81,867.83,140.84,17.5,75.8,394.36,43.75,262.87,175.24,0.0,0.6713
sorex_araneus,-2.46,12.65,25.46,9676.8,24.87,-24.83,49.7,2.51,-7.43,14.93,-19.86,839.97,143.94,10.84,84.51,403.04,27.1,258.09,172.06,137.9,0.567
sorex_arcticus,-1.88,12.43,24.78,9779.4,25.72,-24.46,50.18,3.14,-6.9,15.68,-19.44,848.23,145.96,10.46,85.2,408.7,26.16,260.91,173.94,0.0,0.5787
sorex_arizonae,10.44,10.29,34.33,5499.0,26.93,-3.04,29.97,13.44,7.45,20.93,-0.05,454.56,64.71,16.42,56.66,181.18,41.04,133.34,88.89,116.0,0.6939
sorex_bairdi,1.6,11.91,27.39,8359.2,25.52,-17.96,43.47,5.95,-2.74,16.82,-13.61,847.02,137.4,17.13,75.73,384.72,42.83,256.53,171.02,131.3,0.6482
sorex_bendirii,2.81,11.7,28.22,7930.8,25.61,-15.84,41.45,6.96,-1.33,17.32,-11.69,788.18,125.51,17.82,72.87,351.43,44.55,237.59,158.39,146.5,0.6616
sorex_caecutiens,-1.47,12.36,24.94,9644.4,25.78,-23.76,49.54,3.49,-6.42,15.87,-18.81,864.26,147.91,11.31,84.3,414.15,28.28,265.46,176.97,0.0,0.5894
sorex_cinereus,-0.61,12.21,25.35,9349.2,25.87,-22.28,48.15,4.21,-5.42,16.24,-17.46,888.67,150.27,13.09,82.33,420.75,32.72,272.08,181.39,6.6,0.6103
sorex_coronatus,2.02,11.72,26.55,8503.2,26.3,-17.85,44.15,6.43,-2.4,17.47,-13.44,880.2,143.66,17.1,76.69,402.26,42.75,267.0,178.0,0.0,0.6645
sorex_daphaenodon,-2.97,12.63,24.37,10130.4,25.54,-26.29,51.84,2.22,-8.15,15.18,-21.11,795.31,138.8,8.26,87.54,388.63,20.65,245.57,163.71,1.9,0.5478
sorex_dispar,5.57,11.08,28.74,7320.6,26.79,-11.78,38.57,9.43,1.72,19.07,-7.92,701.07,108.67,18.23,68.8,304.27,45.56,209.9,139.93,8.7,0.7016
sorex_emarginatus,15.25,9.42,41.9,3913.2,27.61,5.13,22.48,17.5,13.0,23.12,7.38,668.95,87.86,30.05,46.09,246.01,75.13,192.69,128.46,121.9,0.8837
sorex_fumeus,5.28,11.13,28.46,7435.8,26.79,-12.32,39.11,9.19,1.37,18.97,-8.41,723.96,112.8,18.36,69.57,315.83,45.89,217.03,144.69,0.0,0.7025
sorex_gaspensis,1.49,11.88,26.85,8523.0,25.83,-18.42,44.25,5.92,-2.93,16.98,-14.0,871.04,142.29,16.83,76.82,398.41,42.06,264.28,176.19,71.8,0.6507
sorex_gracillimus,0.75,12.1,27.32,8533.8,25.12,-19.18,44.3,5.18,-3.68,16.26,-14.75,855.64,139.84,16.48,76.89,391.54,41.19,259.64,173.09,180.1,0.6315
sorex_granarius,5.32,11.12,28.49,7421.4,26.8,-12.25,39.05,9.23,1.42,18.99,-8.34,721.28,112.31,18.35,69.48,314.46,45.87,216.19,144.13,0.0,0.7026
sorex_hoyi,-0.05,12.1,25.55,9180.0,25.99,-21.36,47.35,4.68,-4.79,16.52,-16.62,897.7,150.74,14.06,81.2,422.07,35.16,274.34,182.89,0.0,0.623
sorex_isodon,-2.43,12.53,24.56,9957.6,25.64,-25.39,51.02,2.68,-7.53,15.43,-20.28,823.31,142.69,9.34,86.38,399.54,23.35,253.74,169.16,0.0,0.5636
sorex_jacksoni,-6.85,13.34,23.05,11404.8,24.97,-32.88,57.86,-1.06,-12.63,13.4,-27.1,544.04,99.76,4.53,96.03,279.32,11.33,174.39,116.26,0.0,0.3949
sorex_longirostris,9.18,10.42,31.5,6157.8,27.38,-5.7,33.08,12.49,5.88,20.76,-2.39,513.21,75.41,16.66,61.05,211.14,41.64,151.67,101.11,0.0,0.7006
sorex_lyelli,6.11,11.11,30.69,6822.0,26.02,-10.19,36.21,9.73,2.48,18.78,-6.57,586.26,88.84,16.86,65.48,248.76,42.16,174.55,116.37,161.3,0.6647
sorex_macrodon,16.71,9.13,44.63,3486.6,27.97,7.5,20.46,18.76,14.67,23.87,9.55,810.79,104.09,38.35,43.24,291.45,95.87,232.39,154.93,97.7,0.9403
sorex_merriami,5.12,11.21,28.94,7356.6,26.42,-12.32,38.74,8.99,1.24,18.68,-8.44,699.82,108.65,18.05,69.04,304.22,45.13,209.61,139.74,62.1,0.6898
sorex_milleri,12.86,9.81,36.76,4804.2,27.54,0.86,26.69,15.53,10.2,22.21,3.52,497.3,68.39,19.88,52.03,191.5,49.7,144.72,96.48,70.1,0.7658
sorex_minutissimus,-3.32,12.7,24.22,10251.0,25.5,-26.91,52.41,1.92,-8.56,15.02,-21.67,774.5,135.81,7.53,88.34,380.27,18.81,239.45,159.64,0.0,0.5365
sorex_minutus,-0.25,12.26,26.58,8920.8,25.12,-21.01,46.13,4.36,-4.87,15.89,-16.4,877.4,145.75,15.01,79.47,408.1,37.52,267.38,178.25,153.1,0.6152
sorex_mirabilis,2.58,11.78,28.53,7898.4,25.3,-16.0,41.3,6.71,-1.55,17.04,-11.87,775.42,123.31,17.67,72.66,345.26,44.17,233.66,155.77,197.5,0.6526
sorex_monticolus,1.25,12.02,27.64,8357.4,25.16,-18.31,43.47,5.6,-3.09,16.47,-13.96,838.61,136.03,16.97,75.72,380.87,42.43,253.98,169.32,186.1,0.6386
sorex_nanus,5.49,11.11,28.77,7329.6,26.72,-11.89,38.61,9.35,1.63,19.0,-8.03,701.36,108.76,18.2,68.86,304.52,45.5,210.01,140.01,18.1,0.6997
sorex_oreopolus,16.72,9.16,45.49,3416.4,27.79,7.66,20.13,18.73,14.7,23.76,9.67,831.61,106.36,39.66,42.78,297.8,99.14,238.16,158.78,130.1,0.9454
sorex_ornatus,9.53,10.51,34.17,5662.8,26.44,-4.3,30.74,12.6,6.45,20.29,-1.23,448.96,64.42,15.81,57.75,180.38,39.52,131.94,87.96,179.7,0.6702
sorex_pacificus,3.21,11.63,28.5,7794.0,25.65,-15.15,40.8,7.29,-0.87,17.49,-11.07,765.46,121.17,17.89,71.96,339.27,44.72,230.39,153.59,150.0,0.6647
sorex_palustris,1.01,11.91,26.05,8832.6,26.15,-19.56,45.71,5.58,-3.56,17.01,-14.99,898.57,148.72,15.81,78.88,416.41,39.53,273.56,182.38,0.0,0.6453
sorex_preblei,3.15,11.56,27.56,8031.6,26.21,-15.72,41.93,7.34,-1.04,17.83,-11.52,818.28,130.88,18.04,73.54,366.46,45.1,246.94,164.62,47.4,0.6775
sorex_roboratus,-4.96,13.1,24.44,10503.0,24.52,-29.08,53.6,0.4,-10.32,13.8,-23.72,706.89,125.19,5.89,90.02,350.54,14.73,219.16,146.11,133.1,0.4915
sorex_samniticus,5.16,11.15,28.38,7475.4,26.77,-12.53,39.3,9.09,1.23,18.91,-8.6,731.32,114.14,18.38,69.84,319.6,45.96,219.34,146.22,0.0,0.702
sorex_saussurei,15.51,9.36,42.21,3850.2,27.71,5.53,22.18,17.73,13.29,23.27,7.75,688.87,90.18,31.19,45.67,252.49,77.97,198.28,132.19,111.7,0.8939
sorex_sclateri,17.87,8.92,47.68,3114.0,28.16,9.45,18.7,19.74,16.0,24.42,11.32,956.1,120.27,47.2,40.76,336.75,118.0,272.85,181.9,94.5,0.9708
sorex_sonomae,4.13,11.47,29.25,7459.2,25.71,-13.52,39.22,8.06,0.21,17.86,-9.59,703.55,109.73,17.75,69.73,307.25,44.37,210.97,140.65,165.1,0.6665
sorex_stizodon,18.15,8.87,48.65,3015.0,28.18,9.94,18.24,19.97,16.32,24.53,11.76,997.19,124.75,49.78,40.1,349.31,124.44,284.25,189.5,98.4,0.9759
sorex_tenellus,6.48,11.03,30.77,6742.8,26.19,-9.65,35.84,10.06,2.9,19.02,-6.06,575.66,86.92,16.81,64.95,243.38,42.03,171.25,114.16,141.0,0.6686
sorex_trowbridgii,3.96,11.5,29.0,7545.6,25.76,-13.88,39.63,7.92,-0.0,17.83,-9.91,721.5,112.96,17.85,70.3,316.3,44.64,216.56,144.37,151.5,0.6687
sorex_tundrensis,-4.94,12.99,23.66,10780.2,25.26,-29.65,54.91,0.55,-10.43,14.28,-24.16,670.87,120.1,5.59,91.87,336.29,13.98,210.16,140.11,0.0,0.4778
sorex_unguiculatus,0.29,12.18,27.03,8695.8,25.08,-19.98,45.06,4.8,-4.21,16.07,-15.48,866.96,142.66,15.91,77.97,399.45,39.79,263.54,175.7,174.6,0.6241
sorex_vagrans,2.96,11.65,28.05,7947.0,25.8,-15.72,41.53,7.12,-1.19,17.5,-11.57,795.26,126.73,17.91,72.98,354.84,44.77,239.76,159.84,116.1,0.6671
sorex_ventralis,17.07,9.08,45.92,3339.0,27.95,8.18,19.77,19.05,15.1,23.99,10.15,863.64,109.99,41.56,42.26,307.97,103.89,247.11,164.74,111.5,0.9537
sorex_veraepacis,18.66,8.78,50.43,2840.4,28.24,10.82,17.41,20.4,16.92,24.75,12.56,1072.92,132.93,54.6,38.94,372.19,136.49,305.21,203.47,101.9,0.9825
soriculus_nigrescens,12.23,9.88,34.99,5131.8,27.76,-0.47,28.23,15.06,9.41,22.11,2.35,477.95,66.82,18.24,54.21,187.09,45.59,139.61,93.07,13.3,0.7435
spalacopus_cyanus,9.96,10.36,33.51,5698.8,26.96,-3.95,30.91,13.05,6.87,20.78,-0.86,462.91,66.54,16.2,57.99,186.31,40.51,136.09,90.73,96.4,0.6885
spalax_ehrenbergi,8.3,10.75,33.21,6008.4,26.11,-6.27,32.37,11.54,5.06,19.63,-3.03,467.27,68.17,15.55,60.06,190.88,38.88,137.86,91.91,206.3,0.6523
spalax_leucodon,3.73,11.47,28.05,7808.4,26.21,-14.67,40.87,7.81,-0.36,18.03,-10.58,780.77,123.67,18.18,72.06,346.27,45.45,235.03,156.69,64.0,0.6817
spalax_microphthalmus,0.03,12.22,26.79,8809.2,25.11,-20.49,45.6,4.59,-4.53,15.99,-15.93,873.58,144.44,15.49,78.73,404.43,38.71,265.89,177.26,161.9,0.6201
speothos_venaticus,21.52,8.49,83.04,1317.6,27.14,16.92,10.22,22.54,20.5,25.09,17.94,1719.14,194.81,102.03,28.78,545.46,255.06,480.31,320.21,378.0,0.9783
spermophilus_adocetus,16.9,9.12,45.9,3362.4,27.83,7.95,19.88,18.88,14.91,23.85,9.94,852.29,108.68,40.9,42.42,304.31,102.25,243.93,162.62,127.6,0.9507
spermophilus_annulatus,16.16,9.27,44.34,3578.4,27.66,6.76,20.9,18.25,14.07,23.48,8.85,772.24,99.63,36.13,43.86,278.97,90.33,221.58,147.72,138.8,0.9269
spermophilus_armatus,4.55,11.31,28.46,7563.6,26.4,-13.32,39.72,8.53,0.58,18.45,-9.35,739.78,115.92,18.23,70.42,324.57,45.58,222.09,148.06,51.6,0.6895
spermophilus_atricapillus,12.35,9.99,37.75,4755.6,26.9,0.44,26.46,14.99,9.7,21.61,3.09,487.76,66.92,19.63,51.7,187.37,49.08,141.87,94.58,172.7,0.7515
spermophilus_beecheyi,5.89,11.15,30.49,6897.6,26.01,-10.56,36.57,9.55,2.24,18.69,-6.91,600.07,91.25,17.01,65.98,255.5,42.52,178.82,119.21,158.5,0.666
spermophilus_beldingi,4.51,11.37,29.08,7432.2,26.01,-13.08,39.1,8.42,0.6,18.2,-9.17,705.31,109.87,17.9,69.55,307.64,44.75,211.43,140.96,119.9,0.6765
spermophilus_brunneus,2.93,11.63,27.79,8015.4,25.95,-15.9,41.85,7.12,-1.25,17.58,-11.71,809.76,129.42,17.93,73.44,362.38,44.81,244.32,162.88,88.4,0.6702
spermophilus_citellus,2.81,11.6,27.17,8193.6,26.29,-16.4,42.69,7.08,-1.46,17.75,-12.13,843.97,135.94,17.85,74.62,380.62,44.62,255.14,170.1,23.7,0.6754
spermophilus_columbianus,0.52,12.05,26.33,8847.0,25.7,-20.08,45.78,5.1,-4.05,16.55,-15.5,888.72,147.18,15.57,78.98,412.09,38.92,270.61,180.41,68.2,0.6331
spermophilus_elegans,3.57,11.47,27.73,7912.8,26.32,-15.04,41.37,7.71,-0.56,18.05,-10.91,801.58,127.54,18.2,72.75,357.12,45.5,241.58,161.05,38.4,0.6835
spermophilus_franklinii,2.5,11.64,26.8,8346.6,26.37,-17.04,43.41,6.84,-1.84,17.69,-12.7,865.39,140.3,17.56,75.64,392.85,43.91,262.06,174.71,0.0,0.6727
spermophilus_fulvus,4.28,11.41,28.96,7500.6,25.96,-13.46,39.42,8.22,0.34,18.08,-9.52,717.45,112.1,17.93,70.0,313.89,44.83,215.24,143.49,123.5,0.6752
spermophilus_lateralis,3.1,11.58,27.68,8011.8,26.1,-15.73,41.83,7.28,-1.09,17.74,-11.55,812.71,129.87,18.01,73.41,363.65,45.02,245.2,163.47,65.2,0.675
spermophilus_madrensis,12.29,9.95,36.73,4890.6,27.19,0.1,27.09,15.0,9.58,21.77,2.81,480.82,66.42,18.99,52.6,185.96,47.48,140.06,93.38,117.9,0.7463
spermophilus_mexicanus,13.01,9.79,37.02,4750.2,27.54,1.11,26.43,15.65,10.36,22.26,3.76,503.31,69.03,20.27,51.67,193.29,50.68,146.38,97.59,73.6,0.7718
spermophilus_mohavensis,7.54,10.85,31.91,6354.0,26.25,-7.76,34.0,10.94,4.14,19.44,-4.36,513.18,76.1,16.1,62.36,213.08,40.24,151.99,101.33,160.4,0.6609
spermophilus_mollis,4.23,11.42,28.87,7529.4,25.98,-13.57,39.56,8.18,0.27,18.07,-9.62,723.61,113.21,17.97,70.2,316.99,44.93,217.15,144.77,117.7,0.6761
spermophilus_parryii,-6.86,13.34,23.05,11410.2,24.97,-32.91,57.88,-1.08,-12.65,13.39,-27.12,542.99,99.59,4.52,96.07,278.84,11.31,174.09,116.06,0.0,0.3942
spermophilus_perotensis,16.72,9.13,44.68,3481.2,27.96,7.52,20.44,18.76,14.68,23.87,9.57,812.58,104.29,38.46,43.21,292.0,96.14,232.89,155.26,98.8,0.9408
spermophilus_pygmaeus,0.56,12.12,27.08,8634.6,25.18,-19.59,44.77,5.03,-3.92,16.23,-15.11,865.23,142.01,16.18,77.56,397.63,40.44,262.84,175.23,163.0,0.6294
spermophilus_relictus,4.96,11.19,28.25,7540.2,26.74,-12.86,39.61,8.92,1.0,18.82,-8.9,743.25,116.34,18.42,70.27,325.75,46.04,223.07,148.72,0.0,0.7009
spermophilus_richardsonii,0.84,11.94,25.96,8890.2,26.13,-19.86,45.98,5.43,-3.76,16.93,-15.26,899.89,149.3,15.55,79.27,418.03,38.87,274.14,182.76,0.0,0.6419
spermophilus_spilosoma,9.78,10.36,32.83,5835.6,27.14,-4.42,31.56,12.94,6.63,20.83,-1.26,475.84,68.85,16.3,58.9,192.78,40.74,140.11,93.41,59.7,0.6923
spermophilus_suslicus,-0.66,12.32,26.26,9088.2,25.15,-21.77,46.92,4.04,-5.35,15.76,-17.08,879.53,147.13,14.23,80.59,411.96,35.57,268.52,179.01,136.4,0.6076
spermophilus_tereticaudus,9.44,10.49,33.59,5767.2,26.62,-4.61,31.23,12.57,6.32,20.37,-1.49,459.11,66.21,15.9,58.45,185.39,39.74,135.08,90.05,144.1,0.6744
spermophilus_townsendii,1.8,11.85,27.33,8337.6,25.65,-17.72,43.37,6.14,-2.54,16.98,-13.38,847.72,137.39,17.25,75.58,384.68,43.12,256.68,171.12,111.4,0.6528
spermophilus_tridecemlineatus,5.39,11.11,28.53,7399.8,26.81,-12.14,38.94,9.28,1.5,19.02,-8.24,717.24,111.57,18.33,69.33,312.4,45.83,214.93,143.29,0.0,0.7029
spermophilus_undulatus,-1.42,12.35,24.96,9628.2,25.79,-23.68,49.47,3.53,-6.37,15.89,-18.73,866.01,148.11,11.41,84.19,414.72,28.53,265.95,177.3,0.0,0.5906
spermophilus_variegatus,10.88,10.19,34.56,5398.2,27.1,-2.39,29.49,13.83,7.93,21.2,0.56,457.35,64.79,16.77,55.99,181.4,41.94,134.0,89.33,96.2,0.7049
spermophilus_washingtoni,1.79,11.85,27.27,8355.6,25.69,-17.76,43.46,6.14,-2.55,17.0,-13.42,850.71,137.98,17.22,75.7,386.34,43.06,257.64,171.76,104.2,0.6533
sphaerias_blanfordi,13.85,9.6,37.67,4550.4,27.87,2.38,25.49,16.4,11.3,22.77,4.93,537.81,73.02,22.26,50.34,204.45,55.65,156.05,104.04,37.3,0.8039
sphaeronycteris_toxophyllum,24.76,7.84,88.69,412.2,29.62,20.78,8.84,25.64,23.88,27.85,21.67,1975.44,211.43,127.17,22.75,592.0,317.93,545.96,363.97,304.6,0.9264
sphiggurus_insidiosus,16.98,9.33,54.85,2755.8,26.33,9.32,17.01,18.68,15.28,22.93,11.02,1066.17,131.46,54.75,38.37,368.1,136.89,302.99,201.99,400.4,0.9809
sphiggurus_melanurus,23.17,8.21,89.14,714.6,28.24,19.03,9.21,24.09,22.25,26.4,19.95,1903.54,207.73,119.35,24.76,581.65,298.36,528.01,352.01,407.0,0.9554
sphiggurus_mexicanus,18.9,8.74,51.37,2755.8,28.26,11.24,17.01,20.6,17.2,24.86,12.95,1110.57,136.94,57.04,38.37,383.43,142.59,315.61,210.41,104.4,0.9847
sphiggurus_spinosus,13.36,9.94,42.8,4069.8,26.14,2.92,23.22,15.69,11.04,21.49,5.24,593.97,78.66,26.17,47.13,220.25,65.42,171.4,114.27,338.4,0.8265
sphiggurus_vestitus,23.96,7.91,88.78,860.4,28.86,19.95,8.91,24.85,23.07,27.08,20.84,1894.92,208.71,117.27,25.74,584.39,293.18,526.54,351.03,217.3,0.9417
spilocuscus_maculatus,22.16,8.41,89.38,993.6,27.34,17.92,9.41,23.1,21.22,25.46,18.87,1823.85,202.57,111.52,26.62,567.19,278.81,507.6,338.4,431.2,0.9704
spilocuscus_rufoniger,22.78,8.3,89.24,804.6,27.9,18.6,9.3,23.71,21.86,26.04,19.53,1878.8,206.21,116.85,25.36,577.38,292.14,521.71,347.81,424.1,0.9616
spilogale_putorius,7.57,10.71,30.12,6685.2,27.14,-8.43,35.57,11.13,4.02,20.02,-4.88,587.16,88.42,17.34,64.57,247.58,43.34,174.55,116.37,0.0,0.7018
spilogale_pygmaea,16.52,9.18,44.64,3508.2,27.84,7.27,20.57,18.58,14.47,23.72,9.33,800.23,102.85,37.75,43.39,287.99,94.38,229.42,152.95,116.4,0.9367
steatomys_krebsii,13.98,9.71,41.06,4161.6,26.99,3.34,23.65,16.35,11.62,22.26,5.71,591.97,78.77,25.78,47.74,220.56,64.45,171.0,114.0,199.9,0.8343
steatomys_parvus,19.78,8.74,64.02,2044.8,27.29,13.64,13.66,21.15,18.42,24.56,15.0,1414.02,167.37,78.2,33.63,468.64,195.51,398.49,265.66,303.1,0.9914
stenocephalemys_albocaudata,20.79,8.66,79.6,1456.2,26.77,15.9,10.88,21.88,19.7,24.6,16.98,1657.35,189.4,97.08,29.71,530.32,242.7,463.82,309.21,424.6,0.9857
stenocephalemys_griseicauda,19.87,8.82,71.28,1773.0,26.67,14.3,12.37,21.11,18.63,24.2,15.54,1522.11,177.29,86.48,31.82,496.42,216.2,427.58,285.05,417.3,0.9921
stenocephalemys_ruppi,21.93,8.45,89.42,1089.0,27.13,17.68,9.45,22.88,20.99,25.24,18.62,1794.58,200.51,108.78,27.26,561.42,271.95,500.02,333.35,421.8,0.9734
stenoderma_rufum,16.34,9.33,47.87,3279.6,27.05,7.57,19.49,18.28,14.39,23.16,9.51,865.47,109.86,41.93,41.86,307.62,104.82,247.47,164.98,252.9,0.9508
stochomys_longicaudatus,26.08,7.57,88.33,63.0,30.79,22.22,8.57,26.94,25.22,29.08,23.08,2009.46,210.2,133.26,20.42,588.55,333.15,553.02,368.68,265.8,0.8984
sturnira_aratathomasi,24.75,7.78,88.61,567.0,29.58,20.79,8.78,25.63,23.87,27.82,21.67,1960.66,211.96,124.53,23.78,593.48,311.34,542.89,361.93,233.9,0.9266
sturnira_bidens,25.43,7.65,88.45,351.0,30.19,21.54,8.65,26.3,24.57,28.46,22.41,1994.58,212.63,129.08,22.34,595.36,322.71,550.84,367.23,229.6,0.9126
sturnira_bogotensis,26.04,7.54,88.28,171.0,30.74,22.2,8.54,26.9,25.19,29.03,23.06,2011.93,211.97,132.22,21.14,593.5,330.54,554.43,369.62,220.5,0.8993
sturnira_erythromos,22.0,8.3,77.71,1414.8,27.88,17.2,10.68,23.07,20.94,25.74,18.27,1699.16,193.69,99.92,29.43,542.33,249.81,475.28,316.86,257.3,0.9722
sturnira_lilium,25.05,7.74,88.56,444.6,29.85,21.11,8.74,25.92,24.17,28.1,21.99,1979.64,212.33,127.09,22.96,594.51,317.72,547.34,364.89,245.4,0.9206
sturnira_ludovici,21.43,8.32,65.97,1823.4,28.37,15.76,12.61,22.69,20.17,25.85,17.02,1538.95,179.79,87.01,32.16,503.42,217.52,432.56,288.38,153.1,0.9783
sturnira_mordax,21.78,8.25,68.05,1720.8,28.45,16.32,12.13,22.99,20.57,26.02,17.54,1585.85,184.14,90.56,31.47,515.6,226.41,445.21,296.8,147.9,0.9745
sturnira_oporaphilum,17.31,9.13,50.15,3009.6,27.32,9.11,18.21,19.13,15.48,23.68,10.93,979.69,122.53,48.93,40.06,343.07,122.33,279.24,186.16,230.5,0.9731
sturnira_tildae,21.21,8.55,80.85,1393.2,27.03,16.45,10.58,22.27,20.15,24.91,17.51,1687.9,192.15,99.46,29.29,538.03,248.66,472.01,314.67,389.8,0.9816
styloctenium_wallacei,24.78,7.91,88.77,216.0,29.68,20.77,8.91,25.67,23.89,27.9,21.67,1983.02,209.54,129.82,21.44,586.71,324.55,546.76,364.5,393.4,0.9261
stylodipus_telum,2.24,11.73,27.14,8307.0,26.01,-17.21,43.23,6.56,-2.08,17.37,-12.89,852.33,137.95,17.49,75.38,386.27,43.72,257.99,171.99,58.3,0.6639
suncus_etruscus,10.45,10.45,37.35,5076.0,25.84,-2.13,27.97,13.25,7.66,20.24,0.66,436.26,60.82,16.78,53.84,170.3,41.95,127.35,84.9,313.4,0.6828
suncus_infinitesimus,19.02,8.89,60.27,2275.2,27.13,12.39,14.74,20.5,17.55,24.18,13.86,1303.9,156.42,70.45,35.17,437.99,176.11,368.46,245.64,311.4,0.9928
suncus_madagascariensis,15.19,9.64,48.31,3378.6,26.17,6.21,19.95,17.19,13.2,22.18,8.21,808.0,103.12,38.7,42.52,288.75,96.75,231.3,154.2,382.0,0.9289
suncus_malayanus,24.36,7.82,88.66,775.8,29.21,20.39,8.82,25.24,23.48,27.45,21.27,1920.44,210.39,119.75,25.17,589.1,299.38,533.09,355.39,195.5,0.9342
suncus_megalura,24.23,7.86,88.71,784.8,29.11,20.25,8.86,25.12,23.35,27.33,21.13,1915.93,210.02,119.38,25.23,588.05,298.44,531.89,354.6,210.4,0.9367
suncus_murinus,17.32,9.05,47.04,3225.6,27.89,8.66,19.23,19.24,15.39,24.05,10.59,905.7,114.63,44.15,41.5,320.97,110.37,258.8,172.54,127.3,0.9623
suncus_remyi,25.6,7.62,88.4,313.2,30.34,21.72,8.62,26.46,24.73,28.61,22.58,1999.91,212.67,129.85,22.09,595.49,324.62,552.06,368.04,222.5,0.909
suncus_varilla,19.81,8.72,63.42,2066.4,27.38,13.62,13.76,21.19,18.44,24.63,15.0,1406.07,166.64,77.6,33.78,466.6,193.99,396.35,264.24,288.4,0.9911
sundamys_infraluteus,26.25,7.52,88.26,52.2,30.93,22.41,8.52,27.1,25.4,29.23,23.27,2012.77,210.39,133.6,20.35,589.1,334.0,553.86,369.24,245.2,0.8946
sundamys_muelleri,24.59,7.83,88.67,574.2,29.44,20.61,8.83,25.47,23.7,27.68,21.5,1956.12,211.56,124.17,23.83,592.38,310.42,541.68,361.12,255.1,0.9298
sundasciurus_brookei,24.53,7.89,88.75,468.0,29.42,20.53,8.89,25.42,23.64,27.64,21.42,1965.72,211.15,125.94,23.12,591.22,314.84,543.64,362.43,314.3,0.931
sundasciurus_hippurus,25.96,7.57,88.33,144.0,30.68,22.1,8.57,26.82,25.11,28.96,22.96,2009.59,211.34,132.36,20.96,591.76,330.91,553.6,369.07,245.8,0.9011
sundasciurus_lowii,25.99,7.57,88.33,135.0,30.7,22.13,8.57,26.85,25.13,28.99,22.99,2010.02,211.26,132.49,20.9,591.53,331.23,553.66,369.11,245.8,0.9004
sundasciurus_samarensis,19.26,8.91,65.52,2032.2,26.74,13.14,13.6,20.62,17.9,24.02,14.5,1406.96,166.41,77.91,33.55,465.96,194.78,396.45,264.3,389.5,0.994
sundasciurus_tenuis,25.95,7.57,88.33,160.2,30.66,22.09,8.57,26.8,25.09,28.95,22.95,2009.54,211.56,132.18,21.07,592.37,330.45,553.7,369.13,240.6,0.9013
surdisorex_norae,24.97,7.9,88.76,88.2,29.86,20.96,8.9,25.86,24.08,28.08,21.85,1984.88,207.97,131.35,20.59,582.33,328.38,546.42,364.28,425.4,0.9222
surdisorex_polulus,25.12,7.87,88.73,50.0,30.0,21.12,8.87,26.01,24.23,28.22,22.01,1985.51,207.25,132.03,20.2,580.29,330.07,546.22,364.14,428.9,0.9191
suricata_suricatta,13.22,9.83,39.25,4458.6,27.0,1.95,25.05,15.73,10.71,21.99,4.45,532.64,71.97,22.32,49.72,201.53,55.79,154.39,102.93,177.9,0.7919
sus_barbatus,26.05,7.56,88.32,97.2,30.76,22.2,8.56,26.91,25.2,29.05,23.05,2010.28,210.76,132.93,20.65,590.13,332.33,553.48,368.99,254.1,0.8991
sus_cebifrons,19.6,8.84,66.95,1947.6,26.86,13.66,13.2,20.92,18.28,24.22,14.98,1448.36,170.46,80.89,32.98,477.29,202.21,407.7,271.8,376.6,0.9929
sus_celebensis,24.15,8.02,88.91,426.6,29.11,20.09,9.02,25.05,23.25,27.31,21.0,1960.39,210.01,126.05,22.84,588.04,315.12,541.89,361.26,391.4,0.9383
sus_philippensis,18.92,8.96,62.69,2178.0,26.78,12.5,14.29,20.35,17.49,23.92,13.92,1340.78,159.94,73.16,34.52,447.84,182.91,378.45,252.3,372.6,0.994
sus_salvanius,13.15,9.72,36.42,4806.0,27.83,1.13,26.7,15.82,10.48,22.49,3.8,503.71,69.28,20.13,52.04,193.99,50.33,146.59,97.73,26.0,0.7742
sus_scrofa,12.5,10.0,38.81,4608.0,26.67,0.91,25.76,15.08,9.93,21.52,3.49,501.51,68.29,20.6,50.72,191.21,51.49,145.62,97.08,218.2,0.7623
sus_verrucosus,22.28,8.26,81.26,1305.0,27.87,17.71,10.16,23.3,21.26,25.84,18.72,1740.65,197.09,103.42,28.7,551.86,258.56,486.25,324.17,266.6,0.9686
syconycteris_australis,16.38,9.43,52.19,2979.0,26.32,8.25,18.07,18.18,14.57,22.7,10.05,969.27,121.02,48.58,39.86,338.85,121.44,276.17,184.12,387.6,0.968
syconycteris_carolinae,24.83,7.93,88.8,117.0,29.74,20.81,8.93,25.72,23.94,27.96,21.7,1982.75,208.15,130.89,20.78,582.81,327.24,546.03,364.02,432.8,0.925
syconycteris_hobbit,22.08,8.42,89.39,1040.4,27.26,17.84,9.42,23.02,21.13,25.37,18.78,1810.44,201.67,110.23,26.94,564.67,275.58,504.15,336.1,422.1,0.9715
sylvicapra_grimmia,21.62,8.33,70.34,1659.6,28.13,16.29,11.84,22.8,20.43,25.76,17.47,1604.73,185.65,92.19,31.06,519.83,230.47,450.18,300.12,201.9,0.9766
sylvilagus_aquaticus,9.77,10.31,32.06,5965.2,27.47,-4.7,32.17,12.99,6.56,21.03,-1.49,494.45,71.99,16.58,59.77,201.57,41.44,145.8,97.2,0.0,0.7032
sylvilagus_audubonii,8.89,10.55,32.44,6042.6,26.79,-5.75,32.53,12.15,5.64,20.28,-2.49,486.56,71.1,16.1,60.28,199.08,40.26,143.6,95.74,98.8,0.6781
sylvilagus_bachmani,7.97,10.77,32.31,6213.6,26.31,-7.04,33.34,11.3,4.63,19.64,-3.7,495.43,72.99,15.93,61.42,204.36,39.82,146.51,97.67,160.9,0.6611
sylvilagus_brasiliensis,24.22,7.93,88.81,594.0,29.14,20.2,8.93,25.12,23.33,27.35,21.1,1945.27,210.66,123.27,23.96,589.84,308.16,538.8,359.2,301.8,0.9369
sylvilagus_cunicularius,16.32,9.22,44.26,3565.8,27.78,6.94,20.84,18.4,14.24,23.61,9.03,779.33,100.48,36.52,43.77,281.34,91.29,223.58,149.05,120.6,0.9299
sylvilagus_floridanus,12.4,9.85,35.25,5070.6,27.77,-0.18,27.94,15.19,9.6,22.18,2.62,481.14,67.06,18.52,53.8,187.77,46.31,140.45,93.63,16.6,0.7484
sylvilagus_graysoni,15.16,9.46,42.41,3875.4,27.43,5.13,22.3,17.39,12.93,22.97,7.36,675.25,88.51,30.48,45.84,247.83,76.2,194.42,129.61,152.9,0.8854
sylvilagus_insonus,17.62,8.99,47.89,3128.4,27.95,9.17,18.77,19.5,15.75,24.19,11.05,945.42,119.02,46.6,40.86,333.26,116.49,269.85,179.9,126.0,0.9691
sylvilagus_nuttallii,4.38,11.35,28.47,7592.4,26.3,-13.55,39.85,8.37,0.4,18.33,-9.57,743.09,116.59,18.2,70.62,326.44,45.49,223.16,148.77,64.3,0.6863
sylvilagus_palustris,10.8,10.14,33.35,5592.6,27.52,-2.89,30.41,13.84,7.75,21.44,0.15,471.0,67.36,16.77,57.28,188.6,41.92,138.31,92.2,17.8,0.7115
sylvilagus_transitionalis,4.32,11.32,27.99,7716.6,26.56,-13.88,40.44,8.36,0.28,18.47,-9.83,772.39,121.85,18.38,71.44,341.17,45.95,232.27,154.85,15.7,0.6938
sylvisorex_johnstoni,25.93,7.6,88.37,108.0,30.66,22.06,8.6,26.79,25.07,28.94,22.92,2007.87,210.66,132.65,20.72,589.85,331.63,552.89,368.59,267.6,0.9018
sylvisorex_lunaris,24.61,7.92,88.79,320.4,29.52,20.6,8.92,25.51,23.72,27.73,21.49,1976.94,210.33,128.28,22.14,588.92,320.69,545.77,363.85,370.4,0.9294
sylvisorex_ollula,25.83,7.56,88.32,273.6,30.54,21.98,8.56,26.69,24.98,28.83,22.84,2006.55,212.83,130.72,21.82,595.92,326.8,553.63,369.09,204.6,0.904
sylvisorex_vulcanorum,24.52,7.93,88.81,356.4,29.43,20.5,8.93,25.41,23.63,27.65,21.39,1973.18,210.42,127.64,22.38,589.19,319.1,544.97,363.31,367.9,0.9312
symphalangus_syndactylus,26.69,7.39,88.09,50.0,31.3,22.91,8.39,27.53,25.85,29.63,23.75,2021.4,210.92,134.48,20.17,590.57,336.19,556.05,370.7,190.0,0.8845
synaptomys_borealis,-2.71,12.58,24.45,10049.4,25.59,-25.86,51.46,2.44,-7.85,15.3,-20.72,808.99,140.73,8.77,87.0,394.03,21.92,249.57,166.38,0.0,0.5555
synaptomys_cooperi,4.36,11.3,27.87,7738.2,26.65,-13.89,40.54,8.41,0.3,18.55,-9.83,778.47,122.92,18.43,71.59,344.19,46.08,234.16,156.11,0.0,0.6966
syncerus_caffer,21.8,8.3,72.16,1587.6,28.13,16.63,11.5,22.95,20.65,25.83,17.78,1635.11,188.35,94.59,30.58,527.38,236.46,458.31,305.54,206.9,0.9745
tachyglossus_aculeatus,13.43,9.94,43.38,4006.8,26.04,3.11,22.92,15.72,11.14,21.45,5.41,607.55,80.19,26.98,46.71,224.54,67.45,175.19,116.79,358.2,0.8342
tachyoryctes_macrocephalus,21.33,8.56,85.7,1269.0,26.83,16.84,9.99,22.33,20.33,24.83,17.84,1729.81,195.43,103.13,28.46,547.21,257.81,483.01,322.01,429.2,0.9805
tachyoryctes_splendens,20.03,8.8,72.84,1710.0,26.67,14.59,12.07,21.23,18.82,24.25,15.8,1549.39,179.79,88.57,31.4,503.42,221.43,434.91,289.94,423.0,0.9913
tadarida_aegyptiaca,24.52,7.99,88.88,201.6,29.46,20.47,8.99,25.42,23.62,27.66,21.37,1976.9,208.69,129.58,21.34,584.34,323.95,544.98,363.32,441.1,0.9312
tadarida_australis,10.0,10.52,36.6,5241.6,25.81,-2.94,28.75,12.87,7.12,20.06,-0.07,429.14,60.32,16.11,54.94,168.91,40.28,125.51,83.67,306.0,0.6685
tadarida_brasiliensis,26.17,7.48,88.21,221.4,30.83,22.35,8.48,27.02,25.32,29.14,23.2,2014.98,212.99,131.85,21.48,596.38,329.63,555.61,370.4,177.7,0.8964
tadarida_fulminans,19.19,8.93,65.67,2032.2,26.67,13.07,13.6,20.55,17.83,23.95,14.43,1405.43,166.23,77.83,33.55,465.45,194.57,396.01,264.01,399.7,0.9943
tadarida_kuboriensis,21.61,8.5,87.52,1209.6,26.96,17.24,9.71,22.59,20.64,25.01,18.21,1753.9,197.43,105.14,28.06,552.8,262.85,489.39,326.26,413.9,0.9773
tadarida_teniotis,6.86,11.05,32.43,6372.0,25.61,-8.48,34.09,10.27,3.45,18.79,-5.07,501.13,74.38,15.67,62.48,208.25,39.17,148.45,98.97,256.9,0.6369
talpa_caeca,4.41,11.3,28.03,7689.6,26.59,-13.73,40.31,8.45,0.38,18.52,-9.69,767.97,121.01,18.39,71.26,338.82,45.98,230.88,153.92,13.8,0.6948
talpa_europaea,-1.88,12.54,25.64,9507.6,25.01,-23.88,48.9,3.01,-6.77,15.23,-18.99,858.63,146.13,11.89,83.38,409.17,29.72,263.33,175.56,127.5,0.5809
talpa_occidentalis,6.05,10.99,28.99,7182.0,26.91,-11.01,37.91,9.85,2.26,19.33,-7.22,676.28,104.18,18.1,67.88,291.69,45.25,202.17,134.78,0.0,0.7041
talpa_romana,5.66,11.06,28.72,7309.8,26.85,-11.67,38.52,9.52,1.81,19.15,-7.82,700.35,108.5,18.25,68.73,303.81,45.62,209.66,139.77,0.0,0.7036
talpa_stankovici,5.19,11.19,28.9,7353.0,26.48,-12.24,38.72,9.06,1.31,18.74,-8.37,700.47,108.73,18.08,69.02,304.46,45.21,209.8,139.87,53.3,0.6918
tamandua_mexicana,22.31,8.15,71.45,1567.8,28.58,17.18,11.4,23.45,21.17,26.3,18.32,1653.79,190.28,95.85,30.45,532.77,239.62,463.43,308.96,138.6,0.9678
tamandua_tetradactyla,19.97,8.77,69.9,1810.8,26.87,14.32,12.55,21.23,18.72,24.36,15.58,1510.06,176.29,85.48,32.07,493.6,213.7,424.38,282.92,383.9,0.9914
tamias_alpinus,6.63,11.02,31.11,6651.0,26.11,-9.3,35.41,10.17,3.09,19.03,-5.76,557.45,83.81,16.57,64.34,234.68,41.41,165.66,110.44,160.7,0.6628
tamias_amoenus,2.54,11.71,27.69,8112.6,25.81,-16.5,42.31,6.77,-1.69,17.35,-12.27,821.3,131.82,17.74,74.08,369.1,44.34,248.07,165.38,103.7,0.6638
tamias_bulleri,14.47,9.56,40.28,4177.8,27.52,3.79,23.73,16.84,12.09,22.77,6.16,600.37,79.96,26.09,47.85,223.88,65.23,173.46,115.64,118.2,0.8445
tamias_canipes,9.67,10.38,32.68,5878.8,27.14,-4.62,31.76,12.85,6.49,20.79,-1.45,479.25,69.49,16.3,59.19,194.56,40.74,141.19,94.12,56.5,0.6918
tamias_cinereicollis,8.92,10.54,32.35,6053.4,26.84,-5.74,32.59,12.18,5.66,20.33,-2.48,489.01,71.49,16.16,60.36,200.19,40.39,144.34,96.23,89.3,0.6803
tamias_dorsalis,8.67,10.6,32.32,6098.4,26.71,-6.08,32.8,11.95,5.39,20.15,-2.8,490.93,71.93,16.1,60.66,201.4,40.24,144.99,96.66,106.3,0.6754
tamias_durangae,13.7,9.68,38.63,4462.2,27.49,2.41,25.07,16.2,11.19,22.47,4.92,543.23,73.42,22.75,49.75,205.57,56.87,157.47,104.98,102.9,0.8048
tamias_merriami,7.31,10.9,31.88,6397.2,26.13,-8.08,34.21,10.73,3.89,19.29,-4.66,516.81,76.79,16.09,62.65,215.02,40.22,153.14,102.1,175.5,0.6572
tamias_minimus,0.24,12.05,25.69,9084.6,26.04,-20.86,46.9,4.93,-4.45,16.66,-16.17,900.06,150.54,14.58,80.56,421.51,36.44,274.77,183.18,0.0,0.6293
tamias_obscurus,9.9,10.43,34.46,5562.0,26.55,-3.72,30.26,12.93,6.88,20.5,-0.69,447.53,63.9,16.01,57.08,178.93,40.02,131.37,87.58,169.5,0.6777
tamias_ochrogenys,5.16,11.3,30.18,7084.8,25.76,-11.7,37.46,8.9,1.41,18.27,-7.95,630.49,96.7,17.22,67.23,270.75,43.04,188.27,125.52,184.0,0.662
tamias_palmeri,7.14,10.9,31.26,6539.4,26.32,-8.56,34.88,10.62,3.65,19.34,-5.07,543.56,81.31,16.49,63.6,227.66,41.22,161.33,107.55,135.6,0.668
tamias_panamintinus,6.72,10.99,31.04,6651.0,26.2,-9.21,35.41,10.26,3.18,19.11,-5.67,559.48,84.12,16.63,64.34,235.54,41.56,166.26,110.84,147.1,0.6661
tamias_quadrimaculatus,5.6,11.2,30.28,6987.6,25.95,-11.05,37.0,9.3,1.9,18.55,-7.35,616.01,94.06,17.15,66.58,263.37,42.88,183.75,122.5,160.9,0.6664
tamias_quadrivittatus,6.87,10.87,29.89,6850.8,26.86,-9.49,36.35,10.5,3.23,19.59,-5.85,610.97,92.71,17.48,65.67,259.59,43.69,181.97,121.31,30.3,0.6961
tamias_ruficaudus,1.37,11.89,26.67,8591.4,25.89,-18.68,44.57,5.83,-3.08,16.97,-14.23,878.2,143.88,16.63,77.28,402.85,41.58,266.66,177.77,57.8,0.6495
tamias_rufus,6.5,10.95,29.81,6931.8,26.7,-10.03,36.73,10.17,2.83,19.36,-6.36,622.63,94.83,17.53,66.21,265.52,43.83,185.61,123.74,49.1,0.6923
tamias_senex,4.36,11.43,29.33,7403.4,25.79,-13.17,38.96,8.26,0.47,18.0,-9.27,694.49,108.05,17.73,69.36,302.53,44.34,208.12,138.75,156.2,0.6688
tamias_sibiricus,0.41,12.02,25.76,9030.6,26.06,-20.58,46.64,5.07,-4.26,16.73,-15.92,900.68,150.3,14.86,80.2,420.85,37.15,274.8,183.2,0.0,0.633
tamias_siskiyou,3.43,11.6,28.71,7705.8,25.64,-14.75,40.39,7.47,-0.61,17.57,-10.71,749.2,118.13,17.87,71.37,330.77,44.68,225.27,150.18,157.8,0.665
tamias_sonomae,4.96,11.33,29.92,7173.0,25.79,-12.09,37.87,8.74,1.17,18.21,-8.3,648.62,99.87,17.39,67.82,279.65,43.48,193.88,129.25,173.2,0.6651
tamias_speciosus,6.53,11.04,31.04,6681.6,26.08,-9.47,35.55,10.08,2.97,18.97,-5.92,562.19,84.65,16.61,64.54,237.01,41.53,167.12,111.41,162.5,0.6628
tamias_townsendii,1.9,11.86,27.59,8253.0,25.54,-17.43,42.97,6.2,-2.39,16.94,-13.14,834.54,134.76,17.37,75.02,377.33,43.43,252.46,168.3,135.3,0.6522
tamias_umbrinus,5.17,11.2,29.01,7333.2,26.42,-12.21,38.63,9.03,1.31,18.69,-8.35,694.97,107.78,18.02,68.89,301.79,45.05,208.1,138.74,65.2,0.6892
tamiasciurus_douglasii,2.88,11.69,28.29,7902.0,25.6,-15.71,41.31,7.01,-1.25,17.34,-11.58,783.13,124.55,17.83,72.68,348.74,44.57,235.99,157.33,150.0,0.6619
tamiasciurus_hudsonicus,0.39,12.03,25.85,9007.2,25.98,-20.55,46.53,5.04,-4.26,16.68,-15.9,898.79,149.84,14.94,80.05,419.56,37.36,274.15,182.77,13.3,0.6322
tamiops_maritimus,15.27,9.49,44.02,3717.0,27.13,5.57,21.55,17.43,13.12,22.81,7.73,715.21,92.96,32.91,44.78,260.29,82.28,205.54,137.03,210.9,0.9015
tamiops_mcclellandii,18.57,8.81,50.67,2835.0,28.13,10.75,17.39,20.31,16.83,24.66,12.49,1072.93,132.89,54.63,38.9,372.08,136.57,305.19,203.46,117.9,0.9827
taphozous_georgianus,15.39,9.61,48.91,3312.0,26.19,6.55,19.64,17.35,13.43,22.26,8.52,833.3,105.97,40.22,42.08,296.71,100.55,238.36,158.9,383.1,0.9369
taphozous_hildegardeae,22.58,8.34,89.29,853.2,27.71,18.37,9.34,23.51,21.64,25.85,19.31,1864.51,205.27,115.46,25.69,574.75,288.66,518.04,345.36,433.2,0.9645
taphozous_hilli,12.7,10.05,41.21,4316.4,26.11,1.72,24.38,15.13,10.26,21.23,4.16,538.39,72.22,22.98,48.78,202.22,57.45,155.8,103.87,325.4,0.7867
taphozous_kapalgensis,17.98,9.16,59.65,2404.8,26.42,11.07,15.36,19.51,16.44,23.35,12.6,1227.48,148.36,65.43,36.03,415.41,163.58,347.4,231.6,411.8,0.9921
taphozous_longimanus,21.7,8.27,67.78,1737.0,28.41,16.21,12.2,22.92,20.48,25.97,17.43,1577.88,183.4,89.97,31.58,513.51,224.91,443.05,295.37,153.0,0.9754
taphozous_mauritianus,21.12,8.47,70.45,1697.4,27.73,15.71,12.02,22.32,19.92,25.32,16.91,1579.25,183.12,90.39,31.32,512.74,225.98,443.23,295.49,261.0,0.982
taphozous_melanopogon,21.24,8.36,64.87,1881.0,28.32,15.44,12.88,22.53,19.95,25.75,16.73,1512.16,177.27,85.01,32.54,496.35,212.52,425.33,283.55,156.3,0.9802
taphozous_nudiventris,14.97,9.67,47.43,3472.2,26.19,5.79,20.4,17.01,12.93,22.11,7.83,774.8,99.39,36.71,43.15,278.29,91.77,222.04,148.02,372.3,0.9178
taphozous_perforatus,22.99,8.22,89.16,822.6,28.07,18.84,9.22,23.91,22.07,26.22,19.76,1880.14,206.59,116.75,25.48,578.45,291.88,522.19,348.13,383.7,0.9583
taphozous_theobaldi,22.23,8.18,72.21,1551.6,28.46,17.13,11.33,23.36,21.1,26.19,18.26,1657.66,190.53,96.22,30.34,533.5,240.55,464.43,309.62,158.5,0.969
tapirus_bairdii,21.87,8.23,68.14,1710.0,28.51,16.44,12.07,23.08,20.66,26.1,17.64,1591.95,184.73,91.01,31.4,517.25,227.52,446.86,297.91,139.2,0.9734
tapirus_indicus,23.8,7.92,88.8,954.0,28.71,19.79,8.92,24.69,22.91,26.93,20.68,1871.0,207.29,114.82,26.36,580.42,287.04,520.48,346.98,197.4,0.9446
tapirus_pinchaque,26.59,7.43,88.14,50.0,31.23,22.8,8.43,27.43,25.75,29.54,23.64,2017.73,210.23,134.48,20.02,588.65,336.19,554.9,369.93,215.2,0.8868
tapirus_terrestris,20.46,8.69,73.65,1650.6,26.94,15.15,11.79,21.63,19.28,24.58,16.33,1581.21,182.83,90.91,31.0,511.94,227.29,443.53,295.69,384.8,0.9882
tarsipes_rostratus,9.4,10.56,34.49,5634.0,26.23,-4.37,30.61,12.46,6.34,20.11,-1.31,442.93,63.47,15.66,57.56,177.71,39.16,130.12,86.75,213.2,0.6635
tarsius_bancanus,25.85,7.62,88.4,100.8,30.59,21.97,8.62,26.71,24.99,28.87,22.83,2005.74,210.34,132.59,20.67,588.94,331.48,552.25,368.17,283.5,0.9035
tarsius_dentatus,24.92,7.87,88.72,208.8,29.79,20.93,8.87,25.8,24.03,28.02,21.81,1986.14,209.77,130.11,21.39,587.36,325.26,547.57,365.05,376.1,0.9232
tarsius_pelengensis,24.62,7.94,88.82,252.0,29.54,20.6,8.94,25.52,23.73,27.75,21.49,1978.97,209.61,129.16,21.68,586.9,322.9,545.88,363.92,401.3,0.9292
tarsius_sangirensis,23.34,8.19,89.11,639.0,28.4,19.21,9.19,24.26,22.43,26.56,20.13,1919.0,208.41,121.12,24.26,583.55,302.8,531.81,354.54,415.8,0.9526
tarsius_syrichta,20.46,8.69,74.23,1632.6,26.9,15.19,11.71,21.63,19.29,24.56,16.36,1587.86,183.4,91.46,30.88,513.53,228.64,445.3,296.87,392.7,0.9883
tarsius_tarsier,24.37,7.98,88.86,354.6,29.31,20.33,8.98,25.27,23.47,27.51,21.23,1969.87,210.05,127.44,22.36,588.13,318.61,544.04,362.7,391.5,0.9341
tatera_indica,14.89,9.59,44.11,3756.6,26.85,5.11,21.74,17.07,12.72,22.5,7.28,696.65,90.74,31.9,45.04,254.08,79.76,200.3,133.54,250.7,0.891
taterillus_arenarius,18.17,8.88,49.26,2971.8,28.08,10.05,18.03,19.97,16.36,24.48,11.85,1013.11,126.44,50.81,39.81,354.03,127.04,288.64,192.43,116.1,0.9777
taterillus_emini,22.51,8.32,89.27,966.6,27.63,18.32,9.32,23.44,21.58,25.77,19.25,1838.24,203.82,112.68,26.44,570.7,281.7,511.44,340.96,390.4,0.9655
taterillus_gracilis,19.42,8.65,53.58,2572.2,28.3,12.15,16.15,21.03,17.8,25.07,13.77,1193.99,145.7,62.54,37.15,407.96,156.34,338.58,225.72,111.2,0.9872
taterillus_pygargus,18.53,8.87,52.58,2723.4,27.81,10.95,16.86,20.22,16.85,24.43,12.63,1114.51,137.17,57.44,38.16,384.08,143.6,316.61,211.07,176.3,0.9859
taurotragus_derbianus,22.14,8.2,71.61,1576.8,28.44,16.99,11.45,23.29,21.0,26.15,18.13,1646.71,189.56,95.36,30.51,530.78,238.39,461.5,307.67,160.2,0.9701
taurotragus_oryx,20.32,8.66,68.84,1818.0,27.24,14.66,12.58,21.58,19.06,24.73,15.92,1515.39,176.98,85.72,32.12,495.56,214.3,425.92,283.94,326.6,0.9889
taxidea_taxus,6.85,10.85,29.56,6921.0,27.03,-9.65,36.68,10.52,3.18,19.69,-5.99,628.05,95.61,17.72,66.14,267.7,44.3,187.2,124.8,0.0,0.7036
tayassu_pecari,22.79,8.21,89.14,1029.6,27.86,18.65,9.21,23.71,21.87,26.02,19.57,1829.68,203.67,111.51,26.86,570.29,278.78,509.44,339.63,316.9,0.9613
tenrec_ecaudatus,15.1,9.66,48.01,3412.8,26.16,6.04,20.12,17.11,13.09,22.14,8.06,795.36,101.7,37.94,42.75,284.76,94.86,227.77,151.85,380.7,0.9248
tetracerus_quadricornis,15.08,9.43,41.12,4010.4,27.7,4.76,22.94,17.37,12.79,23.11,7.05,644.93,85.14,28.63,46.74,238.4,71.57,185.98,123.99,102.6,0.8719
thallomys_nigricauda,14.76,9.56,42.43,3925.8,27.16,4.62,22.54,17.01,12.51,22.65,6.87,654.93,86.08,29.38,46.17,241.01,73.44,188.67,125.78,191.5,0.8729
thallomys_paedulcus,19.46,8.86,66.22,1987.2,26.82,13.44,13.38,20.8,18.12,24.14,14.78,1429.48,168.63,79.52,33.25,472.17,198.79,402.58,268.38,379.7,0.9934
thalpomys_cerradensis,17.42,9.25,56.54,2617.2,26.41,10.05,16.36,19.05,15.78,23.14,11.69,1130.06,138.25,58.91,37.45,387.11,147.27,320.63,213.75,398.0,0.9868
thalpomys_lasiotis,16.34,9.44,52.37,2971.8,26.26,8.22,18.03,18.14,14.54,22.65,10.03,970.98,121.18,48.7,39.81,339.31,121.75,276.64,184.42,396.9,0.968
thamnomys_kempi,24.81,7.88,88.74,255.6,29.7,20.81,8.88,25.7,23.92,27.92,21.7,1983.29,210.11,129.4,21.7,588.32,323.51,547.1,364.73,370.4,0.9255
thamnomys_venustus,25.01,7.85,88.69,194.4,29.88,21.03,8.85,25.9,24.13,28.11,21.91,1988.27,209.8,130.4,21.3,587.43,326.01,548.06,365.38,368.5,0.9214
thaptomys_nigrita,14.32,9.79,45.64,3695.4,26.11,4.66,21.45,16.46,12.17,21.82,6.81,698.61,90.7,32.23,44.64,253.96,80.58,200.72,133.82,368.1,0.8853
theropithecus_gelada,19.28,8.92,67.06,1971.0,26.6,13.29,13.31,20.61,17.95,23.94,14.63,1431.79,168.74,79.77,33.14,472.48,199.44,403.15,268.77,414.6,0.9943
thomasomys_aureus,24.01,7.93,88.8,772.2,28.92,19.99,8.93,24.91,23.12,27.14,20.89,1913.11,209.54,119.33,25.15,586.72,298.33,531.03,354.02,250.4,0.9408
thomasomys_baeops,25.86,7.55,88.3,291.6,30.56,22.01,8.55,26.71,25.01,28.85,22.87,2006.68,213.09,130.53,21.94,596.66,326.32,553.79,369.19,192.1,0.9033
thomasomys_bombycinus,22.9,8.1,82.56,1229.4,28.3,18.49,9.81,23.88,21.92,26.34,19.47,1777.89,200.38,106.38,28.2,561.05,265.96,496.21,330.8,206.0,0.9595
thomasomys_daphne,18.2,8.99,54.0,2676.6,27.35,10.71,16.64,19.87,16.54,24.03,12.38,1125.01,138.1,58.27,37.84,386.68,145.68,319.42,212.94,249.0,0.987
thomasomys_hylophilus,22.34,8.22,79.32,1348.2,28.04,17.68,10.37,23.38,21.3,25.97,18.71,1728.5,196.23,102.29,28.99,549.46,255.72,483.1,322.07,236.9,0.9677
thomasomys_incanus,20.17,8.59,61.2,2125.8,27.89,13.85,14.04,21.57,18.76,25.08,15.25,1390.5,165.37,76.28,34.17,463.04,190.7,392.24,261.49,205.6,0.9884
thomasomys_ischyrus,22.34,8.19,75.94,1436.4,28.27,17.49,10.78,23.42,21.26,26.12,18.57,1699.81,194.02,99.76,29.58,543.25,249.39,475.59,317.06,195.1,0.9676
thomasomys_kalinowskii,21.57,8.33,69.52,1690.2,28.16,16.18,11.98,22.77,20.37,25.76,17.37,1592.31,184.56,91.2,31.27,516.76,228.01,446.86,297.91,195.1,0.9771
thomasomys_ladewi,17.81,9.05,52.4,2811.6,27.32,10.04,17.28,19.54,16.09,23.86,11.77,1064.25,131.64,54.33,38.74,368.59,135.82,302.64,201.76,245.6,0.9825
thomasomys_laniger,22.3,8.23,79.5,1346.4,28.0,17.64,10.36,23.34,21.27,25.93,18.68,1728.23,196.18,102.29,28.98,549.31,255.72,483.02,322.01,243.4,0.9683
thomasomys_niveipes,23.82,7.95,88.83,867.6,28.75,19.8,8.95,24.72,22.93,26.96,20.69,1890.35,208.3,116.91,25.78,583.24,292.28,525.31,350.21,234.5,0.9442
thomasomys_notatus,19.49,8.72,58.23,2325.6,27.73,12.75,14.98,20.99,17.99,24.73,14.25,1294.3,155.73,69.56,35.5,436.03,173.91,365.97,243.98,216.2,0.9905
thomasomys_oreas,18.43,8.95,54.99,2597.4,27.38,11.11,16.27,20.06,16.81,24.12,12.74,1161.29,141.91,60.66,37.32,397.36,151.66,329.41,219.61,251.0,0.9888
thomasomys_paramorum,25.98,7.53,88.27,243.0,30.67,22.14,8.53,26.83,25.13,28.97,23.0,2010.45,212.81,131.32,21.62,595.88,328.29,554.5,369.67,196.5,0.9007
thomasomys_pyrrhonotus,24.3,7.83,88.67,817.2,29.15,20.33,8.83,25.18,23.41,27.39,21.21,1911.29,209.94,118.74,25.45,587.83,296.85,530.81,353.87,185.6,0.9354
thomasomys_rhoadsi,26.01,7.52,88.27,232.2,30.7,22.18,8.52,26.87,25.16,29.0,23.03,2011.32,212.76,131.49,21.55,595.72,328.73,554.67,369.78,196.5,0.9
thomasomys_rosalinda,22.52,8.15,77.4,1384.2,28.31,17.77,10.54,23.57,21.46,26.2,18.83,1720.99,195.81,101.5,29.23,548.28,253.75,481.21,320.81,193.0,0.9651
thomasomys_silvestris,26.09,7.51,88.24,210.6,30.77,22.26,8.51,26.94,25.24,29.07,23.11,2013.23,212.66,131.86,21.4,595.44,329.65,555.05,370.04,194.6,0.8982
thomasomys_taczanowskii,23.2,8.02,83.86,1179.0,28.46,18.9,9.57,24.16,22.24,26.55,19.85,1799.29,202.16,108.17,27.86,566.04,270.42,501.88,334.58,184.1,0.9547
thomasomys_vestitus,22.94,8.13,88.12,1107.0,28.01,18.79,9.23,23.86,22.02,26.17,19.71,1813.08,202.8,109.72,27.38,567.84,274.3,505.29,336.86,258.1,0.959
thomomys_bottae,9.28,10.5,33.12,5868.0,26.72,-4.99,31.71,12.45,6.11,20.38,-1.82,468.7,67.92,15.97,59.12,190.18,39.92,138.06,92.04,121.8,0.6765
thomomys_bulbivorus,2.37,11.78,27.95,8076.6,25.55,-16.59,42.14,6.59,-1.84,17.12,-12.37,809.99,129.81,17.66,73.84,363.45,44.14,244.56,163.04,145.7,0.6571
thomomys_mazama,2.81,11.7,28.23,7930.8,25.61,-15.84,41.45,6.96,-1.33,17.32,-11.7,788.11,125.5,17.82,72.87,351.4,44.54,237.57,158.38,147.0,0.6616
thomomys_monticola,5.29,11.26,30.03,7093.8,25.91,-11.59,37.5,9.04,1.54,18.41,-7.84,635.86,97.56,17.33,67.29,273.16,43.33,189.9,126.6,159.4,0.6678
thomomys_talpoides,3.36,11.5,27.43,8026.2,26.4,-15.5,41.9,7.55,-0.83,18.02,-11.31,821.9,131.43,18.14,73.51,367.99,45.36,248.01,165.34,18.0,0.6835
thomomys_townsendii,4.48,11.37,28.98,7461.0,26.06,-13.18,39.23,8.4,0.56,18.21,-9.25,711.95,111.05,17.95,69.74,310.94,44.88,213.49,142.33,111.3,0.6782
thomomys_umbrinus,13.31,9.76,38.03,4586.4,27.42,1.76,25.66,15.87,10.74,22.29,4.33,521.96,71.0,21.5,50.58,198.79,53.74,151.52,101.01,104.3,0.7872
thoopterus_nigrescens,24.95,7.89,88.75,131.4,29.84,20.95,8.89,25.84,24.06,28.06,21.84,1985.94,208.68,130.95,20.88,584.31,327.37,547.0,364.67,407.4,0.9226
thryonomys_gregorianus,23.36,8.1,89.01,853.2,28.36,19.26,9.1,24.27,22.45,26.54,20.17,1882.52,207.25,116.58,25.69,580.3,291.45,523.05,348.7,313.1,0.9522
thryonomys_swinderianus,22.06,8.23,72.67,1551.6,28.29,16.96,11.33,23.19,20.93,26.02,18.09,1653.72,190.08,95.99,30.34,532.23,239.98,463.33,308.88,184.8,0.9712
thylamys_macrurus,13.54,9.88,42.54,4073.4,26.32,3.08,23.24,15.86,11.21,21.67,5.4,597.27,79.11,26.3,47.16,221.51,65.75,172.36,114.91,310.3,0.8308
thylamys_pallidior,14.94,9.57,43.83,3774.6,26.94,5.12,21.82,17.12,12.76,22.58,7.3,693.44,90.41,31.69,45.16,253.15,79.22,199.42,132.95,234.6,0.8903
thylamys_velutinus,14.24,9.79,45.21,3740.4,26.16,4.49,21.66,16.41,12.08,21.83,6.66,685.66,89.23,31.46,44.94,249.85,78.66,197.1,131.4,358.1,0.8794
thylogale_billardierii,4.0,11.5,29.22,7489.8,25.65,-13.71,39.37,7.94,0.07,17.78,-9.78,708.31,110.62,17.75,69.93,309.75,44.37,212.47,141.65,171.1,0.665
thylogale_browni,22.65,8.31,89.26,869.4,27.77,18.46,9.31,23.58,21.71,25.91,19.39,1862.78,205.29,115.19,25.8,574.8,287.97,517.66,345.11,415.0,0.9635
thylogale_stigmatica,14.55,9.7,44.9,3729.6,26.44,4.82,21.61,16.71,12.39,22.11,6.98,695.39,90.45,31.95,44.86,253.25,79.88,199.88,133.25,316.1,0.8868
thylogale_thetis,10.24,10.4,35.51,5356.8,26.35,-2.94,29.3,13.17,7.31,20.5,-0.01,440.15,62.22,16.24,55.71,174.22,40.61,128.9,85.93,213.9,0.6807
thyroptera_discifera,25.36,7.73,88.54,217.8,30.16,21.43,8.73,26.23,24.49,28.41,22.3,1996.33,210.97,130.67,21.45,590.72,326.68,550.44,366.96,303.8,0.9141
thyroptera_tricolor,23.74,8.04,88.94,691.2,28.72,19.67,9.04,24.65,22.84,26.91,20.58,1920.43,209.26,120.65,24.61,585.94,301.64,532.54,355.03,330.2,0.9457
tlacuatzin_canescens,15.59,9.33,41.96,3862.8,27.82,5.58,22.24,17.81,13.36,23.37,7.8,687.84,90.1,31.09,45.75,252.28,77.74,198.01,132.01,93.6,0.8942
tokudaia_osimensis,10.47,10.44,37.18,5095.8,25.9,-2.16,28.06,13.27,7.66,20.29,0.64,436.72,60.95,16.75,53.97,170.65,41.88,127.51,85.01,302.1,0.6835
tolypeutes_matacus,13.36,9.88,41.18,4231.8,26.55,2.57,23.98,15.76,10.96,21.75,4.96,566.13,75.61,24.43,48.21,211.71,61.08,163.67,109.11,263.3,0.8122
tolypeutes_tricinctus,19.51,8.89,69.31,1870.2,26.56,13.73,12.83,20.79,18.22,24.0,15.02,1476.43,172.97,83.09,32.47,484.32,207.72,415.22,276.82,427.5,0.9938
tonatia_bidens,17.18,9.29,55.4,2703.6,26.4,9.64,16.77,18.86,15.51,23.05,11.31,1090.99,134.13,56.35,38.02,375.56,140.86,309.85,206.57,393.4,0.9835
trachops_cirrhosus,22.93,8.18,89.1,990.0,27.98,18.8,9.18,23.85,22.02,26.15,19.72,1842.55,204.6,112.7,26.6,572.88,281.76,512.78,341.86,314.0,0.9592
trachypithecus_auratus,22.15,8.29,80.46,1333.8,27.82,17.52,10.3,23.18,21.12,25.76,18.55,1728.69,196.08,102.44,28.89,549.04,256.09,483.08,322.05,272.8,0.9703
trachypithecus_cristatus,26.1,7.55,88.3,97.2,30.8,22.26,8.55,26.96,25.25,29.1,23.11,2011.51,210.89,133.01,20.65,590.49,332.54,553.82,369.21,245.9,0.898
trachypithecus_francoisi,14.43,9.59,40.86,4122.0,27.34,3.87,23.46,16.78,12.09,22.65,6.22,609.17,80.89,26.66,47.48,226.5,66.65,175.89,117.26,149.5,0.8483
trachypithecus_geei,13.1,9.73,36.34,4822.2,27.83,1.05,26.77,15.78,10.42,22.47,3.73,501.98,69.1,20.02,52.15,193.48,50.04,146.11,97.41,25.2,0.7724
trachypithecus_johnii,20.88,8.45,64.3,1935.0,28.1,14.97,13.14,22.19,19.56,25.48,16.28,1482.77,174.38,82.91,32.9,488.26,207.28,417.32,278.22,186.2,0.9836
trachypithecus_obscurus,23.05,8.05,82.17,1227.6,28.44,18.64,9.8,24.03,22.07,26.48,19.62,1781.83,200.8,106.64,28.18,562.23,266.59,497.29,331.53,184.2,0.9571
trachypithecus_phayrei,16.06,9.26,43.24,3686.4,27.83,6.42,21.41,18.2,13.91,23.55,8.56,741.05,96.16,34.23,44.58,269.26,85.57,212.89,141.93,104.7,0.9166
trachypithecus_pileatus,14.05,9.57,38.13,4469.4,27.86,2.75,25.11,16.56,11.54,22.84,5.26,550.56,74.44,23.03,49.8,208.43,57.58,159.61,106.4,45.4,0.8135
trachypithecus_vetulus,22.5,8.14,75.17,1445.4,28.45,17.63,10.83,23.58,21.42,26.29,18.71,1700.37,194.19,99.7,29.64,543.73,249.26,475.8,317.2,167.0,0.9653
tragelaphus_angasii,13.9,9.81,43.16,3967.2,26.4,3.67,22.73,16.17,11.63,21.86,5.94,626.43,82.51,27.96,46.45,231.03,69.89,180.55,120.37,304.2,0.8498
tragelaphus_buxtoni,20.94,8.63,81.49,1396.8,26.77,16.17,10.6,22.0,19.88,24.65,17.23,1680.52,191.36,98.99,29.31,535.8,247.49,469.97,313.31,429.4,0.9844
tragelaphus_eurycerus,25.53,7.61,88.39,374.4,30.27,21.66,8.61,26.4,24.67,28.55,22.52,1995.65,213.07,128.89,22.5,596.59,322.23,551.29,367.53,203.3,0.9105
tragelaphus_imberbis,22.99,8.27,89.21,705.6,28.09,18.82,9.27,23.91,22.06,26.23,19.74,1900.76,207.31,119.27,24.7,580.47,298.17,527.18,351.45,439.4,0.9583
tragelaphus_scriptus,21.56,8.33,69.7,1684.8,28.14,16.18,11.96,22.76,20.37,25.75,17.38,1594.16,184.71,91.36,31.23,517.19,228.39,447.35,298.23,198.6,0.9772
tragelaphus_spekii,25.05,7.68,88.48,588.6,29.82,21.14,8.68,25.91,24.18,28.09,22.01,1964.95,212.71,124.57,23.92,595.6,311.43,544.22,362.81,177.7,0.9205
tragelaphus_strepsiceros,21.79,8.43,85.07,1251.0,27.24,17.33,9.91,22.78,20.8,25.26,18.33,1745.84,197.02,104.26,28.34,551.67,260.64,487.38,324.92,366.9,0.9751
tragulus_napu,24.13,7.9,88.77,752.4,29.02,20.12,8.9,25.02,23.24,27.24,21.01,1919.2,209.94,119.92,25.02,587.85,299.81,532.59,355.06,242.4,0.9386
tremarctos_ornatus,23.33,8.05,88.96,993.6,28.31,19.26,9.05,24.24,22.43,26.5,20.16,1850.87,205.57,113.17,26.62,575.59,282.94,515.12,343.41,251.1,0.9527
triaenops_furculus,17.52,9.24,57.41,2561.4,26.37,10.28,16.1,19.13,15.91,23.15,11.88,1154.42,140.79,60.53,37.08,394.2,151.34,327.32,218.22,408.5,0.9884
triaenops_persicus,23.19,8.22,89.15,676.8,28.26,19.05,9.22,24.12,22.27,26.42,19.97,1910.01,207.94,120.15,24.51,582.22,300.38,529.56,353.04,421.2,0.9551
triaenops_rufus,15.15,9.65,48.16,3394.8,26.17,6.14,20.03,17.15,13.15,22.16,8.14,802.07,102.46,38.34,42.63,286.88,95.86,229.65,153.1,380.9,0.927
trichosurus_arnhemensis,16.22,9.44,50.89,3081.6,26.42,7.87,18.55,18.07,14.36,22.71,9.72,929.16,116.67,46.04,40.54,326.68,115.09,265.06,176.71,364.1,0.9614
trichosurus_caninus,8.58,10.7,33.55,5909.4,26.12,-5.78,31.91,11.77,5.39,19.74,-2.59,458.44,66.57,15.51,59.4,186.39,38.78,135.1,90.07,210.3,0.6537
trichosurus_vulpecula,10.57,10.43,37.56,5032.8,25.84,-1.93,27.77,13.35,7.79,20.29,0.85,438.88,61.06,16.99,53.55,170.95,42.47,128.05,85.37,315.8,0.687
trichys_fasciculata,25.65,7.64,88.42,214.2,30.41,21.77,8.64,26.52,24.79,28.68,22.63,2003.15,211.64,131.16,21.43,592.6,327.9,552.3,368.2,260.1,0.9079
trinomys_albispinus,18.56,9.05,62.42,2223.0,26.54,12.04,14.5,20.01,17.11,23.64,13.49,1314.32,157.2,71.39,34.82,440.15,178.47,371.18,247.45,406.9,0.9943
trinomys_dimidiatus,13.29,9.97,43.05,4055.4,26.02,2.87,23.15,15.61,10.98,21.39,5.19,594.98,78.73,26.26,47.04,220.45,65.65,171.66,114.44,356.5,0.826
trinomys_setosus,14.81,9.71,47.11,3515.4,26.14,5.54,20.6,16.87,12.75,22.02,7.6,758.72,97.56,35.76,43.44,273.15,89.41,217.54,145.03,376.1,0.9113
trinycteris_nicefori,25.25,7.76,88.59,210.6,30.07,21.31,8.76,26.13,24.37,28.32,22.18,1993.84,210.61,130.59,21.4,589.7,326.47,549.71,366.47,323.9,0.9164
tscherskia_triton,5.53,11.21,30.15,7027.2,25.98,-11.2,37.18,9.25,1.81,18.54,-7.48,624.39,95.51,17.25,66.85,267.43,43.12,186.33,124.22,153.5,0.6686
tupaia_belangeri,16.52,9.19,44.78,3497.4,27.81,7.29,20.52,18.57,14.47,23.7,9.34,803.3,103.19,37.95,43.32,288.92,94.86,230.27,153.51,121.7,0.9375
tupaia_dorsalis,24.86,7.83,88.67,360.0,29.71,20.89,8.83,25.74,23.98,27.95,21.77,1980.85,211.29,128.09,22.4,591.61,320.24,547.11,364.74,313.9,0.9244
tupaia_glis,26.41,7.47,88.2,50.0,31.07,22.6,8.47,27.26,25.56,29.38,23.45,2016.09,210.61,133.92,20.29,589.72,334.81,554.72,369.81,224.0,0.891
tupaia_gracilis,24.96,7.8,88.63,367.2,29.79,21.0,8.8,25.83,24.08,28.03,21.88,1982.68,211.59,128.13,22.45,592.44,320.34,547.66,365.11,295.8,0.9224
tupaia_longipes,25.17,7.77,88.6,255.6,30.0,21.23,8.77,26.05,24.3,28.24,22.1,1991.64,211.0,129.95,21.7,590.79,324.87,549.4,366.27,314.7,0.9181
tupaia_minor,25.49,7.66,88.45,304.2,30.25,21.6,8.66,26.36,24.63,28.52,22.46,1997.77,212.32,129.81,22.03,594.5,324.52,551.41,367.61,243.0,0.9113
tupaia_montana,22.87,8.2,89.13,979.2,27.93,18.73,9.2,23.79,21.95,26.09,19.65,1843.63,204.58,112.88,26.53,572.83,282.2,513.02,342.01,328.9,0.9601
tupaia_nicobarica,23.16,8.0,79.78,1276.2,28.67,18.65,10.03,24.16,22.16,26.67,19.65,1769.75,200.03,105.44,28.51,560.09,263.59,494.21,329.47,145.0,0.9553
tupaia_palawanensis,20.5,8.64,71.02,1729.8,27.19,15.02,12.17,21.72,19.28,24.76,16.24,1552.93,180.42,88.61,31.53,505.17,221.51,436.01,290.67,340.7,0.9877
tupaia_picta,25.27,7.77,88.6,176.4,30.09,21.32,8.77,26.15,24.39,28.34,22.2,1994.12,210.16,130.99,21.18,588.46,327.47,549.56,366.37,337.1,0.916
tupaia_splendidula,25.91,7.62,88.4,52.2,30.65,22.03,8.62,26.77,25.05,28.93,22.89,2004.97,209.58,133.08,20.35,586.82,332.71,551.72,367.81,297.2,0.9022
tupaia_tana,26.02,7.56,88.32,126.0,30.73,22.16,8.56,26.87,25.16,29.01,23.02,2010.42,211.18,132.62,20.84,591.3,331.55,553.71,369.14,245.9,0.8998
tylomys_bullaris,18.14,8.87,48.66,3015.0,28.17,9.93,18.24,19.96,16.32,24.52,11.76,997.04,124.73,49.77,40.1,349.26,124.42,284.21,189.47,99.4,0.9759
tylomys_mirae,25.54,7.62,88.4,354.6,30.28,21.66,8.62,26.41,24.68,28.56,22.53,1996.91,212.93,129.19,22.36,596.2,322.98,551.51,367.67,211.2,0.9103
tylomys_nudicaudus,18.63,8.79,50.37,2847.6,28.23,10.78,17.45,20.37,16.88,24.74,12.52,1069.55,132.56,54.38,38.98,371.17,135.96,304.28,202.85,103.0,0.9823
tylomys_tumbalensis,17.88,8.92,47.7,3112.2,28.16,9.46,18.7,19.75,16.01,24.42,11.33,956.83,120.35,47.25,40.75,336.98,118.11,273.06,182.04,94.6,0.9709
tylonycteris_pachypus,21.48,8.33,67.59,1762.2,28.26,15.94,12.32,22.71,20.25,25.79,17.17,1563.39,181.99,88.92,31.75,509.56,222.3,439.12,292.74,174.4,0.9779
tylonycteris_robustula,21.86,8.33,76.25,1465.2,27.86,16.95,10.92,22.95,20.77,25.68,18.04,1678.96,191.98,98.26,29.77,537.53,245.66,469.91,313.28,256.0,0.974
tympanoctomys_barrerae,7.76,10.76,31.38,6415.2,26.62,-7.68,34.29,11.19,4.33,19.76,-4.25,530.86,78.95,16.47,62.77,221.05,41.18,157.34,104.89,98.6,0.6764
uncia_uncia,5.9,11.02,28.87,7234.2,26.88,-11.28,38.16,9.71,2.08,19.25,-7.46,686.11,105.94,18.17,68.23,296.63,45.41,205.22,136.82,0.0,0.7042
uranomys_ruddi,24.57,7.77,88.6,736.2,29.4,20.62,8.77,25.45,23.69,27.64,21.5,1932.25,211.15,120.91,24.91,591.23,302.28,536.11,357.41,181.5,0.9302
urocyon_cinereoargenteus,13.37,9.69,36.97,4703.4,27.79,1.58,26.21,16.0,10.75,22.55,4.2,514.6,70.41,20.86,51.36,197.16,52.15,149.58,99.72,39.1,0.7839
urocyon_littoralis,8.05,10.79,32.8,6116.4,26.14,-6.75,32.88,11.34,4.76,19.56,-3.46,479.69,70.34,15.68,60.78,196.96,39.2,141.69,94.46,193.8,0.6537
uroderma_bilobatum,24.16,7.96,88.84,568.8,29.09,20.13,8.96,25.06,23.27,27.3,21.03,1946.95,210.5,123.64,23.79,589.39,309.11,539.1,359.4,323.1,0.9381
uroderma_magnirostrum,25.79,7.64,88.43,100.8,30.54,21.9,8.64,26.66,24.93,28.82,22.77,2004.41,210.2,132.5,20.67,588.55,331.26,551.89,367.92,292.4,0.9048
urogale_everetti,21.02,8.59,79.51,1441.8,26.96,16.15,10.81,22.1,19.94,24.8,17.23,1667.39,190.38,97.8,29.61,533.07,244.51,466.55,311.03,396.6,0.9835
uromys_anak,21.63,8.5,88.47,1188.0,26.92,17.31,9.61,22.59,20.67,25.0,18.27,1760.57,197.92,105.75,27.92,554.17,264.38,491.13,327.42,421.0,0.9771
uromys_caudimaculatus,20.18,8.77,73.9,1665.0,26.7,14.84,11.86,21.36,18.99,24.33,16.03,1569.52,181.64,90.12,31.1,508.59,225.29,440.33,293.55,420.8,0.9904
uromys_hadrourus,16.39,9.41,51.31,3034.8,26.47,8.14,18.33,18.22,14.56,22.8,9.97,949.57,118.93,47.3,40.23,332.99,118.24,270.74,180.49,359.7,0.9654
uromys_imperator,21.08,8.47,69.67,1726.2,27.76,15.61,12.15,22.29,19.86,25.33,16.83,1567.63,182.09,89.48,31.51,509.84,223.69,440.12,293.41,253.4,0.9823
uromys_rex,21.08,8.47,69.67,1726.2,27.76,15.61,12.15,22.29,19.86,25.33,16.83,1567.63,182.09,89.48,31.51,509.84,223.69,440.12,293.41,253.4,0.9823
uropsilus_soricipes,11.04,10.14,34.42,5392.8,27.25,-2.22,29.47,13.99,8.1,21.36,0.73,460.8,65.26,16.91,55.95,182.72,42.29,135.0,90.0,73.5,0.7103
urotrichus_talpoides,6.42,11.13,31.96,6526.8,25.57,-9.25,34.82,9.9,2.94,18.61,-5.76,524.27,78.37,15.94,63.51,219.45,39.85,155.58,103.72,251.5,0.6391
ursus_americanus,1.84,11.76,26.46,8562.6,26.28,-18.16,44.43,6.28,-2.61,17.39,-13.72,884.83,144.78,16.9,77.08,405.4,42.24,268.58,179.06,0.0,0.6612
ursus_arctos,0.08,12.08,25.61,9136.8,26.01,-21.13,47.15,4.8,-4.63,16.58,-16.42,898.97,150.68,14.3,80.91,421.91,35.75,274.59,183.06,0.0,0.6258
ursus_thibetanus,12.02,9.96,35.53,5088.6,27.44,-0.59,28.03,14.83,9.22,21.83,2.21,472.58,65.93,18.15,53.92,184.59,45.36,137.97,91.98,66.0,0.7365
vampyressa_bidens,23.7,8.06,88.97,682.2,28.68,19.62,9.06,24.6,22.79,26.87,20.52,1920.75,209.18,120.77,24.55,585.7,301.93,532.57,355.05,341.6,0.9464
vampyressa_brocki,25.33,7.77,88.6,136.8,30.15,21.38,8.77,26.2,24.45,28.4,22.26,1994.75,209.68,131.47,20.91,587.11,328.67,549.47,366.31,347.0,0.9147
vampyressa_melissa,25.67,7.7,88.5,50.0,30.46,21.76,8.7,26.54,24.8,28.72,22.63,1999.27,208.91,132.76,20.31,584.94,331.91,550.11,366.74,335.8,0.9075
vampyressa_nymphaea,21.56,8.3,67.23,1767.6,28.36,16.01,12.35,22.8,20.33,25.89,17.24,1563.25,182.03,88.87,31.78,509.68,222.16,439.11,292.74,159.2,0.977
vampyrodes_caraccioli,26.19,7.54,88.29,50.4,30.88,22.34,8.54,27.04,25.33,29.17,23.2,2011.25,210.21,133.52,20.34,588.58,333.8,553.43,368.95,255.5,0.896
vampyrum_spectrum,26.01,7.56,88.32,135.0,30.72,22.16,8.56,26.87,25.16,29.01,23.02,2010.54,211.32,132.53,20.9,591.69,331.32,553.8,369.2,242.3,0.9
varecia_rubra,16.94,9.33,54.5,2779.2,26.36,9.24,17.12,18.66,15.23,22.94,10.95,1056.48,130.44,54.12,38.53,365.23,135.3,300.32,200.21,394.5,0.98
varecia_variegata,15.0,9.67,47.63,3452.4,26.17,5.87,20.3,17.03,12.97,22.11,7.9,781.36,100.13,37.1,43.02,280.35,92.76,223.87,149.24,376.7,0.9199
vespadelus_darlingtoni,7.22,10.94,32.11,6370.2,25.97,-8.11,34.08,10.63,3.81,19.15,-4.71,509.12,75.56,15.92,62.47,211.55,39.81,150.82,100.55,202.1,0.6505
vespadelus_douglasorum,17.1,9.29,54.34,2772.0,26.5,9.41,17.09,18.81,15.4,23.09,11.12,1062.93,131.18,54.49,38.48,367.31,136.23,302.13,201.42,373.2,0.9811
vespadelus_pumilus,12.45,10.03,39.22,4566.6,26.51,0.95,25.56,15.01,9.9,21.4,3.51,504.01,68.48,20.81,50.44,191.76,52.03,146.27,97.52,245.0,0.7629
vespadelus_regulus,6.85,11.06,32.43,6372.0,25.6,-8.49,34.09,10.26,3.44,18.78,-5.08,500.97,74.35,15.66,62.48,208.19,39.16,148.41,98.94,258.0,0.6365
vespadelus_vulturnus,7.71,10.87,32.87,6157.8,25.91,-7.17,33.08,11.02,4.41,19.29,-3.86,479.29,70.42,15.56,61.05,197.18,38.89,141.64,94.43,226.1,0.6451
vespertilio_murinus,1.74,11.78,26.41,8595.0,26.26,-18.33,44.59,6.2,-2.72,17.34,-13.87,887.12,145.36,16.78,77.3,407.0,41.95,269.37,179.58,0.0,0.6594
vespertilio_sinensis,6.81,11.03,31.95,6465.6,25.81,-8.73,34.53,10.27,3.36,18.9,-5.27,519.84,77.49,15.98,63.1,216.97,39.96,154.16,102.77,220.2,0.6464
vicugna_vicugna,16.07,9.32,45.3,3510.0,27.39,6.81,20.57,18.13,14.01,23.27,8.87,789.29,101.46,37.23,43.4,284.08,93.07,226.29,150.86,185.1,0.9311
viverra_civettina,20.79,8.47,63.95,1956.6,28.07,14.83,13.24,22.11,19.46,25.42,16.15,1472.15,173.35,82.14,33.04,485.39,205.35,414.44,276.3,190.1,0.9843
viverra_tangalunga,26.1,7.55,88.3,97.2,30.8,22.26,8.55,26.96,25.25,29.1,23.11,2011.51,210.89,133.01,20.65,590.49,332.54,553.82,369.21,245.9,0.898
viverra_zibetha,17.79,8.99,49.54,2995.2,27.77,9.63,18.14,19.61,15.98,24.14,11.44,996.13,124.48,49.83,39.97,348.55,124.58,283.88,189.25,162.1,0.9758
viverricula_indica,20.62,8.45,59.88,2140.2,28.38,14.28,14.11,22.03,19.21,25.56,15.69,1395.23,166.07,76.43,34.27,465.0,191.06,393.64,262.43,128.8,0.9848
vombatus_ursinus,6.78,11.03,31.85,6489.0,25.83,-8.81,34.64,10.24,3.31,18.9,-5.35,524.11,78.21,16.05,63.26,219.0,40.12,155.47,103.65,214.7,0.6481
vormela_peregusna,5.26,11.19,29.05,7306.2,26.44,-12.06,38.5,9.12,1.41,18.74,-8.21,690.19,106.91,18.0,68.71,299.36,44.99,206.61,137.74,63.2,0.6897
vulpes_bengalensis,15.57,9.35,42.36,3828.6,27.71,5.63,22.08,17.77,13.36,23.29,7.84,695.13,90.89,31.56,45.52,254.49,78.89,200.03,133.35,113.1,0.8968
vulpes_cana,11.06,10.34,38.3,4870.8,25.91,-1.09,27.0,13.76,8.36,20.51,1.61,452.94,62.5,17.94,52.47,175.01,44.85,131.91,87.94,317.1,0.7059
vulpes_chama,13.0,9.87,38.86,4532.4,26.97,1.57,25.4,15.54,10.46,21.89,4.11,519.88,70.52,21.57,50.22,197.45,53.92,150.82,100.55,176.8,0.7812
vulpes_corsac,4.92,11.2,28.23,7552.8,26.74,-12.93,39.67,8.89,0.96,18.81,-8.96,745.55,116.76,18.42,70.35,326.94,46.05,223.79,149.2,0.0,0.7006
vulpes_ferrilata,10.18,10.24,32.47,5832.0,27.53,-4.01,31.54,13.33,7.03,21.22,-0.86,484.56,70.1,16.6,58.88,196.28,41.51,142.67,95.12,0.0,0.7064
vulpes_lagopus,-8.0,13.55,22.71,11781.0,24.8,-34.83,59.63,-2.03,-13.96,12.87,-28.87,475.0,88.34,3.96,98.54,247.35,10.0,154.41,102.94,0.0,0.3442
vulpes_macrotis,9.23,10.51,32.98,5898.6,26.75,-5.1,31.85,12.42,6.05,20.38,-1.92,471.98,68.5,16.0,59.32,191.8,40.0,139.08,92.72,114.6,0.6773
vulpes_pallida,18.75,8.81,52.59,2700.0,27.96,11.21,16.75,20.42,17.07,24.61,12.88,1128.47,138.71,58.3,38.0,388.38,145.76,320.49,213.66,154.5,0.9863
vulpes_rueppellii,12.9,9.94,39.9,4429.8,26.61,1.69,24.92,15.39,10.41,21.62,4.18,528.61,71.32,22.23,49.53,199.71,55.58,153.17,102.11,240.3,0.7845
vulpes_velox,6.86,10.84,29.57,6917.4,27.03,-9.64,36.67,10.53,3.2,19.7,-5.97,627.4,95.49,17.72,66.12,267.38,44.29,187.0,124.67,0.0,0.7035
vulpes_vulpes,4.29,11.31,27.83,7758.0,26.64,-13.99,40.63,8.36,0.23,18.52,-9.93,781.86,123.57,18.43,71.72,345.99,46.06,235.23,156.82,0.0,0.6958
vulpes_zerda,13.09,9.81,37.91,4631.4,27.31,1.44,25.87,15.67,10.5,22.14,4.03,513.09,69.95,21.0,50.88,195.86,52.51,149.02,99.35,117.4,0.7787
wallabia_bicolor,12.42,10.07,40.0,4483.8,26.27,1.09,25.17,14.94,9.9,21.23,3.61,511.44,69.2,21.36,49.89,193.76,53.39,148.29,98.86,289.0,0.7667
wiedomys_pyrrhorhinos,20.91,8.64,81.17,1407.6,26.76,16.11,10.65,21.97,19.84,24.63,17.18,1676.16,190.98,98.64,29.38,534.76,246.59,468.81,312.54,429.8,0.9847
wilfredomys_oenax,9.75,10.55,35.95,5367.6,25.89,-3.45,29.35,12.69,6.82,20.02,-0.52,429.48,60.75,15.82,55.78,170.09,39.56,125.79,83.86,284.1,0.6632
wyulda_squamicaudata,16.89,9.32,53.2,2862.0,26.52,9.01,17.52,18.64,15.14,23.02,10.76,1024.0,127.02,51.99,39.08,355.65,129.96,291.37,194.25,364.0,0.9767
xenomys_nelsoni,15.62,9.37,43.17,3747.6,27.56,5.86,21.7,17.79,13.45,23.22,8.03,715.71,93.18,32.81,44.98,260.9,82.03,205.76,137.17,142.5,0.9048
xenuromys_barbatus,21.72,8.48,88.36,1184.4,27.0,17.4,9.59,22.68,20.76,25.08,18.36,1763.59,198.21,105.97,27.9,555.0,264.92,491.95,327.97,409.3,0.976
xeromys_myoides,15.43,9.59,48.65,3326.4,26.27,6.56,19.71,17.4,13.46,22.33,8.53,829.63,105.58,39.98,42.18,295.64,99.94,237.35,158.23,370.5,0.9364
xerus_erythropus,20.25,8.54,59.39,2197.8,28.16,13.78,14.38,21.69,18.81,25.28,15.22,1363.44,162.83,74.25,34.65,455.94,185.62,384.93,256.62,159.0,0.9873
xerus_inauris,13.54,9.78,39.93,4339.8,27.01,2.52,24.49,15.99,11.09,22.11,4.97,554.61,74.49,23.6,48.93,208.56,59.01,160.54,107.03,184.9,0.8087
xerus_princeps,15.03,9.48,41.96,3934.8,27.45,4.87,22.58,17.29,12.78,22.94,7.13,659.36,86.7,29.54,46.23,242.76,73.86,189.97,126.65,144.9,0.8776
xerus_rutilus,21.97,8.46,89.43,1033.2,27.17,17.71,9.46,22.92,21.02,25.28,18.66,1809.76,201.5,110.26,26.89,564.2,275.66,503.92,335.94,442.0,0.9729
zaedyus_pichiy,4.94,11.27,29.07,7360.2,26.25,-12.5,38.76,8.81,1.06,18.5,-8.63,696.59,108.17,17.96,69.07,302.86,44.89,208.65,139.1,88.2,0.6841
zaglossus_bruijni,23.95,8.1,89.01,372.6,28.96,19.85,9.1,24.86,23.04,27.14,20.76,1959.17,209.15,126.56,22.48,585.62,316.39,541.2,360.8,448.1,0.942
zapus_hudsonius,1.41,11.83,26.25,8701.2,26.21,-18.88,45.09,5.92,-3.1,17.19,-14.37,893.42,147.05,16.37,78.01,411.74,40.93,271.6,181.07,0.0,0.6532
zapus_princeps,1.46,11.88,26.83,8532.0,25.82,-18.47,44.29,5.89,-2.97,16.96,-14.04,871.71,142.45,16.79,76.88,398.87,41.99,264.51,176.34,72.0,0.6502
zapus_trinotatus,2.97,11.67,28.35,7871.4,25.62,-15.55,41.17,7.09,-1.14,17.38,-11.43,778.25,123.61,17.85,72.48,346.1,44.63,234.44,156.29,149.8,0.6627
zelotomys_hildegardeae,23.47,8.11,89.02,747.0,28.48,19.37,9.11,24.38,22.56,26.66,20.28,1905.02,208.32,119.1,24.98,583.3,297.74,528.62,352.42,345.7,0.9504
zelotomys_woosnami,14.37,9.63,41.56,4060.8,27.11,3.94,23.18,16.68,12.05,22.48,6.26,618.78,81.91,27.29,47.07,229.34,68.23,178.54,119.03,188.5,0.8522
zenkerella_insignis,24.94,7.73,88.54,559.8,29.74,21.01,8.73,25.81,24.07,27.99,21.88,1965.92,212.43,124.95,23.73,594.79,312.37,544.3,362.86,207.8,0.9228
zygodontomys_brevicauda,22.88,8.17,89.09,1056.6,27.92,18.75,9.17,23.8,21.96,26.09,19.67,1824.88,203.48,110.95,27.04,569.75,277.37,508.27,338.85,290.9,0.9599
zygodontomys_brunneus,24.22,7.86,88.72,775.8,29.1,20.24,8.86,25.11,23.34,27.33,21.12,1917.35,210.05,119.56,25.17,588.15,298.9,532.23,354.82,216.1,0.9369
zygogeomys_trichopus,16.44,9.21,44.75,3510.0,27.76,7.18,20.57,18.5,14.38,23.64,9.24,797.81,102.55,37.63,43.4,287.14,94.07,228.73,152.49,128.3,0.9356
zyzomys_argurus,15.46,9.59,49.05,3294.0,26.22,6.66,19.55,17.42,13.5,22.3,8.62,840.66,106.8,40.66,41.96,299.04,101.65,240.41,160.27,380.7,0.9392
zyzomys_maini,17.65,9.22,58.03,2516.4,26.38,10.5,15.88,19.24,16.06,23.21,12.09,1175.29,142.96,61.92,36.78,400.3,154.81,333.06,222.04,409.6,0.9896
zyzomys_palatilis,15.68,9.56,49.93,3205.8,26.21,7.07,19.14,17.6,13.77,22.38,8.99,874.57,110.57,42.73,41.37,309.6,106.82,249.85,166.57,387.8,0.9481
zyzomys_pedunculatus,13.16,9.99,42.71,4105.8,26.02,2.63,23.39,15.49,10.82,21.34,4.97,582.56,77.29,25.55,47.37,216.42,63.87,168.18,112.12,353.6,0.8177
zyzomys_woodwardi,17.04,9.3,54.02,2797.2,26.5,9.29,17.21,18.76,15.32,23.06,11.01,1051.81,130.0,53.78,38.65,363.99,134.44,299.06,199.37,371.5,0.9799
