canonical_taxon_id,species,order,family,adult_body_mass_g,gestation_length_d,litter_size,weaning_age_d,home_range_km2,trophic_level,max_longevity_m,species_matched_name,open_tree_id,is_synonym
abditomys_latidens,Abditomys latidens,Rodentia,Muridae,268.09,,,,,,,Abditomys latidens,3610454,False
abeomelomys_sevia,Abeomelomys sevia,Rodentia,Muridae,54.88,,1.0,,,,,Abeomelomys sevia,456612,False
abrawayaomys_ruschii,Abrawayaomys ruschii,Rodentia,Cricetidae,62.99,,,,,,,Abrawayaomys ruschii,3611096,False
abrocoma_bennettii,Abrocoma bennettii,Rodentia,Abrocomidae,250.5,,4.86,,,,27.6,Abrocoma bennettii,234035,False
abrocoma_boliviensis,Abrocoma boliviensis,Rodentia,Abrocomidae,158.0,,,,,,,Abrocoma boliviensis,3609753,False
abrocoma_cinerea,Abrocoma cinerea,Rodentia,Abrocomidae,193.64,109.49,2.19,,,,,Abrocoma cinerea,906641,False
abrothrix_andinus,Abrothrix andinus,Rodentia,Cricetidae,24.91,,,,,,,Abrothrix andinus,292081,False
abrothrix_illuteus,Abrothrix illuteus,Rodentia,Cricetidae,47.79,,,,,,,Abrothrix illuteus,419783,False
abrothrix_jelskii,Abrothrix jelskii,Rodentia,Cricetidae,34.5,,,,,2.0,,Abrothrix jelskii,644651,False
abrothrix_lanosus,Abrothrix lanosus,Rodentia,Cricetidae,27.83,,,,,,,Abrothrix lanosus,843843,False
abrothrix_longipilis,Abrothrix longipilis,Rodentia,Cricetidae,38.86,,3.7,,,2.0,,Abrothrix longipilis,754326,False
abrothrix_olivaceus,Abrothrix olivaceus,Rodentia,Cricetidae,24.52,,5.34,,0.000448137,2.0,12.0,Abrothrix olivaceus,754318,False
abrothrix_sanborni,Abrothrix sanborni,Rodentia,Cricetidae,24.7,,,,,2.0,,Abrothrix sanborni,3608360,False
acerodon_celebensis,Acerodon celebensis,Chiroptera,Pteropodidae,384.84,,0.98,,,,,Acerodon celebensis,635022,False
acerodon_jubatus,Acerodon jubatus,Chiroptera,Pteropodidae,1087.04,,1.0,,,1.0,,Acerodon jubatus,718815,False
acerodon_mackloti,Acerodon mackloti,Chiroptera,Pteropodidae,467.93,,0.98,,,1.0,,Acerodon mackloti,3613523,False
acinonyx_jubatus,Acinonyx jubatus,Carnivora,Felidae,50577.92,92.24,3.28,91.42,88.27,3.0,228.0,Acinonyx jubatus,752759,False
acomys_kempi,Acomys kempi,Rodentia,Muridae,21.99,,,,,,,Acomys kempi,501413,False
acomys_louisae,Acomys louisae,Rodentia,Muridae,20.19,,,,,,,Acomys louisae,3608604,False
acomys_minous,Acomys minous,Rodentia,Muridae,62.5,,,,,,,Acomys minous,747232,False
acomys_percivali,Acomys percivali,Rodentia,Muridae,21.99,,,,,,,Acomys percivali,747234,False
acomys_russatus,Acomys russatus,Rodentia,Muridae,42.35,,2.5,,0.000488186,,,Acomys russatus,996662,False
acomys_spinosissimus,Acomys spinosissimus,Rodentia,Muridae,26.5,,2.71,,,,,Acomys spinosissimus,477714,False
acomys_subspinosus,Acomys subspinosus,Rodentia,Muridae,21.92,,,,,,,Acomys subspinosus,863707,False
acomys_wilsoni,Acomys wilsoni,Rodentia,Muridae,18.5,,2.29,,,,,Acomys wilsoni,600704,False
aconaemys_sagei,Aconaemys sagei,Rodentia,Octodontidae,96.49,,,,,,,Aconaemys sagei,867373,False
acrobates_pygmaeus,Acrobates pygmaeus,Diprotodontia,Acrobatidae,13.84,,2.8,97.5,0.005959065,2.0,86.4,Acrobates pygmaeus,432839,False
addax_nasomaculatus,Addax nasomaculatus,Artiodactyla,Bovidae,96077.36,262.74,1.0,,,1.0,308.04,Addax nasomaculatus,989805,False
aepeomys_lugens,Aepeomys lugens,Rodentia,Cricetidae,37.0,,,,,,,Aepeomys lugens,783823,False
aepyceros_melampus,Aepyceros melampus,Artiodactyla,Bovidae,52591.69,196.74,0.98,150.0,1.97,1.0,213.0,Aepyceros melampus,768679,False
aepyprymnus_rufescens,Aepyprymnus rufescens,Diprotodontia,Potoroidae,2810.31,22.8,1.03,163.07,,,96.0,Aepyprymnus rufescens,34417,False
aeromys_tephromelas,Aeromys tephromelas,Rodentia,Sciuridae,1187.0,,1.07,,,,,Aeromys tephromelas,675194,False
aeromys_thomasi,Aeromys thomasi,Rodentia,Sciuridae,1430.19,,,,,,,Aeromys thomasi,3609018,False
aethalops_alecto,Aethalops alecto,Chiroptera,Pteropodidae,15.0,,0.99,,,,,Aethalops alecto,37731,False
aethomys_chrysophilus,Aethomys chrysophilus,Rodentia,Muridae,80.85,26.17,3.09,24.88,,,,Aethomys chrysophilus,911457,False
aethomys_hindei,Aethomys hindei,Rodentia,Muridae,140.65,24.66,2.05,,0.000609998,,,Aethomys hindei,3608711,False
aethomys_kaiseri,Aethomys kaiseri,Rodentia,Muridae,89.99,27.0,3.0,26.0,,,,Aethomys kaiseri,649436,False
ailuropoda_melanoleuca,Ailuropoda melanoleuca,Carnivora,Ursidae,117999.99,134.99,1.62,178.98,3.55,1.0,360.0,Ailuropoda melanoleuca,872573,False
ailurops_ursinus,Ailurops ursinus,Diprotodontia,Phalangeridae,10000.0,,,,,1.0,,Ailurops ursinus,193425,False
ailurus_fulgens,Ailurus fulgens,Carnivora,Ailuridae,5170.08,131.5,1.7,136.87,1.43,1.0,168.0,Ailurus fulgens,872562,False
akodon_aerosus,Akodon aerosus,Rodentia,Cricetidae,59.99,,,,,,,Akodon aerosus,421013,False
akodon_affinis,Akodon affinis,Rodentia,Cricetidae,24.89,,,,,2.0,,Akodon affinis,170298,False
akodon_albiventer,Akodon albiventer,Rodentia,Cricetidae,25.95,,,,,3.0,,Akodon albiventer,299290,False
akodon_azarae,Akodon azarae,Rodentia,Cricetidae,25.27,23.0,4.59,14.44,,2.0,,Akodon azarae,754324,False
akodon_bogotensis,Akodon bogotensis,Rodentia,Cricetidae,12.99,,,,,,,Neomicroxus bogotensis,3608362,True
akodon_boliviensis,Akodon boliviensis,Rodentia,Cricetidae,27.5,,4.86,,,2.0,,Akodon boliviensis,292086,False
akodon_budini,Akodon budini,Rodentia,Cricetidae,26.9,,,,,,,Akodon budini,837330,False
akodon_cursor,Akodon cursor,Rodentia,Cricetidae,39.84,,,,,2.0,,Akodon cursor,754322,False
akodon_dayi,Akodon dayi,Rodentia,Cricetidae,32.49,,,,,,,Akodon dayi,837345,False
akodon_dolores,Akodon dolores,Rodentia,Cricetidae,50.49,,3.89,,,,,Akodon dolores,817138,False
akodon_fumeus,Akodon fumeus,Rodentia,Cricetidae,22.69,,,,,,,Akodon fumeus,837332,False
akodon_iniscatus,Akodon iniscatus,Rodentia,Cricetidae,28.7,,,,,,,Akodon iniscatus,817145,False
akodon_juninensis,Akodon juninensis,Rodentia,Cricetidae,38.99,,,,,,,Akodon juninensis,292084,False
akodon_kofordi,Akodon kofordi,Rodentia,Cricetidae,29.49,,,,,,,Akodon kofordi,292090,False
akodon_latebricola,Akodon latebricola,Rodentia,Cricetidae,38.99,,,,,,,Akodon latebricola,694987,False
akodon_lindberghi,Akodon lindberghi,Rodentia,Cricetidae,26.4,,,,,,,Akodon lindberghi,837916,False
akodon_lutescens,Akodon lutescens,Rodentia,Cricetidae,20.69,,,,,,,Akodon lutescens,806769,False
akodon_mimus,Akodon mimus,Rodentia,Cricetidae,23.99,,,,,,,Akodon mimus,1068786,False
akodon_molinae,Akodon molinae,Rodentia,Cricetidae,32.99,23.0,3.77,26.0,,,,Akodon molinae,224514,False
akodon_mollis,Akodon mollis,Rodentia,Cricetidae,30.39,,,,,,,Akodon mollis,292088,False
akodon_neocenus,Akodon neocenus,Rodentia,Cricetidae,42.39,,,,,,,Akodon neocenus,3608361,False
akodon_orophilus,Akodon orophilus,Rodentia,Cricetidae,38.99,,,,,,,Akodon orophilus,754316,False
akodon_sanctipaulensis,Akodon sanctipaulensis,Rodentia,Cricetidae,27.1,,,,,,,Akodon sanctipaulensis,3608368,False
akodon_serrensis,Akodon serrensis,Rodentia,Cricetidae,28.3,,,,,,,Akodon serrensis,837921,False
akodon_siberiae,Akodon siberiae,Rodentia,Cricetidae,34.6,,,,,,,Akodon siberiae,360765,False
akodon_simulator,Akodon simulator,Rodentia,Cricetidae,42.5,,,,,,,Akodon simulator,468305,False
akodon_spegazzinii,Akodon spegazzinii,Rodentia,Cricetidae,28.6,,,,,,,Akodon spegazzinii,170300,False
akodon_subfuscus,Akodon subfuscus,Rodentia,Cricetidae,30.39,,,,,,,Akodon subfuscus,292092,False
akodon_surdus,Akodon surdus,Rodentia,Cricetidae,38.99,,,,,,,Akodon surdus,3608367,False
akodon_sylvanus,Akodon sylvanus,Rodentia,Cricetidae,38.99,,,,,,,Akodon sylvanus,536358,False
akodon_toba,Akodon toba,Rodentia,Cricetidae,51.2,,,,,,,Akodon toba,360763,False
akodon_torques,Akodon torques,Rodentia,Cricetidae,38.99,,,,,,,Akodon torques,292096,False
akodon_varius,Akodon varius,Rodentia,Cricetidae,40.0,,,,,3.0,,Akodon varius,224515,False
alcelaphus_buselaphus,Alcelaphus buselaphus,Artiodactyla,Bovidae,160937.86,242.66,1.0,188.73,2.73,1.0,240.0,Alcelaphus buselaphus,989807,False
alcelaphus_caama,Alcelaphus caama,Artiodactyla,Bovidae,176115.97,,,,,,183.96,Alcelaphus caama,989782,False
alcelaphus_lichtensteinii,Alcelaphus lichtensteinii,Artiodactyla,Bovidae,168695.66,237.0,0.98,,4.41,1.0,,Alcelaphus lichtensteini,363033,True
alionycteris_paucidentata,Alionycteris paucidentata,Chiroptera,Pteropodidae,16.24,,,,,,,Alionycteris paucidentata,491371,False
allactaga_elater,Allactaga elater,Rodentia,Dipodidae,59.0,,4.47,32.31,,,,Scarturus elater,475305,True
allactaga_tetradactyla,Allactaga tetradactyla,Rodentia,Dipodidae,52.0,,,,,,,Scarturus tetradactyla,3608061,True
allenopithecus_nigroviridis,Allenopithecus nigroviridis,Primates,Cercopithecidae,4749.96,,1.01,106.15,,,276.0,Allenopithecus nigroviridis,721471,False
allocebus_trichotis,Allocebus trichotis,Primates,Cheirogaleidae,78.09,,1.0,,,2.0,,Allocebus trichotis,516007,False
alouatta_belzebul,Alouatta belzebul,Primates,Atelidae,6157.91,,,,,,,Alouatta belzebul,1058654,False
alouatta_caraya,Alouatta caraya,Primates,Atelidae,5576.96,185.92,1.01,323.16,,1.0,243.6,Alouatta caraya,791697,False
alouatta_guariba,Alouatta guariba,Primates,Atelidae,5188.33,,,,0.03,1.0,,Alouatta guariba,558069,False
alouatta_palliata,Alouatta palliata,Primates,Atelidae,6576.99,185.42,1.02,495.6,0.19,1.0,300.0,Alouatta palliata,1012045,False
alouatta_pigra,Alouatta pigra,Primates,Atelidae,7172.06,185.92,1.01,,0.3,1.0,240.0,Alouatta pigra,558066,False
alouatta_sara,Alouatta sara,Primates,Atelidae,6611.04,,,,,,,Alouatta sara,814670,False
alouatta_seniculus,Alouatta seniculus,Primates,Atelidae,6398.31,189.9,1.42,370.04,0.1,2.0,300.0,Alouatta seniculus,791699,False
alticola_argentatus,Alticola argentatus,Rodentia,Cricetidae,37.69,,4.57,,,1.0,,Alticola argentatus,118432,False
alticola_roylei,Alticola roylei,Rodentia,Cricetidae,37.0,,5.44,,,,,Alticola roylei,3608467,False
alticola_stoliczkanus,Alticola stoliczkanus,Rodentia,Cricetidae,30.14,,7.77,,,,,Alticola stoliczkanus,7067202,False
alticola_strelzowi,Alticola strelzowi,Rodentia,Cricetidae,49.99,20.85,6.9,17.0,,,,Alticola strelzowi,118428,False
amblysomus_hottentotus,Amblysomus hottentotus,Afrosoricida,Chrysochloridae,62.6,,1.86,,0.000334208,2.0,12.0,Amblysomus hottentotus,574736,False
ametrida_centurio,Ametrida centurio,Chiroptera,Phyllostomidae,10.61,,0.98,,,1.0,,Ametrida centurio,895014,False
ammodillus_imbellis,Ammodillus imbellis,Rodentia,Muridae,49.99,,,,,,,Ammodillus imbellis,3610375,False
ammodorcas_clarkei,Ammodorcas clarkei,Artiodactyla,Bovidae,28049.81,200.0,1.0,,,,36.0,Ammodorcas clarkei,3611830,False
ammospermophilus_harrisii,Ammospermophilus harrisii,Rodentia,Sciuridae,126.57,29.19,6.32,48.63,,1.0,,Ammospermophilus harrisii,580350,False
ammospermophilus_interpres,Ammospermophilus interpres,Rodentia,Sciuridae,112.53,,9.36,,,2.0,,Ammospermophilus interpres,580348,False
ammospermophilus_leucurus,Ammospermophilus leucurus,Rodentia,Sciuridae,103.92,29.38,8.0,64.51,0.04,2.0,69.6,Ammospermophilus leucurus,580339,False
ammospermophilus_nelsoni,Ammospermophilus nelsoni,Rodentia,Sciuridae,160.42,26.0,8.9,29.83,0.03,2.0,66.0,Ammospermophilus nelsoni,3609051,False
ammotragus_lervia,Ammotragus lervia,Artiodactyla,Bovidae,94202.22,156.24,1.22,121.66,7.06,1.0,252.0,Ammotragus lervia,768699,False
anathana_ellioti,Anathana ellioti,Scandentia,Tupaiidae,160.0,,4.84,,,,,Anathana ellioti,603405,False
andalgalomys_olrogi,Andalgalomys olrogi,Rodentia,Cricetidae,32.9,,,,,,,Andalgalomys olrogi,554235,False
andalgalomys_pearsoni,Andalgalomys pearsoni,Rodentia,Cricetidae,25.4,,,,,,,Andalgalomys pearsoni,554233,False
andinomys_edax,Andinomys edax,Rodentia,Cricetidae,69.75,,2.91,,,,,Andinomys edax,84877,False
anisomys_imitator,Anisomys imitator,Rodentia,Muridae,510.5,,,,,1.0,,Anisomys imitator,976853,False
anomalurus_beecrofti,Anomalurus beecrofti,Rodentia,Anomaluridae,479.07,,0.98,,,,,Anomalurus beecrofti,254702,False
anomalurus_derbianus,Anomalurus derbianus,Rodentia,Anomaluridae,665.84,,1.0,,0.04,1.0,,Anomalurus derbianus,3609277,False
anomalurus_pelii,Anomalurus pelii,Rodentia,Anomaluridae,1769.99,,2.5,,,,,Anomalurus pelii,3609276,False
anomalurus_pusillus,Anomalurus pusillus,Rodentia,Anomaluridae,250.0,,,,,,,Anomalurus pusillus,3609275,False
anotomys_leander,Anotomys leander,Rodentia,Cricetidae,66.39,,0.97,,,,,Anotomys leander,3610119,False
anoura_caudifer,Anoura caudifer,Chiroptera,Phyllostomidae,10.81,107.97,0.99,,,2.0,,Anoura caudifer,351792,False
anoura_cultrata,Anoura cultrata,Chiroptera,Phyllostomidae,17.39,,1.22,,,2.0,,Anoura cultrata,485774,False
anoura_geoffroyi,Anoura geoffroyi,Chiroptera,Phyllostomidae,15.15,125.14,0.99,62.5,,2.0,120.0,Anoura geoffroyi,688667,False
anoura_latidens,Anoura latidens,Chiroptera,Phyllostomidae,15.06,,,,,2.0,,Anoura latidens,130223,False
anourosorex_squamipes,Anourosorex squamipes,Soricomorpha,Soricidae,20.0,,2.82,,,,,Anourosorex squamipes,557343,False
antechinomys_laniger,Antechinomys laniger,Dasyuromorphia,Dasyuridae,25.57,11.74,5.99,91.24,,,39.6,Antechinomys laniger,1090598,False
antechinus_agilis,Antechinus agilis,Dasyuromorphia,Dasyuridae,22.13,27.0,10.0,89.99,,,,Antechinus agilis,664295,False
antechinus_bellus,Antechinus bellus,Dasyuromorphia,Dasyuridae,38.73,30.0,10.08,95.0,,,27.6,Antechinus bellus,760615,False
antechinus_flavipes,Antechinus flavipes,Dasyuromorphia,Dasyuridae,44.33,28.0,8.54,89.74,,,42.0,Antechinus flavipes,831054,False
antechinus_godmani,Antechinus godmani,Dasyuromorphia,Dasyuridae,75.74,,4.58,111.68,,,,Antechinus godmani,760617,False
antechinus_leo,Antechinus leo,Dasyuromorphia,Dasyuridae,70.09,30.99,8.19,76.78,,,24.0,Antechinus leo,837436,False
antechinus_minimus,Antechinus minimus,Dasyuromorphia,Dasyuridae,52.56,29.27,7.19,99.1,,,24.0,Antechinus minimus,760612,False
antechinus_stuartii,Antechinus stuartii,Dasyuromorphia,Dasyuridae,29.01,28.15,6.89,89.74,0.008782702,2.0,36.0,Antechinus stuartii,74733,False
antechinus_swainsonii,Antechinus swainsonii,Dasyuromorphia,Dasyuridae,58.69,29.69,8.24,105.66,,2.0,24.0,Antechinus swainsonii,74726,False
antidorcas_marsupialis,Antidorcas marsupialis,Artiodactyla,Bovidae,33571.24,169.49,1.0,57.45,,1.0,240.0,Antidorcas marsupialis,363040,False
antilocapra_americana,Antilocapra americana,Artiodactyla,Antilocapridae,47450.01,247.99,1.93,87.54,8.05,1.0,144.0,Antilocapra americana,768683,False
antilope_cervicapra,Antilope cervicapra,Artiodactyla,Bovidae,36301.1,166.59,1.22,59.5,0.62,1.0,243.0,Antilope cervicapra,363043,False
antrozous_pallidus,Antrozous pallidus,Chiroptera,Vespertilionidae,22.24,59.01,1.78,61.1,,3.0,109.2,Antrozous pallidus,913941,False
aonyx_capensis,Aonyx capensis,Carnivora,Mustelidae,19322.22,62.99,2.62,,99.74,2.0,132.0,Aonyx capensis,4709,False
aonyx_cinerea,Aonyx cinerea,Carnivora,Mustelidae,3527.59,63.31,1.47,79.54,,3.0,121.0,Aonyx cinereus,956747,True
aotus_azarae,Aotus azarae,Primates,Aotidae,929.57,,1.0,229.69,,2.0,,Aotus azarae,1058659,False
aotus_hershkovitzi,Aotus hershkovitzi,Primates,Aotidae,800.0,,,,,2.0,,Aotus lemurinus,897634,True
aotus_lemurinus,Aotus lemurinus,Primates,Aotidae,865.96,132.23,1.01,74.57,,2.0,216.0,Aotus lemurinus,897634,False
aotus_miconax,Aotus miconax,Primates,Aotidae,800.0,,,,,2.0,,Aotus miconax,3607601,False
aotus_nancymaae,Aotus nancymaae,Primates,Aotidae,791.03,,1.02,,,2.0,,Aotus nancymaae,913299,False
aotus_nigriceps,Aotus nigriceps,Primates,Aotidae,1057.0,,,,,2.0,,Aotus nigriceps,685852,False
aotus_trivirgatus,Aotus trivirgatus,Primates,Aotidae,912.4,133.47,1.06,76.21,0.02,2.0,303.6,Aotus trivirgatus,791711,False
aotus_vociferans,Aotus vociferans,Primates,Aotidae,872.99,,1.02,,,1.0,,Aotus vociferans,685855,False
aplodontia_rufa,Aplodontia rufa,Rodentia,Aplodontiidae,806.21,30.0,2.46,58.4,0.001352133,1.0,120.0,Aplodontia rufa,159158,False
apodemus_agrarius,Apodemus agrarius,Rodentia,Muridae,21.11,19.89,5.64,,,,48.0,Apodemus agrarius,351537,False
apodemus_flavicollis,Apodemus flavicollis,Rodentia,Muridae,31.6,24.5,4.94,,0.001253831,,48.0,Apodemus flavicollis,1088760,False
apodemus_mystacinus,Apodemus mystacinus,Rodentia,Muridae,43.84,23.0,3.88,,,,,Apodemus mystacinus,1085349,False
apodemus_semotus,Apodemus semotus,Rodentia,Muridae,25.77,,3.56,,,,,Apodemus semotus,644320,False
apodemus_speciosus,Apodemus speciosus,Rodentia,Muridae,43.75,,4.47,,,,,Apodemus speciosus,644310,False
apodemus_sylvaticus,Apodemus sylvaticus,Rodentia,Muridae,21.9,23.68,5.16,19.36,0.007114139,2.0,52.8,Apodemus sylvaticus,794922,False
apodemus_uralensis,Apodemus uralensis,Rodentia,Muridae,18.26,,5.72,,,,,Apodemus uralensis,1087647,False
apodemus_witherbyi,Apodemus witherbyi,Rodentia,Muridae,20.66,,,,,,,Apodemus witherbyi,926226,False
apomys_abrae,Apomys abrae,Rodentia,Muridae,34.88,,,,,,,Apomys abrae,625473,False
apomys_datae,Apomys datae,Rodentia,Muridae,34.88,,,,,,,Apomys datae,359217,False
apomys_hylocetes,Apomys hylocetes,Rodentia,Muridae,34.88,,,,,,,Apomys hylocoetes,359227,True
apomys_insignis,Apomys insignis,Rodentia,Muridae,34.88,,,,,,,Apomys insignis,359225,False
apomys_littoralis,Apomys littoralis,Rodentia,Muridae,30.95,,,,,,,Apomys littoralis,3608633,False
apomys_microdon,Apomys microdon,Rodentia,Muridae,34.98,,,,,2.0,,Apomys microdon,359223,False
apomys_musculus,Apomys musculus,Rodentia,Muridae,21.2,,,,0.002683942,2.0,,Apomys musculus,359221,False
apomys_sacobianus,Apomys sacobianus,Rodentia,Muridae,34.88,,,,,,,Apomys sacobianus,3608634,False
aproteles_bulmerae,Aproteles bulmerae,Chiroptera,Pteropodidae,623.91,,1.0,,,1.0,,Aproteles bulmerae,635014,False
arborimus_albipes,Arborimus albipes,Rodentia,Cricetidae,23.0,,2.73,,,1.0,,Arborimus albipes,663531,False
arborimus_longicaudus,Arborimus longicaudus,Rodentia,Cricetidae,22.39,28.11,2.91,30.49,,1.0,,Arborimus longicaudus,663525,False
arborimus_pomo,Arborimus pomo,Rodentia,Cricetidae,32.49,32.33,2.0,35.29,,1.0,,Arborimus pomo,663528,False
archboldomys_luzonensis,Archboldomys luzonensis,Rodentia,Muridae,35.34,,,,,3.0,,Archboldomys luzonensis,1047897,False
arctictis_binturong,Arctictis binturong,Carnivora,Viverridae,12999.99,92.24,2.5,117.57,,1.0,272.4,Arctictis binturong,768502,False
arctocebus_aureus,Arctocebus aureus,Primates,Lorisidae,234.16,,,,,,,Arctocebus aureus,673376,False
arctocebus_calabarensis,Arctocebus calabarensis,Primates,Lorisidae,258.01,133.74,1.01,109.26,,2.0,156.0,Arctocebus calabarensis,323051,False
arctogalidia_trivirgata,Arctogalidia trivirgata,Carnivora,Viverridae,2323.79,45.95,2.79,49.41,,2.0,190.0,Arctogalidia trivirgata,768505,False
arctonyx_collaris,Arctonyx collaris,Carnivora,Mustelidae,8166.52,42.89,3.0,165.64,,2.0,167.0,Arctonyx collaris,1086986,False
ardops_nichollsi,Ardops nichollsi,Chiroptera,Phyllostomidae,19.23,,0.99,,,1.0,,Ardops nichollsi,894926,False
arielulus_circumdatus,Arielulus circumdatus,Chiroptera,Vespertilionidae,10.4,,,,,,,Arielulus circumdatus,1072700,False
artibeus_amplus,Artibeus amplus,Chiroptera,Phyllostomidae,61.04,,,,,1.0,,Artibeus amplus,900091,False
artibeus_aztecus,Artibeus aztecus,Chiroptera,Phyllostomidae,20.81,,0.99,,,1.0,,Artibeus aztecus,1039987,False
artibeus_cinereus,Artibeus cinereus,Chiroptera,Phyllostomidae,12.7,,0.99,,,1.0,,Artibeus cinereus,513419,False
artibeus_concolor,Artibeus concolor,Chiroptera,Phyllostomidae,19.65,,,,,1.0,,Artibeus concolor,513416,False
artibeus_fimbriatus,Artibeus fimbriatus,Chiroptera,Phyllostomidae,63.89,,,,,1.0,,Artibeus fimbriatus,805974,False
artibeus_glaucus,Artibeus glaucus,Chiroptera,Phyllostomidae,12.31,,,,,1.0,,Artibeus glaucus,513426,False
artibeus_gnomus,Artibeus gnomus,Chiroptera,Phyllostomidae,10.06,,,,,,,Artibeus glaucus gnomus,513423,True
artibeus_hirsutus,Artibeus hirsutus,Chiroptera,Phyllostomidae,40.42,,0.98,,,1.0,,Artibeus hirsutus,805978,False
artibeus_jamaicensis,Artibeus jamaicensis,Chiroptera,Phyllostomidae,43.63,138.7,1.0,,,2.0,120.0,Artibeus jamaicensis,289157,False
artibeus_lituratus,Artibeus lituratus,Chiroptera,Phyllostomidae,59.3,106.45,1.0,,,1.0,,Artibeus lituratus,857633,False
artibeus_obscurus,Artibeus obscurus,Chiroptera,Phyllostomidae,35.91,,0.98,,,1.0,,Artibeus obscurus,513451,False
artibeus_phaeotis,Artibeus phaeotis,Chiroptera,Phyllostomidae,11.69,,0.99,,,2.0,,Artibeus phaeotis,513447,False
artibeus_toltecus,Artibeus toltecus,Chiroptera,Phyllostomidae,15.47,,0.99,,,1.0,,Artibeus toltecus,362821,False
artibeus_watsoni,Artibeus watsoni,Chiroptera,Phyllostomidae,11.2,,1.0,,,,,Artibeus glaucus watsoni,805986,True
arvicanthis_abyssinicus,Arvicanthis abyssinicus,Rodentia,Muridae,73.34,,,,,,,Arvicanthis abyssinicus,686841,False
arvicanthis_blicki,Arvicanthis blicki,Rodentia,Muridae,128.0,,,,,,,Arvicanthis blicki,3608718,False
arvicanthis_niloticus,Arvicanthis niloticus,Rodentia,Muridae,95.8,21.99,4.86,21.0,,,,Arvicanthis niloticus,686838,False
arvicola_amphibius,Arvicola amphibius,Rodentia,Cricetidae,120.0,21.24,4.76,14.0,,,60.0,Arvicola amphibius,684847,False
arvicola_sapidus,Arvicola sapidus,Rodentia,Cricetidae,219.99,,3.21,,,,42.0,Arvicola sapidus,1035813,False
asellia_tridens,Asellia tridens,Chiroptera,Hipposideridae,12.94,66.1,,,,3.0,,Asellia tridens,992342,False
aselliscus_stoliczkanus,Aselliscus stoliczkanus,Chiroptera,Hipposideridae,6.09,,,,,3.0,,Aselliscus stoliczkanus,791905,False
aselliscus_tricuspidatus,Aselliscus tricuspidatus,Chiroptera,Hipposideridae,4.08,,0.99,,,3.0,,Aselliscus tricuspidatus,742153,False
atelerix_albiventris,Atelerix albiventris,Erinaceomorpha,Erinaceidae,293.44,35.99,3.98,59.27,,2.0,,Atelerix albiventris,376305,False
atelerix_algirus,Atelerix algirus,Erinaceomorpha,Erinaceidae,903.98,39.25,2.5,39.7,,2.0,84.0,Atelerix algirus,805535,False
atelerix_frontalis,Atelerix frontalis,Erinaceomorpha,Erinaceidae,329.12,37.13,4.99,34.8,,2.0,,Atelerix frontalis,3614702,False
ateles_belzebuth,Ateles belzebuth,Primates,Atelidae,6692.42,138.2,1.02,,2.28,1.0,336.0,Ateles belzebuth,791705,False
ateles_chamek,Ateles chamek,Primates,Atelidae,7053.92,,,,1.16,1.0,,Ateles belzebuth chamek,814889,True
ateles_fusciceps,Ateles fusciceps,Primates,Atelidae,9067.94,224.7,1.01,482.7,,1.0,288.0,Ateles fusciceps,791687,False
ateles_geoffroyi,Ateles geoffroyi,Primates,Atelidae,7582.4,226.37,1.01,816.35,0.73,1.0,327.6,Ateles geoffroyi,791691,False
ateles_marginatus,Ateles marginatus,Primates,Atelidae,6229.28,,,,,1.0,,Ateles marginatus,3607557,False
ateles_paniscus,Ateles paniscus,Primates,Atelidae,8697.25,228.18,1.0,805.41,1.36,2.0,453.6,Ateles paniscus,217258,False
atelocynus_microtis,Atelocynus microtis,Carnivora,Canidae,8363.22,,,,,3.0,132.0,Atelocynus microtis,621172,False
atherurus_africanus,Atherurus africanus,Rodentia,Hystricidae,2875.65,108.18,1.5,45.37,0.12,2.0,274.8,Atherurus africanus,276723,False
atherurus_macrourus,Atherurus macrourus,Rodentia,Hystricidae,2000.0,,1.5,,,2.0,,Atherurus macrourus,173065,False
atilax_paludinosus,Atilax paludinosus,Carnivora,Herpestidae,3600.16,77.27,2.0,35.89,1.73,2.0,209.0,Atilax paludinosus,750141,False
atlantoxerus_getulus,Atlantoxerus getulus,Rodentia,Sciuridae,250.57,,,,,,108.0,Atlantoxerus getulus,327763,False
auliscomys_boliviensis,Auliscomys boliviensis,Rodentia,Cricetidae,70.91,,3.4,,,,,Auliscomys boliviensis,150621,False
auliscomys_pictus,Auliscomys pictus,Rodentia,Cricetidae,48.97,,,,,,,Auliscomys pictus,360772,False
auliscomys_sublimis,Auliscomys sublimis,Rodentia,Cricetidae,38.0,,,,,,,Auliscomys sublimis,739479,False
avahi_laniger,Avahi laniger,Primates,Indriidae,1092.28,136.15,1.01,149.15,0.01,1.0,,Avahi laniger,516002,False
avahi_occidentalis,Avahi occidentalis,Primates,Indriidae,828.98,,1.02,,0.01,1.0,,Avahi occidentalis,563621,False
axis_axis,Axis axis,Artiodactyla,Cervidae,69499.99,227.49,1.01,121.66,0.67,,249.6,Axis axis,906317,False
axis_calamianensis,Axis calamianensis,Artiodactyla,Cervidae,39812.6,224.0,2.0,,,,,Axis calamianensis,3611944,False
axis_kuhlii,Axis kuhlii,Artiodactyla,Cervidae,54999.99,227.49,1.22,,,1.0,,Axis kuhlii,118577,False
axis_porcinus,Axis porcinus,Artiodactyla,Cervidae,37448.29,220.13,1.0,,0.52,1.0,240.0,Axis porcinus,525302,False
babyrousa_babyrussa,Babyrousa babyrussa,Artiodactyla,Suidae,92950.09,156.5,1.73,212.91,,2.0,288.0,Babyrousa babyrussa,773454,False
baiomys_musculus,Baiomys musculus,Rodentia,Cricetidae,8.99,,2.62,,,1.0,,Baiomys musculus,275823,False
baiomys_taylori,Baiomys taylori,Rodentia,Cricetidae,7.43,21.99,2.52,20.38,0.000384598,1.0,39.12,Baiomys taylori,39171,False
balantiopteryx_io,Balantiopteryx io,Chiroptera,Emballonuridae,3.97,,1.0,,,,,Balantiopteryx io,432520,False
balantiopteryx_plicata,Balantiopteryx plicata,Chiroptera,Emballonuridae,6.57,138.81,0.99,58.59,,3.0,,Balantiopteryx plicata,75168,False
balionycteris_maculata,Balionycteris maculata,Chiroptera,Pteropodidae,14.43,,1.0,,,1.0,,Balionycteris maculata,37727,False
bandicota_bengalensis,Bandicota bengalensis,Rodentia,Muridae,226.99,18.89,7.29,30.03,,,,Bandicota bengalensis,106786,False
bandicota_indica,Bandicota indica,Rodentia,Muridae,583.09,20.26,6.12,27.3,,,,Bandicota indica,836346,False
bandicota_savilei,Bandicota savilei,Rodentia,Muridae,260.63,,,,,,,Bandicota savilei,836348,False
barbastella_barbastellus,Barbastella barbastellus,Chiroptera,Vespertilionidae,8.31,,1.73,,,3.0,252.0,Barbastella barbastellus,647747,False
barbastella_leucomelas,Barbastella leucomelas,Chiroptera,Vespertilionidae,15.05,,,,,,,Barbastella leucomelas,1011492,False
bassaricyon_beddardi,Bassaricyon beddardi,Carnivora,Procyonidae,1235.01,,,,,,,Bassaricyon beddardi,1023225,False
bassaricyon_gabbii,Bassaricyon gabbii,Carnivora,Procyonidae,1250.0,76.65,1.0,89.49,,2.0,300.0,Bassaricyon gabbii,178244,False
bassaricyon_lasius,Bassaricyon lasius,Carnivora,Procyonidae,1200.0,,,,,,,Bassaricyon gabbii,178244,True
bassaricyon_pauli,Bassaricyon pauli,Carnivora,Procyonidae,1200.0,,,,,,,Bassaricyon gabbii,178244,True
bassariscus_astutus,Bassariscus astutus,Carnivora,Procyonidae,1010.37,54.23,3.0,53.84,0.74,2.0,198.0,Bassariscus astutus,685103,False
bassariscus_sumichrasti,Bassariscus sumichrasti,Carnivora,Procyonidae,906.0,,2.0,119.32,,2.0,276.0,Bassariscus sumichrasti,794088,False
bathyergus_janetta,Bathyergus janetta,Rodentia,Bathyergidae,388.69,,3.49,27.79,,1.0,,Bathyergus janetta,118538,False
bathyergus_suillus,Bathyergus suillus,Rodentia,Bathyergidae,777.38,68.41,2.89,20.84,0.002096145,1.0,,Bathyergus suillus,118542,False
batomys_granti,Batomys granti,Rodentia,Muridae,169.53,,,,0.001546275,,,Batomys granti,1050972,False
batomys_salomonseni,Batomys salomonseni,Rodentia,Muridae,185.76,,,,,,,Batomys salomonseni,931919,False
bauerus_dubiaquercus,Bauerus dubiaquercus,Chiroptera,Vespertilionidae,22.22,,1.71,,,3.0,,Antrozous dubiaquercus,127235,True
bdeogale_crassicauda,Bdeogale crassicauda,Carnivora,Herpestidae,1722.13,,0.96,,,3.0,,Bdeogale crassicauda,670220,False
bdeogale_jacksoni,Bdeogale jacksoni,Carnivora,Herpestidae,2500.0,,,,,3.0,,Bdeogale jacksoni,3613281,False
bdeogale_nigripes,Bdeogale nigripes,Carnivora,Herpestidae,2623.01,,1.0,,,2.0,190.0,Bdeogale nigripes,670218,False
beamys_hindei,Beamys hindei,Rodentia,Nesomyidae,75.8,22.79,3.49,38.49,,,,Beamys hindei,766447,False
beatragus_hunteri,Beatragus hunteri,Artiodactyla,Bovidae,79132.17,252.28,1.0,,,1.0,182.04,Beatragus hunteri,363046,False
berylmys_bowersi,Berylmys bowersi,Rodentia,Muridae,358.68,,3.88,,,,34.8,Berylmys bowersi,366063,False
bettongia_gaimardi,Bettongia gaimardi,Diprotodontia,Potoroidae,1667.55,21.14,1.0,121.32,0.41,,141.6,Bettongia gaimardi,83196,False
bettongia_lesueur,Bettongia lesueur,Diprotodontia,Potoroidae,1447.27,21.28,1.0,164.53,,,120.0,Bettongia lesueur,317165,False
bettongia_penicillata,Bettongia penicillata,Diprotodontia,Potoroidae,1184.35,20.35,1.0,150.0,,,72.0,Bettongia penicillata,97768,False
bettongia_tropica,Bettongia tropica,Diprotodontia,Potoroidae,1256.58,19.44,1.0,149.57,,,84.0,Bettongia tropica,483799,False
bibimys_chacoensis,Bibimys chacoensis,Rodentia,Cricetidae,28.0,,,,,,,Bibimys chacoensis,540521,False
bibimys_torresi,Bibimys torresi,Rodentia,Cricetidae,28.0,,,,,,,Bibimys torresi,3608230,False
bison_bison,Bison bison,Artiodactyla,Bovidae,624577.07,283.17,0.98,287.32,47.39,1.0,396.0,Bison bison,907693,False
blarina_brevicauda,Blarina brevicauda,Soricomorpha,Soricidae,18.56,20.58,5.39,21.91,0.003539783,2.0,33.0,Blarina brevicauda,54160,False
blarina_carolinensis,Blarina carolinensis,Soricomorpha,Soricidae,11.91,,3.95,,0.00995781,2.0,,Blarina carolinensis,404816,False
blarina_hylophaga,Blarina hylophaga,Soricomorpha,Soricidae,14.49,,,,,,,Blarina hylophaga,404814,False
blarinomys_breviceps,Blarinomys breviceps,Rodentia,Cricetidae,36.79,,1.21,,,3.0,,Blarinomys breviceps,196745,False
blastocerus_dichotomus,Blastocerus dichotomus,Artiodactyla,Cervidae,112518.53,272.37,0.98,,,1.0,,Blastocerus dichotomus,678842,False
bos_frontalis,Bos frontalis,Artiodactyla,Bovidae,800143.05,273.75,1.22,186.67,,1.0,314.4,Bos frontalis,96935,False
bos_grunniens,Bos grunniens,Artiodactyla,Bovidae,500000.0,273.75,1.0,243.33,,1.0,267.0,Bos grunniens,381164,False
bos_javanicus,Bos javanicus,Artiodactyla,Bovidae,635974.34,296.78,1.22,287.74,,1.0,318.96,Bos javanicus,907672,False
bos_sauveli,Bos sauveli,Artiodactyla,Bovidae,791321.76,,,,,1.0,,Bos sauveli,620923,False
bos_taurus,Bos taurus,Artiodactyla,Bovidae,618642.42,280.48,,,10.04,,240.0,Bos taurus,490099,False
boselaphus_tragocamelus,Boselaphus tragocamelus,Artiodactyla,Bovidae,182253.04,248.49,1.39,,,1.0,260.4,Boselaphus tragocamelus,756060,False
brachylagus_idahoensis,Brachylagus idahoensis,Lagomorpha,Leporidae,431.19,38.99,5.81,,0.003792025,1.0,,Brachylagus idahoensis,923726,False
brachyphylla_cavernarum,Brachyphylla cavernarum,Chiroptera,Phyllostomidae,45.5,,1.0,73.44,,2.0,,Brachyphylla cavernarum,456526,False
brachyphylla_nana,Brachyphylla nana,Chiroptera,Phyllostomidae,37.25,,0.98,,,,,Brachyphylla nana,179313,False
brachytarsomys_albicauda,Brachytarsomys albicauda,Rodentia,Nesomyidae,200.0,,,,,1.0,,Brachytarsomys albicauda,441614,False
brachyteles_arachnoides,Brachyteles arachnoides,Primates,Atelidae,10537.31,221.75,1.02,734.82,1.04,2.0,,Brachyteles arachnoides,1058645,False
brachyuromys_betsileoensis,Brachyuromys betsileoensis,Rodentia,Nesomyidae,93.58,,,,,,,Brachyuromys betsileoensis,441611,False
brachyuromys_ramirohitra,Brachyuromys ramirohitra,Rodentia,Nesomyidae,92.31,,,,,,,Brachyuromys ramirohitra,277060,False
bradypus_torquatus,Bradypus torquatus,Pilosa,Bradypodidae,4468.42,150.0,1.0,28.28,0.03,2.0,144.0,Bradypus torquatus,759319,False
bradypus_tridactylus,Bradypus tridactylus,Pilosa,Bradypodidae,4375.8,126.96,1.0,68.2,,1.0,,Bradypus tridactylus,527342,False
bradypus_variegatus,Bradypus variegatus,Pilosa,Bradypodidae,4136.36,170.84,1.0,39.28,0.01,1.0,,Bradypus variegatus,273233,False
brucepattersonius_iheringi,Brucepattersonius iheringi,Rodentia,Cricetidae,43.0,,,,,3.0,,Brucepattersonius iheringi,4940968,False
bubalus_bubalis,Bubalus bubalis,Artiodactyla,Bovidae,929500.97,320.0,1.5,240.31,3.63,1.0,339.0,Bubalus bubalis,641187,False
bubalus_depressicornis,Bubalus depressicornis,Artiodactyla,Bovidae,256989.27,295.78,1.0,,,1.0,432.96,Bubalus depressicornis,346060,False
bubalus_mindorensis,Bubalus mindorensis,Artiodactyla,Bovidae,254389.74,306.06,1.0,,,1.0,336.0,Bubalus mindorensis,989909,False
bubalus_quarlesi,Bubalus quarlesi,Artiodactyla,Bovidae,181718.86,294.99,1.0,,,1.0,270.0,Bubalus quarlesi,463449,False
budorcas_taxicolor,Budorcas taxicolor,Artiodactyla,Bovidae,294515.33,235.6,1.22,118.55,,1.0,234.96,Budorcas taxicolor,860784,False
bullimus_bagobus,Bullimus bagobus,Rodentia,Muridae,395.38,,,,,,,Bullimus bagobus,931920,False
bunolagus_monticularis,Bunolagus monticularis,Lagomorpha,Leporidae,1750.01,,1.22,,0.14,1.0,,Bunolagus monticularis,923729,False
bunomys_chrysocomus,Bunomys chrysocomus,Rodentia,Muridae,111.29,,,,,,,Bunomys chrysocomus,481162,False
bunomys_fratrorum,Bunomys fratrorum,Rodentia,Muridae,130.31,,,,,,,Bunomys fratrorum,3608754,False
bunopithecus_hoolock,Bunopithecus hoolock,Primates,Hylobatidae,6699.0,232.5,1.01,635.13,0.16,2.0,,Hoolock hoolock,1029474,True
burramys_parvus,Burramys parvus,Diprotodontia,Burramyidae,44.27,14.74,3.6,59.82,,2.0,144.0,Burramys parvus,277687,False
cabassous_centralis,Cabassous centralis,Cingulata,Dasypodidae,3669.69,,1.0,,,3.0,,Cabassous centralis,4119200,False
cabassous_chacoensis,Cabassous chacoensis,Cingulata,Dasypodidae,1490.01,,,,,3.0,,Cabassous chacoensis,4119201,False
cabassous_tatouay,Cabassous tatouay,Cingulata,Dasypodidae,5349.95,,,,,3.0,,Cabassous tatouay,4119202,False
cabassous_unicinctus,Cabassous unicinctus,Cingulata,Dasypodidae,3987.97,,1.0,,,3.0,,Cabassous unicinctus,1014321,False
cacajao_calvus,Cacajao calvus,Primates,Pitheciidae,3421.04,180.0,1.01,339.29,,2.0,324.0,Cacajao calvus,1058649,False
cacajao_melanocephalus,Cacajao melanocephalus,Primates,Pitheciidae,3121.58,,,,,2.0,216.0,Cacajao melanocephalus,1022358,False
caenolestes_caniventer,Caenolestes caniventer,Paucituberculata,Caenolestidae,40.0,,2.0,,,2.0,,Caenolestes caniventer,3606854,False
caenolestes_condorensis,Caenolestes condorensis,Paucituberculata,Caenolestidae,47.81,,,,,3.0,,Caenolestes condorensis,3606857,False
caenolestes_convelatus,Caenolestes convelatus,Paucituberculata,Caenolestidae,31.56,,,,,3.0,,Caenolestes convelatus,3606853,False
caenolestes_fuliginosus,Caenolestes fuliginosus,Paucituberculata,Caenolestidae,28.64,,3.62,,,2.0,,Caenolestes fuliginosus,306784,False
calcochloris_obtusirostris,Calcochloris obtusirostris,Afrosoricida,Chrysochloridae,24.05,,2.0,,,3.0,,Calcochloris obtusirostris,178883,False
callicebus_brunneus,Callicebus brunneus,Primates,Pitheciidae,850.84,,1.02,,0.04,,,Plecturocebus brunneus,645175,True
callicebus_cinerascens,Callicebus cinerascens,Primates,Pitheciidae,992.4,,1.02,,,,,Plecturocebus cinerascens,3607584,True
callicebus_cupreus,Callicebus cupreus,Primates,Pitheciidae,1117.02,129.25,1.01,201.85,,,,Plecturocebus cupreus,34118,True
callicebus_donacophilus,Callicebus donacophilus,Primates,Pitheciidae,897.67,,1.02,,,,,Plecturocebus donacophilus,282614,True
callicebus_hoffmannsi,Callicebus hoffmannsi,Primates,Pitheciidae,1067.61,,1.02,,,,,Plecturocebus hoffmannsi,442910,True
callicebus_modestus,Callicebus modestus,Primates,Pitheciidae,992.4,,1.02,,,,,Plecturocebus modestus,3607580,True
callicebus_moloch,Callicebus moloch,Primates,Pitheciidae,958.13,164.0,1.01,58.85,0.02,2.0,303.6,Plecturocebus moloch,842880,True
callicebus_oenanthe,Callicebus oenanthe,Primates,Pitheciidae,992.4,,1.02,,,,,Plecturocebus oenanthe,3607577,True
callicebus_olallae,Callicebus olallae,Primates,Pitheciidae,992.4,,1.02,,,,,Plecturocebus olallae,3607581,True
callicebus_personatus,Callicebus personatus,Primates,Pitheciidae,1390.8,,1.01,,0.03,1.0,,Callicebus personatus,546503,False
callimico_goeldii,Callimico goeldii,Primates,Cebidae,558.0,153.99,1.05,66.53,0.32,2.0,214.8,Callimico goeldii,489230,False
callistomys_pictus,Callistomys pictus,Rodentia,Echimyidae,518.99,,,,,,,Callistomys pictus,3609815,False
callithrix_argentata,Callithrix argentata,Primates,Cebidae,382.92,,1.84,,,2.0,201.6,Mico argentatus,1015228,True
callithrix_aurita,Callithrix aurita,Primates,Cebidae,386.2,140.0,2.0,,0.08,2.0,,Callithrix aurita,341886,False
callithrix_emiliae,Callithrix emiliae,Primates,Cebidae,309.58,,,,,,,Mico emiliae,488310,True
callithrix_flaviceps,Callithrix flaviceps,Primates,Cebidae,372.97,140.0,2.0,,0.22,2.0,,Callithrix flaviceps,3607562,False
callithrix_geoffroyi,Callithrix geoffroyi,Primates,Cebidae,342.0,,,,,,,Callithrix geoffroyi,683989,False
callithrix_humeralifera,Callithrix humeralifera,Primates,Cebidae,374.99,,,99.01,0.1,2.0,180.0,Mico humeralifer,683993,True
callithrix_jacchus,Callithrix jacchus,Primates,Cebidae,290.21,144.0,2.31,60.24,0.02,2.0,201.6,Callithrix jacchus,1015223,False
callithrix_kuhlii,Callithrix kuhlii,Primates,Cebidae,374.99,,,,0.06,2.0,,Callithrix kuhlii,947308,False
callithrix_mauesi,Callithrix mauesi,Primates,Cebidae,443.79,,,,,2.0,,Mico mauesi,341884,True
callithrix_nigriceps,Callithrix nigriceps,Primates,Cebidae,401.12,,2.0,,,2.0,,Mico nigriceps,3607568,True
callithrix_penicillata,Callithrix penicillata,Primates,Cebidae,339.98,,2.0,,0.01,,,Callithrix penicillata,341908,False
callithrix_pygmaea,Callithrix pygmaea,Primates,Cebidae,123.94,134.44,1.93,90.73,0.002117904,2.0,181.2,Callithrix pygmaea,489225,False
callosciurus_adamsi,Callosciurus adamsi,Rodentia,Sciuridae,208.72,,1.94,,,2.0,,Callosciurus adamsi,3609167,False
callosciurus_baluensis,Callosciurus baluensis,Rodentia,Sciuridae,323.91,,3.0,,,2.0,,Callosciurus baluensis,3609166,False
callosciurus_caniceps,Callosciurus caniceps,Rodentia,Sciuridae,264.91,,2.19,,0.01,,114.0,Callosciurus caniceps,504021,False
callosciurus_erythraeus,Callosciurus erythraeus,Rodentia,Sciuridae,283.23,,1.94,,0.008950755,1.0,193.2,Callosciurus erythraeus,1030044,False
callosciurus_melanogaster,Callosciurus melanogaster,Rodentia,Sciuridae,296.0,,,,,2.0,,Callosciurus melanogaster,3609165,False
callosciurus_nigrovittatus,Callosciurus nigrovittatus,Rodentia,Sciuridae,208.3,,2.36,,0.01,2.0,,Callosciurus nigrovittatus,371119,False
callosciurus_notatus,Callosciurus notatus,Rodentia,Sciuridae,209.49,,2.62,,0.02,2.0,115.2,Callosciurus notatus,1030052,False
callosciurus_orestes,Callosciurus orestes,Rodentia,Sciuridae,323.91,,3.0,,,2.0,,Callosciurus orestes,246726,False
callosciurus_prevostii,Callosciurus prevostii,Rodentia,Sciuridae,400.0,46.08,1.29,,,2.0,68.0,Callosciurus prevostii,1030040,False
calomys_boliviae,Calomys boliviae,Rodentia,Cricetidae,27.0,,,,,,,Calomys boliviae,3608240,False
calomys_hummelincki,Calomys hummelincki,Rodentia,Cricetidae,27.0,,,,,,,Calomys hummelincki,654348,False
calomys_laucha,Calomys laucha,Rodentia,Cricetidae,14.0,25.0,5.3,,,2.0,,Calomys laucha,39185,False
calomys_lepidus,Calomys lepidus,Rodentia,Cricetidae,20.59,,4.29,,,,,Calomys lepidus,360776,False
calomys_musculinus,Calomys musculinus,Rodentia,Cricetidae,20.2,20.97,6.27,,,2.0,,Calomys musculinus,39183,False
calomys_sorellus,Calomys sorellus,Rodentia,Cricetidae,20.0,,,,,,,Calomys sorellus,360774,False
calomys_tener,Calomys tener,Rodentia,Cricetidae,13.8,,,,,,,Calomys tener,990309,False
calomyscus_bailwardi,Calomyscus bailwardi,Rodentia,Calomyscidae,21.38,,4.0,,,,,Calomyscus bailwardi,611276,False
caluromys_derbianus,Caluromys derbianus,Didelphimorphia,Didelphidae,326.72,,3.14,,,2.0,60.0,Caluromys derbianus,307517,False
caluromys_lanatus,Caluromys lanatus,Didelphimorphia,Didelphidae,350.33,,,,,2.0,60.0,Caluromys lanatus,606431,False
caluromys_philander,Caluromys philander,Didelphimorphia,Didelphidae,246.47,23.99,4.18,119.65,0.009960363,2.0,76.0,Caluromys philander,589460,False
caluromysiops_irrupta,Caluromysiops irrupta,Didelphimorphia,Didelphidae,257.48,,2.0,,,2.0,94.0,Caluromysiops irrupta,608047,False
calyptophractus_retusus,Calyptophractus retusus,Cingulata,Dasypodidae,129.99,,,,,2.0,144.0,Calyptophractus retusus,390325,False
camelus_bactrianus,Camelus bactrianus,Artiodactyla,Camelidae,554515.91,397.99,1.39,368.13,,1.0,480.0,Camelus bactrianus,510768,False
canis_adustus,Canis adustus,Carnivora,Canidae,10392.49,65.0,4.5,52.89,1.01,2.0,137.0,Canis adustus,621176,False
canis_aureus,Canis aureus,Carnivora,Canidae,9658.7,61.24,3.74,61.3,2.95,2.0,192.0,Canis aureus,621168,False
canis_latrans,Canis latrans,Carnivora,Canidae,11989.1,61.74,5.72,43.71,18.88,3.0,262.0,Canis latrans,247331,False
canis_lupus,Canis lupus,Carnivora,Canidae,31756.51,63.5,4.98,44.82,159.86,3.0,354.0,Canis lupus,247341,False
canis_mesomelas,Canis mesomelas,Carnivora,Canidae,8247.3,62.5,3.89,34.1,11.93,2.0,168.0,Canis mesomelas,666235,False
canis_simensis,Canis simensis,Carnivora,Canidae,14361.86,63.61,,69.6,4.2,3.0,,Canis simensis,752755,False
cannomys_badius,Cannomys badius,Rodentia,Spalacidae,472.07,41.49,2.0,50.1,,,48.0,Cannomys badius,3610667,False
capra_caucasica,Capra caucasica,Artiodactyla,Bovidae,58149.52,155.0,1.09,,,,264.0,Capra caucasica,698611,False
capra_falconeri,Capra falconeri,Artiodactyla,Bovidae,54303.37,167.98,1.73,167.29,,1.0,168.0,Capra falconeri,202967,False
capra_ibex,Capra ibex,Artiodactyla,Bovidae,69546.83,167.5,1.11,111.75,,1.0,267.6,Capra ibex,698617,False
capra_nubiana,Capra nubiana,Artiodactyla,Bovidae,47763.72,150.0,1.0,,,,204.0,Capra nubiana,698614,False
capra_pyrenaica,Capra pyrenaica,Artiodactyla,Bovidae,60898.77,150.0,1.5,,0.64,1.0,192.0,Capra pyrenaica,338215,False
capra_sibirica,Capra sibirica,Artiodactyla,Bovidae,130000.0,175.0,,,,,267.0,Capra sibirica,698623,False
capra_walie,Capra walie,Artiodactyla,Bovidae,100144.02,157.5,1.0,,,,,Capra walie,541967,False
capreolus_capreolus,Capreolus capreolus,Artiodactyla,Cervidae,22502.01,196.0,1.79,79.75,0.52,,204.0,Capreolus capreolus,460517,False
capreolus_pygargus,Capreolus pygargus,Artiodactyla,Cervidae,41371.03,290.0,2.0,136.1,0.99,,,Capreolus pygargus,199368,False
capricornis_crispus,Capricornis crispus,Artiodactyla,Bovidae,43030.64,213.0,1.0,59.27,0.11,,222.96,Capricornis crispus,122642,False
capricornis_sumatraensis,Capricornis sumatraensis,Artiodactyla,Bovidae,110942.22,231.37,1.22,166.34,,1.0,252.0,Capricornis sumatraensis,798021,False
caprolagus_hispidus,Caprolagus hispidus,Lagomorpha,Leporidae,2496.99,40.0,3.46,,0.004121254,1.0,,Caprolagus hispidus,144983,False
capromys_pilorides,Capromys pilorides,Rodentia,Capromyidae,5200.0,125.0,2.0,41.99,,2.0,136.0,Capromys pilorides,848925,False
caracal_caracal,Caracal caracal,Carnivora,Felidae,11964.38,71.47,2.3,120.41,293.94,3.0,204.0,Caracal caracal,1033549,False
cardioderma_cor,Cardioderma cor,Chiroptera,Megadermatidae,26.45,92.54,1.0,55.8,,3.0,,Cardioderma cor,539631,False
carollia_brevicauda,Carollia brevicauda,Chiroptera,Phyllostomidae,14.85,,0.98,,,1.0,,Carollia brevicauda,758569,False
carollia_castanea,Carollia castanea,Chiroptera,Phyllostomidae,13.1,,0.99,,,1.0,,Carollia castanea,941606,False
carollia_perspicillata,Carollia perspicillata,Chiroptera,Phyllostomidae,19.23,114.6,1.0,35.63,,2.0,148.8,Carollia perspicillata,1039980,False
carollia_subrufa,Carollia subrufa,Chiroptera,Phyllostomidae,15.84,,0.98,,,1.0,,Carollia subrufa,587100,False
carpitalpa_arendsi,Carpitalpa arendsi,Afrosoricida,Chrysochloridae,52.34,,,,,3.0,,Carpitalpa arendsi,178898,False
carterodon_sulcidens,Carterodon sulcidens,Rodentia,Echimyidae,113.8,,,,,,,Carterodon sulcidens,3611107,False
casinycteris_argynnis,Casinycteris argynnis,Chiroptera,Pteropodidae,28.28,,0.98,,,1.0,,Casinycteris argynnis,663912,False
castor_canadensis,Castor canadensis,Rodentia,Castoridae,18124.41,111.59,3.6,46.5,0.06,1.0,180.0,Castor canadensis,886085,False
castor_fiber,Castor fiber,Rodentia,Castoridae,19000.0,106.42,2.95,60.18,,1.0,300.0,Castor fiber,1048188,False
catagonus_wagneri,Catagonus wagneri,Artiodactyla,Tayassuidae,35566.4,152.08,2.47,60.37,7.0,2.0,108.0,Catagonus wagneri,488614,False
catopuma_badia,Catopuma badia,Carnivora,Felidae,3429.52,,,,,,,Catopuma badia,763032,False
catopuma_temminckii,Catopuma temminckii,Carnivora,Felidae,7726.46,99.07,1.5,,,3.0,216.0,Catopuma temminckii,763025,False
cavia_aperea,Cavia aperea,Rodentia,Caviidae,524.38,61.7,2.14,20.86,0.000921587,1.0,,Cavia aperea,152034,False
cavia_fulgida,Cavia fulgida,Rodentia,Caviidae,282.5,,1.34,20.88,,,,Cavia fulgida,236059,False
cavia_magna,Cavia magna,Rodentia,Caviidae,459.99,,,20.88,,,,Cavia magna,572994,False
cavia_tschudii,Cavia tschudii,Rodentia,Caviidae,1000.0,62.99,1.9,20.88,,,,Cavia tschudii,67363,False
cebus_albifrons,Cebus albifrons,Primates,Cebidae,2509.68,158.29,1.01,270.32,0.53,2.0,528.0,Cebus albifrons,197032,False
cebus_apella,Cebus apella,Primates,Cebidae,2758.38,154.99,1.05,263.12,0.88,2.0,541.2,Sapajus apella,197026,True
cebus_capucinus,Cebus capucinus,Primates,Cebidae,3005.99,161.06,1.01,514.07,0.35,2.0,657.6,Cebus capucinus,217252,False
cebus_kaapori,Cebus kaapori,Primates,Cebidae,3000.0,,,,,,,Cebus kaapori,913292,False
cebus_olivaceus,Cebus olivaceus,Primates,Cebidae,2787.64,,1.01,725.86,1.7,2.0,492.0,Cebus olivaceus,913293,False
centronycteris_maximiliani,Centronycteris maximiliani,Chiroptera,Emballonuridae,23.0,,0.98,,,3.0,,Centronycteris maximiliani,846879,False
centurio_senex,Centurio senex,Chiroptera,Phyllostomidae,23.09,,0.99,,,1.0,,Centurio senex,351782,False
cephalophus_adersi,Cephalophus adersi,Artiodactyla,Bovidae,9249.95,120.0,1.0,,,1.0,48.96,Cephalophus adersi,436159,False
cephalophus_callipygus,Cephalophus callipygus,Artiodactyla,Bovidae,19079.23,,,,0.32,1.0,,Cephalophus callipygus,436161,False
cephalophus_dorsalis,Cephalophus dorsalis,Artiodactyla,Bovidae,20000.0,238.0,1.0,,0.27,2.0,204.96,Cephalophus dorsalis,1054624,False
cephalophus_jentinki,Cephalophus jentinki,Artiodactyla,Bovidae,68489.54,,1.0,,,1.0,210.0,Cephalophus jentinki,436151,False
cephalophus_leucogaster,Cephalophus leucogaster,Artiodactyla,Bovidae,13208.69,,1.0,,,2.0,63.96,Cephalophus leucogaster,603124,False
cephalophus_natalensis,Cephalophus natalensis,Artiodactyla,Bovidae,12724.51,212.97,1.0,,0.06,1.0,180.0,Cephalophus natalensis,401074,False
cephalophus_niger,Cephalophus niger,Artiodactyla,Bovidae,19094.32,126.0,1.0,89.49,,2.0,122.04,Cephalophus niger,436153,False
cephalophus_nigrifrons,Cephalophus nigrifrons,Artiodactyla,Bovidae,14676.33,,,,,1.0,236.4,Cephalophus nigrifrons,436155,False
cephalophus_ogilbyi,Cephalophus ogilbyi,Artiodactyla,Bovidae,18386.42,121.66,1.0,,0.07,,,Cephalophus ogilbyi,436163,False
cephalophus_rufilatus,Cephalophus rufilatus,Artiodactyla,Bovidae,12114.57,233.99,1.0,85.59,,2.0,114.0,Cephalophus rufilatus,962019,False
cephalophus_silvicultor,Cephalophus silvicultor,Artiodactyla,Bovidae,62006.6,234.43,1.0,34.9,,2.0,207.96,Cephalophus silvicultor,380144,False
cephalophus_spadix,Cephalophus spadix,Artiodactyla,Bovidae,56857.02,,,,,1.0,65.04,Cephalophus spadix,962017,False
cephalophus_zebra,Cephalophus zebra,Artiodactyla,Bovidae,15654.75,223.89,1.0,13.64,,2.0,146.04,Cephalophus zebra,962013,False
ceratotherium_simum,Ceratotherium simum,Perissodactyla,Rhinocerotidae,2285939.43,534.19,1.0,365.0,19.09,1.0,600.0,Ceratotherium simum,1034198,False
cercartetus_caudatus,Cercartetus caudatus,Diprotodontia,Burramyidae,23.05,,2.37,76.04,,2.0,38.4,Cercartetus caudatus,277691,False
cercartetus_concinnus,Cercartetus concinnus,Diprotodontia,Burramyidae,15.96,52.14,4.6,49.99,,,,Cercartetus concinnus,810548,False
cercartetus_lepidus,Cercartetus lepidus,Diprotodontia,Burramyidae,8.03,,3.33,89.99,,2.0,,Cercartetus lepidus,810556,False
cercartetus_nanus,Cercartetus nanus,Diprotodontia,Burramyidae,26.85,,3.96,62.5,0.005564565,2.0,96.0,Cercartetus nanus,810555,False
cercocebus_agilis,Cercocebus agilis,Primates,Cercopithecidae,7105.62,,,,,,,Cercocebus agilis,363077,False
cercocebus_atys,Cercocebus atys,Primates,Cercopithecidae,6941.24,165.08,1.01,,,,321.6,Cercocebus atys,268349,False
cercocebus_galeritus,Cercocebus galeritus,Primates,Cercopithecidae,7077.66,174.43,1.01,,0.51,1.0,252.0,Cercocebus galeritus,268347,False
cercocebus_torquatus,Cercocebus torquatus,Primates,Cercopithecidae,7293.07,168.98,1.01,,,1.0,360.0,Cercocebus torquatus,268353,False
cercopithecus_ascanius,Cercopithecus ascanius,Primates,Cercopithecidae,3540.24,148.5,1.01,146.54,0.16,2.0,339.6,Cercopithecus ascanius,203184,False
cercopithecus_campbelli,Cercopithecus campbelli,Primates,Cercopithecidae,3627.73,180.8,1.02,362.93,0.01,1.0,396.0,Cercopithecus campbelli,140251,False
cercopithecus_cephus,Cercopithecus cephus,Primates,Cercopithecidae,3444.88,169.51,1.01,362.93,0.24,2.0,276.0,Cercopithecus cephus,268334,False
cercopithecus_diana,Cercopithecus diana,Primates,Cercopithecidae,4358.91,,1.01,362.93,1.25,2.0,447.6,Cercopithecus diana,203187,False
cercopithecus_dryas,Cercopithecus dryas,Primates,Cercopithecidae,2784.06,,1.02,,,,,Cercopithecus dryas,3607607,False
cercopithecus_erythrogaster,Cercopithecus erythrogaster,Primates,Cercopithecidae,3444.88,,1.02,,,2.0,,Cercopithecus erythrogaster,179316,False
cercopithecus_erythrotis,Cercopithecus erythrotis,Primates,Cercopithecidae,3254.98,,1.02,,,2.0,,Cercopithecus erythrotis,623302,False
cercopithecus_lhoesti,Cercopithecus lhoesti,Primates,Cercopithecidae,5307.47,,1.0,,,2.0,192.0,Allochrocebus lhoesti,954691,True
cercopithecus_mitis,Cercopithecus mitis,Primates,Cercopithecidae,5041.29,138.39,1.0,688.08,0.1,2.0,325.2,Cercopithecus mitis,203191,False
cercopithecus_mona,Cercopithecus mona,Primates,Cercopithecidae,3980.17,,1.0,,,,360.0,Cercopithecus mona,918231,False
cercopithecus_neglectus,Cercopithecus neglectus,Primates,Cercopithecidae,5324.52,172.07,1.02,417.62,0.06,2.0,315.6,Cercopithecus neglectus,918233,False
cercopithecus_nictitans,Cercopithecus nictitans,Primates,Cercopithecidae,5256.91,169.51,1.0,,1.15,2.0,276.0,Cercopithecus nictitans,203154,False
cercopithecus_petaurista,Cercopithecus petaurista,Primates,Cercopithecidae,3233.67,,1.02,,,,228.0,Cercopithecus petaurista,949841,False
cercopithecus_pogonias,Cercopithecus pogonias,Primates,Cercopithecidae,3578.27,169.51,1.01,,1.15,2.0,289.2,Cercopithecus pogonias,80548,False
cercopithecus_preussi,Cercopithecus preussi,Primates,Cercopithecidae,5132.57,,1.02,,,2.0,,Allochrocebus preussi,283455,True
cercopithecus_sclateri,Cercopithecus sclateri,Primates,Cercopithecidae,3067.29,,1.02,,,,,Cercopithecus sclateri,3607606,False
cercopithecus_solatus,Cercopithecus solatus,Primates,Cercopithecidae,5256.91,,1.01,,,,,Allochrocebus solatus,807150,True
cercopithecus_wolfi,Cercopithecus wolfi,Primates,Cercopithecidae,3255.18,,1.02,,,,,Cercopithecus wolfi,375164,False
cerdocyon_thous,Cerdocyon thous,Carnivora,Canidae,5741.66,57.18,3.09,72.33,1.41,2.0,138.0,Cerdocyon thous,821960,False
cervus_elaphus,Cervus elaphus,Artiodactyla,Cervidae,240867.13,235.61,1.09,104.64,58.42,1.0,321.6,Cervus elaphus,936014,False
cervus_nippon,Cervus nippon,Artiodactyla,Cervidae,52999.99,223.66,1.0,197.7,1.43,1.0,305.04,Cervus nippon,754809,False
chaerephon_bivittatus,Chaerephon bivittatus,Chiroptera,Molossidae,15.42,,,,,,,Chaerephon bivittatus,3613970,False
chaerephon_jobensis,Chaerephon jobensis,Chiroptera,Molossidae,20.71,,,,,3.0,,Chaerephon jobensis,661824,False
chaerephon_major,Chaerephon major,Chiroptera,Molossidae,15.17,,1.0,,,,,Chaerephon major,3613964,False
chaerephon_nigeriae,Chaerephon nigeriae,Chiroptera,Molossidae,20.14,,,,,,,Chaerephon nigeriae,661827,False
chaerephon_plicatus,Chaerephon plicatus,Chiroptera,Molossidae,21.83,88.64,0.99,,,3.0,,Chaerephon plicatus,682737,False
chaerephon_pumilus,Chaerephon pumilus,Chiroptera,Molossidae,10.98,62.57,1.0,24.5,,3.0,60.0,Chaerephon pumilus,1079628,False
chaerephon_russatus,Chaerephon russatus,Chiroptera,Molossidae,16.98,,0.99,,,,,Chaerephon russatus,3613962,False
chaerephon_tomensis,Chaerephon tomensis,Chiroptera,Molossidae,7.48,,,,,,,Chaerephon tomensis,3613940,False
chaetocauda_sichuanensis,Chaetocauda sichuanensis,Rodentia,Gliridae,31.51,,,,,,,Chaetocauda sichuanensis,3608168,False
chaetodipus_arenarius,Chaetodipus arenarius,Rodentia,Heteromyidae,23.0,,2.91,,,,,Chaetodipus arenarius,632596,False
chaetodipus_baileyi,Chaetodipus baileyi,Rodentia,Heteromyidae,28.44,,3.68,,,2.0,,Chaetodipus baileyi,764435,False
chaetodipus_californicus,Chaetodipus californicus,Rodentia,Heteromyidae,23.01,25.16,4.0,23.0,,,,Chaetodipus californicus,764439,False
chaetodipus_fallax,Chaetodipus fallax,Rodentia,Heteromyidae,19.19,25.0,3.45,,0.002300009,1.0,99.6,Chaetodipus fallax,190181,False
chaetodipus_formosus,Chaetodipus formosus,Rodentia,Heteromyidae,20.02,28.0,5.28,21.0,,,60.0,Chaetodipus formosus,1004150,False
chaetodipus_hispidus,Chaetodipus hispidus,Rodentia,Heteromyidae,37.24,,5.34,30.18,,1.0,,Chaetodipus hispidus,427276,False
chaetodipus_intermedius,Chaetodipus intermedius,Rodentia,Heteromyidae,14.94,,5.53,,,,,Chaetodipus intermedius,374303,False
chaetodipus_lineatus,Chaetodipus lineatus,Rodentia,Heteromyidae,23.0,,,,,1.0,,Chaetodipus lineatus,3609615,False
chaetodipus_nelsoni,Chaetodipus nelsoni,Rodentia,Heteromyidae,15.53,30.63,3.46,,0.002835545,2.0,,Chaetodipus nelsoni,190185,False
chaetodipus_penicillatus,Chaetodipus penicillatus,Rodentia,Heteromyidae,15.57,26.0,3.4,,0.005027576,,,Chaetodipus penicillatus,1004164,False
chaetodipus_pernix,Chaetodipus pernix,Rodentia,Heteromyidae,17.0,,,,,1.0,,Chaetodipus pernix,1004162,False
chaetodipus_spinatus,Chaetodipus spinatus,Rodentia,Heteromyidae,16.34,,3.5,,,,,Chaetodipus spinatus,190184,False
chaetomys_subspinosus,Chaetomys subspinosus,Rodentia,Erethizontidae,1299.99,,,,,1.0,,Chaetomys subspinosus,463598,False
chaetophractus_nationi,Chaetophractus nationi,Cingulata,Dasypodidae,2110.04,,,,,3.0,,Chaetophractus nationi,4119189,False
chaetophractus_vellerosus,Chaetophractus vellerosus,Cingulata,Dasypodidae,930.16,,,,0.02,2.0,,Chaetophractus vellerosus,627609,False
chaetophractus_villosus,Chaetophractus villosus,Cingulata,Dasypodidae,4372.8,68.93,1.62,76.56,,,240.0,Chaetophractus villosus,180375,False
chalinolobus_dwyeri,Chalinolobus dwyeri,Chiroptera,Vespertilionidae,8.74,,1.34,36.41,,,,Chalinolobus dwyeri,3613736,False
chalinolobus_gouldii,Chalinolobus gouldii,Chiroptera,Vespertilionidae,14.24,92.54,1.41,,,3.0,,Chalinolobus gouldii,119979,False
chalinolobus_morio,Chalinolobus morio,Chiroptera,Vespertilionidae,8.91,,1.38,,,3.0,,Chalinolobus morio,905052,False
chalinolobus_nigrogriseus,Chalinolobus nigrogriseus,Chiroptera,Vespertilionidae,8.79,,,,,,,Chalinolobus nigrogriseus,1066074,False
cheirogaleus_major,Cheirogaleus major,Primates,Cheirogaleidae,446.02,70.0,2.26,47.14,0.02,2.0,180.0,Cheirogaleus major,589601,False
cheirogaleus_medius,Cheirogaleus medius,Primates,Cheirogaleidae,196.76,61.79,2.04,60.65,0.02,2.0,231.6,Cheirogaleus medius,863759,False
cheiromeles_torquatus,Cheiromeles torquatus,Chiroptera,Molossidae,169.43,,,,,3.0,,Cheiromeles torquatus,539633,False
chelemys_macronyx,Chelemys macronyx,Rodentia,Cricetidae,70.99,,4.37,,,2.0,,Chelemys macronyx,360758,False
chelemys_megalonyx,Chelemys megalonyx,Rodentia,Cricetidae,50.8,,,,,,,Chelemys megalonyx,160821,False
chibchanomys_trichotis,Chibchanomys trichotis,Rodentia,Cricetidae,49.99,,0.97,,,,,Chibchanomys trichotis,3609937,False
chilomys_instans,Chilomys instans,Rodentia,Cricetidae,19.0,,,,,,,Chilomys instans,196748,False
chilonatalus_tumidifrons,Chilonatalus tumidifrons,Chiroptera,Natalidae,3.62,,,,,3.0,,Chilonatalus tumidifrons,120235,False
chimarrogale_hantu,Chimarrogale hantu,Soricomorpha,Soricidae,54.99,,,,,3.0,,Chimarrogale hantu,3614462,False
chimarrogale_himalayica,Chimarrogale himalayica,Soricomorpha,Soricidae,33.5,,,,,3.0,,Chimarrogale himalayica,1050014,False
chimarrogale_platycephalus,Chimarrogale platycephalus,Soricomorpha,Soricidae,36.32,,,,,3.0,,Chimarrogale platycephalus,634077,False
chinchilla_chinchilla,Chinchilla chinchilla,Rodentia,Chinchillidae,499.99,111.0,2.5,48.99,,1.0,120.0,Chinchilla chinchilla,169705,False
chinchilla_lanigera,Chinchilla lanigera,Rodentia,Chinchillidae,480.28,112.47,1.87,,,1.0,135.6,Chinchilla lanigera,173054,False
chinchillula_sahamae,Chinchillula sahamae,Rodentia,Cricetidae,169.74,,,,,2.0,,Chinchillula sahamae,3610467,False
chionomys_nivalis,Chionomys nivalis,Rodentia,Cricetidae,42.01,20.92,3.42,21.0,,,,Chionomys nivalis,472722,False
chiroderma_doriae,Chiroderma doriae,Chiroptera,Phyllostomidae,19.9,106.45,1.0,,,1.0,,Chiroderma doriae,565588,False
chiroderma_improvisum,Chiroderma improvisum,Chiroptera,Phyllostomidae,35.39,,,,,1.0,,Chiroderma improvisum,565590,False
chiroderma_salvini,Chiroderma salvini,Chiroptera,Phyllostomidae,26.3,,0.99,,,1.0,,Chiroderma salvini,351785,False
chiroderma_trinitatum,Chiroderma trinitatum,Chiroptera,Phyllostomidae,13.91,,0.98,,,1.0,,Chiroderma trinitatum,351787,False
chiroderma_villosum,Chiroderma villosum,Chiroptera,Phyllostomidae,23.81,121.66,0.99,,,1.0,,Chiroderma villosum,565586,False
chironax_melanocephalus,Chironax melanocephalus,Chiroptera,Pteropodidae,17.7,,0.98,,,1.0,,Chironax melanocephalus,99586,False
chironectes_minimus,Chironectes minimus,Didelphimorphia,Didelphidae,974.33,,3.24,108.36,,2.0,36.0,Chironectes minimus,440151,False
chiropodomys_calamianensis,Chiropodomys calamianensis,Rodentia,Muridae,28.9,,,,,,,Chiropodomys calamianensis,3608662,False
chiropodomys_gliroides,Chiropodomys gliroides,Rodentia,Muridae,23.68,20.13,1.65,16.87,,,,Chiropodomys gliroides,456599,False
chiropodomys_major,Chiropodomys major,Rodentia,Muridae,28.9,,,,,,,Chiropodomys major,3608658,False
chiropodomys_muroides,Chiropodomys muroides,Rodentia,Muridae,28.9,,,,,,,Chiropodomys muroides,3608661,False
chiropodomys_pusillus,Chiropodomys pusillus,Rodentia,Muridae,28.9,,,,,,,Chiropodomys pusillus,3608659,False
chiropotes_albinasus,Chiropotes albinasus,Primates,Pitheciidae,2793.21,157.67,1.01,,1.98,1.0,204.0,Chiropotes albinasus,99704,False
chiruromys_forbesi,Chiruromys forbesi,Rodentia,Muridae,105.15,,2.68,,,,,Chiruromys forbesi,3608699,False
chiruromys_lamia,Chiruromys lamia,Rodentia,Muridae,47.2,,2.15,,,,,Chiruromys lamia,3608700,False
chiruromys_vates,Chiruromys vates,Rodentia,Muridae,45.46,,1.07,,,,,Chiruromys vates,118383,False
chlamyphorus_truncatus,Chlamyphorus truncatus,Cingulata,Dasypodidae,83.53,,,,,2.0,,Chlamyphorus truncatus,552069,False
chlorocebus_aethiops,Chlorocebus aethiops,Primates,Cercopithecidae,3695.99,,,217.76,,,379.2,Chlorocebus aethiops,268337,False
chlorotalpa_sclateri,Chlorotalpa sclateri,Afrosoricida,Chrysochloridae,38.3,,2.0,,,3.0,,Chlorotalpa sclateri,178869,False
chodsigoa_salenskii,Chodsigoa salenskii,Soricomorpha,Soricidae,5.49,,,,,,,Chodsigoa salenskii,3614467,False
choeroniscus_godmani,Choeroniscus godmani,Chiroptera,Phyllostomidae,7.9,,0.98,,,2.0,,Choeroniscus godmani,503371,False
choeroniscus_minor,Choeroniscus minor,Chiroptera,Phyllostomidae,8.63,,0.98,,,2.0,,Choeroniscus minor,596426,False
choeronycteris_mexicana,Choeronycteris mexicana,Chiroptera,Phyllostomidae,17.26,,0.99,,,2.0,,Choeronycteris mexicana,658354,False
choloepus_didactylus,Choloepus didactylus,Pilosa,Megalonychidae,6646.5,269.63,1.0,52.61,,2.0,333.6,Choloepus didactylus,977390,False
choloepus_hoffmanni,Choloepus hoffmanni,Pilosa,Megalonychidae,5893.5,258.54,1.0,46.4,,1.0,385.2,Choloepus hoffmanni,273247,False
chrotogale_owstoni,Chrotogale owstoni,Carnivora,Viverridae,3267.71,,,,,2.0,,Chrotogale owstoni,768508,False
chrotomys_gonzalesi,Chrotomys gonzalesi,Rodentia,Muridae,140.2,,,,,3.0,,Chrotomys gonzalesi,1047884,False
chrotomys_mindorensis,Chrotomys mindorensis,Rodentia,Muridae,151.98,,,,,,,Chrotomys mindorensis,566960,False
chrotomys_whiteheadi,Chrotomys whiteheadi,Rodentia,Muridae,151.98,,,,,,,Chrotomys whiteheadi,242459,False
chrotopterus_auritus,Chrotopterus auritus,Chiroptera,Phyllostomidae,78.26,86.09,0.99,,,2.0,,Chrotopterus auritus,1060474,False
chrysochloris_asiatica,Chrysochloris asiatica,Afrosoricida,Chrysochloridae,37.16,,3.49,74.43,,3.0,,Chrysochloris asiatica,1094517,False
chrysochloris_stuhlmanni,Chrysochloris stuhlmanni,Afrosoricida,Chrysochloridae,55.76,,0.96,70.72,,3.0,,Chrysochloris stuhlmanni,1071320,False
chrysocyon_brachyurus,Chrysocyon brachyurus,Carnivora,Canidae,23325.0,63.48,2.0,119.0,21.36,2.0,180.0,Chrysocyon brachyurus,837601,False
chrysospalax_trevelyani,Chrysospalax trevelyani,Afrosoricida,Chrysochloridae,434.04,115.0,1.41,,0.000602526,3.0,48.0,Chrysospalax trevelyani,347650,False
chrysospalax_villosus,Chrysospalax villosus,Afrosoricida,Chrysochloridae,108.35,,1.93,,,3.0,,Chrysospalax villosus,702180,False
civettictis_civetta,Civettictis civetta,Carnivora,Viverridae,12075.58,68.4,2.31,82.91,,2.0,336.0,Civettictis civetta,768511,False
cloeotis_percivali,Cloeotis percivali,Chiroptera,Hipposideridae,4.16,91.24,0.99,,,,,Cloeotis percivali,787368,False
clyomys_bishopi,Clyomys bishopi,Rodentia,Echimyidae,30.0,,,,,,,Clyomys bishopi,156840,False
clyomys_laticeps,Clyomys laticeps,Rodentia,Echimyidae,201.0,,,,,,,Clyomys laticeps,155620,False
coccymys_ruemmleri,Coccymys ruemmleri,Rodentia,Muridae,29.7,,,,,1.0,,Coccymys ruemmleri,118387,False
coelops_frithii,Coelops frithii,Chiroptera,Hipposideridae,7.52,,0.98,,,3.0,,Coelops frithii,1011482,False
coelops_robinsoni,Coelops robinsoni,Chiroptera,Hipposideridae,6.5,,,,,3.0,,Coelops robinsoni,426035,False
coendou_bicolor,Coendou bicolor,Rodentia,Erethizontidae,4492.49,,1.0,69.6,,1.0,,Coendou bicolor,504988,False
coendou_nycthemera,Coendou nycthemera,Rodentia,Erethizontidae,2999.98,,,,,,,Coendou nycthemera,3609639,False
coendou_prehensilis,Coendou prehensilis,Rodentia,Erethizontidae,4116.2,200.74,0.98,69.54,0.14,1.0,207.6,Coendou prehensilis,466149,False
coendou_rothschildi,Coendou rothschildi,Rodentia,Erethizontidae,2000.0,,,,,1.0,,Coendou rothschildi,3609640,False
coleura_afra,Coleura afra,Chiroptera,Emballonuridae,10.68,,1.0,,,3.0,,Coleura afra,637419,False
coleura_seychellensis,Coleura seychellensis,Chiroptera,Emballonuridae,10.64,,,,,3.0,,Coleura seychellensis,73572,False
colobus_angolensis,Colobus angolensis,Primates,Cercopithecidae,8990.31,,1.01,,,1.0,,Colobus angolensis,721482,False
colobus_guereza,Colobus guereza,Primates,Cercopithecidae,9925.88,169.02,1.0,387.79,0.17,1.0,294.0,Colobus guereza,565569,False
colobus_polykomos,Colobus polykomos,Primates,Cercopithecidae,8797.29,172.69,1.0,213.78,0.14,1.0,366.0,Colobus polykomos,989400,False
colobus_satanas,Colobus satanas,Primates,Cercopithecidae,9055.32,192.76,0.99,,0.44,1.0,,Colobus satanas,189815,False
colobus_vellerosus,Colobus vellerosus,Primates,Cercopithecidae,7700.18,,1.02,,0.29,,,Colobus vellerosus,39815,False
colomys_goslingi,Colomys goslingi,Rodentia,Muridae,62.5,,1.97,,,,36.0,Colomys goslingi,23039,False
condylura_cristata,Condylura cristata,Soricomorpha,Talpidae,48.15,40.0,5.39,20.84,0.003656234,3.0,36.0,Condylura cristata,292504,False
conepatus_humboldtii,Conepatus humboldtii,Carnivora,Mephitidae,1097.61,,3.49,,0.1,3.0,,Conepatus humboldtii,3613131,False
conepatus_leuconotus,Conepatus leuconotus,Carnivora,Mephitidae,3293.91,60.83,3.6,45.56,,3.0,84.0,Conepatus leuconotus,231610,False
conepatus_semistriatus,Conepatus semistriatus,Carnivora,Mephitidae,1997.34,,3.49,,0.27,2.0,,Conepatus semistriatus,1023230,False
conilurus_penicillatus,Conilurus penicillatus,Rodentia,Muridae,175.02,35.99,2.0,24.4,,2.0,,Conilurus penicillatus,794941,False
connochaetes_gnou,Connochaetes gnou,Artiodactyla,Bovidae,156547.53,256.76,1.0,111.57,0.95,1.0,240.0,Connochaetes gnou,363047,False
connochaetes_taurinus,Connochaetes taurinus,Artiodactyla,Bovidae,198619.68,251.49,0.98,256.32,,1.0,258.0,Connochaetes taurinus,19028,False
cormura_brevirostris,Cormura brevirostris,Chiroptera,Emballonuridae,9.26,,,,,3.0,,Cormura brevirostris,75171,False
corynorhinus_rafinesquii,Corynorhinus rafinesquii,Chiroptera,Vespertilionidae,9.15,55.27,1.0,21.0,,3.0,121.2,Corynorhinus rafinesquii,977392,False
corynorhinus_townsendii,Corynorhinus townsendii,Chiroptera,Vespertilionidae,10.3,67.49,0.99,40.5,,3.0,254.0,Corynorhinus townsendii,842471,False
craseonycteris_thonglongyai,Craseonycteris thonglongyai,Chiroptera,Craseonycteridae,1.96,,1.0,,,3.0,,Craseonycteris thonglongyai,432482,False
cratogeomys_castanops,Cratogeomys castanops,Rodentia,Geomyidae,266.83,,2.34,,,1.0,56.4,Cratogeomys castanops,1024547,False
cratogeomys_fumosus,Cratogeomys fumosus,Rodentia,Geomyidae,150.0,,,,,1.0,,Cratogeomys fumosus,424317,False
cratogeomys_gymnurus,Cratogeomys gymnurus,Rodentia,Geomyidae,599.99,,,,,1.0,,Cratogeomys gymnurus,949956,False
cratogeomys_merriami,Cratogeomys merriami,Rodentia,Geomyidae,419.99,,1.94,,,1.0,,Cratogeomys merriami,949953,False
cratogeomys_neglectus,Cratogeomys neglectus,Rodentia,Geomyidae,302.48,,1.94,,,1.0,,Cratogeomys neglectus,433075,False
cratogeomys_tylorhinus,Cratogeomys tylorhinus,Rodentia,Geomyidae,403.42,,1.94,,,1.0,,Cratogeomys tylorhinus,949949,False
cratogeomys_zinseri,Cratogeomys zinseri,Rodentia,Geomyidae,150.0,,,,,1.0,,Cratogeomys zinseri,187365,False
cricetomys_emini,Cricetomys emini,Rodentia,Nesomyidae,1280.0,,0.97,,,,,Cricetomys emini,611277,False
cricetulus_migratorius,Cricetulus migratorius,Rodentia,Cricetidae,30.59,12.0,5.2,24.5,,,,Cricetulus migratorius,159169,False
cricetus_cricetus,Cricetus cricetus,Rodentia,Cricetidae,428.95,19.5,7.14,24.85,,,48.0,Cricetus cricetus,391625,False
crocidura_batesi,Crocidura batesi,Soricomorpha,Soricidae,16.49,,,,,,,Crocidura batesi,457196,False
crocidura_beatus,Crocidura beatus,Soricomorpha,Soricidae,10.55,,,,,,,Crocidura beatus,735985,False
crocidura_bottegi,Crocidura bottegi,Soricomorpha,Soricidae,3.49,,2.99,,,,,Crocidura bottegi,457194,False
crocidura_canariensis,Crocidura canariensis,Soricomorpha,Soricidae,7.5,,,,,,,Crocidura canariensis,3285,False
crocidura_crossei,Crocidura crossei,Soricomorpha,Soricidae,8.0,,3.0,,,,,Crocidura crossei,906771,False
crocidura_cyanea,Crocidura cyanea,Soricomorpha,Soricidae,8.58,,3.59,,,2.0,,Crocidura cyanea,906767,False
crocidura_dolichura,Crocidura dolichura,Soricomorpha,Soricidae,5.63,,,,,,,Crocidura dolichura,1076528,False
crocidura_douceti,Crocidura douceti,Soricomorpha,Soricidae,4.3,,,,,,,Crocidura douceti,507586,False
crocidura_elgonius,Crocidura elgonius,Soricomorpha,Soricidae,6.5,,,,,,,Crocidura elgonius,3614582,False
crocidura_flavescens,Crocidura flavescens,Soricomorpha,Soricidae,31.22,25.0,3.37,,,3.0,,Crocidura flavescens,507592,False
crocidura_foxi,Crocidura foxi,Soricomorpha,Soricidae,21.0,,1.99,,,,,Crocidura foxi,1084087,False
crocidura_fuliginosa,Crocidura fuliginosa,Soricomorpha,Soricidae,12.0,,1.73,,,,,Crocidura fuliginosa,1063186,False
crocidura_fulvastra,Crocidura fulvastra,Soricomorpha,Soricidae,10.0,,,,,,,Crocidura fulvastra,41804,False
crocidura_fumosa,Crocidura fumosa,Soricomorpha,Soricidae,14.49,,3.74,,,,,Crocidura fumosa,3614561,False
crocidura_fuscomurina,Crocidura fuscomurina,Soricomorpha,Soricidae,5.6,,3.0,17.29,,2.0,,Crocidura fuscomurina,507590,False
crocidura_goliath,Crocidura goliath,Soricomorpha,Soricidae,87.92,,,,,,,Crocidura goliath,499996,False
crocidura_gracilipes,Crocidura gracilipes,Soricomorpha,Soricidae,6.69,,2.99,,,,,Crocidura gracilipes,3614566,False
crocidura_grandiceps,Crocidura grandiceps,Soricomorpha,Soricidae,23.0,,,,,,,Crocidura grandiceps,816849,False
crocidura_grayi,Crocidura grayi,Soricomorpha,Soricidae,10.7,,,,,3.0,,Crocidura grayi,225602,False
crocidura_hildegardeae,Crocidura hildegardeae,Soricomorpha,Soricidae,10.28,,,,,,,Crocidura hildegardeae,1076522,False
crocidura_hirta,Crocidura hirta,Soricomorpha,Soricidae,15.8,18.0,3.89,17.74,,2.0,,Crocidura hirta,507580,False
crocidura_horsfieldii,Crocidura horsfieldii,Soricomorpha,Soricidae,5.47,,3.14,,,,,Crocidura horsfieldii,843253,False
crocidura_jacksoni,Crocidura jacksoni,Soricomorpha,Soricidae,7.0,,3.49,,,,,Crocidura jacksoni,3614502,False
crocidura_leucodon,Crocidura leucodon,Soricomorpha,Soricidae,10.88,30.99,3.36,23.36,,2.0,36.0,Crocidura leucodon,1019807,False
crocidura_littoralis,Crocidura littoralis,Soricomorpha,Soricidae,18.61,,2.99,,,,,Crocidura littoralis,507578,False
crocidura_longipes,Crocidura longipes,Soricomorpha,Soricidae,19.3,,,,,,,Crocidura longipes,3614501,False
crocidura_ludia,Crocidura ludia,Soricomorpha,Soricidae,5.15,,,,,,,Crocidura ludia,500001,False
crocidura_luna,Crocidura luna,Soricomorpha,Soricidae,13.83,,1.99,,,3.0,,Crocidura luna,223694,False
crocidura_lusitania,Crocidura lusitania,Soricomorpha,Soricidae,2.48,,,,,,,Crocidura lusitania,507584,False
crocidura_maquassiensis,Crocidura maquassiensis,Soricomorpha,Soricidae,5.99,,,,,3.0,,Crocidura maquassiensis,3614556,False
crocidura_mariquensis,Crocidura mariquensis,Soricomorpha,Soricidae,10.35,,3.94,,,3.0,,Crocidura mariquensis,225599,False
crocidura_maurisca,Crocidura maurisca,Soricomorpha,Soricidae,14.0,,,,,,,Crocidura maurisca,507582,False
crocidura_monax,Crocidura monax,Soricomorpha,Soricidae,16.0,,,,,,,Crocidura monax,534255,False
crocidura_montis,Crocidura montis,Soricomorpha,Soricidae,14.49,,,,,,,Crocidura montis,3614554,False
crocidura_mutesae,Crocidura mutesae,Soricomorpha,Soricidae,23.91,,,,,,,Crocidura mutesae,3614514,False
crocidura_nanilla,Crocidura nanilla,Soricomorpha,Soricidae,6.5,,,,,,,Crocidura nanilla,563472,False
crocidura_negrina,Crocidura negrina,Soricomorpha,Soricidae,11.33,,,,,,,Crocidura negrina,925032,False
crocidura_nigeriae,Crocidura nigeriae,Soricomorpha,Soricidae,23.0,,,,,,,Crocidura nigeriae,507604,False
crocidura_nigricans,Crocidura nigricans,Soricomorpha,Soricidae,20.0,,3.99,,,,,Crocidura nigricans,3614567,False
crocidura_nigrofusca,Crocidura nigrofusca,Soricomorpha,Soricidae,11.75,,2.49,,,,,Crocidura nigrofusca,3614579,False
crocidura_niobe,Crocidura niobe,Soricomorpha,Soricidae,16.0,,2.99,,,,,Crocidura niobe,3614558,False
crocidura_olivieri,Crocidura olivieri,Soricomorpha,Soricidae,34.42,,,,,,,Crocidura olivieri,507598,False
crocidura_pasha,Crocidura pasha,Soricomorpha,Soricidae,6.5,,,,,,,Crocidura pasha,3614508,False
crocidura_planiceps,Crocidura planiceps,Soricomorpha,Soricidae,2.5,,3.0,,,,,Crocidura planiceps,3614539,False
crocidura_poensis,Crocidura poensis,Soricomorpha,Soricidae,17.05,,2.44,,,,,Crocidura poensis,1084093,False
crocidura_raineyi,Crocidura raineyi,Soricomorpha,Soricidae,14.49,,,,,,,Crocidura raineyi,3614503,False
crocidura_religiosa,Crocidura religiosa,Soricomorpha,Soricidae,7.0,,,,,,,Crocidura religiosa,3614510,False
crocidura_russula,Crocidura russula,Soricomorpha,Soricidae,9.89,29.0,4.04,23.82,0.000165903,3.0,38.4,Crocidura russula,809504,False
crocidura_silacea,Crocidura silacea,Soricomorpha,Soricidae,7.0,,3.99,,,3.0,,Crocidura silacea,850877,False
crocidura_somalica,Crocidura somalica,Soricomorpha,Soricidae,11.5,,,,,,,Crocidura somalica,3614570,False
crocidura_tarfayensis,Crocidura tarfayensis,Soricomorpha,Soricidae,6.59,,,,,,,Crocidura tarfayensis,983288,False
crocidura_theresae,Crocidura theresae,Soricomorpha,Soricidae,17.6,,,,,,,Crocidura theresae,41802,False
crocidura_turba,Crocidura turba,Soricomorpha,Soricidae,14.49,,2.0,,,,,Crocidura turba,1084095,False
crocidura_ultima,Crocidura ultima,Soricomorpha,Soricidae,16.0,,,,,,,Crocidura ultima,3614578,False
crocidura_usambarae,Crocidura usambarae,Soricomorpha,Soricidae,11.83,,1.99,,,,,Crocidura usambarae,3614544,False
crocidura_viaria,Crocidura viaria,Soricomorpha,Soricidae,16.49,,3.49,,,,,Crocidura viaria,1084089,False
crocidura_whitakeri,Crocidura whitakeri,Soricomorpha,Soricidae,5.58,,,,,,,Crocidura whitakeri,3614523,False
crocidura_wimmeri,Crocidura wimmeri,Soricomorpha,Soricidae,23.5,,,,,,,Crocidura wimmeri,3614527,False
crocidura_yankariensis,Crocidura yankariensis,Soricomorpha,Soricidae,4.99,,,,,,,Crocidura yankariensis,3614546,False
crocidura_zimmeri,Crocidura zimmeri,Soricomorpha,Soricidae,14.49,,,,,,,Crocidura zimmeri,3614511,False
crocuta_crocuta,Crocuta crocuta,Carnivora,Hyaenidae,63369.98,112.33,1.91,371.37,21.93,3.0,493.2,Crocuta crocuta,397157,False
crossarchus_alexandri,Crossarchus alexandri,Carnivora,Herpestidae,1503.4,,4.0,,,,,Crossarchus alexandri,858557,False
crossarchus_ansorgei,Crossarchus ansorgei,Carnivora,Herpestidae,700.0,,,,,2.0,,Crossarchus ansorgei,3613280,False
crossarchus_obscurus,Crossarchus obscurus,Carnivora,Herpestidae,1395.09,70.0,4.29,29.23,,2.0,108.0,Crossarchus obscurus,1088410,False
crossomys_moncktoni,Crossomys moncktoni,Rodentia,Muridae,168.42,,1.07,,,3.0,,Crossomys moncktoni,692529,False
cryptomys_bocagei,Cryptomys bocagei,Rodentia,Bathyergidae,93.84,,,,,,,Fukomys bocagei,257746,True
cryptomys_damarensis,Cryptomys damarensis,Rodentia,Bathyergidae,112.2,83.55,3.0,18.02,0.01,1.0,,Fukomys damarensis,895549,True
cryptomys_hottentotus,Cryptomys hottentotus,Rodentia,Bathyergidae,75.13,84.99,2.48,32.07,0.001455832,1.0,,Cryptomys hottentotus,118550,False
cryptomys_mechowi,Cryptomys mechowi,Rodentia,Bathyergidae,271.54,104.0,2.6,38.49,,1.0,,Fukomys mechowii,107104,True
cryptomys_ochraceocinereus,Cryptomys ochraceocinereus,Rodentia,Bathyergidae,200.0,,3.0,,,,,Fukomys ochraceocinereus,927962,True
cryptoprocta_ferox,Cryptoprocta ferox,Carnivora,Eupleridae,9500.0,92.54,2.98,136.1,0.75,3.0,240.0,Cryptoprocta ferox,768514,False
cryptotis_goodwini,Cryptotis goodwini,Soricomorpha,Soricidae,7.0,,,,,,,Cryptotis goodwini,3614378,False
cryptotis_magna,Cryptotis magna,Soricomorpha,Soricidae,7.0,,2.99,,,,,Cryptotis magnus,638158,True
cryptotis_meridensis,Cryptotis meridensis,Soricomorpha,Soricidae,12.63,,,,,3.0,,Cryptotis meridensis,3614399,False
cryptotis_mexicana,Cryptotis mexicana,Soricomorpha,Soricidae,7.0,,2.99,,,,,Cryptotis mexicanus,412409,True
cryptotis_montivaga,Cryptotis montivaga,Soricomorpha,Soricidae,11.29,,,,,3.0,,Cryptotis montivagus,3614392,True
cryptotis_parva,Cryptotis parva,Soricomorpha,Soricidae,4.97,21.99,4.55,20.34,0.001442322,2.0,21.0,Cryptotis parvus,86246,True
cryptotis_squamipes,Cryptotis squamipes,Soricomorpha,Soricidae,11.0,,,,,3.0,,Cryptotis squamipes,3614377,False
cryptotis_thomasi,Cryptotis thomasi,Soricomorpha,Soricidae,11.77,,,,,3.0,,Cryptotis thomasi,3614386,False
ctenodactylus_gundi,Ctenodactylus gundi,Rodentia,Ctenodactylidae,288.41,65.96,2.0,,,,,Ctenodactylus gundi,692686,False
ctenodactylus_vali,Ctenodactylus vali,Rodentia,Ctenodactylidae,173.6,59.13,2.0,,,1.0,60.0,Ctenodactylus vali,506987,False
ctenomys_argentinus,Ctenomys argentinus,Rodentia,Ctenomyidae,221.3,,,,,1.0,,Ctenomys argentinus,811146,False
ctenomys_australis,Ctenomys australis,Rodentia,Ctenomyidae,403.32,,,,,1.0,,Ctenomys australis,270436,False
ctenomys_azarae,Ctenomys azarae,Rodentia,Ctenomyidae,400.0,,,,,1.0,,Ctenomys azarae,91869,False
ctenomys_boliviensis,Ctenomys boliviensis,Rodentia,Ctenomyidae,462.6,,,,,1.0,,Ctenomys boliviensis,173061,False
ctenomys_bonettoi,Ctenomys bonettoi,Rodentia,Ctenomyidae,202.3,,,,,1.0,,Ctenomys bonettoi,612910,False
ctenomys_colburni,Ctenomys colburni,Rodentia,Ctenomyidae,400.0,,,,,1.0,,Ctenomys colburni,685015,False
ctenomys_conoveri,Ctenomys conoveri,Rodentia,Ctenomyidae,859.99,,,,,1.0,,Ctenomys conoveri,350151,False
ctenomys_dorsalis,Ctenomys dorsalis,Rodentia,Ctenomyidae,165.6,,,,,1.0,,Ctenomys dorsalis,3609697,False
ctenomys_emilianus,Ctenomys emilianus,Rodentia,Ctenomyidae,285.29,,,,,1.0,,Ctenomys emilianus,3609686,False
ctenomys_frater,Ctenomys frater,Rodentia,Ctenomyidae,172.9,,,,,1.0,,Ctenomys frater,350153,False
ctenomys_haigi,Ctenomys haigi,Rodentia,Ctenomyidae,164.0,,,,3.29744e-05,,,Ctenomys haigi,350134,False
ctenomys_knighti,Ctenomys knighti,Rodentia,Ctenomyidae,316.0,,,,,1.0,,Ctenomys knighti,3609685,False
ctenomys_latro,Ctenomys latro,Rodentia,Ctenomyidae,192.0,,,,,1.0,,Ctenomys latro,612914,False
ctenomys_leucodon,Ctenomys leucodon,Rodentia,Ctenomyidae,243.6,,,,,1.0,,Ctenomys leucodon,53887,False
ctenomys_lewisi,Ctenomys lewisi,Rodentia,Ctenomyidae,117.2,,,,,1.0,,Ctenomys lewisi,327467,False
ctenomys_magellanicus,Ctenomys magellanicus,Rodentia,Ctenomyidae,271.44,,,,,1.0,,Ctenomys magellanicus,270426,False
ctenomys_maulinus,Ctenomys maulinus,Rodentia,Ctenomyidae,215.0,,,,,1.0,,Ctenomys maulinus,757314,False
ctenomys_minutus,Ctenomys minutus,Rodentia,Ctenomyidae,92.0,,,,,1.0,,Ctenomys minutus,479796,False
ctenomys_occultus,Ctenomys occultus,Rodentia,Ctenomyidae,150.0,,,,,1.0,,Ctenomys occultus,612912,False
ctenomys_opimus,Ctenomys opimus,Rodentia,Ctenomyidae,327.05,60.83,2.0,,,1.0,,Ctenomys opimus,53931,False
ctenomys_pearsoni,Ctenomys pearsoni,Rodentia,Ctenomyidae,212.0,,,,,1.0,,Ctenomys pearsoni,396726,False
ctenomys_perrensi,Ctenomys perrensi,Rodentia,Ctenomyidae,400.0,,,,,1.0,,Ctenomys perrensi,822907,False
ctenomys_peruanus,Ctenomys peruanus,Rodentia,Ctenomyidae,488.36,120.83,3.0,,,1.0,,Ctenomys peruanus,3609695,False
ctenomys_pontifex,Ctenomys pontifex,Rodentia,Ctenomyidae,400.0,,,,,1.0,,Ctenomys pontifex,3609684,False
ctenomys_porteousi,Ctenomys porteousi,Rodentia,Ctenomyidae,192.4,,,,,1.0,,Ctenomys porteousi,44562,False
ctenomys_saltarius,Ctenomys saltarius,Rodentia,Ctenomyidae,230.0,,,,,1.0,,Ctenomys saltarius,822904,False
ctenomys_sericeus,Ctenomys sericeus,Rodentia,Ctenomyidae,400.0,,,,,1.0,,Ctenomys sericeus,822901,False
ctenomys_sociabilis,Ctenomys sociabilis,Rodentia,Ctenomyidae,400.0,,,,,,,Ctenomys sociabilis,504986,False
ctenomys_steinbachi,Ctenomys steinbachi,Rodentia,Ctenomyidae,384.99,,,,,1.0,,Ctenomys steinbachi,925570,False
ctenomys_talarum,Ctenomys talarum,Rodentia,Ctenomyidae,140.84,102.67,4.34,34.8,2.0373e-05,1.0,36.0,Ctenomys talarum,672624,False
ctenomys_torquatus,Ctenomys torquatus,Rodentia,Ctenomyidae,209.49,107.0,2.5,,,1.0,,Ctenomys torquatus,396724,False
ctenomys_tuconax,Ctenomys tuconax,Rodentia,Ctenomyidae,248.99,,,,,1.0,,Ctenomys tuconax,612904,False
ctenomys_tucumanus,Ctenomys tucumanus,Rodentia,Ctenomyidae,217.0,,,,,1.0,,Ctenomys tucumanus,612895,False
ctenomys_validus,Ctenomys validus,Rodentia,Ctenomyidae,232.6,,,,,1.0,,Ctenomys validus,3609700,False
cuniculus_paca,Cuniculus paca,Rodentia,Cuniculidae,8172.55,116.24,1.01,82.75,,1.0,192.0,Cuniculus paca,296191,False
cuniculus_taczanowskii,Cuniculus taczanowskii,Rodentia,Cuniculidae,8999.95,,1.0,,,1.0,,Cuniculus taczanowskii,67355,False
cuon_alpinus,Cuon alpinus,Carnivora,Canidae,15800.0,61.5,4.3,57.33,33.64,3.0,192.0,Cuon alpinus,313163,False
cyclopes_didactylus,Cyclopes didactylus,Pilosa,Cyclopedidae,263.95,160.0,1.0,,0.03,3.0,27.6,Cyclopes didactylus,675099,False
cynictis_penicillata,Cynictis penicillata,Carnivora,Herpestidae,694.41,56.83,2.15,41.76,1.89,3.0,182.4,Cynictis penicillata,363578,False
cynocephalus_volans,Cynocephalus volans,Dermoptera,Cynocephalidae,1250.0,62.57,1.0,198.5,0.07,1.0,,Cynocephalus volans,781510,False
cynogale_bennettii,Cynogale bennettii,Carnivora,Viverridae,4246.57,,2.3,,,2.0,60.0,Cynogale bennettii,126631,False
cynomops_abrasus,Cynomops abrasus,Chiroptera,Molossidae,35.39,,0.98,,,3.0,,Cynomops abrasus,1014495,False
cynomops_greenhalli,Cynomops greenhalli,Chiroptera,Molossidae,15.87,,0.99,,,3.0,,Cynomops greenhalli,3613954,False
cynomops_paranus,Cynomops paranus,Chiroptera,Molossidae,12.16,,,,,,,Cynomops paranus,300974,False
cynomops_planirostris,Cynomops planirostris,Chiroptera,Molossidae,12.84,,1.0,,,3.0,,Cynomops planirostris,130215,False
cynomys_gunnisoni,Cynomys gunnisoni,Rodentia,Sciuridae,797.93,29.64,4.48,36.65,0.007188295,2.0,,Cynomys gunnisoni,1005030,False
cynomys_leucurus,Cynomys leucurus,Rodentia,Sciuridae,963.76,30.39,5.4,31.76,0.05,1.0,,Cynomys leucurus,934740,False
cynomys_ludovicianus,Cynomys ludovicianus,Rodentia,Sciuridae,797.05,33.46,4.43,45.57,0.001787394,1.0,102.0,Cynomys ludovicianus,580345,False
cynomys_mexicanus,Cynomys mexicanus,Rodentia,Sciuridae,899.98,30.41,4.18,46.35,,1.0,,Cynomys mexicanus,934744,False
cynomys_parvidens,Cynomys parvidens,Rodentia,Sciuridae,899.98,,4.89,,,1.0,,Cynomys parvidens,934742,False
cynopterus_brachyotis,Cynopterus brachyotis,Chiroptera,Pteropodidae,33.87,117.06,0.99,48.99,,1.0,96.0,Cynopterus brachyotis,113380,False
cynopterus_horsfieldii,Cynopterus horsfieldii,Chiroptera,Pteropodidae,56.01,,,,,1.0,,Cynopterus horsfieldii,509297,False
cynopterus_minutus,Cynopterus minutus,Chiroptera,Pteropodidae,26.45,,,,,,,Cynopterus minutus,3613469,False
cynopterus_sphinx,Cynopterus sphinx,Chiroptera,Pteropodidae,44.71,120.0,1.5,32.49,,1.0,,Cynopterus sphinx,813031,False
cynopterus_titthaecheilus,Cynopterus titthaecheilus,Chiroptera,Pteropodidae,58.33,,1.0,,,,,Cynopterus titthaecheilus,1072696,False
cyttarops_alecto,Cyttarops alecto,Chiroptera,Emballonuridae,5.3,,,,,,,Cyttarops alecto,599540,False
dactylomys_boliviensis,Dactylomys boliviensis,Rodentia,Echimyidae,728.8,,,,,,,Dactylomys boliviensis,885715,False
dactylomys_dactylinus,Dactylomys dactylinus,Rodentia,Echimyidae,649.98,,,,0.001669342,2.0,,Dactylomys dactylinus,885713,False
dactylomys_peruanus,Dactylomys peruanus,Rodentia,Echimyidae,382.0,,,,,,,Dactylomys peruanus,439338,False
dactylopsila_palpator,Dactylopsila palpator,Diprotodontia,Petauridae,369.87,,1.02,,,2.0,,Dactylopsila palpator,837438,False
dactylopsila_tatei,Dactylopsila tatei,Diprotodontia,Petauridae,252.0,,,,,2.0,,Dactylopsila tatei,3606957,False
dactylopsila_trivirgata,Dactylopsila trivirgata,Diprotodontia,Petauridae,413.41,,1.54,,0.09,2.0,115.0,Dactylopsila trivirgata,852211,False
dama_dama,Dama dama,Artiodactyla,Cervidae,57224.61,230.0,1.0,177.63,0.71,1.0,300.0,Dama dama,906310,False
damaliscus_korrigum,Damaliscus korrigum,Artiodactyla,Bovidae,127194.87,,,,,,150.96,Damaliscus lunatus korrigum,540240,True
damaliscus_lunatus,Damaliscus lunatus,Artiodactyla,Bovidae,136000.33,238.0,0.98,,,1.0,216.0,Damaliscus lunatus,19010,False
damaliscus_pygargus,Damaliscus pygargus,Artiodactyla,Bovidae,77784.55,240.54,1.41,121.66,,,260.04,Damaliscus pygargus,540238,False
dasycercus_cristicauda,Dasycercus cristicauda,Dasyuromorphia,Dasyuridae,99.54,38.99,6.5,105.85,,3.0,84.0,Dasycercus cristicauda,379199,False
dasykaluta_rosamondae,Dasykaluta rosamondae,Dasyuromorphia,Dasyuridae,32.17,49.69,6.64,113.0,,,36.0,Dasykaluta rosamondae,515017,False
dasyprocta_azarae,Dasyprocta azarae,Rodentia,Dasyproctidae,2976.81,,,140.0,,1.0,,Dasyprocta azarae,3609680,False
dasyprocta_fuliginosa,Dasyprocta fuliginosa,Rodentia,Dasyproctidae,3500.02,,,140.0,,1.0,,Dasyprocta fuliginosa,592588,False
dasyprocta_guamara,Dasyprocta guamara,Rodentia,Dasyproctidae,2650.03,,,140.0,,1.0,,Dasyprocta guamara,3609679,False
dasyprocta_kalinowskii,Dasyprocta kalinowskii,Rodentia,Dasyproctidae,2650.03,,,140.0,,1.0,,Dasyprocta kalinowskii,3609683,False
dasyprocta_leporina,Dasyprocta leporina,Rodentia,Dasyproctidae,3009.99,106.39,1.4,140.0,,1.0,213.6,Dasyprocta leporina,462286,False
dasyprocta_mexicana,Dasyprocta mexicana,Rodentia,Dasyproctidae,4999.99,,,140.0,,1.0,,Dasyprocta mexicana,3609677,False
dasyprocta_prymnolopha,Dasyprocta prymnolopha,Rodentia,Dasyproctidae,2900.0,,1.5,140.0,,1.0,,Dasyprocta prymnolopha,3609678,False
dasyprocta_punctata,Dasyprocta punctata,Rodentia,Dasyproctidae,2309.12,107.65,1.25,140.0,,1.0,120.0,Dasyprocta punctata,848914,False
dasypus_hybridus,Dasypus hybridus,Cingulata,Dasypodidae,1500.0,126.4,8.36,,,2.0,,Dasypus hybridus,4119193,False
dasypus_kappleri,Dasypus kappleri,Cingulata,Dasypodidae,9702.83,,4.47,,,2.0,,Dasypus kappleri,905104,False
dasypus_novemcinctus,Dasypus novemcinctus,Cingulata,Dasypodidae,3949.01,134.0,3.96,136.87,0.04,2.0,180.0,Dasypus novemcinctus,796672,False
dasypus_pilosus,Dasypus pilosus,Cingulata,Dasypodidae,4444.98,,,,,2.0,,Dasypus pilosus,4119194,False
dasypus_sabanicola,Dasypus sabanicola,Cingulata,Dasypodidae,1150.01,91.24,4.0,,,3.0,,Dasypus sabanicola,4119191,False
dasypus_septemcinctus,Dasypus septemcinctus,Cingulata,Dasypodidae,1526.64,120.0,5.99,,,2.0,,Dasypus septemcinctus,4119195,False
dasyuroides_byrnei,Dasyuroides byrnei,Dasyuromorphia,Dasyuridae,109.47,32.49,5.14,118.11,,3.0,84.0,Dasyuroides byrnei,379189,False
dasyurus_albopunctatus,Dasyurus albopunctatus,Dasyuromorphia,Dasyuridae,603.48,19.29,6.19,97.65,,2.0,36.0,Dasyurus albopunctatus,379186,False
dasyurus_geoffroii,Dasyurus geoffroii,Dasyuromorphia,Dasyuridae,1106.62,17.66,5.47,154.12,2.73,3.0,60.0,Dasyurus geoffroii,820109,False
dasyurus_hallucatus,Dasyurus hallucatus,Dasyuromorphia,Dasyuridae,470.92,,6.39,141.89,0.02,,34.8,Dasyurus hallucatus,74731,False
dasyurus_maculatus,Dasyurus maculatus,Dasyuromorphia,Dasyuridae,3284.15,21.0,4.47,134.99,1.36,2.0,60.0,Dasyurus maculatus,74729,False
dasyurus_spartacus,Dasyurus spartacus,Dasyuromorphia,Dasyuridae,885.67,19.12,6.78,97.65,,2.0,,Dasyurus spartacus,379193,False
dasyurus_viverrinus,Dasyurus viverrinus,Dasyuromorphia,Dasyuridae,1101.49,20.5,4.7,156.6,0.33,2.0,81.6,Dasyurus viverrinus,393372,False
daubentonia_madagascariensis,Daubentonia madagascariensis,Primates,Daubentoniidae,2731.37,166.48,1.01,197.7,0.06,2.0,291.6,Daubentonia madagascariensis,50727,False
delanymys_brooksi,Delanymys brooksi,Rodentia,Nesomyidae,4.99,,3.19,,,,24.0,Delanymys brooksi,3610305,False
delomys_dorsalis,Delomys dorsalis,Rodentia,Cricetidae,67.5,,,,,,,Delomys dorsalis,196751,False
delomys_sublineatus,Delomys sublineatus,Rodentia,Cricetidae,89.99,,,,,,,Delomys sublineatus,247845,False
deltamys_kempi,Deltamys kempi,Rodentia,Cricetidae,26.4,,,,,,,Deltamys kempi,191287,False
dendrogale_melanura,Dendrogale melanura,Scandentia,Tupaiidae,59.99,,,,,,,Dendrogale melanura,742280,False
dendrogale_murina,Dendrogale murina,Scandentia,Tupaiidae,49.99,,,,,,,Dendrogale murina,396022,False
dendrohyrax_arboreus,Dendrohyrax arboreus,Hyracoidea,Procaviidae,2981.11,229.06,1.51,152.08,,1.0,147.6,Dendrohyrax arboreus,1079385,False
dendrohyrax_dorsalis,Dendrohyrax dorsalis,Hyracoidea,Procaviidae,3174.99,236.57,1.22,,,1.0,120.0,Dendrohyrax dorsalis,285372,False
dendrolagus_bennettianus,Dendrolagus bennettianus,Diprotodontia,Macropodidae,10458.82,,1.0,717.95,,,240.0,Dendrolagus bennettianus,78846,False
dendrolagus_dorianus,Dendrolagus dorianus,Diprotodontia,Macropodidae,8976.58,,1.01,598.29,,2.0,96.0,Dendrolagus dorianus,619969,False
dendrolagus_goodfellowi,Dendrolagus goodfellowi,Diprotodontia,Macropodidae,7948.78,37.94,1.0,359.99,,1.0,252.0,Dendrolagus goodfellowi,567249,False
dendrolagus_inustus,Dendrolagus inustus,Diprotodontia,Macropodidae,12625.0,,1.11,538.46,,1.0,240.0,Dendrolagus inustus,277695,False
dendrolagus_lumholtzi,Dendrolagus lumholtzi,Diprotodontia,Macropodidae,6649.97,,1.0,539.29,0.01,,,Dendrolagus lumholtzi,756151,False
dendrolagus_matschiei,Dendrolagus matschiei,Diprotodontia,Macropodidae,8293.4,33.95,1.01,509.1,0.23,1.0,286.0,Dendrolagus matschiei,579327,False
dendrolagus_mbaiso,Dendrolagus mbaiso,Diprotodontia,Macropodidae,9395.06,,,,,,,Dendrolagus mbaiso,3606997,False
dendrolagus_scottae,Dendrolagus scottae,Diprotodontia,Macropodidae,9958.58,,1.01,,,1.0,,Dendrolagus scottae,837434,False
dendrolagus_spadix,Dendrolagus spadix,Diprotodontia,Macropodidae,8468.2,,1.0,,,1.0,,Dendrolagus spadix,555307,False
dendrolagus_ursinus,Dendrolagus ursinus,Diprotodontia,Macropodidae,13249.99,,1.01,,,1.0,242.4,Dendrolagus ursinus,3606996,False
dendromus_lovati,Dendromus lovati,Rodentia,Nesomyidae,12.0,,,,,,,Dendromus lovati,3608538,False
dendromus_melanotis,Dendromus melanotis,Rodentia,Nesomyidae,9.1,25.0,3.97,,,,,Dendromus melanotis,3608546,False
dendromus_mesomelas,Dendromus mesomelas,Rodentia,Nesomyidae,10.2,,3.94,,,,39.6,Dendromus mesomelas,1050970,False
dendromus_mystacalis,Dendromus mystacalis,Rodentia,Nesomyidae,8.17,,3.45,,,,,Dendromus mystacalis,254740,False
dendromus_nyikae,Dendromus nyikae,Rodentia,Nesomyidae,15.0,,4.62,,,,,Dendromus nyikae,565421,False
deomys_ferrugineus,Deomys ferrugineus,Rodentia,Muridae,57.6,,1.7,,,,,Deomys ferrugineus,254745,False
dephomys_defua,Dephomys defua,Rodentia,Muridae,43.05,,2.75,,,,,Dephomys defua,685867,False
dephomys_eburneae,Dephomys eburneae,Rodentia,Muridae,52.5,,,,,,,Dephomys eburneae,3608826,False
desmana_moschata,Desmana moschata,Soricomorpha,Talpidae,427.64,46.53,3.63,39.7,0.004907674,2.0,,Desmana moschata,60434,False
desmodilliscus_braueri,Desmodilliscus braueri,Rodentia,Muridae,10.0,30.16,2.6,,,,,Desmodilliscus braueri,981023,False
desmodillus_auricularis,Desmodillus auricularis,Rodentia,Muridae,54.81,27.11,2.62,32.99,,1.0,,Desmodillus auricularis,981029,False
desmodus_rotundus,Desmodus rotundus,Chiroptera,Phyllostomidae,33.16,209.35,1.0,253.01,,3.0,234.0,Desmodus rotundus,238431,False
desmomys_harringtoni,Desmomys harringtoni,Rodentia,Muridae,89.99,,,,,,,Desmomys harringtoni,170594,False
diaemus_youngi,Diaemus youngi,Chiroptera,Phyllostomidae,36.71,,,,,3.0,,Diaemus youngi,1060472,False
dicerorhinus_sumatrensis,Dicerorhinus sumatrensis,Perissodactyla,Rhinocerotidae,1046156.04,310.19,1.0,362.93,11.87,1.0,420.0,Dicerorhinus sumatrensis,1061679,False
diceros_bicornis,Diceros bicornis,Perissodactyla,Rhinocerotidae,995940.54,466.24,1.0,583.09,11.48,1.0,564.0,Diceros bicornis,1034204,False
diclidurus_albus,Diclidurus albus,Chiroptera,Emballonuridae,16.56,,1.0,,,3.0,,Diclidurus albus,1060477,False
diclidurus_ingens,Diclidurus ingens,Chiroptera,Emballonuridae,12.3,,,,,,,Diclidurus ingens,432527,False
diclidurus_isabellus,Diclidurus isabellus,Chiroptera,Emballonuridae,12.61,,,,,,,Diclidurus isabellus,599538,False
diclidurus_scutatus,Diclidurus scutatus,Chiroptera,Emballonuridae,13.62,,,,,,,Diclidurus scutatus,391954,False
dicrostonyx_groenlandicus,Dicrostonyx groenlandicus,Rodentia,Cricetidae,58.44,20.84,3.78,17.42,0.007305693,,,Dicrostonyx groenlandicus,603158,False
dicrostonyx_hudsonius,Dicrostonyx hudsonius,Rodentia,Cricetidae,57.0,20.0,3.49,,,,,Dicrostonyx hudsonius,860654,False
dicrostonyx_torquatus,Dicrostonyx torquatus,Rodentia,Cricetidae,78.77,17.08,3.85,30.41,,,45.6,Dicrostonyx torquatus,603156,False
didelphis_albiventris,Didelphis albiventris,Didelphimorphia,Didelphidae,1030.47,12.0,6.9,116.5,0.004024018,2.0,20.4,Didelphis albiventris,606426,False
didelphis_aurita,Didelphis aurita,Didelphimorphia,Didelphidae,1105.88,,6.11,99.71,,2.0,,Didelphis aurita,810918,False
didelphis_marsupialis,Didelphis marsupialis,Didelphimorphia,Didelphidae,1134.75,14.0,7.09,92.47,0.17,2.0,32.4,Didelphis marsupialis,919176,False
didelphis_virginiana,Didelphis virginiana,Didelphimorphia,Didelphidae,2442.08,12.69,8.62,109.62,0.58,2.0,60.0,Didelphis virginiana,919171,False
dinaromys_bogdanovi,Dinaromys bogdanovi,Rodentia,Cricetidae,56.0,30.41,2.5,,,,,Dinaromys bogdanovi,929331,False
dinomys_branickii,Dinomys branickii,Rodentia,Dinomyidae,12500.0,252.74,1.97,,,1.0,112.8,Dinomys branickii,234025,False
diphylla_ecaudata,Diphylla ecaudata,Chiroptera,Phyllostomidae,28.11,,0.99,,,3.0,,Diphylla ecaudata,1060475,False
diplomesodon_pulchellum,Diplomesodon pulchellum,Soricomorpha,Soricidae,11.0,,4.99,,,,,Diplomesodon pulchellum,850886,False
diplomys_caniceps,Diplomys caniceps,Rodentia,Echimyidae,394.49,,,,,1.0,,Diplomys caniceps,3610419,False
diplomys_labilis,Diplomys labilis,Rodentia,Echimyidae,282.17,55.72,1.18,,,1.0,,Diplomys labilis,3610456,False
diplomys_rufodorsalis,Diplomys rufodorsalis,Rodentia,Echimyidae,144.8,,,,,1.0,,Santamartamys rufodorsalis,3610457,True
dipodillus_campestris,Dipodillus campestris,Rodentia,Muridae,27.58,,4.34,,,,,Dipodillus campestris,89162,False
dipodillus_dasyurus,Dipodillus dasyurus,Rodentia,Muridae,27.5,25.0,3.88,,,,,Dipodillus dasyurus,438464,False
dipodillus_simoni,Dipodillus simoni,Rodentia,Muridae,17.4,25.54,4.68,,,,,Dipodillus simoni,809723,False
dipodomys_agilis,Dipodomys agilis,Rodentia,Heteromyidae,60.21,,2.6,,0.002396454,,,Dipodomys agilis,734898,False
dipodomys_californicus,Dipodomys californicus,Rodentia,Heteromyidae,84.95,,2.6,,,1.0,,Dipodomys californicus,342246,False
dipodomys_compactus,Dipodomys compactus,Rodentia,Heteromyidae,49.25,,1.94,,,,,Dipodomys compactus,844926,False
dipodomys_deserti,Dipodomys deserti,Rodentia,Heteromyidae,107.63,30.5,3.36,24.17,,1.0,,Dipodomys deserti,921967,False
dipodomys_elator,Dipodomys elator,Rodentia,Heteromyidae,105.82,,2.91,,0.00073307,2.0,,Dipodomys elator,241216,False
dipodomys_gravipes,Dipodomys gravipes,Rodentia,Heteromyidae,83.96,,,,,,,Dipodomys gravipes,666006,False
dipodomys_heermanni,Dipodomys heermanni,Rodentia,Heteromyidae,63.08,30.99,3.11,25.9,,2.0,28.8,Dipodomys heermanni,342226,False
dipodomys_ingens,Dipodomys ingens,Rodentia,Heteromyidae,113.61,,4.77,,0.000314541,2.0,,Dipodomys ingens,669947,False
dipodomys_merriami,Dipodomys merriami,Rodentia,Heteromyidae,37.91,30.77,2.39,20.42,0.001745298,1.0,24.0,Dipodomys merriami,37456,False
dipodomys_microps,Dipodomys microps,Rodentia,Heteromyidae,56.26,30.99,2.37,21.0,0.03,2.0,,Dipodomys microps,37449,False
dipodomys_nelsoni,Dipodomys nelsoni,Rodentia,Heteromyidae,87.93,,1.94,,,1.0,,Dipodomys nelsoni,241218,False
dipodomys_nitratoides,Dipodomys nitratoides,Rodentia,Heteromyidae,41.59,32.89,2.14,22.37,,1.0,,Dipodomys nitratoides,666010,False
dipodomys_ordii,Dipodomys ordii,Rodentia,Heteromyidae,50.4,29.69,2.95,,0.004440926,2.0,117.6,Dipodomys ordii,917328,False
dipodomys_panamintinus,Dipodomys panamintinus,Rodentia,Heteromyidae,73.67,29.44,3.78,27.89,0.003884943,,,Dipodomys panamintinus,342222,False
dipodomys_phillipsii,Dipodomys phillipsii,Rodentia,Heteromyidae,41.0,,2.59,,,1.0,,Dipodomys phillipsii,241220,False
dipodomys_spectabilis,Dipodomys spectabilis,Rodentia,Heteromyidae,124.61,23.5,2.67,23.47,0.000506179,2.0,36.0,Dipodomys spectabilis,748116,False
dipodomys_stephensi,Dipodomys stephensi,Rodentia,Heteromyidae,68.49,,2.68,19.86,0.000790491,1.0,,Dipodomys stephensi,844928,False
dipodomys_venustus,Dipodomys venustus,Rodentia,Heteromyidae,81.52,,1.73,,,1.0,,Dipodomys venustus,666013,False
dipus_sagitta,Dipus sagitta,Rodentia,Dipodidae,89.0,27.5,3.49,,,2.0,,Dipus sagitta,475308,False
distoechurus_pennatus,Distoechurus pennatus,Diprotodontia,Acrobatidae,52.74,,1.31,,,2.0,24.0,Distoechurus pennatus,852215,False
dobsonia_anderseni,Dobsonia anderseni,Chiroptera,Pteropodidae,233.99,,,,,,,Dobsonia anderseni,3613450,False
dobsonia_beauforti,Dobsonia beauforti,Chiroptera,Pteropodidae,165.35,,0.99,,,,,Dobsonia beauforti,3613454,False
dobsonia_crenulata,Dobsonia crenulata,Chiroptera,Pteropodidae,218.21,,,,,,,Dobsonia crenulata,3613457,False
dobsonia_emersa,Dobsonia emersa,Chiroptera,Pteropodidae,201.06,,,,,,,Dobsonia emersa,3613452,False
dobsonia_exoleta,Dobsonia exoleta,Chiroptera,Pteropodidae,302.03,,,,,,,Dobsonia exoleta,3613456,False
dobsonia_inermis,Dobsonia inermis,Chiroptera,Pteropodidae,152.6,,0.99,,,,,Dobsonia inermis,48409,False
dobsonia_magna,Dobsonia magna,Chiroptera,Pteropodidae,465.0,,,165.0,,,,Dobsonia magna,340690,False
dobsonia_minor,Dobsonia minor,Chiroptera,Pteropodidae,85.95,,0.99,,,1.0,,Dobsonia minor,48408,False
dobsonia_moluccensis,Dobsonia moluccensis,Chiroptera,Pteropodidae,447.64,156.43,0.99,166.2,,1.0,,Dobsonia moluccensis,1032365,False
dobsonia_pannietensis,Dobsonia pannietensis,Chiroptera,Pteropodidae,239.19,,0.98,,,1.0,,Dobsonia pannietensis,48407,False
dobsonia_peronii,Dobsonia peronii,Chiroptera,Pteropodidae,226.51,,0.98,,,1.0,,Dobsonia peronii,3613451,False
dobsonia_praedatrix,Dobsonia praedatrix,Chiroptera,Pteropodidae,178.74,,1.0,,,1.0,,Dobsonia praedatrix,48403,False
dobsonia_viridis,Dobsonia viridis,Chiroptera,Pteropodidae,240.66,,,,,,,Dobsonia viridis,48402,False
dolichotis_patagonum,Dolichotis patagonum,Rodentia,Caviidae,8000.0,97.97,1.75,76.28,0.69,1.0,168.0,Dolichotis patagonum,754336,False
dolichotis_salinicola,Dolichotis salinicola,Rodentia,Caviidae,1607.6,77.5,1.94,,,1.0,,Dolichotis salinicola,484311,False
dologale_dybowskii,Dologale dybowskii,Carnivora,Herpestidae,361.92,,4.0,,,,,Dologale dybowskii,3613299,False
dorcatragus_megalotis,Dorcatragus megalotis,Artiodactyla,Bovidae,10918.12,,1.0,,,1.0,168.0,Dorcatragus megalotis,607102,False
dorcopsis_atrata,Dorcopsis atrata,Diprotodontia,Macropodidae,6198.87,,1.01,362.93,,2.0,96.0,Dorcopsis atrata,3606989,False
dorcopsis_hageni,Dorcopsis hageni,Diprotodontia,Macropodidae,5499.99,,1.01,304.99,,2.0,,Dorcopsis hageni,421009,False
dorcopsis_luctuosa,Dorcopsis luctuosa,Diprotodontia,Macropodidae,4939.56,,1.01,300.95,,1.0,96.0,Dorcopsis luctuosa,3606990,False
dorcopsis_muelleri,Dorcopsis muelleri,Diprotodontia,Macropodidae,5370.79,,1.0,269.23,,,91.2,Dorcopsis muelleri,3606991,False
dorcopsulus_macleayi,Dorcopsulus macleayi,Diprotodontia,Macropodidae,2780.54,,1.24,,,1.0,,Dorcopsulus macleayi,3606986,False
dorcopsulus_vanheurni,Dorcopsulus vanheurni,Diprotodontia,Macropodidae,1890.36,,1.18,,,1.0,,Dorcopsulus vanheurni,46393,False
dremomys_everetti,Dremomys everetti,Rodentia,Sciuridae,129.78,,,,,2.0,,Dremomys everetti,3609137,False
dremomys_lokriah,Dremomys lokriah,Rodentia,Sciuridae,226.99,,3.68,,,,85.2,Dremomys lokriah,318993,False
dremomys_pernyi,Dremomys pernyi,Rodentia,Sciuridae,198.63,,,,,,,Dremomys pernyi,966461,False
dremomys_rufigenis,Dremomys rufigenis,Rodentia,Sciuridae,200.32,,,,,,,Dremomys rufigenis,724390,False
dromiciops_gliroides,Dromiciops gliroides,Microbiotheria,Microbiotheriidae,25.0,,3.0,,,2.0,38.4,Dromiciops gliroides,905267,False
dryomys_laniger,Dryomys laniger,Rodentia,Gliridae,25.91,30.2,4.18,31.32,,2.0,,Dryomys laniger,1038452,False
dryomys_nitedula,Dryomys nitedula,Rodentia,Gliridae,29.5,24.5,3.24,31.32,,2.0,48.0,Dryomys nitedula,909552,False
dyacopterus_spadiceus,Dyacopterus spadiceus,Chiroptera,Pteropodidae,81.1,,,,,,,Dyacopterus spadiceus,606019,False
dymecodon_pilirostris,Dymecodon pilirostris,Soricomorpha,Talpidae,15.46,40.0,3.0,,,3.0,,Dymecodon pilirostris,375375,False
echimys_chrysurus,Echimys chrysurus,Rodentia,Echimyidae,609.99,,1.94,,,1.0,,Echimys chrysurus,360967,False
echimys_saturnus,Echimys saturnus,Rodentia,Echimyidae,626.89,,,,,,,Echimys saturnus,3609812,False
echimys_semivillosus,Echimys semivillosus,Rodentia,Echimyidae,282.36,,,,,1.0,,Pattonomys semivillosus,1002066,True
echinoprocta_rufescens,Echinoprocta rufescens,Rodentia,Erethizontidae,831.79,,,,,,,Coendou rufescens,3609665,True
echinops_telfairi,Echinops telfairi,Afrosoricida,Tenrecidae,152.25,62.54,5.49,31.18,,3.0,156.0,Echinops telfairi,222351,False
echinosorex_gymnura,Echinosorex gymnura,Erinaceomorpha,Erinaceidae,756.53,37.74,1.9,,,2.0,84.0,Echinosorex gymnura,1027567,False
echymipera_clara,Echymipera clara,Peramelemorphia,Peramelidae,1204.61,,2.2,,0.01,2.0,,Echymipera clara,775062,False
echymipera_davidi,Echymipera davidi,Peramelemorphia,Peramelidae,817.05,,,,,,,Echymipera davidi,3606655,False
echymipera_echinista,Echymipera echinista,Peramelemorphia,Peramelidae,1204.61,,,,,,,Echymipera echinista,3606654,False
echymipera_kalubu,Echymipera kalubu,Peramelemorphia,Peramelidae,825.16,13.03,2.07,,0.01,2.0,,Echymipera kalubu,657605,False
echymipera_rufescens,Echymipera rufescens,Peramelemorphia,Peramelidae,1051.48,,2.18,,,,34.8,Echymipera rufescens,775055,False
ectophylla_alba,Ectophylla alba,Chiroptera,Phyllostomidae,5.55,,0.99,24.98,,1.0,,Ectophylla alba,842061,False
eidolon_dupreanum,Eidolon dupreanum,Chiroptera,Pteropodidae,297.58,131.32,1.22,,,1.0,240.0,Eidolon dupreanum,113376,False
eidolon_helvum,Eidolon helvum,Chiroptera,Pteropodidae,254.61,164.36,1.08,60.83,,1.0,261.99,Eidolon helvum,610862,False
eira_barbara,Eira barbara,Carnivora,Mustelidae,4134.99,66.74,2.14,94.46,11.4,2.0,216.0,Eira barbara,381140,False
elaphodus_cephalophus,Elaphodus cephalophus,Artiodactyla,Cervidae,23087.87,181.24,1.0,,,,,Elaphodus cephalophus,57105,False
elephantulus_brachyrhynchus,Elephantulus brachyrhynchus,Macroscelidea,Macroscelididae,45.11,,1.54,,,3.0,,Elephantulus brachyrhynchus,741348,False
elephantulus_edwardii,Elephantulus edwardii,Macroscelidea,Macroscelididae,49.69,,1.8,27.28,,,,Elephantulus edwardii,604025,False
elephantulus_fuscipes,Elephantulus fuscipes,Macroscelidea,Macroscelididae,57.0,,0.96,,,,,Elephantulus fuscipes,334238,False
elephantulus_intufi,Elephantulus intufi,Macroscelidea,Macroscelididae,48.9,51.0,1.55,36.49,,3.0,105.6,Elephantulus intufi,741343,False
elephantulus_myurus,Elephantulus myurus,Macroscelidea,Macroscelididae,59.51,50.66,1.84,22.82,,2.0,13.2,Elephantulus myurus,741345,False
elephantulus_revoili,Elephantulus revoili,Macroscelidea,Macroscelididae,32.49,,,,,,,Elephantulus revoili,334233,False
elephantulus_rozeti,Elephantulus rozeti,Macroscelidea,Macroscelididae,43.07,75.0,2.13,,,,36.0,Petrosaltator rozeti,805842,True
elephantulus_rufescens,Elephantulus rufescens,Macroscelidea,Macroscelididae,52.78,57.0,1.41,24.85,0.002648142,2.0,72.0,Elephantulus rufescens,584365,False
elephantulus_rupestris,Elephantulus rupestris,Macroscelidea,Macroscelididae,65.56,56.0,1.84,,,,,Elephantulus rupestris,741359,False
elephas_maximus,Elephas maximus,Proboscidea,Elephantidae,3269794.34,634.49,1.41,218.26,38.36,1.0,960.0,Elephas maximus,541928,False
eligmodontia_moreni,Eligmodontia moreni,Rodentia,Cricetidae,18.0,,,,,,,Eligmodontia moreni,565738,False
eligmodontia_morgani,Eligmodontia morgani,Rodentia,Cricetidae,16.5,,,,,,,Eligmodontia morgani,469019,False
eligmodontia_puerulus,Eligmodontia puerulus,Rodentia,Cricetidae,28.49,,,,,,,Eligmodontia puerulus,84873,False
eligmodontia_typus,Eligmodontia typus,Rodentia,Cricetidae,17.37,18.38,6.24,,,1.0,9.6,Eligmodontia typus,612164,False
eliomys_melanurus,Eliomys melanurus,Rodentia,Gliridae,100.36,25.0,4.99,,,2.0,,Eliomys melanurus,1038450,False
eliomys_quercinus,Eliomys quercinus,Rodentia,Gliridae,114.61,22.97,4.99,34.8,,2.0,66.0,Eliomys quercinus,964576,False
eliurus_majori,Eliurus majori,Rodentia,Nesomyidae,100.0,,,,,,,Eliurus majori,277058,False
eliurus_minor,Eliurus minor,Rodentia,Nesomyidae,57.53,,,,,,,Eliurus minor,277053,False
eliurus_myoxinus,Eliurus myoxinus,Rodentia,Nesomyidae,69.76,23.99,,,,2.0,,Eliurus myoxinus,277055,False
eliurus_penicillatus,Eliurus penicillatus,Rodentia,Nesomyidae,100.0,,,,,,,Eliurus penicillatus,3608551,False
eliurus_tanala,Eliurus tanala,Rodentia,Nesomyidae,89.99,,,,,,,Eliurus tanala,550180,False
eliurus_webbi,Eliurus webbi,Rodentia,Nesomyidae,61.13,,,,,1.0,,Eliurus webbi,550182,False
ellobius_fuscocapillus,Ellobius fuscocapillus,Rodentia,Cricetidae,80.0,,3.46,,,1.0,,Ellobius fuscocapillus,664068,False
ellobius_talpinus,Ellobius talpinus,Rodentia,Cricetidae,40.0,26.0,3.67,59.99,,,,Ellobius talpinus,904714,False
emballonura_alecto,Emballonura alecto,Chiroptera,Emballonuridae,5.25,,,,,,,Emballonura alecto,1011473,False
emballonura_atrata,Emballonura atrata,Chiroptera,Emballonuridae,4.55,,,,,3.0,,Emballonura atrata,156176,False
emballonura_beccarii,Emballonura beccarii,Chiroptera,Emballonuridae,4.31,,,,,,,Emballonura beccarii,514602,False
emballonura_monticola,Emballonura monticola,Chiroptera,Emballonuridae,5.35,,1.0,,,3.0,,Emballonura monticola,1073068,False
emballonura_raffrayana,Emballonura raffrayana,Chiroptera,Emballonuridae,5.61,,,,,,,Emballonura raffrayana,514588,False
emballonura_semicaudata,Emballonura semicaudata,Chiroptera,Emballonuridae,6.29,,,,,,,Emballonura semicaudata,99583,False
enchisthenes_hartii,Enchisthenes hartii,Chiroptera,Phyllostomidae,16.99,,0.99,,,1.0,,Artibeus hartii,927292,True
eoglaucomys_fimbriatus,Eoglaucomys fimbriatus,Rodentia,Sciuridae,510.0,,3.74,75.47,,,,Eoglaucomys fimbriatus,427317,False
eolagurus_luteus,Eolagurus luteus,Rodentia,Cricetidae,26.0,,7.5,,,,,Eolagurus luteus,718975,False
eonycteris_major,Eonycteris major,Chiroptera,Pteropodidae,70.7,,1.0,,,1.0,,Eonycteris major,505801,False
eonycteris_robusta,Eonycteris robusta,Chiroptera,Pteropodidae,78.36,,,,,,,Eonycteris robusta,89715,False
eonycteris_spelaea,Eonycteris spelaea,Chiroptera,Pteropodidae,58.7,152.18,1.0,59.95,,2.0,60.0,Eonycteris spelaea,113372,False
eospalax_fontanierii,Eospalax fontanierii,Rodentia,Spalacidae,256.76,,,,,,,Eospalax fontanierii,45202,False
eothenomys_melanogaster,Eothenomys melanogaster,Rodentia,Cricetidae,19.59,,1.8,,,,,Eothenomys melanogaster,596085,False
episoriculus_fumidus,Episoriculus fumidus,Soricomorpha,Soricidae,6.95,,3.42,,,,,Episoriculus fumidus,250788,False
epixerus_ebii,Epixerus ebii,Rodentia,Sciuridae,520.96,,2.0,,,1.0,,Epixerus ebii,3609043,False
epomophorus_crypturus,Epomophorus crypturus,Chiroptera,Pteropodidae,95.04,91.24,0.99,60.83,,1.0,,Epomophorus crypturus,15293,False
epomophorus_gambianus,Epomophorus gambianus,Chiroptera,Pteropodidae,134.59,156.43,0.98,59.99,,1.0,,Epomophorus gambianus,790965,False
epomophorus_grandis,Epomophorus grandis,Chiroptera,Pteropodidae,49.42,,,,,1.0,,Epomophorus grandis,3613514,False
epomophorus_labiatus,Epomophorus labiatus,Chiroptera,Pteropodidae,69.65,156.43,0.99,,,1.0,,Epomophorus labiatus,1004006,False
epomophorus_wahlbergi,Epomophorus wahlbergi,Chiroptera,Pteropodidae,93.59,156.43,0.99,668.8,,1.0,,Epomophorus wahlbergi,113368,False
epomops_buettikoferi,Epomops buettikoferi,Chiroptera,Pteropodidae,135.67,139.92,0.98,55.65,,1.0,,Epomops buettikoferi,3613510,False
epomops_dobsonii,Epomops dobsonii,Chiroptera,Pteropodidae,122.08,,,,,,,Epomops dobsonii,3613509,False
epomops_franqueti,Epomops franqueti,Chiroptera,Pteropodidae,118.99,161.77,1.0,,,,,Epomops franqueti,558417,False
eptesicus_bobrinskoi,Eptesicus bobrinskoi,Chiroptera,Vespertilionidae,7.54,,,,,,,Eptesicus bobrinskoi,873668,False
eptesicus_bottae,Eptesicus bottae,Chiroptera,Vespertilionidae,15.66,,,,,,,Eptesicus bottae,1055363,False
eptesicus_brasiliensis,Eptesicus brasiliensis,Chiroptera,Vespertilionidae,9.2,,1.46,,,3.0,,Eptesicus brasiliensis,176332,False
eptesicus_diminutus,Eptesicus diminutus,Chiroptera,Vespertilionidae,5.99,,,,,,,Eptesicus diminutus,353890,False
eptesicus_dimissus,Eptesicus dimissus,Chiroptera,Vespertilionidae,13.03,,,,,,,Cassistrellus dimissus,1059877,True
eptesicus_furinalis,Eptesicus furinalis,Chiroptera,Vespertilionidae,7.7,92.54,1.86,,,3.0,,Eptesicus furinalis,842474,False
eptesicus_fuscus,Eptesicus fuscus,Chiroptera,Vespertilionidae,17.49,52.14,1.85,34.18,,3.0,240.0,Eptesicus fuscus,10737,False
eptesicus_hottentotus,Eptesicus hottentotus,Chiroptera,Vespertilionidae,30.33,,,,,,,Eptesicus hottentotus,716071,False
eptesicus_matroka,Eptesicus matroka,Chiroptera,Vespertilionidae,6.57,,1.22,,,3.0,,Neoromicia matroka,514381,True
eptesicus_nasutus,Eptesicus nasutus,Chiroptera,Vespertilionidae,7.91,,,,,,,Eptesicus nasutus,589478,False
eptesicus_nilssonii,Eptesicus nilssonii,Chiroptera,Vespertilionidae,10.72,,1.5,26.0,,3.0,186.0,Eptesicus nilssonii,493714,False
eptesicus_pachyotis,Eptesicus pachyotis,Chiroptera,Vespertilionidae,8.1,,,,,,,Eptesicus pachyotis,3613803,False
eptesicus_serotinus,Eptesicus serotinus,Chiroptera,Vespertilionidae,23.09,65.44,1.5,30.8,,3.0,72.0,Eptesicus serotinus,15443,False
equus_burchellii,Equus burchellii,Perissodactyla,Equidae,279160.65,371.2,1.0,294.11,127.99,1.0,480.0,Equus burchellii,1068214,False
equus_grevyi,Equus grevyi,Perissodactyla,Equidae,408000.35,406.0,1.0,271.7,,1.0,312.0,Equus grevyi,1068209,False
equus_hemionus,Equus hemionus,Perissodactyla,Equidae,235248.07,346.0,1.0,456.25,,1.0,465.6,Equus hemionus,918649,False
equus_kiang,Equus kiang,Perissodactyla,Equidae,281138.63,260.76,,,,,,Equus kiang,641400,False
equus_zebra,Equus zebra,Perissodactyla,Equidae,282462.13,363.49,1.0,181.46,7.4,1.0,288.0,Equus zebra,1068212,False
eremitalpa_granti,Eremitalpa granti,Afrosoricida,Chrysochloridae,22.04,,1.36,,0.03,2.0,24.0,Eremitalpa granti,672748,False
erethizon_dorsatum,Erethizon dorsatum,Rodentia,Erethizontidae,7419.46,210.99,1.0,16.27,0.1,1.0,216.0,Erethizon dorsatum,848921,False
erinaceus_europaeus,Erinaceus europaeus,Erinaceomorpha,Erinaceidae,777.95,36.98,4.64,40.0,0.08,2.0,168.0,Erinaceus europaeus,796660,False
erophylla_bombifrons,Erophylla bombifrons,Chiroptera,Phyllostomidae,16.28,,,,,1.0,,Erophylla bombifrons,120236,False
erophylla_sezekorni,Erophylla sezekorni,Chiroptera,Phyllostomidae,15.87,,1.0,,,,,Erophylla sezekorni,534168,False
erythrocebus_patas,Erythrocebus patas,Primates,Cercopithecidae,7966.3,167.2,1.01,211.79,28.24,2.0,286.8,Erythrocebus patas,268326,False
euderma_maculatum,Euderma maculatum,Chiroptera,Vespertilionidae,16.17,,1.0,,,3.0,,Euderma maculatum,76925,False
eudorcas_rufifrons,Eudorcas rufifrons,Artiodactyla,Bovidae,26999.77,174.73,1.0,,,,162.0,Eudorcas rufifrons,702506,False
eudorcas_thomsonii,Eudorcas thomsonii,Artiodactyla,Bovidae,22907.43,166.14,1.0,93.25,,1.0,182.04,Eudorcas thomsonii,702522,False
eulemur_albocollaris,Eulemur albocollaris,Primates,Lemuridae,2397.37,,,,,,,Eulemur fulvus albocollaris,671252,True
eulemur_coronatus,Eulemur coronatus,Primates,Lemuridae,1699.85,124.04,1.53,,0.05,2.0,220.8,Eulemur coronatus,394965,False
eulemur_fulvus,Eulemur fulvus,Primates,Lemuridae,2376.99,120.83,1.1,134.64,0.05,1.0,444.0,Eulemur fulvus,394961,False
eulemur_macaco,Eulemur macaco,Primates,Lemuridae,2470.43,127.49,1.04,143.28,0.03,2.0,360.0,Eulemur macaco,763521,False
eulemur_mongoz,Eulemur mongoz,Primates,Lemuridae,1771.13,129.0,1.11,151.13,0.05,2.0,360.0,Eulemur mongoz,696004,False
eulemur_rubriventer,Eulemur rubriventer,Primates,Lemuridae,2015.4,126.99,1.01,151.22,0.13,2.0,,Eulemur rubriventer,696007,False
eulemur_rufus,Eulemur rufus,Primates,Lemuridae,2394.62,,,,,,,Eulemur rufus,22554,False
eulemur_sanfordi,Eulemur sanfordi,Primates,Lemuridae,2394.03,,,,,,,Eulemur sanfordi,671251,False
eumops_auripendulus,Eumops auripendulus,Chiroptera,Molossidae,28.49,,0.98,,,,,Eumops auripendulus,842476,False
eumops_bonariensis,Eumops bonariensis,Chiroptera,Molossidae,12.22,,0.99,48.99,,3.0,,Eumops bonariensis,781186,False
eumops_dabbenei,Eumops dabbenei,Chiroptera,Molossidae,67.27,,,,,,,Eumops dabbenei,779246,False
eumops_glaucinus,Eumops glaucinus,Chiroptera,Molossidae,36.2,,1.04,38.49,,3.0,,Eumops glaucinus,548118,False
eumops_hansae,Eumops hansae,Chiroptera,Molossidae,15.47,,,,,,,Eumops hansae,599542,False
eumops_perotis,Eumops perotis,Chiroptera,Molossidae,50.97,,0.99,,,3.0,,Eumops perotis,301606,False
eumops_underwoodi,Eumops underwoodi,Chiroptera,Molossidae,58.67,,1.0,,,3.0,,Eumops underwoodi,446280,False
euneomys_chinchilloides,Euneomys chinchilloides,Rodentia,Cricetidae,75.57,,,,,,,Euneomys chinchilloides,644642,False
euneomys_mordax,Euneomys mordax,Rodentia,Cricetidae,81.99,,,,,,,Euneomys mordax,829500,False
euneomys_petersoni,Euneomys petersoni,Rodentia,Cricetidae,83.0,,,,,,,Euneomys petersoni,3608229,False
euoticus_elegantulus,Euoticus elegantulus,Primates,Galagidae,295.48,133.45,0.99,,,2.0,180.0,Euoticus elegantulus,323064,False
euoticus_pallidus,Euoticus pallidus,Primates,Galagidae,277.37,,,,,,,Euoticus pallidus,3607501,False
euphractus_sexcinctus,Euphractus sexcinctus,Cingulata,Dasypodidae,4731.16,64.66,1.73,28.0,0.65,2.0,225.96,Euphractus sexcinctus,292508,False
eupleres_goudotii,Eupleres goudotii,Carnivora,Eupleridae,2763.34,93.86,1.0,62.99,,2.0,,Eupleres goudotii,527114,False
euroscaptor_micrura,Euroscaptor micrura,Soricomorpha,Talpidae,60.46,,,,,3.0,36.0,Euroscaptor micrura,586867,False
euroscaptor_mizura,Euroscaptor mizura,Soricomorpha,Talpidae,25.05,40.0,3.0,,,3.0,36.0,Euroscaptor mizura,201752,False
euryzygomatomys_spinosus,Euryzygomatomys spinosus,Rodentia,Echimyidae,187.49,,0.97,,,,,Euryzygomatomys spinosus,504978,False
exilisciurus_concinnus,Exilisciurus concinnus,Rodentia,Sciuridae,27.72,,1.94,,,,,Exilisciurus concinnus,724376,False
exilisciurus_exilis,Exilisciurus exilis,Rodentia,Sciuridae,21.75,,2.46,,,,,Exilisciurus exilis,724374,False
exilisciurus_whiteheadi,Exilisciurus whiteheadi,Rodentia,Sciuridae,24.91,,1.94,,,,,Exilisciurus whiteheadi,3609136,False
falsistrellus_mackenziei,Falsistrellus mackenziei,Chiroptera,Vespertilionidae,23.0,,,,,,,Falsistrellus mackenziei,3614164,False
falsistrellus_tasmaniensis,Falsistrellus tasmaniensis,Chiroptera,Vespertilionidae,22.54,,,,,3.0,,Falsistrellus tasmaniensis,3613842,False
felis_bieti,Felis bieti,Carnivora,Felidae,5486.95,,,,,,,Felis silvestris bieti,54743,True
felis_chaus,Felis chaus,Carnivora,Felidae,7157.99,62.88,2.94,95.49,,3.0,144.0,Felis chaus,983181,False
felis_manul,Felis manul,Carnivora,Felidae,3050.0,76.08,4.83,,,3.0,,Otocolobus manul,86183,True
felis_margarita,Felis margarita,Carnivora,Felidae,2823.36,63.61,4.12,,,3.0,,Felis margarita,983177,False
felis_nigripes,Felis nigripes,Carnivora,Felidae,1362.77,67.5,1.78,67.23,,3.0,144.0,Felis nigripes,983179,False
felis_silvestris,Felis silvestris,Carnivora,Felidae,4573.08,65.49,3.59,76.01,1.29,3.0,336.0,Felis silvestris,563163,False
felovia_vae,Felovia vae,Rodentia,Ctenodactylidae,205.0,,1.0,,,1.0,,Felovia vae,3609364,False
feroculus_feroculus,Feroculus feroculus,Soricomorpha,Soricidae,35.99,,,,,,,Feroculus feroculus,3614650,False
fossa_fossana,Fossa fossana,Carnivora,Eupleridae,1853.98,88.38,1.0,66.84,0.75,2.0,132.0,Fossa fossana,342738,False
funambulus_palmarum,Funambulus palmarum,Rodentia,Sciuridae,136.4,34.0,2.62,,,,,Funambulus palmarum,319616,False
funambulus_pennantii,Funambulus pennantii,Rodentia,Sciuridae,102.49,41.77,2.95,56.0,0.001374507,,,Funambulus pennantii,659094,False
funambulus_sublineatus,Funambulus sublineatus,Rodentia,Sciuridae,70.93,,2.0,,,,,Funambulus sublineatus,926930,False
funambulus_tristriatus,Funambulus tristriatus,Rodentia,Sciuridae,134.62,,2.64,125.69,,,,Funambulus tristriatus,3609135,False
funisciurus_anerythrus,Funisciurus anerythrus,Rodentia,Sciuridae,223.54,,1.32,,,1.0,,Funisciurus anerythrus,879579,False
funisciurus_bayonii,Funisciurus bayonii,Rodentia,Sciuridae,134.99,,,,,,,Funisciurus bayonii,3609128,False
funisciurus_carruthersi,Funisciurus carruthersi,Rodentia,Sciuridae,276.85,,,,,,,Funisciurus carruthersi,524854,False
funisciurus_congicus,Funisciurus congicus,Rodentia,Sciuridae,112.0,54.23,2.44,49.99,0.003290498,2.0,114.0,Funisciurus congicus,3609134,False
funisciurus_isabella,Funisciurus isabella,Rodentia,Sciuridae,109.31,,0.98,,,1.0,,Funisciurus isabella,3609131,False
funisciurus_lemniscatus,Funisciurus lemniscatus,Rodentia,Sciuridae,140.99,,1.8,,,2.0,,Funisciurus lemniscatus,3609129,False
funisciurus_leucogenys,Funisciurus leucogenys,Rodentia,Sciuridae,250.0,,0.97,,,,,Funisciurus leucogenys,3609133,False
funisciurus_pyrropus,Funisciurus pyrropus,Rodentia,Sciuridae,243.18,,1.26,,,1.0,,Funisciurus pyrropus,152106,False
funisciurus_substriatus,Funisciurus substriatus,Rodentia,Sciuridae,185.73,,,,,,,Funisciurus substriatus,3609130,False
furipterus_horrens,Furipterus horrens,Chiroptera,Furipteridae,3.15,,1.0,,,3.0,,Furipterus horrens,1060469,False
galago_alleni,Galago alleni,Primates,Galagidae,266.03,133.0,1.29,,0.18,1.0,144.0,Galago alleni,173071,False
galago_demidoff,Galago demidoff,Primates,Galagidae,66.04,111.0,1.29,43.47,0.01,2.0,168.0,Galagoides demidoff,653041,True
galago_gallarum,Galago gallarum,Primates,Galagidae,250.0,,,,,,,Galago gallarum,552578,False
galago_matschiei,Galago matschiei,Primates,Galagidae,211.61,,0.99,,,,,Galago matschiei,271531,False
galago_moholi,Galago moholi,Primates,Galagidae,191.96,122.29,1.6,90.46,0.04,1.0,198.0,Galago moholi,311214,False
galago_senegalensis,Galago senegalensis,Primates,Galagidae,215.2,126.98,1.5,93.93,0.08,2.0,204.0,Galago senegalensis,863751,False
galago_thomasi,Galago thomasi,Primates,Galagidae,117.35,,,,,,,Galagoides thomasi,202831,True
galago_zanzibaricus,Galago zanzibaricus,Primates,Galagidae,147.35,120.0,1.29,59.27,0.01,2.0,,Paragalago zanzibaricus,7067594,True
galea_flavidens,Galea flavidens,Rodentia,Caviidae,450.0,53.0,,,,1.0,,Galea flavidens,3609883,False
galea_musteloides,Galea musteloides,Rodentia,Caviidae,386.64,53.9,2.6,31.13,,1.0,21.6,Galea musteloides,744014,False
galea_spixii,Galea spixii,Rodentia,Caviidae,360.61,50.66,2.19,42.09,0.000535015,1.0,55.2,Galea spixii,1010504,False
galemys_pyrenaicus,Galemys pyrenaicus,Soricomorpha,Talpidae,60.17,30.0,3.54,,0.001551623,3.0,60.0,Galemys pyrenaicus,510297,False
galenomys_garleppi,Galenomys garleppi,Rodentia,Cricetidae,59.3,,,,,,,Galenomys garleppi,3610795,False
galeopterus_variegates,Galeopterus variegates,Dermoptera,Cynocephalidae,1112.2,59.99,1.0,,,1.0,3.45,Galeopterus variegates,3607464,False
galerella_flavescens,Galerella flavescens,Carnivora,Herpestidae,750.0,,,,,,,Galerella flavescens,3613283,False
galerella_pulverulenta,Galerella pulverulenta,Carnivora,Herpestidae,791.4,,2.25,,3.81,3.0,104.5,Galerella pulverulenta,658638,False
galerella_sanguinea,Galerella sanguinea,Carnivora,Herpestidae,543.83,61.27,2.5,54.44,0.66,2.0,72.0,Galerella sanguinea,750158,False
galictis_cuja,Galictis cuja,Carnivora,Mustelidae,1000.0,,,,,3.0,87.0,Galictis cuja,1061040,False
galidia_elegans,Galidia elegans,Carnivora,Eupleridae,810.0,76.11,1.0,59.27,0.17,2.0,158.4,Galidia elegans,86159,False
galidictis_fasciata,Galidictis fasciata,Carnivora,Eupleridae,549.99,,1.0,,,3.0,,Galidictis fasciata,556857,False
galidictis_grandidieri,Galidictis grandidieri,Carnivora,Eupleridae,1400.0,,1.0,,,3.0,,Galidictis grandidieri,3613138,False
gazella_arabica,Gazella arabica,Artiodactyla,Bovidae,24124.67,,1.5,,,1.0,135.96,Gazella arabica,740848,False
gazella_bennettii,Gazella bennettii,Artiodactyla,Bovidae,18916.67,,,,,,,Gazella bennettii,702517,False
gazella_dorcas,Gazella dorcas,Artiodactyla,Bovidae,15635.95,172.0,1.22,61.35,15.52,2.0,209.04,Gazella dorcas,683912,False
gazella_gazella,Gazella gazella,Artiodactyla,Bovidae,21306.83,180.0,1.22,86.17,1.46,1.0,219.0,Gazella gazella,702512,False
gazella_leptoceros,Gazella leptoceros,Artiodactyla,Bovidae,24645.75,167.29,1.0,,,1.0,168.0,Gazella leptoceros,702510,False
gazella_spekei,Gazella spekei,Artiodactyla,Bovidae,20000.0,178.59,1.0,,,,152.04,Gazella spekei,702498,False
gazella_subgutturosa,Gazella subgutturosa,Artiodactyla,Bovidae,26981.37,159.68,1.39,116.41,,1.0,240.0,Gazella subgutturosa,363049,False
genetta_abyssinica,Genetta abyssinica,Carnivora,Viverridae,1405.48,,,,,,,Genetta abyssinica,3613140,False
genetta_angolensis,Genetta angolensis,Carnivora,Viverridae,1859.64,,,,,,,Genetta angolensis,45851,False
genetta_cristata,Genetta cristata,Carnivora,Viverridae,1863.23,,2.5,,,3.0,408.0,Genetta cristata,45849,False
genetta_genetta,Genetta genetta,Carnivora,Viverridae,1756.17,74.18,2.29,71.8,10.9,2.0,408.0,Genetta genetta,194343,False
genetta_johnstoni,Genetta johnstoni,Carnivora,Viverridae,2225.0,,,,,,,Genetta johnstoni,159585,False
genetta_maculata,Genetta maculata,Carnivora,Viverridae,1950.0,,2.12,,,2.0,,Genetta maculata,159579,False
genetta_piscivora,Genetta piscivora,Carnivora,Viverridae,1648.05,,0.96,,,3.0,,Osbornictis piscivora,49904,True
genetta_servalina,Genetta servalina,Carnivora,Viverridae,1175.84,,1.5,,,2.0,,Genetta servalina,159587,False
genetta_thierryi,Genetta thierryi,Carnivora,Viverridae,1400.0,,,,,,,Genetta thierryi,159586,False
genetta_tigrina,Genetta tigrina,Carnivora,Viverridae,2066.57,71.48,2.76,87.77,0.04,2.0,180.0,Genetta tigrina,350016,False
genetta_victoriae,Genetta victoriae,Carnivora,Viverridae,2743.69,,,,,,,Genetta victoriae,45847,False
geocapromys_brownii,Geocapromys brownii,Rodentia,Capromyidae,1497.48,120.0,1.73,2.17,,1.0,99.6,Geocapromys brownii,3609730,False
geocapromys_ingrahami,Geocapromys ingrahami,Rodentia,Capromyidae,733.52,109.21,1.04,5.84,,1.0,72.0,Geocapromys ingrahami,3609731,False
geogale_aurita,Geogale aurita,Afrosoricida,Tenrecidae,6.69,57.64,3.4,34.86,,3.0,,Geogale aurita,922733,False
geomys_arenarius,Geomys arenarius,Rodentia,Geomyidae,206.0,,4.71,,,1.0,,Geomys arenarius,834817,False
geomys_attwateri,Geomys attwateri,Rodentia,Geomyidae,144.06,,1.89,,0.000214131,1.0,,Geomys attwateri,719911,False
geomys_breviceps,Geomys breviceps,Rodentia,Geomyidae,136.47,,2.53,,,1.0,,Geomys breviceps,229556,False
geomys_bursarius,Geomys bursarius,Rodentia,Geomyidae,203.75,18.5,3.14,34.9,,1.0,86.4,Geomys bursarius,451265,False
geomys_knoxjonesi,Geomys knoxjonesi,Rodentia,Geomyidae,172.49,23.98,,24.36,,1.0,,Geomys knoxjonesi,451267,False
geomys_personatus,Geomys personatus,Rodentia,Geomyidae,397.0,,3.09,,,1.0,,Geomys personatus,653624,False
geomys_pinetis,Geomys pinetis,Rodentia,Geomyidae,201.15,,1.68,,,1.0,,Geomys pinetis,883161,False
geomys_tropicalis,Geomys tropicalis,Rodentia,Geomyidae,349.99,,4.0,30.24,,1.0,84.0,Geomys tropicalis,834821,False
georychus_capensis,Georychus capensis,Rodentia,Bathyergidae,188.36,43.74,5.94,21.83,0.000212281,2.0,36.0,Georychus capensis,118556,False
geoxus_valdivianus,Geoxus valdivianus,Rodentia,Cricetidae,30.8,,3.4,,,2.0,,Geoxus valdivianus,885387,False
gerbilliscus_afra,Gerbilliscus afra,Rodentia,Muridae,92.13,23.3,3.92,,,,,Gerbilliscus afra,630494,False
gerbilliscus_brantsii,Gerbilliscus brantsii,Rodentia,Muridae,89.41,22.64,2.74,28.78,0.000541371,,,Gerbilliscus brantsii,630497,False
gerbilliscus_guineae,Gerbilliscus guineae,Rodentia,Muridae,102.5,,,,,,,Gerbilliscus guineae,240714,False
gerbilliscus_inclusus,Gerbilliscus inclusus,Rodentia,Muridae,118.5,23.15,,21.99,,,,Gerbilliscus inclusus,3608907,False
gerbilliscus_kempi,Gerbilliscus kempi,Rodentia,Muridae,100.83,25.33,4.0,,,,,Gerbilliscus kempi,240719,False
gerbilliscus_leucogaster,Gerbilliscus leucogaster,Rodentia,Muridae,73.75,28.37,4.5,27.89,,,,Gerbilliscus leucogaster,240724,False
gerbilliscus_nigricaudus,Gerbilliscus nigricaudus,Rodentia,Muridae,123.0,,4.44,,,,,Gerbilliscus nigricaudus,240732,False
gerbilliscus_phillipsi,Gerbilliscus phillipsi,Rodentia,Muridae,127.07,,,,,,,Gerbilliscus phillipsi,3608908,False
gerbilliscus_robustus,Gerbilliscus robustus,Rodentia,Muridae,95.99,,5.26,,,,,Gerbilliscus robustus,240728,False
gerbilliscus_validus,Gerbilliscus validus,Rodentia,Muridae,121.0,25.0,3.94,,,,,Gerbilliscus validus,240735,False
gerbillurus_paeba,Gerbillurus paeba,Rodentia,Muridae,25.91,26.0,3.64,22.84,0.01,2.0,,Gerbillurus paeba,818708,False
gerbillurus_setzeri,Gerbillurus setzeri,Rodentia,Muridae,38.29,,,25.35,,2.0,,Gerbillurus setzeri,818709,False
gerbillurus_tytonis,Gerbillurus tytonis,Rodentia,Muridae,29.79,,4.4,29.0,,,,Gerbillurus tytonis,504758,False
gerbillurus_vallinus,Gerbillurus vallinus,Rodentia,Muridae,35.24,,3.87,25.35,,,,Gerbillurus vallinus,756674,False
gerbillus_amoenus,Gerbillus amoenus,Rodentia,Muridae,13.2,,,,,,,Gerbillus amoenus,3608949,False
gerbillus_andersoni,Gerbillus andersoni,Rodentia,Muridae,27.5,,3.89,,,1.0,,Gerbillus andersoni,3608937,False
gerbillus_cheesmani,Gerbillus cheesmani,Rodentia,Muridae,28.0,,8.0,,,,,Gerbillus cheesmani,3608985,False
gerbillus_gerbillus,Gerbillus gerbillus,Rodentia,Muridae,26.99,,4.14,,,,,Gerbillus gerbillus,404779,False
gerbillus_gleadowi,Gerbillus gleadowi,Rodentia,Muridae,26.01,20.0,3.0,,,,,Gerbillus gleadowi,3608650,False
gerbillus_henleyi,Gerbillus henleyi,Rodentia,Muridae,8.0,,4.0,,,,,Gerbillus henleyi,263040,False
gerbillus_nanus,Gerbillus nanus,Rodentia,Muridae,25.5,20.97,3.16,27.79,,,,Gerbillus nanus,404777,False
gerbillus_nigeriae,Gerbillus nigeriae,Rodentia,Muridae,29.7,,,,,,,Gerbillus nigeriae,426509,False
gerbillus_perpallidus,Gerbillus perpallidus,Rodentia,Muridae,52.22,20.22,4.65,,,,,Gerbillus perpallidus,718288,False
gerbillus_pusillus,Gerbillus pusillus,Rodentia,Muridae,12.55,,,,,,,Gerbillus pusillus,3608950,False
gerbillus_pyramidum,Gerbillus pyramidum,Rodentia,Muridae,42.8,22.14,3.3,27.5,,1.0,98.4,Gerbillus pyramidum,404782,False
giraffa_camelopardalis,Giraffa camelopardalis,Artiodactyla,Giraffidae,964654.73,455.25,1.29,212.91,81.52,1.0,435.6,Giraffa camelopardalis,768674,False
glaucomys_sabrinus,Glaucomys sabrinus,Rodentia,Sciuridae,137.53,40.0,3.0,65.0,0.05,2.0,156.0,Glaucomys sabrinus,580342,False
glaucomys_volans,Glaucomys volans,Rodentia,Sciuridae,71.9,39.49,3.13,57.23,0.005345752,2.0,144.0,Glaucomys volans,659102,False
glauconycteris_argentata,Glauconycteris argentata,Chiroptera,Vespertilionidae,9.3,,,,,,,Glauconycteris argentata,235402,False
glauconycteris_beatrix,Glauconycteris beatrix,Chiroptera,Vespertilionidae,7.5,,,,,,,Glauconycteris beatrix,176329,False
glauconycteris_gleni,Glauconycteris gleni,Chiroptera,Vespertilionidae,10.81,,,,,,,Glauconycteris gleni,3613629,False
glauconycteris_humeralis,Glauconycteris humeralis,Chiroptera,Vespertilionidae,5.49,,,,,,,Glauconycteris humeralis,3613635,False
glauconycteris_kenyacola,Glauconycteris kenyacola,Chiroptera,Vespertilionidae,7.17,,,,,,,Glauconycteris kenyacola,3613627,False
glauconycteris_poensis,Glauconycteris poensis,Chiroptera,Vespertilionidae,6.91,,,,,,,Glauconycteris poensis,582931,False
glauconycteris_variegata,Glauconycteris variegata,Chiroptera,Vespertilionidae,11.25,,1.12,,,3.0,,Glauconycteris variegata,62950,False
glironia_venusta,Glironia venusta,Didelphimorphia,Didelphidae,114.0,,,,,2.0,,Glironia venusta,606428,False
glis_glis,Glis glis,Rodentia,Gliridae,128.09,28.19,5.17,27.84,0.001479636,,108.0,Glis glis,185345,False
glischropus_tylopus,Glischropus tylopus,Chiroptera,Vespertilionidae,4.59,,1.0,,,3.0,,Glischropus tylopus,505803,False
glossophaga_commissarisi,Glossophaga commissarisi,Chiroptera,Phyllostomidae,9.15,,0.98,,,2.0,,Glossophaga commissarisi,801225,False
glossophaga_leachii,Glossophaga leachii,Chiroptera,Phyllostomidae,10.24,,0.98,,,2.0,,Glossophaga leachii,227303,False
glossophaga_longirostris,Glossophaga longirostris,Chiroptera,Phyllostomidae,13.32,,0.98,,,2.0,,Glossophaga longirostris,227307,False
glossophaga_morenoi,Glossophaga morenoi,Chiroptera,Phyllostomidae,8.54,,1.0,,,2.0,,Glossophaga morenoi,227308,False
glossophaga_soricina,Glossophaga soricina,Chiroptera,Phyllostomidae,9.97,107.97,1.0,32.3,,2.0,120.0,Glossophaga soricina,876514,False
glyphonycteris_daviesi,Glyphonycteris daviesi,Chiroptera,Phyllostomidae,18.61,,0.98,,,2.0,,Glyphonycteris daviesi,201779,False
glyphonycteris_sylvestris,Glyphonycteris sylvestris,Chiroptera,Phyllostomidae,8.91,,,,,2.0,,Glyphonycteris sylvestris,599548,False
golunda_ellioti,Golunda ellioti,Rodentia,Muridae,60.73,,4.83,,,1.0,,Golunda ellioti,170591,False
gorilla_beringei,Gorilla beringei,Primates,Hominidae,149325.19,,,,,,,Gorilla beringei,351685,False
gorilla_gorilla,Gorilla gorilla,Primates,Hominidae,112588.99,257.0,1.05,920.35,4.03,2.0,648.0,Gorilla gorilla,417965,False
gracilinanus_aceramarcae,Gracilinanus aceramarcae,Didelphimorphia,Didelphidae,20.5,,,,,,,Gracilinanus aceramarcae,972310,False
gracilinanus_agilis,Gracilinanus agilis,Didelphimorphia,Didelphidae,22.03,,12.0,,,,,Gracilinanus agilis,594366,False
gracilinanus_dryas,Gracilinanus dryas,Didelphimorphia,Didelphidae,18.53,,,,,,,Gracilinanus dryas,3606695,False
gracilinanus_emiliae,Gracilinanus emiliae,Didelphimorphia,Didelphidae,7.59,,,,,,,Gracilinanus emiliae,336660,False
gracilinanus_marica,Gracilinanus marica,Didelphimorphia,Didelphidae,23.8,,5.99,,,,,Gracilinanus marica,3606700,False
gracilinanus_microtarsus,Gracilinanus microtarsus,Didelphimorphia,Didelphidae,29.3,,,,,,,Gracilinanus microtarsus,608036,False
grammomys_cometes,Grammomys cometes,Rodentia,Muridae,45.0,,2.9,22.5,,,,Grammomys cometes,695709,False
grammomys_dolichurus,Grammomys dolichurus,Rodentia,Muridae,41.85,23.99,3.11,23.87,,,52.8,Grammomys dolichurus,695712,False
grammomys_ibeanus,Grammomys ibeanus,Rodentia,Muridae,41.19,,,,,,,Grammomys ibeanus,695715,False
grammomys_macmillani,Grammomys macmillani,Rodentia,Muridae,37.01,,,,,,,Grammomys macmillani,565390,False
grammomys_minnae,Grammomys minnae,Rodentia,Muridae,35.99,,,,,,,Grammomys minnae,3608643,False
graomys_domorum,Graomys domorum,Rodentia,Cricetidae,102.0,,,,,,,Graomys domorum,84868,False
graomys_edithae,Graomys edithae,Rodentia,Cricetidae,40.4,,,,,,,Graomys edithae,3608234,False
graomys_griseoflavus,Graomys griseoflavus,Rodentia,Cricetidae,68.32,,6.97,,,,,Graomys griseoflavus,84870,False
graphiurus_kelleni,Graphiurus kelleni,Rodentia,Gliridae,10.5,,4.41,,,2.0,,Graphiurus kelleni,1038454,False
graphiurus_murinus,Graphiurus murinus,Rodentia,Gliridae,20.07,23.99,3.0,,,2.0,69.6,Graphiurus murinus,159164,False
graphiurus_nagtglasii,Graphiurus nagtglasii,Rodentia,Gliridae,30.0,,3.11,,,2.0,,Graphiurus nagtglasii,3608137,False
graphiurus_ocularis,Graphiurus ocularis,Rodentia,Gliridae,68.8,,4.99,,0.09,2.0,,Graphiurus ocularis,1038438,False
graphiurus_platyops,Graphiurus platyops,Rodentia,Gliridae,46.1,,5.17,,,2.0,,Graphiurus platyops,1038440,False
gulo_gulo,Gulo gulo,Carnivora,Mustelidae,12792.49,161.73,2.84,83.64,343.27,3.0,216.0,Gulo gulo,178247,False
gymnobelideus_leadbeateri,Gymnobelideus leadbeateri,Diprotodontia,Petauridae,137.32,18.43,1.54,119.32,0.01,2.0,132.0,Gymnobelideus leadbeateri,852208,False
gymnuromys_roberti,Gymnuromys roberti,Rodentia,Nesomyidae,97.5,,1.94,,,1.0,,Gymnuromys roberti,441617,False
habromys_chinanteco,Habromys chinanteco,Rodentia,Cricetidae,40.0,,,,,,,Habromys chinanteco,567289,False
habromys_lophurus,Habromys lophurus,Rodentia,Cricetidae,40.0,,,,,,,Habromys lophurus,1065597,False
habromys_simulatus,Habromys simulatus,Rodentia,Cricetidae,40.0,,,,,,,Habromys simulatus,1093794,False
handleyomys_fuscatus,Handleyomys fuscatus,Rodentia,Cricetidae,49.5,,,,,,,Handleyomys fuscatus,3608227,False
handleyomys_intectus,Handleyomys intectus,Rodentia,Cricetidae,60.5,,,,,,,Handleyomys intectus,621037,False
hapalemur_alaotrensis,Hapalemur alaotrensis,Primates,Lemuridae,1616.83,,,,,,,Hapalemur alaotrensis,3607542,False
hapalemur_aureus,Hapalemur aureus,Primates,Lemuridae,1562.41,142.5,1.01,,0.21,1.0,,Hapalemur aureus,671260,False
hapalemur_griseus,Hapalemur griseus,Primates,Lemuridae,916.0,141.24,1.5,136.29,0.01,1.0,205.2,Hapalemur griseus,789630,False
hapalomys_longicaudatus,Hapalomys longicaudatus,Rodentia,Muridae,70.0,,,,,1.0,,Hapalomys longicaudatus,3608819,False
haplonycteris_fischeri,Haplonycteris fischeri,Chiroptera,Pteropodidae,18.25,174.73,1.0,76.04,,1.0,120.0,Haplonycteris fischeri,767030,False
harpiocephalus_harpia,Harpiocephalus harpia,Chiroptera,Vespertilionidae,13.65,,,,,3.0,,Harpiocephalus harpia,842480,False
harpyionycteris_celebensis,Harpyionycteris celebensis,Chiroptera,Pteropodidae,116.77,,0.98,,,,,Harpyionycteris celebensis,695394,False
harpyionycteris_whiteheadi,Harpyionycteris whiteheadi,Chiroptera,Pteropodidae,135.48,132.74,1.0,111.6,,1.0,,Harpyionycteris whiteheadi,300431,False
heimyscus_fumosus,Heimyscus fumosus,Rodentia,Muridae,17.2,,,,,,,Heimyscus fumosus,194430,False
helarctos_malayanus,Helarctos malayanus,Carnivora,Ursidae,57075.78,98.34,1.1,90.36,,1.0,297.6,Helarctos malayanus,679701,False
heliophobius_argenteocinereus,Heliophobius argenteocinereus,Rodentia,Bathyergidae,159.46,87.0,2.46,,0.000134237,1.0,37.2,Heliophobius argenteocinereus,118526,False
heliosciurus_gambianus,Heliosciurus gambianus,Rodentia,Sciuridae,248.36,,2.91,,,,,Heliosciurus gambianus,879576,False
heliosciurus_mutabilis,Heliosciurus mutabilis,Rodentia,Sciuridae,390.0,,,,,2.0,,Heliosciurus mutabilis,3609044,False
heliosciurus_punctatus,Heliosciurus punctatus,Rodentia,Sciuridae,173.85,,,,,,,Heliosciurus punctatus,3609045,False
heliosciurus_rufobrachium,Heliosciurus rufobrachium,Rodentia,Sciuridae,332.88,,2.0,,,1.0,106.8,Heliosciurus rufobrachium,706192,False
heliosciurus_ruwenzorii,Heliosciurus ruwenzorii,Rodentia,Sciuridae,291.0,,2.91,,,,,Heliosciurus ruwenzorii,152101,False
heliosciurus_undulatus,Heliosciurus undulatus,Rodentia,Sciuridae,347.33,,,,,,,Heliosciurus undulatus,524856,False
helogale_hirtula,Helogale hirtula,Carnivora,Herpestidae,484.63,,,,,3.0,,Helogale hirtula,645182,False
helogale_parvula,Helogale parvula,Carnivora,Herpestidae,281.83,54.08,3.49,21.0,0.21,3.0,131.0,Helogale parvula,6940,False
hemibelideus_lemuroides,Hemibelideus lemuroides,Diprotodontia,Pseudocheiridae,993.59,,1.0,,,,48.0,Hemibelideus lemuroides,1092098,False
hemicentetes_nigriceps,Hemicentetes nigriceps,Afrosoricida,Tenrecidae,102.99,55.32,2.84,22.71,,3.0,31.2,Hemicentetes nigriceps,3607192,False
hemicentetes_semispinosus,Hemicentetes semispinosus,Afrosoricida,Tenrecidae,134.0,53.07,5.32,21.5,,3.0,32.4,Hemicentetes semispinosus,542054,False
hemiechinus_auritus,Hemiechinus auritus,Erinaceomorpha,Erinaceidae,322.04,37.18,3.74,39.7,0.03,2.0,81.6,Hemiechinus auritus,968064,False
hemigalus_derbyanus,Hemigalus derbyanus,Carnivora,Viverridae,1262.7,,1.73,69.6,,2.0,144.0,Hemigalus derbyanus,194340,False
hemitragus_hylocrius,Hemitragus hylocrius,Artiodactyla,Bovidae,74186.41,186.35,1.41,27.28,,1.0,207.0,Hemitragus hylocrius,203064,False
hemitragus_jayakari,Hemitragus jayakari,Artiodactyla,Bovidae,22210.18,164.31,1.0,,,1.0,168.0,Arabitragus jayakari,1068706,True
hemitragus_jemlahicus,Hemitragus jemlahicus,Artiodactyla,Bovidae,68616.43,195.76,1.01,,,1.0,261.6,Hemitragus jemlahicus,123276,False
herpestes_brachyurus,Herpestes brachyurus,Carnivora,Herpestidae,1396.16,,3.49,,,3.0,,Herpestes brachyurus,650601,False
herpestes_edwardsi,Herpestes edwardsi,Carnivora,Herpestidae,1304.67,63.09,2.0,34.8,,2.0,,Herpestes edwardsi,5835568,False
herpestes_ichneumon,Herpestes ichneumon,Carnivora,Herpestidae,2980.02,75.87,3.0,58.09,2.18,2.0,240.0,Herpestes ichneumon,749636,False
herpestes_javanicus,Herpestes javanicus,Carnivora,Herpestidae,750.0,48.48,2.21,43.59,0.22,2.0,120.0,Urva javanica,815154,True
herpestes_naso,Herpestes naso,Carnivora,Herpestidae,3002.08,,,,0.4,3.0,,Herpestes naso,858555,False
herpestes_smithii,Herpestes smithii,Carnivora,Herpestidae,1702.5,,2.5,,,2.0,,Herpestes smithii,650603,False
herpestes_urva,Herpestes urva,Carnivora,Herpestidae,2384.19,65.7,3.0,,,2.0,160.0,Herpestes urva,121160,False
herpestes_vitticollis,Herpestes vitticollis,Carnivora,Herpestidae,2380.0,,2.73,,,,,Herpestes vitticollis,650605,False
hesperoptenus_blanfordi,Hesperoptenus blanfordi,Chiroptera,Vespertilionidae,6.91,,,,,,,Hesperoptenus blanfordi,445745,False
hesperoptenus_tickelli,Hesperoptenus tickelli,Chiroptera,Vespertilionidae,16.3,,1.0,,,,,Hesperoptenus tickelli,445742,False
heterocephalus_glaber,Heterocephalus glaber,Rodentia,Bathyergidae,39.36,70.49,11.3,27.28,0.004215132,1.0,120.0,Heterocephalus glaber,1048195,False
heterohyrax_brucei,Heterohyrax brucei,Hyracoidea,Procaviidae,2453.66,228.12,1.89,129.04,,1.0,168.0,Heterohyrax brucei,681079,False
heteromys_anomalus,Heteromys anomalus,Rodentia,Heteromyidae,69.06,,2.83,,,2.0,,Heteromys anomalus,536724,False
heteromys_australis,Heteromys australis,Rodentia,Heteromyidae,267.49,,2.75,,,1.0,,Heteromys australis,849647,False
heteromys_desmarestianus,Heteromys desmarestianus,Rodentia,Heteromyidae,74.0,27.86,3.06,29.77,0.001025001,1.0,,Heteromys desmarestianus,270502,False
heteromys_gaumeri,Heteromys gaumeri,Rodentia,Heteromyidae,63.59,,2.95,,,1.0,,Heteromys gaumeri,797294,False
heteromys_nelsoni,Heteromys nelsoni,Rodentia,Heteromyidae,67.55,,,,,1.0,,Heteromys nelsoni,849645,False
heteromys_oresterus,Heteromys oresterus,Rodentia,Heteromyidae,74.8,,3.41,,,1.0,,Heteromys oresterus,48903,False
hexaprotodon_liberiensis,Hexaprotodon liberiensis,Artiodactyla,Hippopotamidae,235001.16,200.0,1.0,211.71,0.72,1.0,525.6,Hexaprotodon liberiensis,662806,False
hippocamelus_antisensis,Hippocamelus antisensis,Artiodactyla,Cervidae,68599.35,235.72,1.0,,,1.0,127.2,Hippocamelus antisensis,665508,False
hippocamelus_bisulcus,Hippocamelus bisulcus,Artiodactyla,Cervidae,69240.81,212.91,1.0,,0.86,1.0,,Hippocamelus bisulcus,1063454,False
hippopotamus_amphibius,Hippopotamus amphibius,Artiodactyla,Hippopotamidae,1536310.4,235.37,1.0,319.01,,2.0,654.0,Hippopotamus amphibius,510762,False
hipposideros_armiger,Hipposideros armiger,Chiroptera,Hipposideridae,49.99,,,,,3.0,,Hipposideros armiger,316920,False
hipposideros_ater,Hipposideros ater,Chiroptera,Hipposideridae,5.86,195.0,0.99,79.2,,3.0,,Hipposideros ater,221208,False
hipposideros_beatus,Hipposideros beatus,Chiroptera,Hipposideridae,6.7,,,,,,,Hipposideros beatus,828837,False
hipposideros_bicolor,Hipposideros bicolor,Chiroptera,Hipposideridae,8.39,42.1,0.99,,,3.0,,Hipposideros bicolor,1004816,False
hipposideros_caffer,Hipposideros caffer,Chiroptera,Hipposideridae,9.46,139.92,0.99,73.48,,3.0,,Hipposideros caffer,787376,False
hipposideros_cervinus,Hipposideros cervinus,Chiroptera,Hipposideridae,8.51,,,,,3.0,,Hipposideros cervinus,99589,False
hipposideros_cineraceus,Hipposideros cineraceus,Chiroptera,Hipposideridae,3.84,,0.98,,,3.0,,Hipposideros cineraceus,295293,False
hipposideros_commersoni,Hipposideros commersoni,Chiroptera,Hipposideridae,89.99,150.34,0.99,151.03,,3.0,,Hipposideros commersoni,156174,False
hipposideros_corynophyllus,Hipposideros corynophyllus,Chiroptera,Hipposideridae,15.07,,,,,,,Hipposideros corynophyllus,3614064,False
hipposideros_cyclops,Hipposideros cyclops,Chiroptera,Hipposideridae,32.92,106.45,1.0,116.92,,,,Hipposideros cyclops,648859,False
hipposideros_diadema,Hipposideros diadema,Chiroptera,Hipposideridae,46.9,,1.0,,,3.0,,Hipposideros diadema,493731,False
hipposideros_doriae,Hipposideros doriae,Chiroptera,Hipposideridae,4.24,,,,,3.0,,Hipposideros doriae,486451,False
hipposideros_fulvus,Hipposideros fulvus,Chiroptera,Hipposideridae,8.83,161.65,1.0,36.58,,3.0,144.0,Hipposideros fulvus,732289,False
hipposideros_galeritus,Hipposideros galeritus,Chiroptera,Hipposideridae,10.17,,0.99,,,2.0,,Hipposideros galeritus,672834,False
hipposideros_gigas,Hipposideros gigas,Chiroptera,Hipposideridae,115.42,,1.0,,,,,Hipposideros gigas,690299,False
hipposideros_halophyllus,Hipposideros halophyllus,Chiroptera,Hipposideridae,4.0,,,,,3.0,,Hipposideros halophyllus,445749,False
hipposideros_inornatus,Hipposideros inornatus,Chiroptera,Hipposideridae,25.9,,,,,,,Hipposideros inornatus,3614061,False
hipposideros_jonesi,Hipposideros jonesi,Chiroptera,Hipposideridae,5.49,,,,,,,Hipposideros jonesi,690296,False
hipposideros_lankadiva,Hipposideros lankadiva,Chiroptera,Hipposideridae,44.76,257.02,0.99,82.72,,3.0,,Hipposideros lankadiva,485282,False
hipposideros_larvatus,Hipposideros larvatus,Chiroptera,Hipposideridae,19.95,,0.98,,,3.0,,Hipposideros larvatus,1073067,False
hipposideros_lekaguli,Hipposideros lekaguli,Chiroptera,Hipposideridae,31.08,,,,,3.0,,Hipposideros lekaguli,553025,False
hipposideros_lylei,Hipposideros lylei,Chiroptera,Hipposideridae,40.0,,,,,3.0,,Hipposideros lylei,445736,False
hipposideros_maggietaylorae,Hipposideros maggietaylorae,Chiroptera,Hipposideridae,16.1,,,,,,,Hipposideros maggietaylorae,3614062,False
hipposideros_obscurus,Hipposideros obscurus,Chiroptera,Hipposideridae,9.6,,,,,3.0,,Hipposideros obscurus,1066860,False
hipposideros_pomona,Hipposideros pomona,Chiroptera,Hipposideridae,6.2,,,,,3.0,,Hipposideros pomona,905428,False
hipposideros_pygmaeus,Hipposideros pygmaeus,Chiroptera,Hipposideridae,3.53,,,,,3.0,,Hipposideros pygmaeus,31957,False
hipposideros_ridleyi,Hipposideros ridleyi,Chiroptera,Hipposideridae,9.59,,0.98,,,3.0,,Hipposideros ridleyi,221199,False
hipposideros_ruber,Hipposideros ruber,Chiroptera,Hipposideridae,10.61,92.54,1.0,,,,,Hipposideros ruber,432538,False
hipposideros_semoni,Hipposideros semoni,Chiroptera,Hipposideridae,14.0,,,,,,,Hipposideros semoni,3614077,False
hipposideros_speoris,Hipposideros speoris,Chiroptera,Hipposideridae,10.39,139.13,0.99,48.38,,3.0,,Hipposideros speoris,73398,False
hipposideros_stenotis,Hipposideros stenotis,Chiroptera,Hipposideridae,12.0,,,,,,,Hipposideros stenotis,3614075,False
hipposideros_turpis,Hipposideros turpis,Chiroptera,Hipposideridae,33.31,,1.0,,,3.0,,Hipposideros turpis,1076845,False
hipposideros_wollastoni,Hipposideros wollastoni,Chiroptera,Hipposideridae,6.93,,,,,,,Hipposideros wollastoni,3614073,False
hippotragus_equinus,Hippotragus equinus,Artiodactyla,Bovidae,264173.96,278.23,0.98,119.27,,1.0,240.0,Hippotragus equinus,860772,False
hippotragus_niger,Hippotragus niger,Artiodactyla,Bovidae,236405.9,272.87,1.0,210.73,,1.0,267.0,Hippotragus niger,860770,False
histiotus_macrotus,Histiotus macrotus,Chiroptera,Vespertilionidae,11.0,,0.98,,,3.0,,Histiotus macrotus,10323,False
histiotus_velatus,Histiotus velatus,Chiroptera,Vespertilionidae,11.32,,,,,3.0,,Histiotus velatus,3613722,False
hodomys_alleni,Hodomys alleni,Rodentia,Cricetidae,367.59,,1.39,,,,,Hodomys alleni,578692,False
holochilus_brasiliensis,Holochilus brasiliensis,Rodentia,Cricetidae,155.0,28.4,3.88,21.0,,1.0,,Holochilus brasiliensis,883804,False
holochilus_chacarius,Holochilus chacarius,Rodentia,Cricetidae,204.0,,,,,1.0,,Holochilus chacarius,621034,False
holochilus_sciureus,Holochilus sciureus,Rodentia,Cricetidae,120.42,,3.12,,,2.0,,Holochilus sciureus,469040,False
hoplomys_gymnurus,Hoplomys gymnurus,Rodentia,Echimyidae,281.42,59.99,2.1,20.88,,1.0,,Hoplomys gymnurus,473596,False
hyaena_brunnea,Hyaena brunnea,Carnivora,Hyaenidae,42977.93,95.8,2.3,302.44,67.3,2.0,204.0,Parahyaena brunnea,742313,True
hyaena_hyaena,Hyaena hyaena,Carnivora,Hyaenidae,35070.51,90.5,2.44,118.93,45.19,2.0,288.0,Hyaena hyaena,383901,False
hybomys_planifrons,Hybomys planifrons,Rodentia,Muridae,49.6,,,,,,,Hybomys planifrons,3608671,False
hybomys_trivirgatus,Hybomys trivirgatus,Rodentia,Muridae,60.08,,2.72,,,,,Hybomys trivirgatus,3608670,False
hybomys_univittatus,Hybomys univittatus,Rodentia,Muridae,54.46,30.0,2.3,,0.002104427,,,Hybomys univittatus,666961,False
hydrictis_maculicollis,Hydrictis maculicollis,Carnivora,Mustelidae,4180.53,59.6,2.0,60.48,,3.0,,Hydrictis maculicollis,310493,False
hydrochoerus_hydrochaeris,Hydrochoerus hydrochaeris,Rodentia,Caviidae,48144.91,150.73,3.49,109.75,0.07,1.0,144.0,Hydrochoerus hydrochaeris,744018,False
hydrochoerus_isthmius,Hydrochoerus isthmius,Rodentia,Caviidae,21267.32,108.21,4.99,112.0,,,,Hydrochoerus isthmius,4940750,False
hydromys_chrysogaster,Hydromys chrysogaster,Rodentia,Muridae,626.17,36.6,3.51,30.0,,3.0,74.0,Hydromys chrysogaster,989544,False
hydropotes_inermis,Hydropotes inermis,Artiodactyla,Cervidae,12760.04,175.49,3.0,,,,144.0,Hydropotes inermis,194504,False
hyemoschus_aquaticus,Hyemoschus aquaticus,Artiodactyla,Tragulidae,10850.0,173.52,1.22,136.87,0.2,1.0,168.0,Hyemoschus aquaticus,456395,False
hylobates_agilis,Hylobates agilis,Primates,Hylobatidae,5829.08,,1.02,,0.19,2.0,528.0,Hylobates agilis,166550,False
hylobates_klossii,Hylobates klossii,Primates,Hylobatidae,5822.29,207.59,1.01,,0.14,2.0,,Hylobates klossii,995047,False
hylobates_lar,Hylobates lar,Primates,Hylobatidae,5578.61,212.91,1.01,725.86,0.32,2.0,480.0,Hylobates lar,995038,False
hylobates_moloch,Hylobates moloch,Primates,Hylobatidae,5860.81,241.2,1.0,,0.12,2.0,,Hylobates moloch,732213,False
hylobates_muelleri,Hylobates muelleri,Primates,Hylobatidae,5909.81,206.7,1.02,,0.26,2.0,,Hylobates muelleri,995050,False
hylobates_pileatus,Hylobates pileatus,Primates,Hylobatidae,5542.37,200.16,1.0,635.13,0.23,2.0,432.0,Hylobates pileatus,995054,False
hylochoerus_meinertzhageni,Hylochoerus meinertzhageni,Artiodactyla,Suidae,198130.47,151.0,4.0,62.82,,1.0,216.0,Hylochoerus meinertzhageni,1077367,False
hylomys_suillus,Hylomys suillus,Erinaceomorpha,Erinaceidae,57.61,32.71,2.29,,0.001894621,2.0,,Hylomys suillus,17267,False
hylomyscus_aeta,Hylomyscus aeta,Rodentia,Muridae,22.13,,4.18,,,,,Hylomyscus aeta,169550,False
hylomyscus_alleni,Hylomyscus alleni,Rodentia,Muridae,19.94,29.0,3.0,,,,,Hylomyscus alleni,844520,False
hylomyscus_denniae,Hylomyscus denniae,Rodentia,Muridae,35.99,,4.61,,,,,Hylomyscus denniae,565395,False
hylomyscus_parvus,Hylomyscus parvus,Rodentia,Muridae,14.49,,,,,,,Hylomyscus parvus,143561,False
hylomyscus_stella,Hylomyscus stella,Rodentia,Muridae,18.99,29.49,3.11,,,,,Hylomyscus stella,185338,False
hylonycteris_underwoodi,Hylonycteris underwoodi,Chiroptera,Phyllostomidae,7.5,,0.99,,,,,Hylonycteris underwoodi,658357,False
hylopetes_alboniger,Hylopetes alboniger,Rodentia,Sciuridae,255.38,,2.23,,,,,Hylopetes alboniger,348565,False
hylopetes_lepidus,Hylopetes lepidus,Rodentia,Sciuridae,63.28,40.0,2.0,,,2.0,,Hylopetes lepidus,348556,False
hylopetes_phayrei,Hylopetes phayrei,Rodentia,Sciuridae,226.99,,,,,,,Hylopetes phayrei,43432,False
hylopetes_platyurus,Hylopetes platyurus,Rodentia,Sciuridae,56.98,,,,,,,Hylopetes platyurus,3609037,False
hylopetes_spadiceus,Hylopetes spadiceus,Rodentia,Sciuridae,118.1,,,,,,,Hylopetes spadiceus,348577,False
hyomys_dammermani,Hyomys dammermani,Rodentia,Muridae,932.5,,1.07,,,1.0,,Hyomys dammermani,3608735,False
hyomys_goliath,Hyomys goliath,Rodentia,Muridae,866.74,,1.0,,,1.0,,Hyomys goliath,156338,False
hyperacrius_fertilis,Hyperacrius fertilis,Rodentia,Cricetidae,22.25,,2.5,,,,,Hyperacrius fertilis,3610793,False
hyperacrius_wynnei,Hyperacrius wynnei,Rodentia,Cricetidae,52.6,,2.5,,,,,Hyperacrius wynnei,3610789,False
hypogeomys_antimena,Hypogeomys antimena,Rodentia,Nesomyidae,1175.93,,1.26,,0.02,1.0,,Hypogeomys antimena,42,False
hypsignathus_monstrosus,Hypsignathus monstrosus,Chiroptera,Pteropodidae,336.97,125.14,1.4,,,1.0,,Hypsignathus monstrosus,265188,False
hypsiprymnodon_moschatus,Hypsiprymnodon moschatus,Diprotodontia,Hypsiprymnodontidae,534.25,,2.04,268.47,,2.0,72.0,Hypsiprymnodon moschatus,262996,False
hypsugo_arabicus,Hypsugo arabicus,Chiroptera,Vespertilionidae,3.17,,,,,,,Hypsugo arabicus,3613869,False
hypsugo_bodenheimeri,Hypsugo bodenheimeri,Chiroptera,Vespertilionidae,2.73,,,,,,,Hypsugo bodenheimeri,3613837,False
hypsugo_cadornae,Hypsugo cadornae,Chiroptera,Vespertilionidae,6.69,,,,,,,Hypsugo cadornae,626354,False
hypsugo_crassulus,Hypsugo crassulus,Chiroptera,Vespertilionidae,6.09,,,,,,,Parahypsugo crassulus,136222,True
hypsugo_eisentrauti,Hypsugo eisentrauti,Chiroptera,Vespertilionidae,6.11,,,,,,,Parahypsugo eisentrauti,635106,True
hypsugo_imbricatus,Hypsugo imbricatus,Chiroptera,Vespertilionidae,6.29,,,,,3.0,,Hypsugo imbricatus,3613840,False
hypsugo_pulveratus,Hypsugo pulveratus,Chiroptera,Vespertilionidae,5.53,,,,,,,Hypsugo pulveratus,1022374,False
hypsugo_savii,Hypsugo savii,Chiroptera,Vespertilionidae,6.3,,2.0,52.1,,3.0,,Hypsugo savii,1080298,False
hystrix_africaeaustralis,Hystrix africaeaustralis,Rodentia,Hystricidae,14936.02,93.49,1.51,70.34,1.31,1.0,240.0,Hystrix africaeaustralis,220335,False
hystrix_brachyura,Hystrix brachyura,Rodentia,Hystricidae,8000.0,112.0,1.41,,,2.0,327.6,Hystrix brachyura,67361,False
hystrix_crassispinis,Hystrix crassispinis,Rodentia,Hystricidae,4584.6,112.0,,,,2.0,,Hystrix crassispinis,3609877,False
hystrix_cristata,Hystrix cristata,Rodentia,Hystricidae,13406.27,79.19,1.73,,0.74,2.0,,Hystrix cristata,220326,False
hystrix_indica,Hystrix indica,Rodentia,Hystricidae,14298.6,112.0,1.73,,1.05,2.0,,Hystrix indica,276719,False
hystrix_pumila,Hystrix pumila,Rodentia,Hystricidae,3544.26,112.0,,,,2.0,114.0,Hystrix pumila,3609872,False
ia_io,Ia io,Chiroptera,Vespertilionidae,49.3,,,,,,,Ia io,797470,False
ichneumia_albicauda,Ichneumia albicauda,Carnivora,Herpestidae,3628.4,,2.35,,0.5,3.0,144.0,Ichneumia albicauda,159576,False
ichthyomys_hydrobates,Ichthyomys hydrobates,Rodentia,Cricetidae,66.39,,,,,3.0,,Ichthyomys hydrobates,3611175,False
ichthyomys_pittieri,Ichthyomys pittieri,Rodentia,Cricetidae,69.1,,,,,3.0,,Ichthyomys pittieri,3611176,False
ichthyomys_stolzmanni,Ichthyomys stolzmanni,Rodentia,Cricetidae,84.7,,,,,3.0,,Ichthyomys stolzmanni,3611174,False
ichthyomys_tweedii,Ichthyomys tweedii,Rodentia,Cricetidae,118.5,,1.94,,,3.0,,Ichthyomys tweedii,3611168,False
ictonyx_libyca,Ictonyx libyca,Carnivora,Mustelidae,225.18,37.78,2.0,,,2.0,60.0,Ictonyx libyca,1061038,False
ictonyx_striatus,Ictonyx striatus,Carnivora,Mustelidae,811.02,36.76,2.3,59.09,,2.0,160.0,Ictonyx striatus,111024,False
idionycteris_phyllotis,Idionycteris phyllotis,Chiroptera,Vespertilionidae,12.13,,0.99,,,,38.0,Idionycteris phyllotis,401287,False
idiurus_macrotis,Idiurus macrotis,Rodentia,Anomaluridae,27.23,,0.97,,,1.0,,Idiurus macrotis,530207,False
idiurus_zenkeri,Idiurus zenkeri,Rodentia,Anomaluridae,100.0,,1.0,,,,,Idiurus zenkeri,3609278,False
indri_indri,Indri indri,Primates,Indriidae,8565.48,136.5,1.01,331.34,0.12,1.0,,Indri indri,696022,False
iomys_horsfieldii,Iomys horsfieldii,Rodentia,Sciuridae,155.5,,2.64,,,,,Iomys horsfieldii,5852589,False
irenomys_tarsalis,Irenomys tarsalis,Rodentia,Cricetidae,43.15,,3.85,,,2.0,,Irenomys tarsalis,913850,False
isoodon_auratus,Isoodon auratus,Peramelemorphia,Peramelidae,425.0,12.0,2.6,,0.12,2.0,,Isoodon auratus,603694,False
isoodon_macrourus,Isoodon macrourus,Peramelemorphia,Peramelidae,1505.77,12.51,3.13,62.99,0.02,2.0,36.0,Isoodon macrourus,306792,False
isoodon_obesulus,Isoodon obesulus,Peramelemorphia,Peramelidae,824.76,15.0,2.33,59.99,0.01,2.0,45.0,Isoodon obesulus,775066,False
isothrix_bistriata,Isothrix bistriata,Rodentia,Echimyidae,444.99,,0.97,,,,,Isothrix bistriata,360974,False
isothrix_pagurus,Isothrix pagurus,Rodentia,Echimyidae,210.0,,,,,,,Isothrix pagurus,360977,False
isthmomys_pirrensis,Isthmomys pirrensis,Rodentia,Cricetidae,137.71,,2.43,,,2.0,,Isthmomys pirrensis,489149,False
jaculus_jaculus,Jaculus jaculus,Rodentia,Dipodidae,59.8,33.54,3.24,66.86,,,72.0,Jaculus jaculus,886091,False
jaculus_orientalis,Jaculus orientalis,Rodentia,Dipodidae,138.26,40.0,2.41,,,,,Jaculus orientalis,437594,False
juliomys_pictipes,Juliomys pictipes,Rodentia,Cricetidae,22.9,,,,,,,Juliomys pictipes,621033,False
juscelinomys_candango,Juscelinomys candango,Rodentia,Cricetidae,97.29,,,,,2.0,,Juscelinomys candango,3608232,False
kannabateomys_amblyonyx,Kannabateomys amblyonyx,Rodentia,Echimyidae,599.99,,1.0,,,1.0,19.2,Kannabateomys amblyonyx,473598,False
kerivoula_argentata,Kerivoula argentata,Chiroptera,Vespertilionidae,10.11,,,,,,,Kerivoula argentata,3613753,False
kerivoula_flora,Kerivoula flora,Chiroptera,Vespertilionidae,6.01,,1.0,,,,,Kerivoula flora,3613752,False
kerivoula_hardwickii,Kerivoula hardwickii,Chiroptera,Vespertilionidae,4.55,,1.0,,,,,Kerivoula hardwickii,6790,False
kerivoula_lanosa,Kerivoula lanosa,Chiroptera,Vespertilionidae,6.66,,0.98,,,,,Kerivoula lanosa,3613757,False
kerivoula_minuta,Kerivoula minuta,Chiroptera,Vespertilionidae,2.03,,,,,,,Kerivoula minuta,1025538,False
kerivoula_muscina,Kerivoula muscina,Chiroptera,Vespertilionidae,5.29,,,,,,,Kerivoula muscina,3613759,False
kerivoula_papillosa,Kerivoula papillosa,Chiroptera,Vespertilionidae,10.21,,0.98,,,3.0,,Kerivoula papillosa,493736,False
kerivoula_pellucida,Kerivoula pellucida,Chiroptera,Vespertilionidae,4.14,,,,,,,Kerivoula pellucida,11586,False
kerivoula_phalaena,Kerivoula phalaena,Chiroptera,Vespertilionidae,3.03,,,,,,,Kerivoula phalaena,3613764,False
kerivoula_picta,Kerivoula picta,Chiroptera,Vespertilionidae,4.5,,1.0,,,,,Kerivoula picta,1022368,False
kerivoula_whiteheadi,Kerivoula whiteheadi,Chiroptera,Vespertilionidae,3.29,,,,,,,Kerivoula whiteheadi,183386,False
kerodon_rupestris,Kerodon rupestris,Rodentia,Caviidae,799.15,75.89,1.52,34.9,,1.0,132.0,Kerodon rupestris,1010509,False
kobus_ellipsiprymnus,Kobus ellipsiprymnus,Artiodactyla,Bovidae,204393.48,270.0,1.0,212.91,1.28,1.0,239.04,Kobus ellipsiprymnus,122645,False
kobus_kob,Kobus kob,Artiodactyla,Bovidae,80035.21,254.76,1.0,188.64,99.57,1.0,263.04,Kobus kob,938445,False
kobus_leche,Kobus leche,Artiodactyla,Bovidae,88645.04,229.8,1.0,133.45,,1.0,222.96,Kobus leche,938443,False
kobus_megaceros,Kobus megaceros,Artiodactyla,Bovidae,85805.93,,,,,,224.04,Kobus megaceros,938441,False
kobus_vardonii,Kobus vardonii,Artiodactyla,Bovidae,71462.72,258.09,1.0,212.91,,1.0,,Kobus vardonii,938437,False
kunsia_fronto,Kunsia fronto,Rodentia,Cricetidae,167.99,,,,,1.0,,Kunsia fronto,3608221,False
kunsia_tomentosus,Kunsia tomentosus,Rodentia,Cricetidae,115.6,,,,,,,Kunsia tomentosus,822517,False
laephotis_botswanae,Laephotis botswanae,Chiroptera,Vespertilionidae,7.28,,,,,,,Laephotis botswanae,286110,False
laephotis_wintoni,Laephotis wintoni,Chiroptera,Vespertilionidae,6.1,,,,,,,Laephotis wintoni,1053237,False
lagidium_peruanum,Lagidium peruanum,Rodentia,Chinchillidae,1220.0,140.0,1.0,40.71,,1.0,234.0,Lagidium peruanum,1009362,False
lagidium_viscacia,Lagidium viscacia,Rodentia,Chinchillidae,1539.99,129.99,1.0,1.94,,,,Lagidium viscacia,109652,False
lagidium_wolffsohni,Lagidium wolffsohni,Rodentia,Chinchillidae,2682.0,,,,,,,Lagidium wolffsohni,316297,False
lagorchestes_conspicillatus,Lagorchestes conspicillatus,Diprotodontia,Macropodidae,2821.01,31.09,1.0,204.0,,,72.0,Lagorchestes conspicillatus,317154,False
lagorchestes_hirsutus,Lagorchestes hirsutus,Diprotodontia,Macropodidae,1407.14,,1.0,150.0,,1.0,96.0,Lagorchestes hirsutus,467069,False
lagostomus_maximus,Lagostomus maximus,Rodentia,Chinchillidae,4660.94,155.73,1.93,55.68,0.01,1.0,112.8,Lagostomus maximus,169719,False
lagostrophus_fasciatus,Lagostrophus fasciatus,Diprotodontia,Macropodidae,1933.48,,0.9,269.23,,1.0,48.0,Lagostrophus fasciatus,263005,False
lagothrix_lagotricha,Lagothrix lagotricha,Primates,Atelidae,6263.69,223.99,1.01,312.66,2.82,2.0,360.0,Lagothrix lagotricha,297528,False
lagurus_lagurus,Lagurus lagurus,Rodentia,Cricetidae,20.6,20.24,4.0,20.84,,,,Lagurus lagurus,1073069,False
lampronycteris_brachyotis,Lampronycteris brachyotis,Chiroptera,Phyllostomidae,10.39,,0.98,,,2.0,,Micronycteris brachyotis,201782,True
lariscus_hosei,Lariscus hosei,Rodentia,Sciuridae,180.0,,1.94,,,,,Lariscus hosei,3609140,False
lariscus_insignis,Lariscus insignis,Rodentia,Sciuridae,174.41,,,,0.008112981,1.0,,Lariscus insignis,201068,False
lariscus_obscurus,Lariscus obscurus,Rodentia,Sciuridae,241.19,,,,,2.0,,Lariscus obscurus,3609139,False
lasionycteris_noctivagans,Lasionycteris noctivagans,Chiroptera,Vespertilionidae,11.02,53.55,1.77,35.99,,3.0,144.0,Lasionycteris noctivagans,401283,False
lasiorhinus_krefftii,Lasiorhinus krefftii,Diprotodontia,Vombatidae,31849.99,,1.0,362.93,0.05,1.0,360.0,Lasiorhinus krefftii,577469,False
lasiorhinus_latifrons,Lasiorhinus latifrons,Diprotodontia,Vombatidae,26163.8,20.74,1.0,326.07,,1.0,294.0,Lasiorhinus latifrons,461135,False
lasiurus_borealis,Lasiurus borealis,Chiroptera,Vespertilionidae,12.33,84.21,3.12,38.0,,3.0,,Lasiurus borealis,61860,False
lasiurus_castaneus,Lasiurus castaneus,Chiroptera,Vespertilionidae,12.51,,,,,3.0,,Lasiurus castaneus,3613712,False
lasiurus_cinereus,Lasiurus cinereus,Chiroptera,Vespertilionidae,27.06,57.18,1.96,36.41,,3.0,25.2,Aeorestes cinereus,369537,True
lasiurus_ebenus,Lasiurus ebenus,Chiroptera,Vespertilionidae,14.0,,,,,,,Lasiurus ebenus,3613706,False
lasiurus_ega,Lasiurus ega,Chiroptera,Vespertilionidae,12.2,96.22,2.14,,,3.0,,Dasypterus ega,635119,True
lasiurus_intermedius,Lasiurus intermedius,Chiroptera,Vespertilionidae,22.96,,2.97,,,,,Dasypterus intermedius,170073,True
lasiurus_seminolus,Lasiurus seminolus,Chiroptera,Vespertilionidae,9.88,,2.68,,,3.0,,Lasiurus seminolus,635121,False
lavia_frons,Lavia frons,Chiroptera,Megadermatidae,23.8,93.86,0.99,53.48,,3.0,,Lavia frons,3613568,False
leggadina_forresti,Leggadina forresti,Rodentia,Muridae,23.88,,,30.0,,,,Leggadina forresti,50172,False
leggadina_lakedownensis,Leggadina lakedownensis,Rodentia,Muridae,17.5,32.99,,30.0,,,,Leggadina lakedownensis,50168,False
leimacomys_buettneri,Leimacomys buettneri,Rodentia,Muridae,54.99,,,,,,,Leimacomys buettneri,3609993,False
lemmiscus_curtatus,Lemmiscus curtatus,Rodentia,Cricetidae,28.27,25.16,5.11,21.0,,1.0,,Lemmiscus curtatus,380665,False
lemmus_lemmus,Lemmus lemmus,Rodentia,Cricetidae,67.62,20.11,5.1,20.15,,,24.0,Lemmus lemmus,934731,False
lemmus_sibiricus,Lemmus sibiricus,Rodentia,Cricetidae,53.81,20.74,6.39,,0.006494881,,,Lemmus sibiricus,1024554,False
lemmus_trimucronatus,Lemmus trimucronatus,Rodentia,Cricetidae,69.82,20.77,6.86,,0.005384903,,,Lemmus trimucronatus,498753,False
lemniscomys_griselda,Lemniscomys griselda,Rodentia,Muridae,55.87,,3.68,,,,,Lemniscomys griselda,167551,False
lemniscomys_macculus,Lemniscomys macculus,Rodentia,Muridae,26.5,,,,,,,Lemniscomys macculus,911464,False
lemniscomys_mittendorfi,Lemniscomys mittendorfi,Rodentia,Muridae,41.85,,,,,,,Lemniscomys mittendorfi,3608759,False
lemniscomys_rosalia,Lemniscomys rosalia,Rodentia,Muridae,49.92,,,,,,,Lemniscomys rosalia,1071848,False
lemniscomys_striatus,Lemniscomys striatus,Rodentia,Muridae,43.65,25.15,4.64,27.28,,,30.0,Lemniscomys striatus,911461,False
lemur_catta,Lemur catta,Primates,Lemuridae,2626.48,134.74,1.18,126.51,0.05,2.0,360.0,Lemur catta,913930,False
lenothrix_canus,Lenothrix canus,Rodentia,Muridae,150.0,,2.91,,,,45.6,Lenothrix canus,3610962,False
lenoxus_apicalis,Lenoxus apicalis,Rodentia,Cricetidae,53.6,,,,,,,Lenoxus apicalis,913878,False
leontopithecus_caissara,Leontopithecus caissara,Primates,Cebidae,604.01,,,,,,,Leontopithecus caissara,3607559,False
leontopithecus_chrysomelas,Leontopithecus chrysomelas,Primates,Cebidae,572.8,,2.04,,0.24,,,Leontopithecus chrysomelas,341890,False
leontopithecus_chrysopygus,Leontopithecus chrysopygus,Primates,Cebidae,656.12,,,,0.83,2.0,,Leontopithecus chrysopygus,566865,False
leontopithecus_rosalia,Leontopithecus rosalia,Primates,Cebidae,592.52,134.0,1.94,75.69,0.26,2.0,297.6,Leontopithecus rosalia,921451,False
leopardus_jacobitus,Leopardus jacobitus,Carnivora,Felidae,8133.78,,,,,3.0,,Leopardus jacobita,904397,True
leopardus_pardalis,Leopardus pardalis,Carnivora,Felidae,11880.0,81.99,1.66,106.18,5.08,3.0,243.6,Leopardus pardalis,752746,False
leopardus_wiedii,Leopardus wiedii,Carnivora,Felidae,3270.81,82.2,1.5,93.4,8.54,3.0,240.0,Leopardus wiedii,507553,False
leopoldamys_edwardsi,Leopoldamys edwardsi,Rodentia,Muridae,308.82,,1.94,,,,,Leopoldamys edwardsi,366048,False
leopoldamys_sabanus,Leopoldamys sabanus,Rodentia,Muridae,347.61,,3.33,,,,24.0,Leopoldamys sabanus,106790,False
lepilemur_dorsalis,Lepilemur dorsalis,Primates,Lepilemuridae,503.85,,1.01,,,1.0,,Lepilemur dorsalis,231275,False
lepilemur_edwardsi,Lepilemur edwardsi,Primates,Lepilemuridae,821.58,,,,0.008338038,2.0,,Lepilemur edwardsi,148503,False
lepilemur_leucopus,Lepilemur leucopus,Primates,Lepilemuridae,599.99,135.92,1.01,121.66,0.001998666,1.0,103.0,Lepilemur leucopus,274698,False
lepilemur_microdon,Lepilemur microdon,Primates,Lepilemuridae,952.33,,,,,2.0,,Lepilemur microdon,1094522,False
lepilemur_mustelinus,Lepilemur mustelinus,Primates,Lepilemuridae,669.03,133.45,1.0,76.21,0.002734203,1.0,144.0,Lepilemur mustelinus,388426,False
lepilemur_ruficaudatus,Lepilemur ruficaudatus,Primates,Lepilemuridae,763.36,135.92,1.02,119.32,,1.0,,Lepilemur ruficaudatus,230531,False
leporillus_conditor,Leporillus conditor,Rodentia,Muridae,328.82,43.49,2.95,40.87,,1.0,,Leporillus conditor,38119,False
leptailurus_serval,Leptailurus serval,Carnivora,Felidae,11999.96,73.74,2.35,104.68,1.84,3.0,276.0,Leptailurus serval,86170,False
leptomys_elegans,Leptomys elegans,Rodentia,Muridae,83.52,,1.88,,,3.0,,Leptomys elegans,692532,False
leptomys_ernstmayri,Leptomys ernstmayri,Rodentia,Muridae,42.85,,,,,3.0,,Leptomys ernstmayri,3608701,False
leptonycteris_curasoae,Leptonycteris curasoae,Chiroptera,Phyllostomidae,25.27,121.66,0.99,41.99,,2.0,,Leptonycteris curasoae,111030,False
leptonycteris_nivalis,Leptonycteris nivalis,Chiroptera,Phyllostomidae,24.26,121.66,1.0,,,2.0,,Leptonycteris nivalis,493740,False
leptonycteris_yerbabuenae,Leptonycteris yerbabuenae,Chiroptera,Phyllostomidae,22.24,,0.99,41.99,,,120.0,Leptonycteris yerbabuenae,626271,False
lepus_alleni,Lepus alleni,Lagomorpha,Leporidae,3930.0,41.99,1.96,,4.53,1.0,,Lepus alleni,638208,False
lepus_americanus,Lepus americanus,Lagomorpha,Leporidae,1568.42,36.57,3.54,22.98,0.04,1.0,96.0,Lepus americanus,923734,False
lepus_arcticus,Lepus arcticus,Lagomorpha,Leporidae,4412.73,51.99,5.62,,2.26,1.0,84.0,Lepus arcticus,638196,False
lepus_brachyurus,Lepus brachyurus,Lagomorpha,Leporidae,2519.45,38.49,2.13,,,,,Lepus brachyurus,673130,False
lepus_californicus,Lepus californicus,Lagomorpha,Leporidae,2422.48,41.77,2.68,19.85,0.56,1.0,81.6,Lepus californicus,923732,False
lepus_callotis,Lepus callotis,Lagomorpha,Leporidae,2608.16,,2.48,,,1.0,,Lepus callotis,638198,False
lepus_capensis,Lepus capensis,Lagomorpha,Leporidae,2047.11,41.99,2.44,27.63,0.41,1.0,,Lepus capensis,864613,False
lepus_castroviejoi,Lepus castroviejoi,Lagomorpha,Leporidae,2822.41,,1.95,,,,,Lepus castroviejoi,264104,False
lepus_comus,Lepus comus,Lagomorpha,Leporidae,2015.56,,2.44,,,1.0,,Lepus comus,542002,False
lepus_europaeus,Lepus europaeus,Lagomorpha,Leporidae,3816.43,41.99,2.14,,0.31,,144.0,Lepus europaeus,864607,False
lepus_flavigularis,Lepus flavigularis,Lagomorpha,Leporidae,2999.98,,,,,1.0,,Lepus flavigularis,836256,False
lepus_granatensis,Lepus granatensis,Lagomorpha,Leporidae,2323.94,,1.46,,,,,Lepus granatensis,29167,False
lepus_habessinicus,Lepus habessinicus,Lagomorpha,Leporidae,2015.56,,,,,,,Lepus habessinicus,29169,False
lepus_hainanus,Lepus hainanus,Lagomorpha,Leporidae,1511.67,,,,,,,Lepus hainanus,426408,False
lepus_mandshuricus,Lepus mandshuricus,Lagomorpha,Leporidae,1834.05,,2.39,,,,,Lepus mandshuricus,525087,False
lepus_microtis,Lepus microtis,Lagomorpha,Leporidae,1763.61,,1.56,,,1.0,,Lepus microtis,5553964,False
lepus_nigricollis,Lepus nigricollis,Lagomorpha,Leporidae,2294.25,36.16,1.76,,0.01,,,Lepus nigricollis,3611220,False
lepus_oiostolus,Lepus oiostolus,Lagomorpha,Leporidae,2468.55,,3.06,,,1.0,,Lepus oiostolus,114754,False
lepus_othus,Lepus othus,Lagomorpha,Leporidae,4837.35,45.99,6.15,48.99,,1.0,,Lepus othus,167569,False
lepus_peguensis,Lepus peguensis,Lagomorpha,Leporidae,2267.5,,,,,,,Lepus peguensis,3611221,False
lepus_saxatilis,Lepus saxatilis,Lagomorpha,Leporidae,2593.63,38.49,1.52,,,,,Lepus saxatilis,747873,False
lepus_sinensis,Lepus sinensis,Lagomorpha,Leporidae,1607.41,,,,,,,Lepus sinensis,636670,False
lepus_starcki,Lepus starcki,Lagomorpha,Leporidae,2760.67,,,,,,,Lepus starcki,29157,False
lepus_timidus,Lepus timidus,Lagomorpha,Leporidae,3105.42,50.1,3.16,,0.86,,,Lepus timidus,167565,False
lepus_tolai,Lepus tolai,Lagomorpha,Leporidae,1589.0,,2.93,,,,,Lepus tolai,426231,False
lepus_townsendii,Lepus townsendii,Lagomorpha,Leporidae,3371.64,40.73,4.49,29.23,,1.0,96.0,Lepus townsendii,747875,False
lepus_yarkandensis,Lepus yarkandensis,Lagomorpha,Leporidae,1460.41,,3.9,,,1.0,,Lepus yarkandensis,192736,False
lestodelphys_halli,Lestodelphys halli,Didelphimorphia,Didelphidae,78.27,,,,,2.0,,Lestodelphys halli,86725,False
lestoros_inca,Lestoros inca,Paucituberculata,Caenolestidae,23.07,,,,,3.0,,Lestoros inca,659164,False
liberiictis_kuhni,Liberiictis kuhni,Carnivora,Herpestidae,1825.47,,,,,2.0,,Liberiictis kuhni,901613,False
lichonycteris_obscura,Lichonycteris obscura,Chiroptera,Phyllostomidae,6.5,,0.98,,,2.0,,Lichonycteris obscura,633519,False
limnogale_mergulus,Limnogale mergulus,Afrosoricida,Tenrecidae,76.86,,2.73,,,3.0,,Limnogale mergulus,542051,False
liomys_adspersus,Liomys adspersus,Rodentia,Heteromyidae,50.99,,3.2,,0.004046269,,21.0,Liomys adspersus,536706,False
liomys_irroratus,Liomys irroratus,Rodentia,Heteromyidae,48.95,,4.22,,,,,Liomys irroratus,844941,False
liomys_pictus,Liomys pictus,Rodentia,Heteromyidae,43.28,25.16,3.67,25.9,,1.0,,Liomys pictus,270497,False
liomys_salvini,Liomys salvini,Rodentia,Heteromyidae,41.99,27.68,3.69,24.81,0.001470548,2.0,,Liomys salvini,536702,False
liomys_spectabilis,Liomys spectabilis,Rodentia,Heteromyidae,65.0,,,,,,,Liomys spectabilis,1004506,False
lionycteris_spurrelli,Lionycteris spurrelli,Chiroptera,Phyllostomidae,8.85,,0.98,,,1.0,,Lionycteris spurrelli,534170,False
lissonycteris_angolensis,Lissonycteris angolensis,Chiroptera,Pteropodidae,68.31,121.66,0.99,,,1.0,,Myonycteris angolensis,687492,True
litocranius_walleri,Litocranius walleri,Artiodactyla,Bovidae,38804.37,204.15,1.0,,,1.0,156.0,Litocranius walleri,128285,False
lonchophylla_mordax,Lonchophylla mordax,Chiroptera,Phyllostomidae,21.56,,0.98,,,2.0,,Lonchophylla mordax,248895,False
lonchophylla_robusta,Lonchophylla robusta,Chiroptera,Phyllostomidae,13.72,,0.98,,,2.0,,Lonchophylla robusta,248894,False
lonchophylla_thomasi,Lonchophylla thomasi,Chiroptera,Phyllostomidae,7.09,,0.98,,,2.0,,Hsunycteris thomasi,546392,True
lonchorhina_aurita,Lonchorhina aurita,Chiroptera,Phyllostomidae,15.38,,0.98,,,3.0,,Lonchorhina aurita,218142,False
lonchorhina_marinkellei,Lonchorhina marinkellei,Chiroptera,Phyllostomidae,17.67,,,,,,,Lonchorhina marinkellei,3613577,False
lonchorhina_orinocensis,Lonchorhina orinocensis,Chiroptera,Phyllostomidae,9.04,,,,,,,Lonchorhina orinocensis,295631,False
lonchothrix_emiliae,Lonchothrix emiliae,Rodentia,Echimyidae,138.2,,,,,,,Lonchothrix emiliae,264046,False
lontra_canadensis,Lontra canadensis,Carnivora,Mustelidae,8087.42,58.4,2.67,121.66,14.18,3.0,300.0,Lontra canadensis,656961,False
lontra_longicaudis,Lontra longicaudis,Carnivora,Mustelidae,6554.97,,3.69,,,3.0,,Lontra longicaudis,1088406,False
lontra_provocax,Lontra provocax,Carnivora,Mustelidae,7499.98,,,,,3.0,,Lontra provocax,399808,False
lophiomys_imhausi,Lophiomys imhausi,Rodentia,Cricetidae,755.0,,1.58,39.7,,,90.0,Lophiomys imhausi,565388,False
lophocebus_albigena,Lophocebus albigena,Primates,Cercopithecidae,7418.71,182.64,1.01,211.71,1.98,2.0,392.4,Lophocebus albigena,554556,False
lophocebus_aterrimus,Lophocebus aterrimus,Primates,Cercopithecidae,6510.37,,,,0.34,,321.6,Lophocebus aterrimus,554550,False
lophostoma_brasiliense,Lophostoma brasiliense,Chiroptera,Phyllostomidae,9.76,,0.98,,,2.0,,Lophostoma brasiliense,78017,False
lophostoma_carrikeri,Lophostoma carrikeri,Chiroptera,Phyllostomidae,22.35,,,,,2.0,,Lophostoma carrikeri,856239,False
lophostoma_evotis,Lophostoma evotis,Chiroptera,Phyllostomidae,20.58,,1.0,,,2.0,,Lophostoma evotis,375137,False
lophostoma_schulzi,Lophostoma schulzi,Chiroptera,Phyllostomidae,18.02,,,,,2.0,,Lophostoma schulzi,78020,False
lophostoma_silvicolum,Lophostoma silvicolum,Chiroptera,Phyllostomidae,32.29,,0.99,,,2.0,,Lophostoma silvicolum,951266,False
lophuromys_melanonyx,Lophuromys melanonyx,Rodentia,Muridae,10.2,,,,,,,Lophuromys melanonyx,669916,False
lophuromys_nudicaudus,Lophuromys nudicaudus,Rodentia,Muridae,32.59,,1.55,,,,,Lophuromys nudicaudus,3608586,False
lophuromys_woosnami,Lophuromys woosnami,Rodentia,Muridae,42.14,32.0,1.97,,,,,Lophuromys woosnami,154782,False
lorentzimys_nouhuysi,Lorentzimys nouhuysi,Rodentia,Muridae,14.44,,2.75,,,2.0,,Lorentzimys nouhuysi,692526,False
loris_lydekkerianus,Loris lydekkerianus,Primates,Lorisidae,254.06,,,,,,,Loris lydekkerianus,673378,False
loris_tardigradus,Loris tardigradus,Primates,Lorisidae,249.22,165.99,1.44,167.49,0.007059681,2.0,196.8,Loris tardigradus,152022,False
loxodonta_africana,Loxodonta africana,Proboscidea,Elephantidae,3824539.93,660.0,0.84,1088.8,587.53,1.0,960.0,Loxodonta africana,541936,False
loxodonta_cyclotis,Loxodonta cyclotis,Proboscidea,Elephantidae,4750000.01,,,,,1.0,,Loxodonta cyclotis,418570,False
loxodontomys_micropus,Loxodontomys micropus,Rodentia,Cricetidae,70.76,,4.16,,,2.0,,Auliscomys micropus,784312,True
lundomys_molitor,Lundomys molitor,Rodentia,Cricetidae,238.49,,2.91,,,,,Lundomys molitor,48257,False
lutra_lutra,Lutra lutra,Carnivora,Mustelidae,8868.69,64.27,2.01,100.8,21.31,3.0,264.0,Lutra lutra,348036,False
lutra_sumatrana,Lutra sumatrana,Carnivora,Mustelidae,5970.68,,,,,3.0,,Lutra sumatrana,310491,False
lutreolina_crassicaudata,Lutreolina crassicaudata,Didelphimorphia,Didelphidae,554.77,14.0,7.71,,0.001430339,3.0,36.0,Lutreolina crassicaudata,327618,False
lutrogale_perspicillata,Lutrogale perspicillata,Carnivora,Mustelidae,8912.49,63.31,3.24,72.53,5.31,3.0,180.0,Lutrogale perspicillata,310488,False
lycalopex_culpaeus,Lycalopex culpaeus,Carnivora,Canidae,8616.24,58.72,4.88,48.22,5.05,3.0,,Lycalopex culpaeus,776077,False
lycalopex_gymnocercus,Lycalopex gymnocercus,Carnivora,Canidae,4542.67,59.23,3.09,,,2.0,164.4,Lycalopex gymnocercus,839340,False
lycalopex_sechurae,Lycalopex sechurae,Carnivora,Canidae,4234.0,,,,,2.0,,Lycalopex sechurae,313143,False
lycalopex_vetulus,Lycalopex vetulus,Carnivora,Canidae,4233.47,,3.0,,,2.0,,Lycalopex vetulus,313153,False
lycaon_pictus,Lycaon pictus,Carnivora,Canidae,21999.99,71.18,8.1,27.28,395.88,3.0,132.0,Lycaon pictus,821953,False
lyncodon_patagonicus,Lyncodon patagonicus,Carnivora,Mustelidae,225.0,,,,,,,Lyncodon patagonicus,901933,False
lynx_canadensis,Lynx canadensis,Carnivora,Felidae,9682.82,62.5,2.73,111.36,30.6,3.0,321.0,Lynx canadensis,507549,False
lynx_lynx,Lynx lynx,Carnivora,Felidae,19300.0,66.99,2.3,81.85,136.35,3.0,321.6,Lynx lynx,886829,False
lynx_pardinus,Lynx pardinus,Carnivora,Felidae,11050.0,69.44,2.5,,7.19,3.0,,Lynx pardinus,442049,False
lynx_rufus,Lynx rufus,Carnivora,Felidae,6374.47,59.99,2.76,59.99,31.2,3.0,388.0,Lynx rufus,507545,False
macaca_arctoides,Macaca arctoides,Primates,Cercopithecidae,9358.04,176.6,1.01,377.66,,1.0,360.0,Macaca arctoides,689665,False
macaca_assamensis,Macaca assamensis,Primates,Cercopithecidae,8546.89,,,,,,,Macaca assamensis,115440,False
macaca_cyclopis,Macaca cyclopis,Primates,Cercopithecidae,5748.94,161.06,1.0,205.24,,,,Macaca cyclopis,1067495,False
macaca_fascicularis,Macaca fascicularis,Primates,Cercopithecidae,4569.32,164.69,1.0,283.53,0.46,2.0,456.0,Macaca fascicularis,689668,False
macaca_fuscata,Macaca fuscata,Primates,Cercopithecidae,10114.76,172.99,1.02,265.04,1.43,2.0,396.0,Macaca fuscata,689660,False
macaca_maura,Macaca maura,Primates,Cercopithecidae,7290.3,167.19,1.01,497.16,,,,Macaca maura,169928,False
macaca_mulatta,Macaca mulatta,Primates,Cercopithecidae,6455.19,166.07,1.01,304.16,5.91,1.0,432.0,Macaca mulatta,689650,False
macaca_nemestrina,Macaca nemestrina,Primates,Cercopithecidae,7820.78,171.0,1.01,292.6,1.75,1.0,411.6,Macaca nemestrina,689656,False
macaca_nigra,Macaca nigra,Primates,Cercopithecidae,7359.39,172.43,1.01,365.0,,1.0,216.0,Macaca nigra,111862,False
macaca_ochreata,Macaca ochreata,Primates,Cercopithecidae,2745.5,,,,,,,Macaca ochreata,575293,False
macaca_pagensis,Macaca pagensis,Primates,Cercopithecidae,4534.66,,1.0,272.2,,2.0,360.0,Macaca pagensis,825636,False
macaca_radiata,Macaca radiata,Primates,Cercopithecidae,4999.99,161.56,1.01,332.25,0.88,,360.0,Macaca radiata,837392,False
macaca_silenus,Macaca silenus,Primates,Cercopithecidae,5995.25,172.0,1.01,362.93,0.88,2.0,480.0,Macaca silenus,111864,False
macaca_sinica,Macaca sinica,Primates,Cercopithecidae,4655.99,180.9,1.01,,0.4,1.0,420.0,Macaca sinica,115446,False
macaca_sylvanus,Macaca sylvanus,Primates,Cercopithecidae,11471.53,164.84,1.02,210.25,2.63,2.0,264.0,Macaca sylvanus,689645,False
macaca_thibetana,Macaca thibetana,Primates,Cercopithecidae,10593.06,169.02,1.01,451.79,,,,Macaca thibetana,111859,False
macaca_tonkeana,Macaca tonkeana,Primates,Cercopithecidae,10035.53,,,,,,,Macaca tonkeana,407753,False
macroderma_gigas,Macroderma gigas,Chiroptera,Megadermatidae,124.37,,1.0,,,3.0,,Macroderma gigas,289141,False
macrogalidia_musschenbroekii,Macrogalidia musschenbroekii,Carnivora,Viverridae,5148.86,,,,,2.0,,Macrogalidia musschenbroekii,220532,False
macroglossus_minimus,Macroglossus minimus,Chiroptera,Pteropodidae,16.3,125.14,0.99,65.0,,1.0,,Macroglossus minimus,10730,False
macroglossus_sobrinus,Macroglossus sobrinus,Chiroptera,Pteropodidae,21.8,,1.0,,,1.0,,Macroglossus sobrinus,606018,False
macrophyllum_macrophyllum,Macrophyllum macrophyllum,Chiroptera,Phyllostomidae,8.02,,1.0,,,3.0,,Macrophyllum macrophyllum,201785,False
macropus_agilis,Macropus agilis,Diprotodontia,Macropodidae,11815.75,30.51,1.01,321.74,,1.0,144.0,Notamacropus agilis,42493,True
macropus_antilopinus,Macropus antilopinus,Diprotodontia,Macropodidae,27250.1,34.0,1.0,424.79,0.5,,192.0,Osphranter antilopinus,398453,True
macropus_bernardus,Macropus bernardus,Diprotodontia,Macropodidae,17000.0,,1.0,,,,,Osphranter bernardus,3606973,True
macropus_dorsalis,Macropus dorsalis,Diprotodontia,Macropodidae,11249.96,34.98,1.0,,0.71,,180.0,Notamacropus dorsalis,939162,True
macropus_eugenii,Macropus eugenii,Diprotodontia,Macropodidae,5278.48,29.89,1.01,315.0,,,168.0,Notamacropus eugenii,539171,True
macropus_fuliginosus,Macropus fuliginosus,Diprotodontia,Macropodidae,25564.7,30.8,1.0,518.67,2.52,,240.0,Macropus fuliginosus,42481,False
macropus_giganteus,Macropus giganteus,Diprotodontia,Macropodidae,33409.89,36.56,1.0,510.82,0.41,1.0,288.0,Macropus giganteus,597239,False
macropus_irma,Macropus irma,Diprotodontia,Macropodidae,8000.0,,1.0,,,,,Notamacropus irma,367278,True
macropus_parma,Macropus parma,Diprotodontia,Macropodidae,4156.62,34.66,0.9,292.33,,1.0,120.0,Notamacropus parma,983286,True
macropus_parryi,Macropus parryi,Diprotodontia,Macropodidae,12629.83,37.14,1.0,443.42,,1.0,168.0,Notamacropus parryi,372371,True
macropus_robustus,Macropus robustus,Diprotodontia,Macropodidae,25978.92,34.59,1.0,366.19,0.98,1.0,288.0,Osphranter robustus,372367,True
macropus_rufogriseus,Macropus rufogriseus,Diprotodontia,Macropodidae,16850.0,30.0,1.01,426.22,0.12,,228.0,Notamacropus rufogriseus,897692,True
macropus_rufus,Macropus rufus,Diprotodontia,Macropodidae,38968.39,33.99,1.0,359.99,4.08,1.0,360.0,Osphranter rufus,897696,True
macroscelides_proboscideus,Macroscelides proboscideus,Macroscelidea,Macroscelididae,38.64,58.49,1.93,4.99,0.7,2.0,,Macroscelides proboscideus,180378,False
macrotarsomys_bastardi,Macrotarsomys bastardi,Rodentia,Nesomyidae,28.45,23.99,2.5,,,2.0,,Macrotarsomys bastardi,611279,False
macrotarsomys_ingens,Macrotarsomys ingens,Rodentia,Nesomyidae,54.99,,,,,,,Macrotarsomys ingens,463472,False
macrotis_lagotis,Macrotis lagotis,Peramelemorphia,Thylacomyidae,1229.58,14.6,1.5,93.73,,2.0,120.0,Macrotis lagotis,940704,False
macrotus_californicus,Macrotus californicus,Chiroptera,Phyllostomidae,11.83,250.29,1.0,35.51,,2.0,124.8,Macrotus californicus,289162,False
macrotus_waterhousii,Macrotus waterhousii,Chiroptera,Phyllostomidae,16.27,,0.98,,,,125.0,Macrotus waterhousii,267994,False
macruromys_major,Macruromys major,Rodentia,Muridae,357.25,,,,,1.0,,Macruromys major,692534,False
madoqua_guentheri,Madoqua guentheri,Artiodactyla,Bovidae,4623.7,175.0,0.98,74.25,0.03,1.0,168.0,Madoqua guentheri,40168,False
madoqua_kirkii,Madoqua kirkii,Artiodactyla,Bovidae,4833.4,171.49,0.98,42.58,,1.0,198.0,Madoqua kirkii,40128,False
madoqua_piacentinii,Madoqua piacentinii,Artiodactyla,Bovidae,2500.0,,1.0,,,1.0,168.0,Madoqua piacentinii,3611682,False
madoqua_saltiana,Madoqua saltiana,Artiodactyla,Bovidae,3424.47,,1.0,41.99,,1.0,168.0,Madoqua saltiana,1055459,False
makalata_didelphoides,Makalata didelphoides,Rodentia,Echimyidae,398.66,,1.0,,,,37.2,Makalata didelphoides,360961,False
makalata_grandis,Makalata grandis,Rodentia,Echimyidae,584.0,,,,,,,Toromys grandis,439346,True
makalata_macrura,Makalata macrura,Rodentia,Echimyidae,439.0,,,,,,,Makalata macrura,264064,False
makalata_rhipidura,Makalata rhipidura,Rodentia,Echimyidae,315.0,,,,,,,Toromys rhipidurus,3609806,True
malacomys_edwardsi,Malacomys edwardsi,Rodentia,Muridae,63.78,,2.46,,0.002848797,,,Malacomys edwardsi,371840,False
malacomys_longipes,Malacomys longipes,Rodentia,Muridae,95.64,,2.91,,,,,Malacomys longipes,782347,False
malacothrix_typica,Malacothrix typica,Rodentia,Nesomyidae,17.02,26.37,4.04,31.81,,2.0,,Malacothrix typica,600700,False
mallomys_aroaensis,Mallomys aroaensis,Rodentia,Muridae,1663.99,,1.02,,,1.0,,Mallomys aroaensis,3608696,False
mallomys_gunung,Mallomys gunung,Rodentia,Muridae,2041.47,,,,,1.0,,Mallomys gunung,3608694,False
mallomys_istapantap,Mallomys istapantap,Rodentia,Muridae,1990.43,,1.07,,,1.0,,Mallomys istapantap,3608695,False
mallomys_rothschildi,Mallomys rothschildi,Rodentia,Muridae,1157.5,,1.02,,,1.0,,Mallomys rothschildi,66771,False
mammelomys_lanosus,Mammelomys lanosus,Rodentia,Muridae,117.1,,2.68,20.0,,1.0,,Mammelomys lanosus,66775,False
mammelomys_rattoides,Mammelomys rattoides,Rodentia,Muridae,209.49,,1.69,20.0,,1.0,,Mammelomys rattoides,66765,False
mandrillus_leucophaeus,Mandrillus leucophaeus,Primates,Cercopithecidae,14253.3,179.22,1.01,486.66,,2.0,400.8,Mandrillus leucophaeus,741057,False
mandrillus_sphinx,Mandrillus sphinx,Primates,Cercopithecidae,16685.06,173.99,1.02,348.01,26.34,2.0,555.96,Mandrillus sphinx,741047,False
manis_crassicaudata,Manis crassicaudata,Pholidota,Manidae,8017.56,67.5,1.0,,,3.0,162.0,Manis crassicaudata,3613429,False
manis_gigantea,Manis gigantea,Pholidota,Manidae,32999.7,,,,,,,Manis gigantea,3613427,False
manis_javanica,Manis javanica,Pholidota,Manidae,4861.71,,1.0,,,3.0,,Manis javanica,644245,False
manis_pentadactyla,Manis pentadactyla,Pholidota,Manidae,4675.0,,1.0,85.51,,3.0,,Manis pentadactyla,588292,False
manis_temminckii,Manis temminckii,Pholidota,Manidae,11943.74,139.0,1.0,59.27,10.22,3.0,,Manis temminckii,263949,False
manis_tetradactyla,Manis tetradactyla,Pholidota,Manidae,2749.98,,1.05,,,,,Manis tetradactyla,849634,False
manis_tricuspis,Manis tricuspis,Pholidota,Manidae,1539.31,126.85,1.0,177.82,,,,Manis tricuspis,1079387,False
marmosa_andersoni,Marmosa andersoni,Didelphimorphia,Didelphidae,47.4,,,,,,,Marmosa andersoni,3606693,False
marmosa_lepida,Marmosa lepida,Didelphimorphia,Didelphidae,14.0,,4.99,,,,,Marmosa lepida,86714,False
marmosa_mexicana,Marmosa mexicana,Didelphimorphia,Didelphidae,49.06,,11.6,,,2.0,84.0,Marmosa mexicana,137244,False
marmosa_murina,Marmosa murina,Didelphimorphia,Didelphidae,36.28,13.27,8.4,62.0,,2.0,,Marmosa murina,86716,False
marmosa_robinsoni,Marmosa robinsoni,Didelphimorphia,Didelphidae,60.57,13.83,9.5,64.63,0.00155313,2.0,24.0,Marmosa robinsoni,512835,False
marmosa_rubra,Marmosa rubra,Didelphimorphia,Didelphidae,62.99,,,,,,,Marmosa rubra,606424,False
marmosa_tyleriana,Marmosa tyleriana,Didelphimorphia,Didelphidae,32.4,,3.0,,,,,Marmosa tyleriana,1065277,False
marmosa_xerophila,Marmosa xerophila,Didelphimorphia,Didelphidae,46.2,,,,,,,Marmosa xerophila,1065280,False
marmosops_cracens,Marmosops cracens,Didelphimorphia,Didelphidae,26.26,,,,,,,Marmosops cracens,3606684,False
marmosops_dorothea,Marmosops dorothea,Didelphimorphia,Didelphidae,37.5,,,,,,,Marmosops dorothea,512837,False
marmosops_fuscatus,Marmosops fuscatus,Didelphimorphia,Didelphidae,45.15,,5.47,,,2.0,,Marmosops fuscatus,3606670,False
marmosops_handleyi,Marmosops handleyi,Didelphimorphia,Didelphidae,30.7,,,,,,,Marmosops handleyi,3606683,False
marmosops_impavidus,Marmosops impavidus,Didelphimorphia,Didelphidae,41.71,,,,,,,Marmosops impavidus,84818,False
marmosops_invictus,Marmosops invictus,Didelphimorphia,Didelphidae,29.19,,,,,2.0,,Marmosops invictus,297968,False
marmosops_noctivagus,Marmosops noctivagus,Didelphimorphia,Didelphidae,39.77,,,,,,,Marmosops noctivagus,86718,False
marmota_caligata,Marmota caligata,Rodentia,Sciuridae,2253.71,30.0,4.67,24.36,,,,Marmota caligata,10477,False
marmota_caudata,Marmota caudata,Rodentia,Sciuridae,4350.0,30.74,3.65,34.8,0.03,,,Marmota caudata,957478,False
marmota_flaviventris,Marmota flaviventris,Rodentia,Sciuridae,3709.73,30.39,4.66,25.0,0.01,1.0,96.0,Marmota flaviventris,63459,False
marmota_marmota,Marmota marmota,Rodentia,Sciuridae,4059.15,35.22,4.0,49.18,0.01,1.0,216.0,Marmota marmota,630991,False
marmota_monax,Marmota monax,Rodentia,Sciuridae,3880.93,31.5,4.1,43.83,0.01,2.0,120.0,Marmota monax,630994,False
marmota_olympus,Marmota olympus,Rodentia,Sciuridae,6299.99,,4.0,34.73,,,,Marmota olympus,10488,False
marmota_vancouverensis,Marmota vancouverensis,Rodentia,Sciuridae,5232.43,31.65,3.59,,,1.0,,Marmota vancouverensis,10484,False
martes_americana,Martes americana,Carnivora,Mustelidae,873.69,27.63,2.6,45.73,3.66,3.0,228.0,Martes americana,923116,False
martes_flavigula,Martes flavigula,Carnivora,Mustelidae,2504.64,149.65,3.53,89.49,,3.0,168.0,Martes flavigula,213517,False
martes_foina,Martes foina,Carnivora,Mustelidae,1675.0,29.86,3.78,74.11,2.15,3.0,217.2,Martes foina,348047,False
martes_gwatkinsii,Martes gwatkinsii,Carnivora,Mustelidae,2038.49,,,90.73,,2.0,,Martes gwatkinsii,3612688,False
martes_martes,Martes martes,Carnivora,Mustelidae,1299.99,30.63,3.49,54.19,2.15,3.0,204.0,Martes martes,532122,False
martes_melampus,Martes melampus,Carnivora,Mustelidae,1000.0,,,,,,,Martes melampus,681181,False
martes_pennanti,Martes pennanti,Carnivora,Mustelidae,3750.0,31.28,3.02,76.76,14.89,3.0,121.76,Martes pennanti,4697,False
martes_zibellina,Martes zibellina,Carnivora,Mustelidae,1173.91,30.8,3.13,52.23,12.71,2.0,180.0,Martes zibellina,681187,False
massoutiera_mzabi,Massoutiera mzabi,Rodentia,Ctenodactylidae,194.0,55.72,2.04,,,1.0,,Massoutiera mzabi,506983,False
mastacomys_fuscus,Mastacomys fuscus,Rodentia,Muridae,125.72,35.46,1.41,43.54,0.000491678,,,Mastacomys fuscus,156341,False
mastomys_coucha,Mastomys coucha,Rodentia,Muridae,53.81,,7.96,,,,,Mastomys coucha,216878,False
mastomys_erythroleucus,Mastomys erythroleucus,Rodentia,Muridae,64.07,21.13,11.23,,,,,Mastomys erythroleucus,185326,False
mastomys_natalensis,Mastomys natalensis,Rodentia,Muridae,41.85,23.64,9.23,20.0,0.000918251,2.0,,Mastomys natalensis,271584,False
mastomys_shortridgei,Mastomys shortridgei,Rodentia,Muridae,46.5,,,,,,,Mastomys shortridgei,3608621,False
maxomys_alticola,Maxomys alticola,Rodentia,Muridae,158.96,,,,,,,Maxomys alticola,3608776,False
maxomys_baeodon,Maxomys baeodon,Rodentia,Muridae,158.96,,,,,,,Maxomys baeodon,3608778,False
maxomys_bartelsii,Maxomys bartelsii,Rodentia,Muridae,88.46,,,,,,,Maxomys bartelsii,976849,False
maxomys_inas,Maxomys inas,Rodentia,Muridae,89.99,,2.91,,,,,Maxomys inas,3608777,False
maxomys_ochraceiventer,Maxomys ochraceiventer,Rodentia,Muridae,158.96,,,,,,,Maxomys ochraceiventer,629665,False
maxomys_panglima,Maxomys panglima,Rodentia,Muridae,158.96,,,,,,,Maxomys panglima,3608780,False
maxomys_rajah,Maxomys rajah,Rodentia,Muridae,150.0,,3.29,,,,,Maxomys rajah,629662,False
maxomys_surifer,Maxomys surifer,Rodentia,Muridae,150.48,,3.54,,,,,Maxomys surifer,474763,False
maxomys_whiteheadi,Maxomys whiteheadi,Rodentia,Muridae,54.33,,3.0,,,,,Maxomys whiteheadi,606407,False
mazama_americana,Mazama americana,Artiodactyla,Cervidae,20546.86,225.0,1.22,,,1.0,165.6,Mazama americana,1030860,False
mazama_bricenii,Mazama bricenii,Artiodactyla,Cervidae,16499.85,,,,,,,Mazama bricenii,3611952,False
mazama_chunyi,Mazama chunyi,Artiodactyla,Cervidae,16071.74,243.33,1.5,,,,,Mazama chunyi,3611953,False
mazama_gouazoubira,Mazama gouazoubira,Artiodactyla,Cervidae,16633.17,219.86,1.0,,,1.0,144.0,Mazama gouazoupira,15447,True
mazama_nana,Mazama nana,Artiodactyla,Cervidae,16499.85,,,,,,,Mazama nana,1063460,False
mazama_rufina,Mazama rufina,Artiodactyla,Cervidae,21099.25,231.64,1.22,,,,,Mazama rufina,716968,False
megadendromus_nikolausi,Megadendromus nikolausi,Rodentia,Nesomyidae,52.0,,,,,,,Dendromus nikolausi,3610450,True
megaderma_lyra,Megaderma lyra,Chiroptera,Megadermatidae,39.27,152.08,1.0,44.58,,3.0,168.0,Megaderma lyra,289146,False
megaderma_spasma,Megaderma spasma,Chiroptera,Megadermatidae,24.71,80.0,1.41,31.5,,3.0,,Megaderma spasma,289149,False
megadontomys_thomasi,Megadontomys thomasi,Rodentia,Cricetidae,110.52,,2.6,29.88,,,,Megadontomys thomasi,22152,False
megaerops_ecaudatus,Megaerops ecaudatus,Chiroptera,Pteropodidae,26.29,,,,,1.0,,Megaerops ecaudatus,1035548,False
megaerops_niphanae,Megaerops niphanae,Chiroptera,Pteropodidae,32.59,,,,,,,Megaerops niphanae,558420,False
megaerops_wetmorei,Megaerops wetmorei,Chiroptera,Pteropodidae,18.7,,,,,,,Megaerops wetmorei,146346,False
megaloglossus_woermanni,Megaloglossus woermanni,Chiroptera,Pteropodidae,16.71,,1.0,,,,,Megaloglossus woermanni,687496,False
megasorex_gigas,Megasorex gigas,Soricomorpha,Soricidae,11.71,,,,,,,Megasorex gigas,638166,False
melanomys_caliginosus,Melanomys caliginosus,Rodentia,Cricetidae,41.0,,1.45,,,,,Melanomys caliginosus,48259,False
melanomys_robustulus,Melanomys robustulus,Rodentia,Cricetidae,53.5,,,,,,,Melanomys robustulus,3608225,False
melanomys_zunigae,Melanomys zunigae,Rodentia,Cricetidae,53.5,,,,,,,Melanomys zunigae,3608224,False
mellivora_capensis,Mellivora capensis,Carnivora,Mustelidae,8999.99,181.46,2.35,23.86,,2.0,318.0,Mellivora capensis,923109,False
melogale_moschata,Melogale moschata,Carnivora,Mustelidae,938.5,,2.0,,,2.0,126.0,Melogale moschata,381134,False
melogale_personata,Melogale personata,Carnivora,Mustelidae,1845.26,,2.5,,,2.0,,Melogale personata,486046,False
melomys_bougainville,Melomys bougainville,Rodentia,Muridae,85.99,,,,,,,Melomys bougainville,3608808,False
melomys_burtoni,Melomys burtoni,Rodentia,Muridae,71.29,,2.5,,,,,Melomys burtoni,260133,False
melomys_capensis,Melomys capensis,Rodentia,Muridae,70.0,,,,,,,Melomys capensis,66763,False
melomys_cervinipes,Melomys cervinipes,Rodentia,Muridae,71.2,35.83,2.2,38.47,,,,Melomys cervinipes,260136,False
melomys_leucogaster,Melomys leucogaster,Rodentia,Muridae,104.17,,2.15,20.0,,1.0,,Melomys leucogaster,968844,False
melomys_obiensis,Melomys obiensis,Rodentia,Muridae,71.0,,,,,,,Melomys obiensis,3608805,False
melomys_rubicola,Melomys rubicola,Rodentia,Muridae,100.0,,,,,,,Melomys rubicola,66769,False
melomys_rufescens,Melomys rufescens,Rodentia,Muridae,60.1,,2.17,20.0,,1.0,,Melomys rufescens,66767,False
melonycteris_melanops,Melonycteris melanops,Chiroptera,Pteropodidae,47.59,,,,,1.0,,Melonycteris melanops,610865,False
melonycteris_woodfordi,Melonycteris woodfordi,Chiroptera,Pteropodidae,36.2,,0.98,,,1.0,,Melonycteris woodfordi,201391,False
melursus_ursinus,Melursus ursinus,Carnivora,Ursidae,99999.99,203.36,1.54,194.67,7.69,2.0,480.0,Melursus ursinus,297463,False
mephitis_macroura,Mephitis macroura,Carnivora,Mephitidae,1097.76,58.2,4.68,,,3.0,,Mephitis macroura,231604,False
mephitis_mephitis,Mephitis mephitis,Carnivora,Mephitidae,2399.99,63.29,5.7,55.15,2.32,2.0,155.0,Mephitis mephitis,231602,False
meriones_crassus,Meriones crassus,Rodentia,Muridae,69.94,23.5,4.21,30.24,,1.0,67.2,Meriones crassus,404788,False
meriones_hurrianae,Meriones hurrianae,Rodentia,Muridae,71.02,29.19,4.1,19.85,0.000103565,,,Meriones hurrianae,3608994,False
meriones_libycus,Meriones libycus,Rodentia,Muridae,91.33,25.43,4.54,30.18,,,,Meriones libycus,404790,False
meriones_persicus,Meriones persicus,Rodentia,Muridae,107.52,28.0,5.83,19.0,,,,Meriones persicus,3608993,False
meriones_shawi,Meriones shawi,Rodentia,Muridae,90.6,24.8,5.84,29.31,,,,Meriones shawi,600710,False
meriones_tristrami,Meriones tristrami,Rodentia,Muridae,111.62,23.99,5.8,,,,,Meriones tristrami,438468,False
meriones_unguiculatus,Meriones unguiculatus,Rodentia,Muridae,57.75,25.09,5.01,23.95,,,24.0,Meriones unguiculatus,764841,False
meriones_vinogradovi,Meriones vinogradovi,Rodentia,Muridae,117.0,21.89,7.48,,,,40.0,Meriones vinogradovi,3608992,False
mesembriomys_gouldii,Mesembriomys gouldii,Rodentia,Muridae,716.49,44.03,1.87,48.99,,,46.8,Mesembriomys gouldii,156332,False
mesembriomys_macrurus,Mesembriomys macrurus,Rodentia,Muridae,294.28,,2.0,,,,,Mesembriomys macrurus,875159,False
mesocricetus_auratus,Mesocricetus auratus,Rodentia,Cricetidae,98.6,15.49,8.79,18.65,,2.0,120.0,Mesocricetus auratus,391631,False
mesocricetus_brandti,Mesocricetus brandti,Rodentia,Cricetidae,198.0,15.0,9.01,20.0,,,,Mesocricetus brandti,391628,False
mesocricetus_newtoni,Mesocricetus newtoni,Rodentia,Cricetidae,97.5,,,,,,,Mesocricetus newtoni,904706,False
mesomys_hispidus,Mesomys hispidus,Rodentia,Echimyidae,175.0,,0.97,,,2.0,,Mesomys hispidus,360972,False
mesomys_stimulax,Mesomys stimulax,Rodentia,Echimyidae,108.0,,,,,,,Mesomys stimulax,360959,False
mesophylla_macconnelli,Mesophylla macconnelli,Chiroptera,Phyllostomidae,6.86,,0.99,,,1.0,,Mesophylla macconnelli,534178,False
metachirus_nudicaudatus,Metachirus nudicaudatus,Didelphimorphia,Didelphidae,363.77,,3.87,,,2.0,48.0,Metachirus nudicaudatus,502628,False
micaelamys_granti,Micaelamys granti,Rodentia,Muridae,40.0,,,,,,,Micaelamys granti,3608713,False
micaelamys_namaquensis,Micaelamys namaquensis,Rodentia,Muridae,57.1,21.99,3.49,27.5,,,,Micaelamys namaquensis,742036,False
micoureus_alstoni,Micoureus alstoni,Didelphimorphia,Didelphidae,132.3,,,,,,,Micoureus alstoni,29033,False
micoureus_constantiae,Micoureus constantiae,Didelphimorphia,Didelphidae,92.69,,8.0,,,,,Micoureus constantiae,913354,False
micoureus_demerarae,Micoureus demerarae,Didelphimorphia,Didelphidae,102.28,,6.29,,,3.0,,Micoureus demerarae,606436,False
micoureus_regina,Micoureus regina,Didelphimorphia,Didelphidae,118.6,,,,,,,Micoureus regina,84822,False
microcavia_australis,Microcavia australis,Rodentia,Caviidae,261.49,54.91,2.48,20.86,0.002938105,1.0,,Microcavia australis,484314,False
microcavia_niata,Microcavia niata,Rodentia,Caviidae,254.67,54.0,3.16,20.88,,1.0,,Microcavia niata,535746,False
microcavia_shiptoni,Microcavia shiptoni,Rodentia,Caviidae,185.0,54.0,3.16,20.88,,,,Microcavia shiptoni,3609881,False
microcebus_berthae,Microcebus berthae,Primates,Cheirogaleidae,33.45,,,,,,,Microcebus berthae,765353,False
microcebus_griseorufus,Microcebus griseorufus,Primates,Cheirogaleidae,70.24,,,,,,,Microcebus griseorufus,765339,False
microcebus_murinus,Microcebus murinus,Primates,Cheirogaleidae,69.0,60.34,2.0,40.45,0.01,2.0,186.0,Microcebus murinus,311211,False
microcebus_myoxinus,Microcebus myoxinus,Primates,Cheirogaleidae,31.23,59.99,2.0,,,2.0,,Microcebus myoxinus,67369,False
microcebus_ravelobensis,Microcebus ravelobensis,Primates,Cheirogaleidae,58.6,,,,,,,Microcebus ravelobensis,148505,False
microcebus_rufus,Microcebus rufus,Primates,Cheirogaleidae,48.39,59.99,2.52,40.0,0.01,2.0,144.0,Microcebus rufus,148500,False
microcebus_sambiranensis,Microcebus sambiranensis,Primates,Cheirogaleidae,49.06,,,,,,,Microcebus sambiranensis,765356,False
microcebus_tavaratra,Microcebus tavaratra,Primates,Cheirogaleidae,68.01,,,,,,,Microcebus tavaratra,765352,False
microdipodops_megacephalus,Microdipodops megacephalus,Rodentia,Heteromyidae,12.3,,3.94,,0.004385806,2.0,65.0,Microdipodops megacephalus,241226,False
microdipodops_pallidus,Microdipodops pallidus,Rodentia,Heteromyidae,13.36,,3.89,,,2.0,,Microdipodops pallidus,844945,False
microgale_brevicaudata,Microgale brevicaudata,Afrosoricida,Tenrecidae,8.99,,4.5,,,3.0,,Microgale brevicaudata,542046,False
microgale_cowani,Microgale cowani,Afrosoricida,Tenrecidae,12.27,,,,,,,Microgale cowani,544762,False
microgale_dobsoni,Microgale dobsoni,Afrosoricida,Tenrecidae,36.66,61.64,2.66,27.87,,3.0,67.2,Microgale dobsoni,82081,False
microgale_drouhardi,Microgale drouhardi,Afrosoricida,Tenrecidae,10.5,,,,,,,Microgale drouhardi,3607183,False
microgale_dryas,Microgale dryas,Afrosoricida,Tenrecidae,40.0,,,,,,,Microgale dryas,3607187,False
microgale_fotsifotsy,Microgale fotsifotsy,Afrosoricida,Tenrecidae,7.7,,,,,,,Microgale fotsifotsy,3607186,False
microgale_gracilis,Microgale gracilis,Afrosoricida,Tenrecidae,23.3,,,,,,,Microgale gracilis,3607184,False
microgale_gymnorhyncha,Microgale gymnorhyncha,Afrosoricida,Tenrecidae,18.2,,,,,,,Microgale gymnorhyncha,3607189,False
microgale_longicaudata,Microgale longicaudata,Afrosoricida,Tenrecidae,8.08,,,,,3.0,,Microgale longicaudata,792176,False
microgale_monticola,Microgale monticola,Afrosoricida,Tenrecidae,13.9,,,,,,,Microgale monticola,3607180,False
microgale_parvula,Microgale parvula,Afrosoricida,Tenrecidae,3.53,,,,,,,Microgale parvula,3607182,False
microgale_principula,Microgale principula,Afrosoricida,Tenrecidae,10.2,,,,,,,Microgale principula,351005,False
microgale_pusilla,Microgale pusilla,Afrosoricida,Tenrecidae,3.4,,,,,,,Microgale pusilla,792174,False
microgale_soricoides,Microgale soricoides,Afrosoricida,Tenrecidae,18.7,,,,,,,Microgale soricoides,3607185,False
microgale_taiva,Microgale taiva,Afrosoricida,Tenrecidae,12.4,,,,,,,Microgale taiva,1037946,False
microgale_talazaci,Microgale talazaci,Afrosoricida,Tenrecidae,43.07,60.74,2.23,29.38,,3.0,70.0,Microgale talazaci,211383,False
microgale_thomasi,Microgale thomasi,Afrosoricida,Tenrecidae,22.9,,,,,,,Microgale thomasi,3607179,False
microhydromys_richardsoni,Microhydromys richardsoni,Rodentia,Muridae,10.25,,,,,3.0,,Microhydromys richardsoni,3608863,False
micromys_minutus,Micromys minutus,Rodentia,Muridae,6.99,21.0,4.92,15.0,,,60.0,Micromys minutus,211375,False
micronycteris_hirsuta,Micronycteris hirsuta,Chiroptera,Phyllostomidae,12.89,,0.99,,,2.0,,Micronycteris hirsuta,218141,False
micronycteris_megalotis,Micronycteris megalotis,Chiroptera,Phyllostomidae,6.4,121.66,0.98,,,2.0,,Micronycteris megalotis,218140,False
micronycteris_minuta,Micronycteris minuta,Chiroptera,Phyllostomidae,6.9,,0.99,,,2.0,,Micronycteris minuta,218139,False
micronycteris_schmidtorum,Micronycteris schmidtorum,Chiroptera,Phyllostomidae,7.73,,,,,2.0,,Micronycteris schmidtorum,218135,False
microperoryctes_longicauda,Microperoryctes longicauda,Peramelemorphia,Peramelidae,542.07,,1.03,,,2.0,,Microperoryctes longicauda,327632,False
microperoryctes_papuensis,Microperoryctes papuensis,Peramelemorphia,Peramelidae,158.0,,1.01,,,,,Microperoryctes papuensis,775064,False
micropotamogale_lamottei,Micropotamogale lamottei,Afrosoricida,Tenrecidae,69.59,,3.86,,,3.0,,Micropotamogale lamottei,321803,False
micropotamogale_ruwenzorii,Micropotamogale ruwenzorii,Afrosoricida,Tenrecidae,109.13,,1.86,,,3.0,,Micropotamogale ruwenzorii,3607191,False
micropteropus_pusillus,Micropteropus pusillus,Chiroptera,Pteropodidae,25.38,161.77,0.99,55.18,,1.0,,Micropteropus pusillus,558423,False
microryzomys_altissimus,Microryzomys altissimus,Rodentia,Cricetidae,13.49,,,,,,,Microryzomys altissimus,3608340,False
microryzomys_minutus,Microryzomys minutus,Rodentia,Cricetidae,13.49,,,,,,,Microryzomys minutus,280102,False
microsciurus_alfari,Microsciurus alfari,Rodentia,Sciuridae,87.49,,,,,,,Microsciurus alfari,953171,False
microsciurus_flaviventer,Microsciurus flaviventer,Rodentia,Sciuridae,92.0,,,,,3.0,,Microsciurus flaviventer,532340,False
microsciurus_mimulus,Microsciurus mimulus,Rodentia,Sciuridae,120.0,,,,,3.0,,Microsciurus mimulus,3608997,False
microsciurus_santanderensis,Microsciurus santanderensis,Rodentia,Sciuridae,99.79,,,,,,,Microsciurus santanderensis,3608996,False
microtus_abbreviatus,Microtus abbreviatus,Rodentia,Cricetidae,66.06,21.27,3.0,14.88,,,,Microtus abbreviatus,742229,False
microtus_agrestis,Microtus agrestis,Rodentia,Cricetidae,35.87,20.72,4.65,13.9,0.000683908,,39.6,Microtus agrestis,754333,False
microtus_arvalis,Microtus arvalis,Rodentia,Cricetidae,26.9,21.0,4.99,17.18,0.000531047,,36.0,Microtus arvalis,449577,False
microtus_cabrerae,Microtus cabrerae,Rodentia,Cricetidae,52.5,,,,,,,Microtus cabrerae,713373,False
microtus_californicus,Microtus californicus,Rodentia,Cricetidae,57.42,21.18,4.41,17.36,6.67285e-05,,,Microtus californicus,742231,False
microtus_canicaudus,Microtus canicaudus,Rodentia,Cricetidae,29.93,22.97,4.62,18.0,8.42627e-05,,,Microtus canicaudus,742224,False
microtus_chrotorrhinus,Microtus chrotorrhinus,Rodentia,Cricetidae,38.99,20.0,3.58,,,1.0,,Microtus chrotorrhinus,241400,False
microtus_duodecimcostatus,Microtus duodecimcostatus,Rodentia,Cricetidae,22.71,,2.51,,,,,Microtus duodecimcostatus,509531,False
microtus_guatemalensis,Microtus guatemalensis,Rodentia,Cricetidae,41.99,,,,,,,Microtus guatemalensis,131167,False
microtus_guentheri,Microtus guentheri,Rodentia,Cricetidae,49.99,21.0,6.14,18.49,,,46.8,Microtus guentheri,1049266,False
microtus_kikuchii,Microtus kikuchii,Rodentia,Cricetidae,46.3,,1.97,,,,,Microtus kikuchii,742244,False
microtus_levis,Microtus levis,Rodentia,Cricetidae,35.49,,,,,,,Microtus levis,163267,False
microtus_longicaudus,Microtus longicaudus,Rodentia,Cricetidae,44.8,,4.73,,,1.0,,Microtus longicaudus,910200,False
microtus_mexicanus,Microtus mexicanus,Rodentia,Cricetidae,34.88,,2.33,,0.000876185,,,Microtus mexicanus,927229,False
microtus_miurus,Microtus miurus,Rodentia,Cricetidae,41.0,21.0,3.89,,0.000871042,,,Microtus miurus,269522,False
microtus_montanus,Microtus montanus,Rodentia,Cricetidae,42.85,21.13,5.54,15.0,0.000118315,,,Microtus montanus,1035816,False
microtus_montebelli,Microtus montebelli,Rodentia,Cricetidae,29.49,22.24,4.3,17.25,,,,Microtus montebelli,930591,False
microtus_oaxacensis,Microtus oaxacensis,Rodentia,Cricetidae,36.52,,1.2,,,,,Microtus oaxacensis,755191,False
microtus_ochrogaster,Microtus ochrogaster,Rodentia,Cricetidae,42.5,21.5,3.87,21.0,0.000255014,2.0,,Microtus ochrogaster,927240,False
microtus_oeconomus,Microtus oeconomus,Rodentia,Cricetidae,33.1,21.51,5.62,20.0,0.001176411,,21.6,Microtus oeconomus,1051081,False
microtus_oregoni,Microtus oregoni,Rodentia,Cricetidae,20.35,23.83,3.32,13.91,0.000533681,1.0,15.0,Microtus oregoni,269491,False
microtus_pennsylvanicus,Microtus pennsylvanicus,Rodentia,Cricetidae,42.53,21.24,5.16,12.92,0.000277446,2.0,11.0,Microtus pennsylvanicus,340973,False
microtus_pinetorum,Microtus pinetorum,Rodentia,Cricetidae,25.95,23.99,2.47,20.08,0.001048491,1.0,33.6,Microtus pinetorum,269493,False
microtus_quasiater,Microtus quasiater,Rodentia,Cricetidae,40.0,,1.4,,,,,Microtus quasiater,131164,False
microtus_richardsoni,Microtus richardsoni,Rodentia,Cricetidae,85.5,22.29,5.93,,0.000285368,1.0,18.0,Microtus richardsoni,803869,False
microtus_socialis,Microtus socialis,Rodentia,Cricetidae,48.0,19.5,5.51,24.11,,,,Microtus socialis,803141,False
microtus_subterraneus,Microtus subterraneus,Rodentia,Cricetidae,17.74,21.0,2.46,23.23,,,,Microtus subterraneus,965600,False
microtus_townsendii,Microtus townsendii,Rodentia,Cricetidae,52.02,23.2,5.06,15.44,0.000576965,1.0,,Microtus townsendii,803867,False
microtus_umbrosus,Microtus umbrosus,Rodentia,Cricetidae,41.99,,,,,,,Microtus umbrosus,775312,False
microtus_xanthognathus,Microtus xanthognathus,Rodentia,Cricetidae,92.65,,8.1,30.41,0.001022511,1.0,,Microtus xanthognathus,241402,False
millardia_meltada,Millardia meltada,Rodentia,Muridae,67.17,20.0,5.72,,0.000926123,,,Millardia meltada,170600,False
mimetillus_moloneyi,Mimetillus moloneyi,Chiroptera,Vespertilionidae,8.89,,0.98,,,,,Mimetillus moloneyi,3614209,False
mimon_bennettii,Mimon bennettii,Chiroptera,Phyllostomidae,12.9,,,,,2.0,,Mimon bennettii,780064,False
mimon_crenulatum,Mimon crenulatum,Chiroptera,Phyllostomidae,13.91,,0.99,,,2.0,,Gardnerycteris crenulatum,792611,True
miniopterus_australis,Miniopterus australis,Chiroptera,Vespertilionidae,7.4,132.74,0.99,,,3.0,,Miniopterus australis,1002681,False
miniopterus_fraterculus,Miniopterus fraterculus,Chiroptera,Vespertilionidae,7.38,155.09,1.0,,,,,Miniopterus fraterculus,61862,False
miniopterus_inflatus,Miniopterus inflatus,Chiroptera,Vespertilionidae,14.9,91.24,0.99,,,3.0,,Miniopterus inflatus,306577,False
miniopterus_macrocneme,Miniopterus macrocneme,Chiroptera,Vespertilionidae,7.53,,1.0,,,,,Miniopterus macrocneme,18885,False
miniopterus_magnater,Miniopterus magnater,Chiroptera,Vespertilionidae,14.14,,,,,,,Miniopterus magnater,829941,False
miniopterus_medius,Miniopterus medius,Chiroptera,Vespertilionidae,11.4,,1.0,,,,,Miniopterus medius,598189,False
miniopterus_pusillus,Miniopterus pusillus,Chiroptera,Vespertilionidae,8.95,,,,,,,Miniopterus pusillus,61867,False
miniopterus_schreibersii,Miniopterus schreibersii,Chiroptera,Vespertilionidae,11.46,182.5,0.99,60.19,,3.0,168.0,Miniopterus schreibersii,238425,False
miniopterus_tristis,Miniopterus tristis,Chiroptera,Vespertilionidae,15.17,,,,,,,Miniopterus tristis,306583,False
miopithecus_talapoin,Miopithecus talapoin,Primates,Cercopithecidae,1248.86,164.38,1.01,178.98,0.8,2.0,370.8,Miopithecus talapoin,975092,False
mirza_coquereli,Mirza coquereli,Primates,Cheirogaleidae,326.5,88.58,1.71,136.0,0.03,2.0,183.6,Mirza coquereli,16910,False
mogera_imaizumii,Mogera imaizumii,Soricomorpha,Talpidae,65.53,,3.25,,,2.0,42.0,Mogera imaizumii,201757,False
mogera_tokudae,Mogera tokudae,Soricomorpha,Talpidae,133.48,40.0,3.26,,,2.0,,Mogera tokudae,767008,False
mogera_wogura,Mogera wogura,Soricomorpha,Talpidae,96.88,40.0,3.78,,,2.0,42.0,Mogera wogura,634080,False
molossops_mattogrossensis,Molossops mattogrossensis,Chiroptera,Molossidae,7.48,,,,,3.0,,Molossops mattogrossensis,132211,False
molossops_temminckii,Molossops temminckii,Chiroptera,Molossidae,5.86,,0.98,,,3.0,,Molossops temminckii,633522,False
molossus_aztecus,Molossus aztecus,Chiroptera,Molossidae,14.86,,,,,,,Molossus aztecus,3614005,False
molossus_currentium,Molossus currentium,Chiroptera,Molossidae,17.79,,0.99,,,,,Molossus currentium,3614007,False
molossus_molossus,Molossus molossus,Chiroptera,Molossidae,13.7,107.97,0.99,60.45,,3.0,,Molossus molossus,301603,False
molossus_pretiosus,Molossus pretiosus,Chiroptera,Molossidae,98.0,,0.98,,,,,Molossus pretiosus,3614002,False
molossus_sinaloae,Molossus sinaloae,Chiroptera,Molossidae,21.09,,1.03,47.25,,3.0,,Molossus sinaloae,687490,False
monodelphis_adusta,Monodelphis adusta,Didelphimorphia,Didelphidae,36.04,,,,,2.0,,Monodelphis adusta,84829,False
monodelphis_americana,Monodelphis americana,Didelphimorphia,Didelphidae,19.5,,,,0.000536788,3.0,,Monodelphis americana,446727,False
monodelphis_dimidiata,Monodelphis dimidiata,Didelphimorphia,Didelphidae,44.56,,12.0,55.68,,2.0,12.0,Monodelphis dimidiata,842010,False
monodelphis_domestica,Monodelphis domestica,Didelphimorphia,Didelphidae,93.45,14.55,7.29,49.49,,3.0,72.0,Monodelphis domestica,122362,False
monodelphis_emiliae,Monodelphis emiliae,Didelphimorphia,Didelphidae,52.33,,,,,3.0,,Monodelphis emiliae,86712,False
monodelphis_iheringi,Monodelphis iheringi,Didelphimorphia,Didelphidae,112.0,,,,,3.0,,Monodelphis iheringi,1053505,False
monodelphis_kunsi,Monodelphis kunsi,Didelphimorphia,Didelphidae,11.3,,,,,3.0,,Monodelphis kunsi,553037,False
monodelphis_osgoodi,Monodelphis osgoodi,Didelphimorphia,Didelphidae,112.0,,,,,3.0,,Monodelphis osgoodi,391587,False
monodelphis_rubida,Monodelphis rubida,Didelphimorphia,Didelphidae,45.5,,,,,3.0,,Monodelphis rubida,3606706,False
monodelphis_scalops,Monodelphis scalops,Didelphimorphia,Didelphidae,763.19,,,,,3.0,,Monodelphis scalops,697784,False
monodelphis_sorex,Monodelphis sorex,Didelphimorphia,Didelphidae,48.0,,,,,3.0,,Monodelphis sorex,80082,False
monodelphis_theresa,Monodelphis theresa,Didelphimorphia,Didelphidae,112.0,,,,,3.0,,Monodelphis theresa,849320,False
monodelphis_unistriata,Monodelphis unistriata,Didelphimorphia,Didelphidae,55.3,,,,,3.0,,Monodelphis unistriata,3606709,False
monophyllus_plethodon,Monophyllus plethodon,Chiroptera,Phyllostomidae,15.33,,0.99,,,,,Monophyllus plethodon,227309,False
monophyllus_redmani,Monophyllus redmani,Chiroptera,Phyllostomidae,8.79,,0.99,,,2.0,,Monophyllus redmani,658352,False
mops_brachypterus,Mops brachypterus,Chiroptera,Molossidae,16.0,,0.99,,,,,Mops brachypterus,3613976,False
mops_condylurus,Mops condylurus,Chiroptera,Molossidae,26.59,88.64,1.0,49.99,,3.0,,Mops condylurus,1015438,False
mops_congicus,Mops congicus,Chiroptera,Molossidae,42.84,,0.99,,,,,Mops congicus,3613985,False
mops_leucostigma,Mops leucostigma,Chiroptera,Molossidae,26.79,,,,,3.0,,Mops leucostigma,956751,False
mops_midas,Mops midas,Chiroptera,Molossidae,45.5,,1.22,,,3.0,,Mops midas,956753,False
mops_mops,Mops mops,Chiroptera,Molossidae,31.12,,,,,3.0,,Mops mops,598195,False
mops_niveiventer,Mops niveiventer,Chiroptera,Molossidae,21.82,,1.0,,,3.0,,Mops niveiventer,3613975,False
mops_spurrelli,Mops spurrelli,Chiroptera,Molossidae,8.08,,,,,,,Mops spurrelli,3613984,False
mops_thersites,Mops thersites,Chiroptera,Molossidae,21.99,,1.0,,,,,Mops thersites,3613979,False
mormoops_blainvillei,Mormoops blainvillei,Chiroptera,Mormoopidae,8.69,,,,,3.0,,Mormoops blainvillei,554248,False
mormoops_megalophylla,Mormoops megalophylla,Chiroptera,Mormoopidae,16.09,,0.99,,,3.0,,Mormoops megalophylla,342713,False
mormopterus_beccarii,Mormopterus beccarii,Chiroptera,Molossidae,14.3,,,,,3.0,,Mormopterus beccarii,1066068,False
mormopterus_jugularis,Mormopterus jugularis,Chiroptera,Molossidae,11.56,,,,,3.0,,Mormopterus jugularis,435177,False
mormopterus_loriae,Mormopterus loriae,Chiroptera,Molossidae,7.0,,,,,,,Mormopterus loriae,3613996,False
mormopterus_norfolkensis,Mormopterus norfolkensis,Chiroptera,Molossidae,8.0,,1.0,,,,,Mormopterus norfolkensis,3613993,False
mormopterus_planiceps,Mormopterus planiceps,Chiroptera,Molossidae,9.24,106.86,0.99,,,,,Mormopterus planiceps,171158,False
moschiola_meminna,Moschiola meminna,Artiodactyla,Tragulidae,3130.95,153.53,1.5,,,,,Moschiola meminna,612931,False
moschus_berezovskii,Moschus berezovskii,Artiodactyla,Moschidae,12477.41,184.24,1.2,47.14,0.13,1.0,,Moschus berezovskii,807545,False
moschus_chrysogaster,Moschus chrysogaster,Artiodactyla,Moschidae,13697.9,188.0,1.2,47.14,0.13,1.0,,Moschus chrysogaster,233508,False
moschus_fuscus,Moschus fuscus,Artiodactyla,Moschidae,13697.9,,,47.14,0.13,1.0,,Moschus fuscus,233511,False
moschus_moschiferus,Moschus moschiferus,Artiodactyla,Moschidae,13315.57,175.92,1.74,47.14,0.13,1.0,,Moschus moschiferus,233514,False
mosia_nigrescens,Mosia nigrescens,Chiroptera,Emballonuridae,3.33,,0.98,,,,,Mosia nigrescens,464407,False
mungos_gambianus,Mungos gambianus,Carnivora,Herpestidae,1644.98,,,,,2.0,,Mungos gambianus,3613278,False
mungos_mungo,Mungos mungo,Carnivora,Herpestidae,1260.0,60.91,2.68,20.88,1.66,3.0,144.0,Mungos mungo,333729,False
mungotictis_decemlineata,Mungotictis decemlineata,Carnivora,Eupleridae,657.03,100.83,0.99,45.1,1.19,3.0,,Mungotictis decemlineata,995905,False
muntiacus_atherodes,Muntiacus atherodes,Artiodactyla,Cervidae,18939.1,,,,,1.0,,Muntiacus atherodes,3611946,False
muntiacus_crinifrons,Muntiacus crinifrons,Artiodactyla,Cervidae,18590.01,195.57,1.0,,,2.0,,Muntiacus crinifrons,418001,False
muntiacus_feae,Muntiacus feae,Artiodactyla,Cervidae,21999.99,195.57,1.22,,,2.0,,Muntiacus feae,418003,False
muntiacus_gongshanensis,Muntiacus gongshanensis,Artiodactyla,Cervidae,18590.01,,,,,2.0,,Muntiacus gongshanensis,615938,False
muntiacus_muntjak,Muntiacus muntjak,Artiodactyla,Cervidae,17611.59,210.0,1.0,,,1.0,211.2,Muntiacus muntjak,194523,False
muntiacus_reevesi,Muntiacus reevesi,Artiodactyla,Cervidae,13499.94,214.24,0.98,,0.12,1.0,,Muntiacus reevesi,59206,False
muntiacus_rooseveltorum,Muntiacus rooseveltorum,Artiodactyla,Cervidae,10762.64,212.49,1.0,,,,,Muntiacus rooseveltorum,57125,False
muntiacus_vuquangensis,Muntiacus vuquangensis,Artiodactyla,Cervidae,36690.82,,,,,,,Muntiacus vuquangensis,57121,False
murexechinus_melanurus,Murexechinus melanurus,Dasyuromorphia,Dasyuridae,38.02,,3.49,,,3.0,,Murexia melanurus,303997,True
murexia_longicaudata,Murexia longicaudata,Dasyuromorphia,Dasyuridae,126.79,,,,,3.0,,Murexia longicaudata,631445,False
muriculus_imberbis,Muriculus imberbis,Rodentia,Muridae,18.5,,,,,,,Muriculus imberbis,3610601,False
murina_aenea,Murina aenea,Chiroptera,Vespertilionidae,7.5,,,,,,,Murina aenea,448968,False
murina_cyclotis,Murina cyclotis,Chiroptera,Vespertilionidae,9.35,,1.98,,,,,Murina cyclotis,176327,False
murina_florium,Murina florium,Chiroptera,Vespertilionidae,4.41,,,,,,,Murina florium,434676,False
murina_huttoni,Murina huttoni,Chiroptera,Vespertilionidae,7.56,,,,,,,Murina huttoni,61865,False
murina_leucogaster,Murina leucogaster,Chiroptera,Vespertilionidae,7.54,,,,,,,Murina leucogaster,434674,False
murina_suilla,Murina suilla,Chiroptera,Vespertilionidae,4.0,,,,,,,Murina suilla,190903,False
murina_tubinaris,Murina tubinaris,Chiroptera,Vespertilionidae,5.45,,1.37,,,,,Murina tubinaris,233915,False
mus_booduga,Mus booduga,Rodentia,Muridae,13.78,,5.96,,0.000967874,,,Mus booduga,451263,False
mus_bufo,Mus bufo,Rodentia,Muridae,8.88,,,,,,,Mus bufo,844282,False
mus_caroli,Mus caroli,Rodentia,Muridae,14.26,18.1,,,,,,Mus caroli,922493,False
mus_indutus,Mus indutus,Rodentia,Muridae,6.15,,4.76,,,,,Mus indutus,1000695,False
mus_mahomet,Mus mahomet,Rodentia,Muridae,10.0,,,,,,,Mus mahomet,5857435,False
mus_minutoides,Mus minutoides,Rodentia,Muridae,6.43,20.71,4.18,20.19,,2.0,37.2,Mus minutoides,845966,False
mus_musculoides,Mus musculoides,Rodentia,Muridae,8.23,23.5,3.49,23.82,,,,Mus musculoides,996648,False
mus_platythrix,Mus platythrix,Rodentia,Muridae,29.08,,6.93,,,,,Mus platythrix,845970,False
mus_setulosus,Mus setulosus,Rodentia,Muridae,11.18,,3.92,,,,,Mus setulosus,845980,False
mus_setzeri,Mus setzeri,Rodentia,Muridae,6.65,,,,,,,Mus setzeri,3608890,False
mus_spretus,Mus spretus,Rodentia,Muridae,16.67,,5.15,,0.000203629,,,Mus spretus,542521,False
mus_triton,Mus triton,Rodentia,Muridae,12.62,,4.4,27.5,,,,Mus triton,289304,False
muscardinus_avellanarius,Muscardinus avellanarius,Rodentia,Gliridae,29.19,24.97,4.3,37.61,0.003271485,2.0,72.0,Muscardinus avellanarius,664079,False
mustela_africana,Mustela africana,Carnivora,Mustelidae,536.98,,,,,,,Mustela africana,275125,False
mustela_altaica,Mustela altaica,Carnivora,Mustelidae,180.24,40.0,5.44,56.0,,3.0,,Mustela altaica,69264,False
mustela_erminea,Mustela erminea,Carnivora,Mustelidae,284.5,66.35,6.74,60.93,0.11,3.0,85.23,Mustela erminea,681184,False
mustela_eversmanii,Mustela eversmanii,Carnivora,Mustelidae,1684.21,40.14,7.82,48.8,,3.0,,Mustela eversmanii,3612699,False
mustela_felipei,Mustela felipei,Carnivora,Mustelidae,211.3,,,,,,,Mustela felipei,275123,False
mustela_frenata,Mustela frenata,Carnivora,Mustelidae,190.03,24.5,6.5,34.23,0.21,3.0,85.23,Mustela frenata,685101,False
mustela_kathiah,Mustela kathiah,Carnivora,Mustelidae,263.74,,,,,3.0,,Mustela kathiah,1075273,False
mustela_lutreola,Mustela lutreola,Carnivora,Mustelidae,566.44,43.74,4.5,58.71,0.17,3.0,120.0,Mustela lutreola,923105,False
mustela_lutreolina,Mustela lutreolina,Carnivora,Mustelidae,466.25,,,,,3.0,,Mustela lutreolina,3612707,False
mustela_nivalis,Mustela nivalis,Carnivora,Mustelidae,78.45,36.49,5.07,36.74,0.07,3.0,120.0,Mustela nivalis,354525,False
mustela_nudipes,Mustela nudipes,Carnivora,Mustelidae,569.42,,4.0,,,,,Mustela nudipes,378004,False
mustela_putorius,Mustela putorius,Carnivora,Mustelidae,975.55,41.49,8.48,54.39,0.53,3.0,168.0,Mustela putorius,923126,False
mustela_sibirica,Mustela sibirica,Carnivora,Mustelidae,530.85,30.12,6.48,58.2,3.41,3.0,106.0,Mustela sibirica,549525,False
mustela_strigidorsa,Mustela strigidorsa,Carnivora,Mustelidae,1500.0,,,,,,,Mustela strigidorsa,273796,False
mydaus_javanensis,Mydaus javanensis,Carnivora,Mephitidae,2500.0,,,,,2.0,,Mydaus javanensis,890077,False
mydaus_marchei,Mydaus marchei,Carnivora,Mephitidae,2500.0,,,,,,,Mydaus marchei,685108,False
mylomys_dybowskii,Mylomys dybowskii,Rodentia,Muridae,110.96,,4.04,,,,,Mylomys dybowskii,170597,False
myocastor_coypus,Myocastor coypus,Rodentia,Myocastoridae,6361.55,131.86,5.34,52.83,0.02,2.0,144.0,Myocastor coypus,169715,False
myodes_californicus,Myodes californicus,Rodentia,Cricetidae,18.3,18.0,3.1,,0.001246353,,,Myodes californicus,179751,False
myodes_gapperi,Myodes gapperi,Rodentia,Cricetidae,19.83,18.0,5.37,30.87,0.000463061,2.0,20.0,Myodes gapperi,627111,False
myodes_glareolus,Myodes glareolus,Rodentia,Cricetidae,20.73,19.74,4.31,19.73,0.000951778,2.0,58.8,Myodes glareolus,1051603,False
myodes_rufocanus,Myodes rufocanus,Rodentia,Cricetidae,36.43,,5.01,,,,,Myodes rufocanus,563745,False
myodes_rutilus,Myodes rutilus,Rodentia,Cricetidae,19.94,23.98,5.6,,,2.0,,Myodes rutilus,686197,False
myodes_smithii,Myodes smithii,Rodentia,Cricetidae,34.94,19.0,4.1,27.34,,,42.0,Eothenomys smithii,1012704,True
myoictis_melas,Myoictis melas,Dasyuromorphia,Dasyuridae,221.77,,,,,,,Myoictis melas,379181,False
myomyscus_verreauxii,Myomyscus verreauxii,Rodentia,Muridae,41.0,,,,,,,Myomyscus verreauxii,1057551,False
myonycteris_relicta,Myonycteris relicta,Chiroptera,Pteropodidae,53.32,,,,,,,Myonycteris relicta,192015,False
myonycteris_torquata,Myonycteris torquata,Chiroptera,Pteropodidae,44.92,,1.0,,,,,Myonycteris torquata,192012,False
myoprocta_acouchy,Myoprocta acouchy,Rodentia,Dasyproctidae,954.87,98.43,1.97,26.19,0.008591924,1.0,120.0,Myoprocta acouchy,484313,False
myopterus_whitleyi,Myopterus whitleyi,Chiroptera,Molossidae,11.55,,,,,,,Myopterus whitleyi,3613990,False
myopus_schisticolor,Myopus schisticolor,Rodentia,Cricetidae,29.99,23.74,5.25,19.86,0.000766498,,12.0,Myopus schisticolor,490530,False
myosciurus_pumilio,Myosciurus pumilio,Rodentia,Sciuridae,16.44,,1.97,,,2.0,,Myosciurus pumilio,152097,False
myosorex_cafer,Myosorex cafer,Soricomorpha,Soricidae,12.3,,2.99,,,2.0,,Myosorex cafer,27750,False
myosorex_geata,Myosorex geata,Soricomorpha,Soricidae,9.34,,4.0,,,,,Myosorex geata,543351,False
myosorex_varius,Myosorex varius,Soricomorpha,Soricidae,11.68,,2.9,21.0,,3.0,12.0,Myosorex varius,563474,False
myospalax_myospalax,Myospalax myospalax,Rodentia,Spalacidae,225.0,,4.5,,,,,Myospalax myospalax,3608556,False
myospalax_psilurus,Myospalax psilurus,Rodentia,Spalacidae,259.21,,3.11,,,,,Myospalax psilurus,618100,False
myotis_adversus,Myotis adversus,Chiroptera,Vespertilionidae,10.41,,1.0,56.28,,3.0,,Myotis adversus,342710,False
myotis_albescens,Myotis albescens,Chiroptera,Vespertilionidae,5.69,93.18,0.98,30.2,,,,Myotis albescens,353889,False
myotis_altarium,Myotis altarium,Chiroptera,Vespertilionidae,11.0,,,,,,,Myotis altarium,379806,False
myotis_annectans,Myotis annectans,Chiroptera,Vespertilionidae,9.75,,,,,,,Myotis annectans,488513,False
myotis_auriculus,Myotis auriculus,Chiroptera,Vespertilionidae,38.04,,1.0,,,3.0,38.0,Myotis auriculus,498123,False
myotis_austroriparius,Myotis austroriparius,Chiroptera,Vespertilionidae,7.35,,1.88,46.8,,,72.0,Myotis austroriparius,363026,False
myotis_bechsteinii,Myotis bechsteinii,Chiroptera,Vespertilionidae,9.47,,1.0,,,3.0,252.0,Myotis bechsteinii,342718,False
myotis_blythii,Myotis blythii,Chiroptera,Vespertilionidae,23.82,,0.98,,,,237.99,Myotis blythii,1080286,False
myotis_bocagii,Myotis bocagii,Chiroptera,Vespertilionidae,7.93,,0.99,,,3.0,,Myotis bocagii,307135,False
myotis_brandtii,Myotis brandtii,Chiroptera,Vespertilionidae,5.3,,,,,,,Myotis brandtii,353460,False
myotis_californicus,Myotis californicus,Chiroptera,Vespertilionidae,4.39,,0.99,89.79,,3.0,180.0,Myotis californicus,235788,False
myotis_capaccinii,Myotis capaccinii,Chiroptera,Vespertilionidae,8.15,54.99,0.99,,,3.0,,Myotis capaccinii,353431,False
myotis_chinensis,Myotis chinensis,Chiroptera,Vespertilionidae,41.99,,,,,,,Myotis chinensis,535369,False
myotis_dasycneme,Myotis dasycneme,Chiroptera,Vespertilionidae,15.16,,1.0,,,3.0,234.0,Myotis dasycneme,353897,False
myotis_daubentonii,Myotis daubentonii,Chiroptera,Vespertilionidae,7.63,55.14,1.21,35.33,,3.0,336.0,Myotis daubentonii,407052,False
myotis_elegans,Myotis elegans,Chiroptera,Vespertilionidae,4.21,,0.98,,,,,Myotis elegans,61869,False
myotis_emarginatus,Myotis emarginatus,Chiroptera,Vespertilionidae,7.56,,0.99,41.61,,,216.0,Myotis emarginatus,1080294,False
myotis_evotis,Myotis evotis,Chiroptera,Vespertilionidae,6.91,,0.98,,,,,Myotis evotis,235790,False
myotis_formosus,Myotis formosus,Chiroptera,Vespertilionidae,7.07,,,,,,,Myotis formosus,505486,False
myotis_fortidens,Myotis fortidens,Chiroptera,Vespertilionidae,4.37,,0.98,,,3.0,,Myotis fortidens,363081,False
myotis_goudoti,Myotis goudoti,Chiroptera,Vespertilionidae,5.56,,,,,3.0,,Myotis goudoti,31985,False
myotis_grisescens,Myotis grisescens,Chiroptera,Vespertilionidae,10.84,,0.99,42.35,,3.0,471.24,Myotis grisescens,213632,False
myotis_hasseltii,Myotis hasseltii,Chiroptera,Vespertilionidae,8.7,,0.99,,,,,Myotis hasseltii,353891,False
myotis_horsfieldii,Myotis horsfieldii,Chiroptera,Vespertilionidae,6.05,,,,,,,Myotis horsfieldii,249359,False
myotis_keaysi,Myotis keaysi,Chiroptera,Vespertilionidae,5.45,,0.98,,,,,Myotis keaysi,353894,False
myotis_keenii,Myotis keenii,Chiroptera,Vespertilionidae,6.51,,0.99,38.93,,,222.0,Myotis keenii,586294,False
myotis_leibii,Myotis leibii,Chiroptera,Vespertilionidae,5.22,,0.99,,,,,Myotis leibii,217241,False
myotis_levis,Myotis levis,Chiroptera,Vespertilionidae,5.49,,,,,,,Myotis levis,307134,False
myotis_macrodactylus,Myotis macrodactylus,Chiroptera,Vespertilionidae,7.48,,1.0,,,,,Myotis macrodactylus,434679,False
myotis_macrotarsus,Myotis macrotarsus,Chiroptera,Vespertilionidae,12.64,,,,,,,Myotis macrotarsus,353886,False
myotis_montivagus,Myotis montivagus,Chiroptera,Vespertilionidae,8.3,,,,,,,Myotis montivagus,353888,False
myotis_muricola,Myotis muricola,Chiroptera,Vespertilionidae,4.8,,1.0,,,3.0,,Myotis muricola,878677,False
myotis_myotis,Myotis myotis,Chiroptera,Vespertilionidae,25.59,73.0,1.5,41.99,,3.0,264.0,Myotis myotis,966432,False
myotis_nattereri,Myotis nattereri,Chiroptera,Vespertilionidae,7.25,,0.99,60.41,,3.0,180.0,Myotis nattereri,1008252,False
myotis_nesopolus,Myotis nesopolus,Chiroptera,Vespertilionidae,3.56,,,,,,,Myotis nesopolus,898241,False
myotis_oxygnathus,Myotis oxygnathus,Chiroptera,Vespertilionidae,21.23,,,,,,,Myotis oxygnathus,743482,False
myotis_oxyotus,Myotis oxyotus,Chiroptera,Vespertilionidae,5.65,,0.98,,,,,Myotis oxyotus,878679,False
myotis_ridleyi,Myotis ridleyi,Chiroptera,Vespertilionidae,4.06,,,,,,,Myotis ridleyi,363061,False
myotis_riparius,Myotis riparius,Chiroptera,Vespertilionidae,4.57,,0.98,,,3.0,,Myotis riparius,267991,False
myotis_rosseti,Myotis rosseti,Chiroptera,Vespertilionidae,3.29,,,,,,,Myotis rosseti,964601,False
myotis_ruber,Myotis ruber,Chiroptera,Vespertilionidae,4.99,,,,,,,Myotis ruber,878678,False
myotis_siligorensis,Myotis siligorensis,Chiroptera,Vespertilionidae,2.93,,0.98,,,,,Myotis siligorensis,687555,False
myotis_sodalis,Myotis sodalis,Chiroptera,Vespertilionidae,7.15,,0.99,46.07,,3.0,240.0,Myotis sodalis,939110,False
myotis_thysanodes,Myotis thysanodes,Chiroptera,Vespertilionidae,8.49,53.55,0.99,22.69,,,219.6,Myotis thysanodes,307132,False
myotis_tricolor,Myotis tricolor,Chiroptera,Vespertilionidae,13.67,77.43,0.99,41.88,,,,Myotis tricolor,450621,False
myotis_velifer,Myotis velifer,Chiroptera,Vespertilionidae,9.82,63.77,0.99,43.0,,3.0,135.96,Myotis velifer,238420,False
myotis_vivesi,Myotis vivesi,Chiroptera,Vespertilionidae,25.63,,0.99,,,3.0,120.0,Myotis vivesi,514767,False
myotis_volans,Myotis volans,Chiroptera,Vespertilionidae,8.71,,0.99,,,,51.0,Myotis volans,878680,False
myotis_welwitschii,Myotis welwitschii,Chiroptera,Vespertilionidae,15.88,,,,,,,Myotis welwitschii,746782,False
myotis_yumanensis,Myotis yumanensis,Chiroptera,Vespertilionidae,5.15,,0.99,,,,105.96,Myotis yumanensis,878682,False
myotomys_sloggetti,Myotomys sloggetti,Rodentia,Muridae,106.25,38.0,1.44,16.0,,,,Myotomys sloggetti,433648,False
myotomys_unisulcatus,Myotomys unisulcatus,Rodentia,Muridae,102.5,36.57,1.42,13.92,,1.0,,Myotomys unisulcatus,647417,False
myrmecobius_fasciatus,Myrmecobius fasciatus,Dasyuromorphia,Myrmecobiidae,511.44,14.0,3.68,269.23,0.24,3.0,72.0,Myrmecobius fasciatus,70811,False
myrmecophaga_tridactyla,Myrmecophaga tridactyla,Pilosa,Myrmecophagidae,29531.83,182.74,1.0,79.96,4.0,3.0,312.0,Myrmecophaga tridactyla,490538,False
mystacina_tuberculata,Mystacina tuberculata,Chiroptera,Mystacinidae,13.14,,0.99,,,2.0,,Mystacina tuberculata,604409,False
mystromys_albicaudatus,Mystromys albicaudatus,Rodentia,Nesomyidae,86.85,37.0,3.0,32.0,,,72.0,Mystromys albicaudatus,91072,False
myzopoda_aurita,Myzopoda aurita,Chiroptera,Myzopodidae,9.1,,,,,3.0,,Myzopoda aurita,6794,False
naemorhedus_baileyi,Naemorhedus baileyi,Artiodactyla,Bovidae,28863.45,212.91,1.5,,,,219.0,Naemorhedus baileyi,869867,False
naemorhedus_caudatus,Naemorhedus caudatus,Artiodactyla,Bovidae,26999.99,,,,,,108.96,Naemorhedus caudatus,385438,False
naemorhedus_goral,Naemorhedus goral,Artiodactyla,Bovidae,28796.51,212.91,1.0,59.27,,1.0,211.2,Naemorhedus goral,274555,False
nandinia_binotata,Nandinia binotata,Carnivora,Nandiniidae,2167.2,65.35,1.84,63.81,0.55,1.0,222.0,Nandinia binotata,1088403,False
nanger_dama,Nanger dama,Artiodactyla,Bovidae,71424.81,194.93,1.0,,,1.0,207.96,Nanger dama,924742,False
nanger_granti,Nanger granti,Artiodactyla,Bovidae,55464.46,191.21,1.0,,,1.0,152.04,Nanger granti,346068,False
nanger_soemmerringii,Nanger soemmerringii,Artiodactyla,Bovidae,41582.93,192.53,1.0,,,,186.0,Nanger soemmerringii,702501,False
nanonycteris_veldkampii,Nanonycteris veldkampii,Chiroptera,Pteropodidae,21.89,,0.98,,,,,Nanonycteris veldkampii,553120,False
napaeozapus_insignis,Napaeozapus insignis,Rodentia,Dipodidae,22.25,22.73,4.5,34.99,0.01,2.0,48.0,Napaeozapus insignis,379305,False
nasalis_larvatus,Nasalis larvatus,Primates,Cercopithecidae,12265.65,165.04,1.02,211.75,1.4,1.0,252.0,Nasalis larvatus,860954,False
nasua_narica,Nasua narica,Carnivora,Procyonidae,4578.43,76.82,4.0,132.63,0.78,2.0,212.0,Nasua narica,736280,False
nasua_nasua,Nasua nasua,Carnivora,Procyonidae,3775.5,75.06,3.69,113.15,0.79,2.0,212.4,Nasua nasua,348031,False
nasuella_olivacea,Nasuella olivacea,Carnivora,Procyonidae,1339.99,,,,,2.0,,Nasuella olivacea,1030921,False
natalus_stramineus,Natalus stramineus,Chiroptera,Natalidae,5.68,244.85,0.99,50.53,,3.0,57.96,Natalus stramineus,579474,False
natalus_tumidirostris,Natalus tumidirostris,Chiroptera,Natalidae,6.3,,,,,3.0,,Natalus tumidirostris,190917,False
neacomys_guianae,Neacomys guianae,Rodentia,Cricetidae,15.87,,,,,2.0,,Neacomys guianae,297959,False
neacomys_spinosus,Neacomys spinosus,Rodentia,Cricetidae,19.0,,,,,2.0,,Neacomys spinosus,27304,False
neacomys_tenuipes,Neacomys tenuipes,Rodentia,Cricetidae,19.0,,3.94,,,2.0,,Neacomys tenuipes,3608341,False
neamblysomus_julianae,Neamblysomus julianae,Afrosoricida,Chrysochloridae,21.99,,0.96,,,3.0,,Neamblysomus julianae,909638,False
necromys_amoenus,Necromys amoenus,Rodentia,Cricetidae,27.09,,,,,,,Bolomys amoenus,1068790,True
necromys_lactens,Necromys lactens,Rodentia,Cricetidae,32.9,,,,,,,Necromys lactens,39189,False
necromys_obscurus,Necromys obscurus,Rodentia,Cricetidae,40.69,,4.86,,,2.0,,Necromys obscurus,536360,False
necromys_temchuki,Necromys temchuki,Rodentia,Cricetidae,47.2,,,,,,,Bolomys temchuki,817135,True
necromys_urichi,Necromys urichi,Rodentia,Cricetidae,44.84,,5.18,,,2.0,,Bolomys urichi,435931,True
nectogale_elegans,Nectogale elegans,Soricomorpha,Soricidae,38.82,,,,,3.0,,Nectogale elegans,690666,False
nectomys_rattus,Nectomys rattus,Rodentia,Cricetidae,248.8,,,,,2.0,,Nectomys rattus,3608236,False
nelsonia_neotomodon,Nelsonia neotomodon,Rodentia,Cricetidae,80.0,,,,,,,Nelsonia neotomodon,612161,False
neofelis_nebulosa,Neofelis nebulosa,Carnivora,Felidae,14945.05,93.44,2.25,111.67,,3.0,204.0,Neofelis nebulosa,763016,False
neofiber_alleni,Neofiber alleni,Rodentia,Cricetidae,265.38,28.26,2.33,20.92,3.79558e-05,1.0,,Neofiber alleni,404165,False
neohylomys_hainanensis,Neohylomys hainanensis,Erinaceomorpha,Erinaceidae,52.21,,,,,3.0,,Neohylomys hainanensis,736215,False
neomys_anomalus,Neomys anomalus,Soricomorpha,Soricidae,13.19,26.0,7.1,27.84,,,24.0,Neomys anomalus,276756,False
neomys_fodiens,Neomys fodiens,Soricomorpha,Soricidae,15.26,21.38,6.39,35.34,0.000156744,2.0,36.0,Neomys fodiens,112409,False
neophascogale_lorentzi,Neophascogale lorentzi,Dasyuromorphia,Dasyuridae,212.0,,,,,,,Neophascogale lorentzii,1029247,True
neoromicia_capensis,Neoromicia capensis,Chiroptera,Vespertilionidae,5.96,,1.96,,,3.0,,Neoromicia capensis,781533,False
neoromicia_flavescens,Neoromicia flavescens,Chiroptera,Vespertilionidae,10.5,,,,,,,Neoromicia flavescens,3613788,False
neoromicia_helios,Neoromicia helios,Chiroptera,Vespertilionidae,3.56,,,,,,,Neoromicia helios,3613811,False
neoromicia_nanus,Neoromicia nanus,Chiroptera,Vespertilionidae,3.88,75.56,1.86,,,3.0,,Neoromicia nanus,286103,False
neoromicia_rendalli,Neoromicia rendalli,Chiroptera,Vespertilionidae,6.42,,,,,,,Neoromicia rendalli,687562,False
neoromicia_somalicus,Neoromicia somalicus,Chiroptera,Vespertilionidae,3.53,,2.0,,,,,Neoromicia somalicus,826854,False
neoromicia_tenuipinnis,Neoromicia tenuipinnis,Chiroptera,Vespertilionidae,5.35,,,,,,,Neoromicia tenuipinnis,450792,False
neoromicia_zuluensis,Neoromicia zuluensis,Chiroptera,Vespertilionidae,4.14,,,,,3.0,,Neoromicia zuluensis,450569,False
neotoma_albigula,Neotoma albigula,Rodentia,Cricetidae,208.18,37.0,2.14,33.5,0.000197477,1.0,92.4,Neotoma albigula,156843,False
neotoma_angustapalata,Neotoma angustapalata,Rodentia,Cricetidae,198.0,,,,,,,Neotoma angustapalata,319387,False
neotoma_anthonyi,Neotoma anthonyi,Rodentia,Cricetidae,195.4,,,,,,,Neotoma anthonyi,3608396,False
neotoma_bryanti,Neotoma bryanti,Rodentia,Cricetidae,182.0,,,,,,,Neotoma bryanti,540826,False
neotoma_bunkeri,Neotoma bunkeri,Rodentia,Cricetidae,375.0,,,,,,,Neotoma bunkeri,3608385,False
neotoma_cinerea,Neotoma cinerea,Rodentia,Cricetidae,285.89,29.69,3.45,26.35,0.03,1.0,,Neotoma cinerea,690529,False
neotoma_devia,Neotoma devia,Rodentia,Cricetidae,200.0,,,,,,,Neotoma devia,15637,False
neotoma_goldmani,Neotoma goldmani,Rodentia,Cricetidae,198.0,,1.29,,,,,Neotoma goldmani,690543,False
neotoma_lepida,Neotoma lepida,Rodentia,Cricetidae,143.88,32.99,2.7,33.24,0.001105651,1.0,,Neotoma lepida,39195,False
neotoma_martinensis,Neotoma martinensis,Rodentia,Cricetidae,240.16,,,,,,,Neotoma martinensis,3608389,False
neotoma_mexicana,Neotoma mexicana,Rodentia,Cricetidae,203.0,33.21,2.59,,,1.0,,Neotoma mexicana,690541,False
neotoma_micropus,Neotoma micropus,Rodentia,Cricetidae,255.14,34.0,2.5,29.83,0.000200287,1.0,27.0,Neotoma micropus,994834,False
neotoma_nelsoni,Neotoma nelsoni,Rodentia,Cricetidae,198.0,,,,,,,Neotoma nelsoni,3608403,False
neotoma_palatina,Neotoma palatina,Rodentia,Cricetidae,198.0,,,,,,,Neotoma palatina,3608388,False
neotoma_phenax,Neotoma phenax,Rodentia,Cricetidae,227.49,,2.0,,,1.0,,Neotoma phenax,3608384,False
neotoma_stephensi,Neotoma stephensi,Rodentia,Cricetidae,149.22,31.65,1.06,36.6,,2.0,,Neotoma stephensi,15638,False
neotomodon_alstoni,Neotomodon alstoni,Rodentia,Cricetidae,44.64,27.29,3.2,,0.001524967,,,Neotomodon alstoni,191279,False
neotomys_ebriosus,Neotomys ebriosus,Rodentia,Cricetidae,64.5,,,,,,,Neotomys ebriosus,300340,False
neotragus_batesi,Neotragus batesi,Artiodactyla,Bovidae,2967.45,181.24,1.0,,,1.0,168.0,Neotragus batesi,869854,False
neotragus_moschatus,Neotragus moschatus,Artiodactyla,Bovidae,5639.01,180.0,1.0,,,1.0,168.0,Neotragus moschatus,561124,False
neotragus_pygmaeus,Neotragus pygmaeus,Artiodactyla,Bovidae,3913.68,180.0,1.0,,,1.0,168.0,Neotragus pygmaeus,3611683,False
nesokia_indica,Nesokia indica,Rodentia,Muridae,178.08,17.0,4.18,,,1.0,,Nesokia indica,784789,False
nesolagus_netscheri,Nesolagus netscheri,Lagomorpha,Leporidae,1511.67,,,,,1.0,,Nesolagus netscheri,152814,False
nesomys_rufus,Nesomys rufus,Rodentia,Nesomyidae,163.96,,,,0.003902215,1.0,,Nesomys rufus,276752,False
neurotrichus_gibbsii,Neurotrichus gibbsii,Soricomorpha,Talpidae,9.56,21.27,2.99,,0.002858953,2.0,,Neurotrichus gibbsii,799585,False
neusticomys_monticolus,Neusticomys monticolus,Rodentia,Cricetidae,39.5,,1.94,,,,,Neusticomys monticolus,794269,False
neusticomys_mussoi,Neusticomys mussoi,Rodentia,Cricetidae,40.0,,,,,,,Neusticomys mussoi,3608200,False
neusticomys_oyapocki,Neusticomys oyapocki,Rodentia,Cricetidae,47.0,,,,,3.0,,Neusticomys oyapocki,3608202,False
neusticomys_peruviensis,Neusticomys peruviensis,Rodentia,Cricetidae,40.0,,,,,3.0,,Neusticomys peruviensis,3608199,False
neusticomys_venezuelae,Neusticomys venezuelae,Rodentia,Cricetidae,47.1,,,,,3.0,,Neusticomys venezuelae,3608201,False
ningaui_ridei,Ningaui ridei,Dasyuromorphia,Dasyuridae,9.42,13.49,5.99,90.74,,,24.0,Ningaui ridei,904316,False
ningaui_timealeyi,Ningaui timealeyi,Dasyuromorphia,Dasyuridae,6.37,,5.7,,,,24.0,Ningaui timealeyi,1031360,False
ningaui_yvonnae,Ningaui yvonnae,Dasyuromorphia,Dasyuridae,9.3,,7.0,,,,,Ningaui yvonnae,904312,False
niviventer_coninga,Niviventer coninga,Rodentia,Muridae,80.65,,2.37,,,,,Niviventer coninga,165538,False
niviventer_cremoriventer,Niviventer cremoriventer,Rodentia,Muridae,71.54,,3.7,,,,,Niviventer cremoriventer,474768,False
niviventer_culturatus,Niviventer culturatus,Rodentia,Muridae,81.17,,,,,,,Niviventer culturatus,976845,False
niviventer_fulvescens,Niviventer fulvescens,Rodentia,Muridae,81.79,,4.41,,,,,Niviventer fulvescens,751173,False
niviventer_niviventer,Niviventer niviventer,Rodentia,Muridae,100.0,,,,,,,Niviventer niviventer,977036,False
niviventer_rapit,Niviventer rapit,Rodentia,Muridae,79.73,,,,,,,Niviventer rapit,109408,False
noctilio_albiventris,Noctilio albiventris,Chiroptera,Noctilionidae,31.46,,0.99,77.56,,2.0,,Noctilio albiventris,604407,False
noctilio_leporinus,Noctilio leporinus,Chiroptera,Noctilionidae,29.93,,,,,,,Noctilio leporinus,604404,False
nomascus_concolor,Nomascus concolor,Primates,Hylobatidae,6410.47,205.81,1.01,635.13,1.05,2.0,529.2,Nomascus concolor,180370,False
nomascus_leucogenys,Nomascus leucogenys,Primates,Hylobatidae,7320.0,,,,,,,Nomascus leucogenys,1029454,False
notiomys_edwardsii,Notiomys edwardsii,Rodentia,Cricetidae,21.3,,,,,3.0,,Notiomys edwardsii,913813,False
notomys_alexis,Notomys alexis,Rodentia,Muridae,32.34,32.67,4.01,30.0,,,62.4,Notomys alexis,136543,False
notomys_aquilo,Notomys aquilo,Rodentia,Muridae,38.99,,,,,2.0,,Notomys aquilo,66761,False
notomys_cervinus,Notomys cervinus,Rodentia,Muridae,34.79,41.54,2.95,32.62,,,,Notomys cervinus,66759,False
notomys_fuscus,Notomys fuscus,Rodentia,Muridae,39.28,34.99,3.07,30.0,,2.0,,Notomys fuscus,156335,False
notomys_mitchellii,Notomys mitchellii,Rodentia,Muridae,42.8,35.97,3.28,30.2,,,,Notomys mitchellii,640019,False
notopteris_macdonaldi,Notopteris macdonaldi,Chiroptera,Pteropodidae,68.17,,0.99,,,,,Notopteris macdonaldi,687485,False
notoryctes_typhlops,Notoryctes typhlops,Notoryctemorphia,Notoryctidae,55.0,,1.0,,,2.0,18.0,Notoryctes typhlops,306795,False
nyctalus_lasiopterus,Nyctalus lasiopterus,Chiroptera,Vespertilionidae,45.98,,1.82,59.44,,3.0,,Nyctalus lasiopterus,342724,False
nyctalus_leisleri,Nyctalus leisleri,Chiroptera,Vespertilionidae,12.47,,1.73,,,,,Nyctalus leisleri,342721,False
nyctalus_noctula,Nyctalus noctula,Chiroptera,Vespertilionidae,28.48,72.24,1.33,47.89,,3.0,144.0,Nyctalus noctula,261435,False
nyctereutes_procyonoides,Nyctereutes procyonoides,Carnivora,Canidae,4214.99,61.84,6.36,49.69,1.15,2.0,168.0,Nyctereutes procyonoides,949680,False
nycteris_arge,Nycteris arge,Chiroptera,Nycteridae,10.79,,0.98,58.26,,,,Nycteris arge,648835,False
nycteris_gambiensis,Nycteris gambiensis,Chiroptera,Nycteridae,7.13,,,,,,,Nycteris gambiensis,3614041,False
nycteris_grandis,Nycteris grandis,Chiroptera,Nycteridae,29.8,,1.0,,,3.0,,Nycteris grandis,215195,False
nycteris_hispida,Nycteris hispida,Chiroptera,Nycteridae,7.98,91.24,0.99,,,,,Nycteris hispida,539628,False
nycteris_javanica,Nycteris javanica,Chiroptera,Nycteridae,17.78,,1.0,,,3.0,,Nycteris javanica,787378,False
nycteris_macrotis,Nycteris macrotis,Chiroptera,Nycteridae,14.49,78.21,0.99,60.41,,3.0,,Nycteris macrotis,1073070,False
nycteris_madagascariensis,Nycteris madagascariensis,Chiroptera,Nycteridae,17.69,,,,,3.0,,Nycteris madagascariensis,3614040,False
nycteris_nana,Nycteris nana,Chiroptera,Nycteridae,6.98,107.97,1.0,52.5,,,,Nycteris nana,3614045,False
nycteris_thebaica,Nycteris thebaica,Chiroptera,Nycteridae,9.2,114.95,1.0,60.83,,3.0,,Nycteris thebaica,342726,False
nycteris_tragata,Nycteris tragata,Chiroptera,Nycteridae,14.4,,,,,3.0,,Nycteris tragata,498178,False
nycteris_woodi,Nycteris woodi,Chiroptera,Nycteridae,7.6,,,,,,,Nycteris woodi,3614044,False
nycticebus_bengalensis,Nycticebus bengalensis,Primates,Lorisidae,1137.36,,,,,,,Nycticebus bengalensis,1049687,False
nycticebus_coucang,Nycticebus coucang,Primates,Lorisidae,924.55,191.09,1.12,181.21,,2.0,318.0,Nycticebus coucang,339043,False
nycticebus_pygmaeus,Nycticebus pygmaeus,Primates,Lorisidae,342.32,185.42,1.75,,,,,Nycticebus pygmaeus,101793,False
nycticeinops_schlieffeni,Nycticeinops schlieffeni,Chiroptera,Vespertilionidae,5.05,78.63,2.54,,,3.0,,Nycticeinops schlieffeni,598495,False
nycticeius_humeralis,Nycticeius humeralis,Chiroptera,Vespertilionidae,9.12,,1.94,28.28,,,60.0,Nycticeius humeralis,977396,False
nyctimene_aello,Nyctimene aello,Chiroptera,Pteropodidae,85.26,,0.98,,,,,Nyctimene aello,798255,False
nyctimene_albiventer,Nyctimene albiventer,Chiroptera,Pteropodidae,29.95,,0.98,,,1.0,,Nyctimene albiventer,611443,False
nyctimene_cephalotes,Nyctimene cephalotes,Chiroptera,Pteropodidae,44.92,,0.98,,,,,Nyctimene cephalotes,621143,False
nyctimene_certans,Nyctimene certans,Chiroptera,Pteropodidae,43.24,,,,,,,Nyctimene certans,48412,False
nyctimene_cyclotis,Nyctimene cyclotis,Chiroptera,Pteropodidae,48.83,,,,,,,Nyctimene cyclotis,3613464,False
nyctimene_draconilla,Nyctimene draconilla,Chiroptera,Pteropodidae,30.15,,,,,2.0,,Nyctimene draconilla,3613465,False
nyctimene_major,Nyctimene major,Chiroptera,Pteropodidae,107.06,,,,,,,Nyctimene major,192010,False
nyctimene_malaitensis,Nyctimene malaitensis,Chiroptera,Pteropodidae,78.39,,,,,,,Nyctimene malaitensis,3613462,False
nyctimene_masalai,Nyctimene masalai,Chiroptera,Pteropodidae,53.2,,,,,,,Nyctimene masalai,3613458,False
nyctimene_rabori,Nyctimene rabori,Chiroptera,Pteropodidae,68.25,138.16,1.0,105.0,,1.0,,Nyctimene rabori,3613466,False
nyctimene_robinsoni,Nyctimene robinsoni,Chiroptera,Pteropodidae,48.83,,0.99,,,1.0,,Nyctimene robinsoni,687483,False
nyctimene_vizcaccia,Nyctimene vizcaccia,Chiroptera,Pteropodidae,41.96,,,,,,,Nyctimene vizcaccia,48411,False
nyctinomops_aurispinosus,Nyctinomops aurispinosus,Chiroptera,Molossidae,18.43,,1.0,,,3.0,,Nyctinomops aurispinosus,705003,False
nyctinomops_femorosaccus,Nyctinomops femorosaccus,Chiroptera,Molossidae,15.04,,0.99,,,3.0,,Nyctinomops femorosaccus,171156,False
nyctinomops_laticaudatus,Nyctinomops laticaudatus,Chiroptera,Molossidae,13.12,,0.99,,,,,Nyctinomops laticaudatus,301608,False
nyctinomops_macrotis,Nyctinomops macrotis,Chiroptera,Molossidae,16.38,,0.99,,,3.0,,Nyctinomops macrotis,267989,False
nyctomys_sumichrasti,Nyctomys sumichrasti,Rodentia,Cricetidae,59.99,33.98,2.0,24.85,,1.0,62.4,Nyctomys sumichrasti,612157,False
nyctophilus_arnhemensis,Nyctophilus arnhemensis,Chiroptera,Vespertilionidae,6.83,,,,,,,Nyctophilus arnhemensis,1066077,False
nyctophilus_bifax,Nyctophilus bifax,Chiroptera,Vespertilionidae,9.89,,2.0,,,,,Nyctophilus bifax,3613743,False
nyctophilus_gouldi,Nyctophilus gouldi,Chiroptera,Vespertilionidae,11.32,22.94,1.54,44.34,,3.0,,Nyctophilus gouldi,867402,False
nyctophilus_microtis,Nyctophilus microtis,Chiroptera,Vespertilionidae,7.29,,,,,,,Nyctophilus microtis,3613745,False
nyctophilus_timoriensis,Nyctophilus timoriensis,Chiroptera,Vespertilionidae,11.02,,2.0,,,3.0,,Nyctophilus timoriensis,3613741,False
nyctophilus_walkeri,Nyctophilus walkeri,Chiroptera,Vespertilionidae,4.44,,,,,,,Nyctophilus walkeri,3613749,False
ochotona_alpina,Ochotona alpina,Lagomorpha,Ochotonidae,150.0,28.98,3.07,21.0,,,36.0,Ochotona alpina,747635,False
ochotona_cansus,Ochotona cansus,Lagomorpha,Ochotonidae,68.75,24.49,3.65,18.0,0.000567109,1.0,60.0,Ochotona cansus,832826,False
ochotona_collaris,Ochotona collaris,Lagomorpha,Ochotonidae,129.0,,3.35,,0.001003006,1.0,72.0,Ochotona collaris,335092,False
ochotona_curzoniae,Ochotona curzoniae,Lagomorpha,Ochotonidae,159.47,22.5,4.39,,0.001073894,1.0,,Ochotona curzoniae,832831,False
ochotona_dauurica,Ochotona dauurica,Lagomorpha,Ochotonidae,131.01,30.0,5.91,,,1.0,,Ochotona dauurica,832836,False
ochotona_huangensis,Ochotona huangensis,Lagomorpha,Ochotonidae,105.33,,,,,,,Ochotona huangensis,258381,False
ochotona_hyperborea,Ochotona hyperborea,Lagomorpha,Ochotonidae,120.0,28.0,3.02,,0.002148301,,,Ochotona hyperborea,258378,False
ochotona_macrotis,Ochotona macrotis,Lagomorpha,Ochotonidae,204.75,,4.23,,,,,Ochotona macrotis,439598,False
ochotona_princeps,Ochotona princeps,Lagomorpha,Ochotonidae,157.63,30.44,2.88,26.45,0.001114724,1.0,84.0,Ochotona princeps,644261,False
ochotona_pusilla,Ochotona pusilla,Lagomorpha,Ochotonidae,142.5,21.99,8.59,21.0,,1.0,48.0,Ochotona pusilla,444057,False
ochotona_roylei,Ochotona roylei,Lagomorpha,Ochotonidae,260.0,,3.0,21.0,,,,Ochotona roylei,289789,False
ochotona_rufescens,Ochotona rufescens,Lagomorpha,Ochotonidae,250.0,25.75,6.05,19.09,,,,Ochotona rufescens,132953,False
ochrotomys_nuttalli,Ochrotomys nuttalli,Rodentia,Cricetidae,22.81,29.1,2.62,20.84,0.003362546,2.0,30.0,Ochrotomys nuttalli,612152,False
octodon_bridgesi,Octodon bridgesi,Rodentia,Octodontidae,162.25,,,,,1.0,,Octodon bridgesi,620801,False
octodon_degus,Octodon degus,Rodentia,Octodontidae,203.27,90.59,5.31,31.12,,2.0,85.2,Octodon degus,692698,False
octodon_lunatus,Octodon lunatus,Rodentia,Octodontidae,200.55,,,,,1.0,,Octodon lunatus,964569,False
octodontomys_gliroides,Octodontomys gliroides,Rodentia,Octodontidae,155.77,104.5,2.04,,,1.0,88.0,Octodontomys gliroides,743021,False
octomys_mimax,Octomys mimax,Rodentia,Octodontidae,124.43,,,,,1.0,,Octomys mimax,940752,False
odocoileus_hemionus,Odocoileus hemionus,Artiodactyla,Cervidae,84560.57,203.49,1.61,73.49,2.01,1.0,264.0,Odocoileus hemionus,410149,False
odocoileus_virginianus,Odocoileus virginianus,Artiodactyla,Cervidae,75901.25,201.39,1.57,79.92,1.99,1.0,276.0,Odocoileus virginianus,410145,False
oecomys_bicolor,Oecomys bicolor,Rodentia,Cricetidae,40.74,,3.15,,,1.0,,Oecomys bicolor,548604,False
oecomys_cleberi,Oecomys cleberi,Rodentia,Cricetidae,73.4,,,,,,,Oecomys cleberi,55029,False
oecomys_concolor,Oecomys concolor,Rodentia,Cricetidae,46.33,,2.95,,,,,Oecomys concolor,89851,False
oecomys_flavicans,Oecomys flavicans,Rodentia,Cricetidae,73.4,,,,,,,Oecomys flavicans,3608215,False
oecomys_mamorae,Oecomys mamorae,Rodentia,Cricetidae,62.5,,,,,,,Oecomys mamorae,558724,False
oecomys_phaeotis,Oecomys phaeotis,Rodentia,Cricetidae,73.4,,,,,,,Oecomys phaeotis,3608214,False
oecomys_rex,Oecomys rex,Rodentia,Cricetidae,73.4,,,,,,,Oecomys rex,79972,False
oecomys_roberti,Oecomys roberti,Rodentia,Cricetidae,73.4,,,,,,,Oecomys roberti,548599,False
oecomys_rutilus,Oecomys rutilus,Rodentia,Cricetidae,73.4,,,,,,,Oecomys rutilus,795076,False
oecomys_speciosus,Oecomys speciosus,Rodentia,Cricetidae,73.4,,,,,,,Oecomys speciosus,3608216,False
oecomys_superans,Oecomys superans,Rodentia,Cricetidae,73.4,,,,,,,Oecomys superans,548601,False
oenomys_hypoxanthus,Oenomys hypoxanthus,Rodentia,Muridae,89.84,,2.81,30.0,,,,Oenomys hypoxanthus,976856,False
oenomys_ornatus,Oenomys ornatus,Rodentia,Muridae,85.5,,,,,,,Oenomys ornatus,3608749,False
okapia_johnstoni,Okapia johnstoni,Artiodactyla,Giraffidae,230001.14,442.99,0.98,181.46,4.63,1.0,396.0,Okapia johnstoni,207426,False
olallamys_albicauda,Olallamys albicauda,Rodentia,Echimyidae,273.5,,,,,,,Olallamys albicauda,3611204,False
olallamys_edax,Olallamys edax,Rodentia,Echimyidae,206.4,,,,,,,Olallamys edax,3611042,False
oligoryzomys_andinus,Oligoryzomys andinus,Rodentia,Cricetidae,25.2,,,,,,,Oligoryzomys andinus,752849,False
oligoryzomys_arenalis,Oligoryzomys arenalis,Rodentia,Cricetidae,25.2,,,,,,,Oligoryzomys arenalis,3608339,False
oligoryzomys_chacoensis,Oligoryzomys chacoensis,Rodentia,Cricetidae,23.0,,,,,2.0,,Oligoryzomys chacoensis,752851,False
oligoryzomys_delticola,Oligoryzomys delticola,Rodentia,Cricetidae,29.39,,3.3,,,2.0,,Oligoryzomys delticola,893845,False
oligoryzomys_destructor,Oligoryzomys destructor,Rodentia,Cricetidae,25.2,,,,,,,Oligoryzomys destructor,1094796,False
oligoryzomys_eliurus,Oligoryzomys eliurus,Rodentia,Cricetidae,34.58,,,,,,,Oligoryzomys eliurus,705863,False
oligoryzomys_flavescens,Oligoryzomys flavescens,Rodentia,Cricetidae,21.3,,4.95,,,2.0,,Oligoryzomys flavescens,558735,False
oligoryzomys_fulvescens,Oligoryzomys fulvescens,Rodentia,Cricetidae,25.0,,3.64,,,,,Oligoryzomys fulvescens,558730,False
oligoryzomys_griseolus,Oligoryzomys griseolus,Rodentia,Cricetidae,25.2,,,,,,,Oligoryzomys griseolus,3608337,False
oligoryzomys_longicaudatus,Oligoryzomys longicaudatus,Rodentia,Cricetidae,27.54,,4.77,,0.000641437,2.0,,Oligoryzomys longicaudatus,264360,False
oligoryzomys_magellanicus,Oligoryzomys magellanicus,Rodentia,Cricetidae,25.2,,,,,,,Oligoryzomys magellanicus,71110,False
oligoryzomys_microtis,Oligoryzomys microtis,Rodentia,Cricetidae,22.5,,,,,2.0,,Oligoryzomys microtis,27292,False
oligoryzomys_nigripes,Oligoryzomys nigripes,Rodentia,Cricetidae,20.33,,3.59,14.44,,2.0,,Oligoryzomys nigripes,752853,False
ondatra_zibethicus,Ondatra zibethicus,Rodentia,Cricetidae,991.31,27.86,6.55,27.84,0.003209364,2.0,120.0,Ondatra zibethicus,816252,False
onychogalea_fraenata,Onychogalea fraenata,Diprotodontia,Macropodidae,4952.05,23.0,1.0,164.53,0.33,1.0,60.0,Onychogalea fraenata,234941,False
onychogalea_unguifera,Onychogalea unguifera,Diprotodontia,Macropodidae,6494.73,,1.0,,,,,Onychogalea unguifera,317158,False
onychomys_arenicola,Onychomys arenicola,Rodentia,Cricetidae,30.0,,,,,,,Onychomys arenicola,1004147,False
onychomys_leucogaster,Onychomys leucogaster,Rodentia,Cricetidae,27.92,31.63,3.84,22.82,0.02,2.0,60.0,Onychomys leucogaster,427266,False
onychomys_torridus,Onychomys torridus,Rodentia,Cricetidae,21.68,28.37,3.3,19.86,0.01,3.0,55.2,Onychomys torridus,1004154,False
oreamnos_americanus,Oreamnos americanus,Artiodactyla,Bovidae,72105.4,181.24,1.4,84.86,18.17,1.0,230.04,Oreamnos americanus,274550,False
oreonax_flavicauda,Oreonax flavicauda,Primates,Atelidae,8229.12,225.0,1.0,,,1.0,,Lagothrix flavicauda,3607554,True
oreotragus_oreotragus,Oreotragus oreotragus,Artiodactyla,Bovidae,13486.55,214.0,0.98,136.87,,1.0,213.96,Oreotragus oreotragus,561128,False
ornithorhynchus_anatinus,Ornithorhynchus anatinus,Monotremata,Ornithorhynchidae,1484.25,12.48,2.0,120.97,0.07,3.0,264.0,Ornithorhynchus anatinus,962377,False
orthogeomys_cavator,Orthogeomys cavator,Rodentia,Geomyidae,650.0,,,,,1.0,,Orthogeomys cavator,791955,False
orthogeomys_cuniculus,Orthogeomys cuniculus,Rodentia,Geomyidae,499.99,,,,,1.0,,Orthogeomys cuniculus,3609393,False
orthogeomys_dariensis,Orthogeomys dariensis,Rodentia,Geomyidae,437.99,,,,,1.0,,Orthogeomys dariensis,3609396,False
orthogeomys_grandis,Orthogeomys grandis,Rodentia,Geomyidae,499.99,,,,,1.0,,Orthogeomys grandis,372804,False
orthogeomys_heterodus,Orthogeomys heterodus,Rodentia,Geomyidae,615.0,,,,,1.0,,Orthogeomys heterodus,791945,False
orthogeomys_hispidus,Orthogeomys hispidus,Rodentia,Geomyidae,499.99,,1.97,,,1.0,,Orthogeomys hispidus,791943,False
orthogeomys_lanius,Orthogeomys lanius,Rodentia,Geomyidae,499.99,,,,,1.0,,Orthogeomys lanius,3609395,False
orthogeomys_underwoodi,Orthogeomys underwoodi,Rodentia,Geomyidae,250.0,,,,,1.0,,Orthogeomys underwoodi,791948,False
orycteropus_afer,Orycteropus afer,Tubulidentata,Orycteropodidae,56175.2,222.05,1.1,40.92,,3.0,288.0,Orycteropus afer,561087,False
oryctolagus_cuniculus,Oryctolagus cuniculus,Lagomorpha,Leporidae,1590.57,30.45,5.24,26.3,0.04,1.0,216.0,Oryctolagus cuniculus,864596,False
oryx_beisa,Oryx beisa,Artiodactyla,Bovidae,200576.52,,,,,,240.0,Oryx beisa,98208,False
oryx_dammah,Oryx dammah,Artiodactyla,Bovidae,199798.95,248.0,1.0,,,1.0,245.04,Oryx dammah,938435,False
oryx_gazella,Oryx gazella,Artiodactyla,Bovidae,188404.45,273.75,1.0,,,1.0,240.0,Oryx gazella,591985,False
oryzomys_albigularis,Oryzomys albigularis,Rodentia,Cricetidae,60.5,,3.4,,,,,Nephelomys albigularis,509370,True
oryzomys_alfaroi,Oryzomys alfaroi,Rodentia,Cricetidae,33.3,,3.59,,,,,Handleyomys alfaroi,509365,True
oryzomys_angouya,Oryzomys angouya,Rodentia,Cricetidae,120.17,,,,,,,Sooretamys angouya,1039661,True
oryzomys_auriventer,Oryzomys auriventer,Rodentia,Cricetidae,60.5,,,,,,,Nephelomys auriventer,3608332,True
oryzomys_balneator,Oryzomys balneator,Rodentia,Cricetidae,60.5,,,,,,,Oreoryzomys balneator,541877,True
oryzomys_bolivaris,Oryzomys bolivaris,Rodentia,Cricetidae,60.5,,3.23,,,2.0,,Transandinomys bolivaris,781352,True
oryzomys_chapmani,Oryzomys chapmani,Rodentia,Cricetidae,49.99,,,,,,,Oryzomys chapmani,3608294,False
oryzomys_couesi,Oryzomys couesi,Rodentia,Cricetidae,69.29,,3.63,,,,,Oryzomys couesi,577260,False
oryzomys_galapagoensis,Oryzomys galapagoensis,Rodentia,Cricetidae,63.51,,,,,,20.0,Aegialomys galapagoensis,509361,True
oryzomys_gorgasi,Oryzomys gorgasi,Rodentia,Cricetidae,60.5,,,,,,,Oryzomys gorgasi,3608331,False
oryzomys_hammondi,Oryzomys hammondi,Rodentia,Cricetidae,60.5,,,,,,,Mindomys hammondi,770632,True
oryzomys_keaysi,Oryzomys keaysi,Rodentia,Cricetidae,58.29,,,,,,,Nephelomys keaysi,3608301,True
oryzomys_lamia,Oryzomys lamia,Rodentia,Cricetidae,60.5,,,,,,,Euryoryzomys lamia,634758,True
oryzomys_laticeps,Oryzomys laticeps,Rodentia,Cricetidae,49.11,,,,,,,Hylaeamys laticeps,874893,True
oryzomys_legatus,Oryzomys legatus,Rodentia,Cricetidae,61.5,,,,,,,Euryoryzomys legatus,3608302,True
oryzomys_levipes,Oryzomys levipes,Rodentia,Cricetidae,60.5,,,,,,,Nephelomys levipes,775473,True
oryzomys_macconnelli,Oryzomys macconnelli,Rodentia,Cricetidae,66.49,,,,,2.0,,Euryoryzomys macconnelli,27308,True
oryzomys_melanotis,Oryzomys melanotis,Rodentia,Cricetidae,49.99,,3.88,,,,,Handleyomys melanotis,4940983,True
oryzomys_nitidus,Oryzomys nitidus,Rodentia,Cricetidae,55.19,,,,,2.0,,Euryoryzomys nitidus,27289,True
oryzomys_palustris,Oryzomys palustris,Rodentia,Cricetidae,53.26,24.74,4.08,11.44,0.002784913,2.0,28.5,Oryzomys palustris,812026,False
oryzomys_polius,Oryzomys polius,Rodentia,Cricetidae,60.5,,,,,,,Eremoryzomys polius,1035611,True
oryzomys_russatus,Oryzomys russatus,Rodentia,Cricetidae,60.5,,,,,2.0,,Euryoryzomys russatus,739,True
oryzomys_subflavus,Oryzomys subflavus,Rodentia,Cricetidae,49.91,,4.37,28.0,,1.0,,Cerradomys subflavus,570191,True
oryzomys_talamancae,Oryzomys talamancae,Rodentia,Cricetidae,54.99,,,,,2.0,,Transandinomys talamancae,1039733,True
oryzomys_xanthaeolus,Oryzomys xanthaeolus,Rodentia,Cricetidae,79.79,,,,,,,Aegialomys xanthaeolus,282364,True
oryzomys_yunganus,Oryzomys yunganus,Rodentia,Cricetidae,60.5,,,,,,,Hylaeamys yunganus,509347,True
oryzorictes_hova,Oryzorictes hova,Afrosoricida,Tenrecidae,35.74,,,,,,,Oryzorictes hova,542048,False
oryzorictes_tetradactylus,Oryzorictes tetradactylus,Afrosoricida,Tenrecidae,35.99,,,,,,,Oryzorictes tetradactylus,3607190,False
osgoodomys_banderanus,Osgoodomys banderanus,Rodentia,Cricetidae,49.99,,1.68,,,,,Osgoodomys banderanus,1024550,False
otocyon_megalotis,Otocyon megalotis,Carnivora,Canidae,4098.12,67.54,4.0,42.46,1.13,3.0,165.6,Otocyon megalotis,821973,False
otolemur_crassicaudatus,Otolemur crassicaudatus,Primates,Galagidae,1206.61,131.04,1.14,124.62,0.06,2.0,225.6,Otolemur crassicaudatus,863763,False
otolemur_garnettii,Otolemur garnettii,Primates,Galagidae,811.17,132.24,1.02,139.2,0.12,2.0,204.0,Otolemur garnettii,885705,False
otolemur_monteiri,Otolemur monteiri,Primates,Galagidae,1577.16,,2.1,,,,,Otolemur monteiri,679564,False
otomops_martiensseni,Otomops martiensseni,Chiroptera,Molossidae,34.92,92.54,0.99,,,2.0,,Otomops martiensseni,171153,False
otomys_angoniensis,Otomys angoniensis,Rodentia,Muridae,100.64,,2.86,15.9,,1.0,,Otomys angoniensis,486273,False
otomys_denti,Otomys denti,Rodentia,Muridae,120.0,,1.59,,,,,Otomys denti,125765,False
otomys_irroratus,Otomys irroratus,Rodentia,Muridae,114.45,40.52,1.65,12.96,0.001303714,1.0,,Otomys irroratus,386295,False
otomys_laminatus,Otomys laminatus,Rodentia,Muridae,150.0,,,,,,,Otomys laminatus,125766,False
otomys_maximus,Otomys maximus,Rodentia,Muridae,192.0,,3.7,,,,,Otomys maximus,647413,False
otonycteris_hemprichii,Otonycteris hemprichii,Chiroptera,Vespertilionidae,21.98,,1.38,,,3.0,,Otonycteris hemprichii,76928,False
otonyctomys_hatti,Otonyctomys hatti,Rodentia,Cricetidae,36.2,,,,,,,Otonyctomys hatti,398349,False
otopteropus_cartilagonodus,Otopteropus cartilagonodus,Chiroptera,Pteropodidae,16.92,,0.99,,,,,Otopteropus cartilagonodus,200154,False
ototylomys_phyllotis,Ototylomys phyllotis,Rodentia,Cricetidae,86.94,52.74,2.2,67.72,,1.0,,Ototylomys phyllotis,119008,False
ourebia_ourebi,Ourebia ourebi,Artiodactyla,Bovidae,17186.09,210.5,0.98,136.87,,1.0,189.96,Ourebia ourebi,938432,False
ovibos_moschatus,Ovibos moschatus,Artiodactyla,Bovidae,312500.0,256.26,1.01,254.48,,1.0,288.0,Ovibos moschatus,123197,False
ovis_ammon,Ovis ammon,Artiodactyla,Bovidae,113998.72,165.0,1.22,76.61,4.59,1.0,180.96,Ovis ammon,381162,False
ovis_canadensis,Ovis canadensis,Artiodactyla,Bovidae,74644.87,177.49,1.16,130.8,18.94,1.0,288.0,Ovis canadensis,123206,False
ovis_dalli,Ovis dalli,Artiodactyla,Bovidae,70194.13,172.49,1.22,121.66,10.15,1.0,192.0,Ovis dalli,70815,False
ovis_nivicola,Ovis nivicola,Artiodactyla,Bovidae,90000.0,,1.0,,,,,Ovis nivicola,214602,False
oxymycterus_akodontius,Oxymycterus akodontius,Rodentia,Cricetidae,67.99,,,,,,,Oxymycterus akodontius,3608278,False
oxymycterus_angularis,Oxymycterus angularis,Rodentia,Cricetidae,67.99,,,,,3.0,,Oxymycterus angularis,3608282,False
oxymycterus_delator,Oxymycterus delator,Rodentia,Cricetidae,81.49,,,,,,,Oxymycterus delator,310833,False
oxymycterus_hiska,Oxymycterus hiska,Rodentia,Cricetidae,67.99,,,,,3.0,,Oxymycterus hiska,310831,False
oxymycterus_hispidus,Oxymycterus hispidus,Rodentia,Cricetidae,36.75,,,,,3.0,,Oxymycterus hispidus,3608279,False
oxymycterus_hucucha,Oxymycterus hucucha,Rodentia,Cricetidae,67.99,,,,,3.0,,Oxymycterus hucucha,3608284,False
oxymycterus_inca,Oxymycterus inca,Rodentia,Cricetidae,34.99,,,,,3.0,,Oxymycterus inca,3608283,False
oxymycterus_nasutus,Oxymycterus nasutus,Rodentia,Cricetidae,67.99,,,,,3.0,,Oxymycterus nasutus,1087650,False
oxymycterus_paramensis,Oxymycterus paramensis,Rodentia,Cricetidae,41.99,,,,,3.0,,Oxymycterus paramensis,310829,False
oxymycterus_roberti,Oxymycterus roberti,Rodentia,Cricetidae,83.71,,,,,3.0,,Oxymycterus roberti,3608286,False
ozotoceros_bezoarticus,Ozotoceros bezoarticus,Artiodactyla,Cervidae,34620.4,220.38,1.0,362.93,6.16,1.0,,Ozotoceros bezoarticus,288443,False
pachyuromys_duprasi,Pachyuromys duprasi,Rodentia,Muridae,47.5,20.4,3.49,33.62,,,52.8,Pachyuromys duprasi,981032,False
paguma_larvata,Paguma larvata,Carnivora,Viverridae,4300.0,,2.16,109.13,2.88,2.0,216.0,Paguma larvata,397136,False
pan_paniscus,Pan paniscus,Primates,Hominidae,35119.95,235.24,1.01,1081.31,27.93,2.0,576.0,Pan paniscus,158484,False
pan_troglodytes,Pan troglodytes,Primates,Hominidae,45000.0,231.49,1.05,1260.81,10.85,2.0,720.0,Pan troglodytes,417950,False
panthera_leo,Panthera leo,Carnivora,Felidae,158623.93,108.74,2.75,197.86,55.19,3.0,360.0,Panthera leo,563151,False
panthera_onca,Panthera onca,Carnivora,Felidae,83943.09,102.49,1.96,156.6,52.55,3.0,276.0,Panthera onca,42322,False
panthera_pardus,Panthera pardus,Carnivora,Felidae,52399.99,96.74,2.14,123.54,18.78,3.0,276.0,Panthera pardus,42324,False
panthera_tigris,Panthera tigris,Carnivora,Felidae,161914.66,105.19,2.6,118.55,64.89,3.0,315.6,Panthera tigris,42314,False
pantholops_hodgsonii,Pantholops hodgsonii,Artiodactyla,Bovidae,32733.12,212.91,1.0,,,,,Pantholops hodgsonii,938450,False
papio_anubis,Papio anubis,Primates,Cercopithecidae,17728.56,178.96,1.01,596.6,4.83,,302.4,Papio anubis,115449,False
papio_cynocephalus,Papio cynocephalus,Primates,Cercopithecidae,15822.15,172.99,1.01,450.42,14.95,1.0,540.0,Papio cynocephalus,115471,False
papio_hamadryas,Papio hamadryas,Primates,Cercopithecidae,14007.08,180.0,1.01,363.96,17.37,1.0,450.0,Papio hamadryas,115463,False
papio_papio,Papio papio,Primates,Cercopithecidae,18026.05,184.42,1.01,,,,480.0,Papio papio,513904,False
papio_ursinus,Papio ursinus,Primates,Cercopithecidae,17729.44,185.92,1.01,877.09,9.12,1.0,540.0,Papio ursinus,203159,False
pappogeomys_alcorni,Pappogeomys alcorni,Rodentia,Geomyidae,150.0,,,,,1.0,,Pappogeomys alcorni,111919,False
pappogeomys_bulleri,Pappogeomys bulleri,Rodentia,Geomyidae,150.0,,0.97,,,1.0,,Pappogeomys bulleri,747786,False
paracrocidura_schoutedeni,Paracrocidura schoutedeni,Soricomorpha,Soricidae,12.18,,,,,,,Paracrocidura schoutedeni,500004,False
paracynictis_selousi,Paracynictis selousi,Carnivora,Herpestidae,1669.72,,2.0,,,3.0,,Paracynictis selousi,415266,False
paradoxurus_hermaphroditus,Paradoxurus hermaphroditus,Carnivora,Viverridae,3200.0,61.27,3.29,,4.15,2.0,269.0,Paradoxurus hermaphroditus,1088400,False
paradoxurus_jerdoni,Paradoxurus jerdoni,Carnivora,Viverridae,3530.33,,3.0,,,2.0,144.0,Paradoxurus jerdoni,581994,False
paradoxurus_zeylonensis,Paradoxurus zeylonensis,Carnivora,Viverridae,2821.3,,2.5,,,2.0,,Paradoxurus zeylonensis,650612,False
paraechinus_aethiopicus,Paraechinus aethiopicus,Erinaceomorpha,Erinaceidae,352.4,36.7,3.49,67.27,,3.0,54.0,Paraechinus aethiopicus,713042,False
paraechinus_hypomelas,Paraechinus hypomelas,Erinaceomorpha,Erinaceidae,213.0,,3.74,,,2.0,,Paraechinus hypomelas,3614700,False
paraechinus_micropus,Paraechinus micropus,Erinaceomorpha,Erinaceidae,171.0,37.0,4.0,45.05,,3.0,,Paraechinus micropus,3614698,False
parahydromys_asper,Parahydromys asper,Rodentia,Muridae,526.66,,,,,2.0,,Parahydromys asper,640015,False
paraleptomys_rufilatus,Paraleptomys rufilatus,Rodentia,Muridae,54.99,,,,,,,Paraleptomys rufilatus,3609978,False
paraleptomys_wilhelmina,Paraleptomys wilhelmina,Rodentia,Muridae,33.68,,,,,,,Paraleptomys wilhelmina,3610992,False
paralomys_gerbillus,Paralomys gerbillus,Rodentia,Cricetidae,17.4,,,,,,,Phyllotis gerbillus,898077,True
paramelomys_levipes,Paramelomys levipes,Rodentia,Muridae,82.81,,1.52,20.0,,1.0,,Paramelomys levipes,640011,False
paramelomys_mollis,Paramelomys mollis,Rodentia,Muridae,90.05,,1.69,20.0,,1.0,,Paramelomys mollis,3608693,False
paramelomys_moncktoni,Paramelomys moncktoni,Rodentia,Muridae,80.56,,2.15,20.0,,1.0,,Paramelomys moncktoni,581020,False
paramelomys_platyops,Paramelomys platyops,Rodentia,Muridae,85.6,,1.94,20.0,,1.0,,Paramelomys platyops,640013,False
paramelomys_rubex,Paramelomys rubex,Rodentia,Muridae,47.16,,2.0,20.0,0.007363214,1.0,,Paramelomys rubex,640008,False
paramurexia_rothschildi,Paramurexia rothschildi,Dasyuromorphia,Dasyuridae,53.77,,3.39,,,3.0,,Murexia rothschildi,929326,True
parantechinus_apicalis,Parantechinus apicalis,Dasyuromorphia,Dasyuridae,71.31,48.5,7.5,112.7,,2.0,36.0,Parantechinus apicalis,648429,False
paranyctimene_raptor,Paranyctimene raptor,Chiroptera,Pteropodidae,24.94,,0.98,,,1.0,,Paranyctimene raptor,798258,False
parascalops_breweri,Parascalops breweri,Soricomorpha,Talpidae,51.11,35.46,4.49,30.24,4.15528e-05,2.0,60.0,Parascalops breweri,680971,False
paraxerus_alexandri,Paraxerus alexandri,Rodentia,Sciuridae,50.73,,0.97,,,,,Paraxerus alexandri,152109,False
paraxerus_boehmi,Paraxerus boehmi,Rodentia,Sciuridae,70.24,,1.06,,,,,Paraxerus boehmi,3609124,False
paraxerus_cepapi,Paraxerus cepapi,Rodentia,Sciuridae,222.85,56.87,2.02,38.39,0.004512132,2.0,,Paraxerus cepapi,474587,False
paraxerus_cooperi,Paraxerus cooperi,Rodentia,Sciuridae,250.0,,,,,,,Paraxerus cooperi,3609126,False
paraxerus_flavovittis,Paraxerus flavovittis,Rodentia,Sciuridae,160.0,,1.22,,,,,Paraxerus flavovittis,3609122,False
paraxerus_lucifer,Paraxerus lucifer,Rodentia,Sciuridae,692.45,,,,,,,Paraxerus lucifer,3609127,False
paraxerus_ochraceus,Paraxerus ochraceus,Rodentia,Sciuridae,104.3,,2.2,24.36,,,,Paraxerus ochraceus,628180,False
paraxerus_palliatus,Paraxerus palliatus,Rodentia,Sciuridae,365.37,62.01,1.6,52.5,0.02,2.0,,Paraxerus palliatus,3609123,False
paraxerus_poensis,Paraxerus poensis,Rodentia,Sciuridae,100.0,55.13,1.5,,,1.0,,Paraxerus poensis,3609125,False
paraxerus_vexillarius,Paraxerus vexillarius,Rodentia,Sciuridae,675.0,,,,,,,Paraxerus vexillarius,628182,False
pardofelis_marmorata,Pardofelis marmorata,Carnivora,Felidae,2826.68,,2.0,,,3.0,,Pardofelis marmorata,660452,False
parotomys_brantsii,Parotomys brantsii,Rodentia,Muridae,129.5,37.56,2.04,,,,,Parotomys brantsii,386285,False
parotomys_littledalei,Parotomys littledalei,Rodentia,Muridae,126.99,,2.91,,,,,Parotomys littledalei,386287,False
paruromys_dominator,Paruromys dominator,Rodentia,Muridae,325.31,,,,,,,Paruromys dominator,167547,False
pecari_tajacu,Pecari tajacu,Artiodactyla,Tayassuidae,21133.69,144.88,1.56,47.25,1.37,1.0,296.4,Pecari tajacu,1037242,False
pectinator_spekei,Pectinator spekei,Rodentia,Ctenodactylidae,169.7,,1.17,,,1.0,120.0,Pectinator spekei,3609373,False
pedetes_capensis,Pedetes capensis,Rodentia,Pedetidae,2549.25,78.02,0.98,45.61,,1.0,174.0,Pedetes capensis,5281,False
pelea_capreolus,Pelea capreolus,Artiodactyla,Bovidae,22731.33,260.99,1.0,,,1.0,147.96,Pelea capreolus,1090940,False
pelomys_fallax,Pelomys fallax,Rodentia,Muridae,120.46,,4.0,,,,,Pelomys fallax,386292,False
pelomys_isseli,Pelomys isseli,Rodentia,Muridae,59.99,,,,,,,Pelomys isseli,3608655,False
pelomys_minor,Pelomys minor,Rodentia,Muridae,49.99,,2.5,,,,,Pelomys minor,3608654,False
penthetor_lucasi,Penthetor lucasi,Chiroptera,Pteropodidae,35.39,,1.0,,,1.0,,Penthetor lucasi,1008968,False
perameles_bougainville,Perameles bougainville,Peramelemorphia,Peramelidae,230.8,12.0,2.0,,0.07,2.0,,Perameles bougainville,603691,False
perameles_gunnii,Perameles gunnii,Peramelemorphia,Peramelidae,903.46,12.5,2.31,59.99,0.02,2.0,66.0,Perameles gunnii,631442,False
perameles_nasuta,Perameles nasuta,Peramelemorphia,Peramelidae,720.26,12.24,2.43,66.99,,2.0,,Perameles nasuta,683258,False
perodicticus_potto,Perodicticus potto,Primates,Lorisidae,1081.81,193.0,1.09,149.15,0.11,2.0,312.0,Perodicticus potto,339040,False
perognathus_alticolus,Perognathus alticolus,Rodentia,Heteromyidae,23.99,,,,,,,Perognathus alticolus,320778,False
perognathus_amplus,Perognathus amplus,Rodentia,Heteromyidae,11.97,,,,,,,Perognathus amplus,73403,False
perognathus_fasciatus,Perognathus fasciatus,Rodentia,Heteromyidae,11.29,29.8,5.48,,,1.0,,Perognathus fasciatus,1004156,False
perognathus_flavescens,Perognathus flavescens,Rodentia,Heteromyidae,9.21,,4.37,,0.000329061,1.0,,Perognathus flavescens,1004152,False
perognathus_flavus,Perognathus flavus,Rodentia,Heteromyidae,7.97,26.0,3.94,29.83,0.001896819,2.0,60.0,Perognathus flavus,1024543,False
perognathus_inornatus,Perognathus inornatus,Rodentia,Heteromyidae,10.16,,4.0,,0.000176546,2.0,,Perognathus inornatus,1052469,False
perognathus_longimembris,Perognathus longimembris,Rodentia,Heteromyidae,8.07,22.74,4.45,18.67,0.002322898,1.0,99.6,Perognathus longimembris,427268,False
perognathus_merriami,Perognathus merriami,Rodentia,Heteromyidae,6.94,,4.18,,0.008251478,2.0,30.0,Perognathus merriami,1004160,False
perognathus_parvus,Perognathus parvus,Rodentia,Heteromyidae,21.56,23.5,4.86,21.0,0.001580096,2.0,48.0,Perognathus parvus,1004158,False
peromyscus_attwateri,Peromyscus attwateri,Rodentia,Cricetidae,27.9,,3.53,,0.00180695,2.0,18.0,Peromyscus attwateri,983304,False
peromyscus_boylii,Peromyscus boylii,Rodentia,Cricetidae,23.9,23.3,3.18,,0.002848598,,18.0,Peromyscus boylii,1065599,False
peromyscus_bullatus,Peromyscus bullatus,Rodentia,Cricetidae,40.0,,,,,,,Peromyscus bullatus,3608433,False
peromyscus_californicus,Peromyscus californicus,Rodentia,Cricetidae,42.68,32.95,1.94,29.83,0.001126808,2.0,,Peromyscus californicus,24672,False
peromyscus_crinitus,Peromyscus crinitus,Rodentia,Cricetidae,16.32,25.33,3.08,23.91,0.003136673,2.0,,Peromyscus crinitus,693032,False
peromyscus_dickeyi,Peromyscus dickeyi,Rodentia,Cricetidae,28.6,,,,,,,Peromyscus dickeyi,343211,False
peromyscus_difficilis,Peromyscus difficilis,Rodentia,Cricetidae,27.95,,3.88,25.9,,,,Peromyscus difficilis,983302,False
peromyscus_eva,Peromyscus eva,Rodentia,Cricetidae,21.99,,,,,,,Peromyscus eva,693029,False
peromyscus_furvus,Peromyscus furvus,Rodentia,Cricetidae,32.99,,1.94,,,,,Peromyscus furvus,836465,False
peromyscus_gossypinus,Peromyscus gossypinus,Rodentia,Cricetidae,27.68,23.0,3.7,22.33,0.00396074,3.0,15.5,Peromyscus gossypinus,576104,False
peromyscus_grandis,Peromyscus grandis,Rodentia,Cricetidae,71.0,,2.43,,,,,Peromyscus grandis,134806,False
peromyscus_gratus,Peromyscus gratus,Rodentia,Cricetidae,27.35,,,,,,,Peromyscus gratus,983313,False
peromyscus_guatemalensis,Peromyscus guatemalensis,Rodentia,Cricetidae,40.0,,1.94,,,,,Peromyscus guatemalensis,599546,False
peromyscus_gymnotis,Peromyscus gymnotis,Rodentia,Cricetidae,40.0,,,,,,,Peromyscus gymnotis,313998,False
peromyscus_hooperi,Peromyscus hooperi,Rodentia,Cricetidae,35.99,33.5,3.09,22.67,,,,Peromyscus hooperi,319357,False
peromyscus_keeni,Peromyscus keeni,Rodentia,Cricetidae,28.25,,5.99,,0.003267089,,,Peromyscus keeni,1026151,False
peromyscus_leucopus,Peromyscus leucopus,Rodentia,Cricetidae,18.07,23.17,4.27,21.49,0.000886749,2.0,38.0,Peromyscus leucopus,764828,False
peromyscus_maniculatus,Peromyscus maniculatus,Rodentia,Cricetidae,19.98,26.68,4.76,22.49,0.002028926,2.0,,Peromyscus maniculatus,377525,False
peromyscus_megalops,Peromyscus megalops,Rodentia,Cricetidae,66.2,,2.0,21.99,,,,Peromyscus megalops,179902,False
peromyscus_mekisturus,Peromyscus mekisturus,Rodentia,Cricetidae,59.99,,,,,,,Peromyscus mekisturus,3608419,False
peromyscus_melanocarpus,Peromyscus melanocarpus,Rodentia,Cricetidae,58.9,30.39,2.23,25.8,,,,Peromyscus melanocarpus,599544,False
peromyscus_melanophrys,Peromyscus melanophrys,Rodentia,Cricetidae,40.0,24.7,2.91,26.0,,,,Peromyscus melanophrys,801472,False
peromyscus_melanotis,Peromyscus melanotis,Rodentia,Cricetidae,39.59,25.01,3.69,,0.000513365,,,Peromyscus melanotis,576106,False
peromyscus_melanurus,Peromyscus melanurus,Rodentia,Cricetidae,40.0,,2.75,,,,,Peromyscus melanurus,3608423,False
peromyscus_merriami,Peromyscus merriami,Rodentia,Cricetidae,40.0,,3.4,,,,,Peromyscus merriami,693027,False
peromyscus_mexicanus,Peromyscus mexicanus,Rodentia,Cricetidae,42.58,30.19,2.56,31.22,,1.0,,Peromyscus mexicanus,1065601,False
peromyscus_ochraventer,Peromyscus ochraventer,Rodentia,Cricetidae,40.0,,4.86,,,,,Peromyscus ochraventer,319361,False
peromyscus_pectoralis,Peromyscus pectoralis,Rodentia,Cricetidae,38.99,23.0,3.88,,0.002436912,1.0,,Peromyscus pectoralis,1077590,False
peromyscus_perfulvus,Peromyscus perfulvus,Rodentia,Cricetidae,40.0,43.24,2.79,24.85,,,,Peromyscus perfulvus,335011,False
peromyscus_polionotus,Peromyscus polionotus,Rodentia,Cricetidae,14.27,23.8,3.59,24.24,0.003254633,,,Peromyscus polionotus,576108,False
peromyscus_polius,Peromyscus polius,Rodentia,Cricetidae,40.0,,,,,,,Peromyscus polius,407006,False
peromyscus_sejugis,Peromyscus sejugis,Rodentia,Cricetidae,21.5,,,,,,,Peromyscus sejugis,259483,False
peromyscus_simulus,Peromyscus simulus,Rodentia,Cricetidae,40.0,,,,,,,Peromyscus simulus,644050,False
peromyscus_spicilegus,Peromyscus spicilegus,Rodentia,Cricetidae,35.99,,,,,,,Peromyscus spicilegus,162832,False
peromyscus_stirtoni,Peromyscus stirtoni,Rodentia,Cricetidae,29.19,,2.38,,,,,Peromyscus stirtoni,319359,False
peromyscus_truei,Peromyscus truei,Rodentia,Cricetidae,27.0,32.37,3.49,32.28,0.009130385,2.0,,Peromyscus truei,770866,False
peromyscus_winkelmanni,Peromyscus winkelmanni,Rodentia,Cricetidae,40.0,,,,,,,Peromyscus winkelmanni,162834,False
peromyscus_yucatanicus,Peromyscus yucatanicus,Rodentia,Cricetidae,27.13,30.8,3.0,,,,,Peromyscus yucatanicus,524196,False
peromyscus_zarhynchus,Peromyscus zarhynchus,Rodentia,Cricetidae,40.0,,1.94,,,,,Peromyscus zarhynchus,191277,False
peropteryx_kappleri,Peropteryx kappleri,Chiroptera,Emballonuridae,9.85,137.96,1.0,79.82,,3.0,,Peropteryx kappleri,75160,False
peropteryx_macrotis,Peropteryx macrotis,Chiroptera,Emballonuridae,5.68,129.27,0.99,,,3.0,,Peropteryx macrotis,75163,False
peropteryx_trinitatis,Peropteryx trinitatis,Chiroptera,Emballonuridae,4.19,,,,,,,Peropteryx trinitatis,432533,False
peroryctes_broadbenti,Peroryctes broadbenti,Peramelemorphia,Peramelidae,4800.0,12.0,1.76,,,2.0,,Peroryctes broadbenti,408523,False
peroryctes_raffrayana,Peroryctes raffrayana,Peramelemorphia,Peramelidae,905.63,,1.27,,,1.0,39.6,Peroryctes raffrayana,786372,False
petaurillus_kinlochii,Petaurillus kinlochii,Rodentia,Sciuridae,30.93,,,,,,,Petaurillus kinlochii,427311,False
petaurista_alborufus,Petaurista alborufus,Rodentia,Sciuridae,1501.95,,,,,,,Petaurista alborufus,469017,False
petaurista_elegans,Petaurista elegans,Rodentia,Sciuridae,1040.0,,1.0,,,2.0,,Petaurista elegans,121141,False
petaurista_magnificus,Petaurista magnificus,Rodentia,Sciuridae,1475.49,,0.97,,,,,Petaurista magnificus,3609023,False
petaurista_petaurista,Petaurista petaurista,Rodentia,Sciuridae,1533.84,45.0,1.0,68.43,,2.0,192.0,Petaurista petaurista,384211,False
petaurista_philippensis,Petaurista philippensis,Rodentia,Sciuridae,1675.83,,,,,,,Petaurista philippensis,469014,False
petauroides_volans,Petauroides volans,Diprotodontia,Pseudocheiridae,1257.17,,1.0,228.41,0.01,1.0,180.0,Petauroides volans,1057268,False
petaurus_abidi,Petaurus abidi,Diprotodontia,Petauridae,278.0,,1.02,,,2.0,,Petaurus abidi,532560,False
petaurus_australis,Petaurus australis,Diprotodontia,Petauridae,567.15,,1.24,148.07,0.36,2.0,192.0,Petaurus australis,630919,False
petaurus_biacensis,Petaurus biacensis,Diprotodontia,Petauridae,90.98,,1.45,,,2.0,,Petaurus biacensis,3606955,False
petaurus_breviceps,Petaurus breviceps,Diprotodontia,Petauridae,120.76,16.68,1.82,118.65,0.01,2.0,168.0,Petaurus breviceps,423936,False
petaurus_gracilis,Petaurus gracilis,Diprotodontia,Petauridae,360.63,,1.75,,,2.0,,Petaurus gracilis,45643,False
petaurus_norfolcensis,Petaurus norfolcensis,Diprotodontia,Petauridae,230.0,,1.64,120.48,0.02,2.0,144.0,Petaurus norfolcensis,45641,False
petinomys_fuscocapillus,Petinomys fuscocapillus,Rodentia,Sciuridae,794.5,,2.0,,,,,Petinomys fuscocapillus,3609025,False
petinomys_genibarbis,Petinomys genibarbis,Rodentia,Sciuridae,108.81,,1.07,,,2.0,,Petinomys genibarbis,3609028,False
petinomys_sagitta,Petinomys sagitta,Rodentia,Sciuridae,49.99,,,,,,,Hylopetes lepidus,348556,True
petinomys_setosus,Petinomys setosus,Rodentia,Sciuridae,43.85,,1.5,,,2.0,,Petinomys setosus,43435,False
petinomys_vordermanni,Petinomys vordermanni,Rodentia,Sciuridae,36.87,,2.0,,,2.0,,Petinomys vordermanni,3609031,False
petrodromus_tetradactylus,Petrodromus tetradactylus,Macroscelidea,Macroscelididae,201.0,,1.0,,0.00980236,2.0,,Petrodromus tetradactylus,741350,False
petrogale_assimilis,Petrogale assimilis,Diprotodontia,Macropodidae,4618.88,30.99,1.0,294.19,0.09,,156.0,Petrogale assimilis,450228,False
petrogale_brachyotis,Petrogale brachyotis,Diprotodontia,Macropodidae,4012.01,,1.0,,,,,Petrogale brachyotis,793508,False
petrogale_burbidgei,Petrogale burbidgei,Diprotodontia,Macropodidae,1258.0,,1.0,,,,,Petrogale burbidgei,65585,False
petrogale_concinna,Petrogale concinna,Diprotodontia,Macropodidae,1398.2,31.46,1.0,191.15,,,204.0,Petrogale concinna,119684,False
petrogale_godmani,Petrogale godmani,Diprotodontia,Macropodidae,4750.0,,,,,,,Petrogale godmani,65589,False
petrogale_inornata,Petrogale inornata,Diprotodontia,Macropodidae,4555.52,30.99,1.0,286.18,,,,Petrogale inornata,65579,False
petrogale_lateralis,Petrogale lateralis,Diprotodontia,Macropodidae,4567.88,,1.0,,,,144.0,Petrogale lateralis,65581,False
petrogale_penicillata,Petrogale penicillata,Diprotodontia,Macropodidae,6931.6,30.99,1.0,290.0,,,172.8,Petrogale penicillata,65593,False
petrogale_persephone,Petrogale persephone,Diprotodontia,Macropodidae,5585.63,32.0,1.0,329.06,,1.0,,Petrogale persephone,312918,False
petrogale_rothschildi,Petrogale rothschildi,Diprotodontia,Macropodidae,4546.31,,,,,,,Petrogale rothschildi,800950,False
petrogale_xanthopus,Petrogale xanthopus,Diprotodontia,Macropodidae,8499.99,33.16,1.02,342.05,,1.0,144.0,Petrogale xanthopus,988902,False
petromus_typicus,Petromus typicus,Rodentia,Petromuridae,224.0,,1.5,,,1.0,,Petromus typicus,1048199,False
petromyscus_collinus,Petromyscus collinus,Rodentia,Nesomyidae,20.0,,2.46,31.5,,,,Petromyscus collinus,441607,False
petromyscus_monticularis,Petromyscus monticularis,Rodentia,Nesomyidae,20.72,,,,,,,Petromyscus monticularis,668842,False
petropseudes_dahli,Petropseudes dahli,Diprotodontia,Pseudocheiridae,1877.03,,1.0,,,1.0,,Petropseudes dahli,1092089,False
phacochoerus_aethiopicus,Phacochoerus aethiopicus,Artiodactyla,Suidae,75607.52,165.4,3.2,106.45,1.35,1.0,225.6,Phacochoerus aethiopicus,983664,False
phacochoerus_africanus,Phacochoerus africanus,Artiodactyla,Suidae,82499.99,172.49,,,1.55,1.0,180.0,Phacochoerus africanus,1036755,False
phaenomys_ferrugineus,Phaenomys ferrugineus,Rodentia,Cricetidae,93.8,,,,,,,Phaenomys ferrugineus,3610354,False
phalanger_carmelitae,Phalanger carmelitae,Diprotodontia,Phalangeridae,1820.88,,1.01,,,2.0,,Phalanger carmelitae,327616,False
phalanger_gymnotis,Phalanger gymnotis,Diprotodontia,Phalangeridae,2597.89,12.99,1.01,270.0,,2.0,144.0,Phalanger gymnotis,312917,False
phalanger_intercastellanus,Phalanger intercastellanus,Diprotodontia,Phalangeridae,1747.5,,2.02,,,1.0,,Phalanger intercastellanus,3606944,False
phalanger_lullulae,Phalanger lullulae,Diprotodontia,Phalangeridae,1632.5,,1.75,,,1.0,,Phalanger lullulae,892512,False
phalanger_matanim,Phalanger matanim,Diprotodontia,Phalangeridae,1442.38,,1.02,,,1.0,,Phalanger matanim,3606945,False
phalanger_orientalis,Phalanger orientalis,Diprotodontia,Phalangeridae,2487.5,,1.71,,,1.0,48.0,Phalanger orientalis,524928,False
phalanger_ornatus,Phalanger ornatus,Diprotodontia,Phalangeridae,1787.5,,,,,1.0,,Phalanger ornatus,3606942,False
phalanger_rothschildi,Phalanger rothschildi,Diprotodontia,Phalangeridae,1365.0,,,,,1.0,,Phalanger rothschildi,3606939,False
phalanger_sericeus,Phalanger sericeus,Diprotodontia,Phalangeridae,2003.0,,1.02,,,1.0,,Phalanger sericeus,261876,False
phalanger_vestitus,Phalanger vestitus,Diprotodontia,Phalangeridae,1850.0,,1.01,,,1.0,,Phalanger vestitus,261871,False
phaner_furcifer,Phaner furcifer,Primates,Cheirogaleidae,409.87,174.46,1.01,,0.02,2.0,144.0,Phaner furcifer,836057,False
phascogale_calura,Phascogale calura,Dasyuromorphia,Dasyuridae,43.03,29.49,7.5,89.99,0.03,2.0,36.0,Phascogale calura,831056,False
phascogale_tapoatafa,Phascogale tapoatafa,Dasyuromorphia,Dasyuridae,192.65,28.15,6.79,149.57,,,60.0,Phascogale tapoatafa,648426,False
phascolarctos_cinereus,Phascolarctos cinereus,Diprotodontia,Phascolarctidae,6528.74,34.29,1.01,347.53,0.01,1.0,240.0,Phascolarctos cinereus,327624,False
phascolosorex_dorsalis,Phascolosorex dorsalis,Dasyuromorphia,Dasyuridae,123.03,,3.39,,,2.0,,Phascolosorex dorsalis,648435,False
phascomurexia_naso,Phascomurexia naso,Dasyuromorphia,Dasyuridae,52.62,,3.68,,,3.0,,Antechinus naso,470342,True
phenacomys_intermedius,Phenacomys intermedius,Rodentia,Cricetidae,25.2,22.42,4.66,30.93,,1.0,,Phenacomys intermedius,532489,False
phenacomys_ungava,Phenacomys ungava,Rodentia,Cricetidae,27.0,22.29,4.8,17.86,,,,Phenacomys ungava,176437,False
philantomba_maxwellii,Philantomba maxwellii,Artiodactyla,Bovidae,8557.69,205.0,1.0,60.48,,2.0,147.0,Philantomba maxwellii,759981,False
philantomba_monticola,Philantomba monticola,Artiodactyla,Bovidae,4896.05,205.0,0.98,27.28,,2.0,144.0,Philantomba monticola,128388,False
philetor_brachypterus,Philetor brachypterus,Chiroptera,Vespertilionidae,12.0,,,,,,,Philetor brachypterus,546477,False
phloeomys_cumingi,Phloeomys cumingi,Rodentia,Muridae,1842.46,,1.0,,,,,Phloeomys cumingi,1018294,False
phloeomys_pallidus,Phloeomys pallidus,Rodentia,Muridae,1744.14,,,,,,,Phloeomys pallidus,3608726,False
phodopus_campbelli,Phodopus campbelli,Rodentia,Cricetidae,27.06,20.59,8.47,,,,21.5,Phodopus campbelli,136847,False
phodopus_sungorus,Phodopus sungorus,Rodentia,Cricetidae,30.43,21.0,5.48,20.0,,2.0,38.4,Phodopus sungorus,764831,False
phoniscus_atrox,Phoniscus atrox,Chiroptera,Vespertilionidae,4.81,,,,,,,Phoniscus atrox,3613695,False
phoniscus_jagorii,Phoniscus jagorii,Chiroptera,Vespertilionidae,4.7,125.14,1.0,83.7,,,,Phoniscus jagorii,25394,False
phoniscus_papuensis,Phoniscus papuensis,Chiroptera,Vespertilionidae,6.32,,,,,,,Phoniscus papuensis,3613696,False
phylloderma_stenops,Phylloderma stenops,Chiroptera,Phyllostomidae,55.82,,0.98,,,2.0,,Phylloderma stenops,792612,False
phyllomys_blainvillii,Phyllomys blainvillii,Rodentia,Echimyidae,243.3,,,,,,,Phyllomys blainvillii,739188,False
phyllomys_brasiliensis,Phyllomys brasiliensis,Rodentia,Echimyidae,312.49,,,,,,,Phyllomys brasiliensis,739184,False
phyllomys_dasythrix,Phyllomys dasythrix,Rodentia,Echimyidae,260.0,,,,,,,Phyllomys dasythrix,215384,False
phyllomys_lamarum,Phyllomys lamarum,Rodentia,Echimyidae,215.19,,,,,,,Phyllomys lamarum,215382,False
phyllomys_thomasi,Phyllomys thomasi,Rodentia,Echimyidae,502.14,,,,,,,Phyllomys thomasi,3609810,False
phyllonycteris_aphylla,Phyllonycteris aphylla,Chiroptera,Phyllostomidae,14.15,,0.99,,,2.0,,Phyllonycteris aphylla,546391,False
phyllostomus_discolor,Phyllostomus discolor,Chiroptera,Phyllostomidae,36.7,107.97,0.99,,,2.0,,Phyllostomus discolor,459982,False
phyllostomus_elongatus,Phyllostomus elongatus,Chiroptera,Phyllostomidae,41.75,,0.99,,,1.0,,Phyllostomus elongatus,1011474,False
phyllostomus_hastatus,Phyllostomus hastatus,Chiroptera,Phyllostomidae,91.44,123.39,0.99,72.82,,2.0,120.0,Phyllostomus hastatus,761775,False
phyllostomus_latifolius,Phyllostomus latifolius,Chiroptera,Phyllostomidae,134.0,,,,,,,Phyllostomus latifolius,860216,False
phyllotis_amicus,Phyllotis amicus,Rodentia,Cricetidae,20.19,,,,,,,Phyllotis amicus,739495,False
phyllotis_andium,Phyllotis andium,Rodentia,Cricetidae,53.0,,,,,,,Phyllotis andium,739493,False
phyllotis_bonariensis,Phyllotis bonariensis,Rodentia,Cricetidae,42.5,,,,,,,Phyllotis bonariensis,898083,False
phyllotis_caprinus,Phyllotis caprinus,Rodentia,Cricetidae,50.8,,,,,,,Phyllotis caprinus,3608343,False
phyllotis_darwini,Phyllotis darwini,Rodentia,Cricetidae,50.82,33.21,4.02,,,2.0,,Phyllotis darwini,91085,False
phyllotis_definitus,Phyllotis definitus,Rodentia,Cricetidae,89.0,,,,,,,Phyllotis definitus,3608349,False
phyllotis_haggardi,Phyllotis haggardi,Rodentia,Cricetidae,42.5,,,,,,,Phyllotis haggardi,3608346,False
phyllotis_magister,Phyllotis magister,Rodentia,Cricetidae,68.49,,,,,2.0,,Phyllotis magister,739490,False
phyllotis_osgoodi,Phyllotis osgoodi,Rodentia,Cricetidae,45.1,,,,,,,Phyllotis osgoodi,739499,False
phyllotis_osilae,Phyllotis osilae,Rodentia,Cricetidae,43.64,,4.25,,,2.0,,Phyllotis osilae,739497,False
phyllotis_wolffsohni,Phyllotis wolffsohni,Rodentia,Cricetidae,42.5,,,,,,,Phyllotis wolffsohni,113707,False
phyllotis_xanthopygus,Phyllotis xanthopygus,Rodentia,Cricetidae,52.43,,,,,2.0,,Phyllotis xanthopygus,113710,False
piliocolobus_badius,Piliocolobus badius,Primates,Cercopithecidae,8430.4,151.41,1.0,783.93,0.42,2.0,,Piliocolobus badius,640572,False
piliocolobus_kirkii,Piliocolobus kirkii,Primates,Cercopithecidae,7158.29,165.0,1.01,,0.42,1.0,,Piliocolobus kirkii,1013935,False
piliocolobus_pennantii,Piliocolobus pennantii,Primates,Cercopithecidae,10896.0,,1.02,,,,,Piliocolobus pennantii,437216,False
piliocolobus_preussi,Piliocolobus preussi,Primates,Cercopithecidae,8865.71,195.0,1.01,,0.39,1.0,,Piliocolobus preussi,437219,False
piliocolobus_rufomitratus,Piliocolobus rufomitratus,Primates,Cercopithecidae,8030.75,195.0,1.01,,0.05,1.0,,Piliocolobus rufomitratus,1013945,False
pipistrellus_abramus,Pipistrellus abramus,Chiroptera,Vespertilionidae,5.87,,2.1,,,,,Pipistrellus abramus,570453,False
pipistrellus_angulatus,Pipistrellus angulatus,Chiroptera,Vespertilionidae,3.35,,,,,,,Pipistrellus angulatus,3613860,False
pipistrellus_ceylonicus,Pipistrellus ceylonicus,Chiroptera,Vespertilionidae,8.05,52.32,1.98,27.5,,3.0,,Pipistrellus ceylonicus,743848,False
pipistrellus_collinus,Pipistrellus collinus,Chiroptera,Vespertilionidae,6.75,,,,,,,Pipistrellus collinus,3613862,False
pipistrellus_coromandra,Pipistrellus coromandra,Chiroptera,Vespertilionidae,4.59,,1.4,,,,,Pipistrellus coromandra,687569,False
pipistrellus_hesperus,Pipistrellus hesperus,Chiroptera,Vespertilionidae,3.56,,1.86,,,,72.99,Parastrellus hesperus,1034632,True
pipistrellus_javanicus,Pipistrellus javanicus,Chiroptera,Vespertilionidae,4.92,71.48,2.29,,,,,Pipistrellus javanicus,826863,False
pipistrellus_kuhlii,Pipistrellus kuhlii,Chiroptera,Vespertilionidae,6.07,,1.21,60.41,,,,Pipistrellus kuhlii,867394,False
pipistrellus_nanulus,Pipistrellus nanulus,Chiroptera,Vespertilionidae,2.51,,1.96,,,,,Pipistrellus nanulus,685877,False
pipistrellus_nathusii,Pipistrellus nathusii,Chiroptera,Vespertilionidae,7.44,,1.73,,,,96.0,Pipistrellus nathusii,867399,False
pipistrellus_pipistrellus,Pipistrellus pipistrellus,Chiroptera,Vespertilionidae,5.3,44.0,1.37,33.44,,3.0,200.4,Pipistrellus pipistrellus,867410,False
pipistrellus_rueppellii,Pipistrellus rueppellii,Chiroptera,Vespertilionidae,7.07,,1.96,,,3.0,,Pipistrellus rueppellii,169161,False
pipistrellus_rusticus,Pipistrellus rusticus,Chiroptera,Vespertilionidae,4.57,80.4,1.96,,,3.0,,Pipistrellus rusticus,790967,False
pipistrellus_stenopterus,Pipistrellus stenopterus,Chiroptera,Vespertilionidae,15.67,,0.98,,,3.0,,Pipistrellus stenopterus,981288,False
pipistrellus_subflavus,Pipistrellus subflavus,Chiroptera,Vespertilionidae,5.74,45.71,1.96,31.21,,3.0,180.0,Perimyotis subflavus,977400,True
pipistrellus_tenuis,Pipistrellus tenuis,Chiroptera,Vespertilionidae,3.48,61.27,1.92,44.8,,3.0,,Pipistrellus tenuis,687548,False
pithecia_aequatorialis,Pithecia aequatorialis,Primates,Pitheciidae,2375.91,,,,,1.0,178.8,Pithecia aequatorialis,3607572,False
pithecia_albicans,Pithecia albicans,Primates,Pitheciidae,2800.07,,,,,,,Pithecia albicans,3607571,False
pithecia_irrorata,Pithecia irrorata,Primates,Pitheciidae,2308.17,,,,,,,Pithecia irrorata,1058640,False
pithecia_monachus,Pithecia monachus,Primates,Pitheciidae,2109.55,,1.02,,,2.0,295.2,Pithecia monachus,340054,False
pithecia_pithecia,Pithecia pithecia,Primates,Pitheciidae,1667.19,161.13,1.01,113.15,0.04,1.0,248.4,Pithecia pithecia,235545,False
plagiodontia_aedium,Plagiodontia aedium,Rodentia,Capromyidae,1268.86,136.5,1.14,,,1.0,118.8,Plagiodontia aedium,919961,False
planigale_gilesi,Planigale gilesi,Dasyuromorphia,Dasyuridae,9.34,15.74,5.23,83.52,,,60.0,Planigale gilesi,1029231,False
planigale_ingrami,Planigale ingrami,Dasyuromorphia,Dasyuridae,6.27,,7.48,89.74,,3.0,15.6,Planigale ingrami,423955,False
planigale_maculata,Planigale maculata,Dasyuromorphia,Dasyuridae,12.0,19.74,7.64,70.72,,,48.0,Planigale maculata,648432,False
planigale_novaeguineae,Planigale novaeguineae,Dasyuromorphia,Dasyuridae,14.9,,,,,,,Planigale novaeguineae,423957,False
planigale_tenuirostris,Planigale tenuirostris,Dasyuromorphia,Dasyuridae,6.27,19.0,5.99,94.46,,,36.0,Planigale tenuirostris,904309,False
platyrrhinus_aurarius,Platyrrhinus aurarius,Chiroptera,Phyllostomidae,35.12,,,,,,,Platyrrhinus aurarius,132184,False
platyrrhinus_brachycephalus,Platyrrhinus brachycephalus,Chiroptera,Phyllostomidae,14.26,,0.98,,,,,Platyrrhinus brachycephalus,295643,False
platyrrhinus_dorsalis,Platyrrhinus dorsalis,Chiroptera,Phyllostomidae,26.0,,0.99,,,,,Platyrrhinus dorsalis,981722,False
platyrrhinus_helleri,Platyrrhinus helleri,Chiroptera,Phyllostomidae,13.44,,0.99,,,1.0,,Platyrrhinus helleri,927279,False
platyrrhinus_infuscus,Platyrrhinus infuscus,Chiroptera,Phyllostomidae,50.76,,0.98,,,,,Platyrrhinus infuscus,348435,False
platyrrhinus_lineatus,Platyrrhinus lineatus,Chiroptera,Phyllostomidae,24.34,107.97,0.99,,,2.0,122.4,Platyrrhinus lineatus,780066,False
platyrrhinus_umbratus,Platyrrhinus umbratus,Chiroptera,Phyllostomidae,25.17,,,,,,,Platyrrhinus umbratus,4943048,False
platyrrhinus_vittatus,Platyrrhinus vittatus,Chiroptera,Phyllostomidae,37.01,,0.98,,,1.0,,Platyrrhinus vittatus,348440,False
plecotus_auritus,Plecotus auritus,Chiroptera,Vespertilionidae,8.19,65.12,1.22,42.09,,3.0,360.0,Plecotus auritus,350140,False
plecotus_austriacus,Plecotus austriacus,Chiroptera,Vespertilionidae,6.75,,,,,,180.0,Plecotus austriacus,1080291,False
podomys_floridanus,Podomys floridanus,Rodentia,Cricetidae,30.74,,2.6,24.81,0.002788764,2.0,88.0,Podomys floridanus,489146,False
podoxymys_roraimae,Podoxymys roraimae,Rodentia,Cricetidae,33.79,,,,,,,Podoxymys roraimae,3610233,False
poecilogale_albinucha,Poecilogale albinucha,Carnivora,Mustelidae,308.16,32.55,2.23,76.56,,3.0,62.4,Poecilogale albinucha,415263,False
poelagus_marjorita,Poelagus marjorita,Lagomorpha,Leporidae,2509.7,34.99,1.19,,,,,Poelagus marjorita,963429,False
pogonomelomys_mayeri,Pogonomelomys mayeri,Rodentia,Muridae,111.97,,2.15,,,,,Pogonomelomys mayeri,640005,False
pogonomys_championi,Pogonomys championi,Rodentia,Muridae,50.45,,2.15,,,1.0,,Pogonomys championi,3608685,False
pogonomys_loriae,Pogonomys loriae,Rodentia,Muridae,95.39,,2.68,,,1.0,,Pogonomys loriae,466608,False
pogonomys_macrourus,Pogonomys macrourus,Rodentia,Muridae,46.98,,2.81,,,1.0,29.0,Pogonomys macrourus,449865,False
pogonomys_sylvestris,Pogonomys sylvestris,Rodentia,Muridae,41.67,,2.64,,,1.0,,Pogonomys sylvestris,242780,False
poiana_richardsonii,Poiana richardsonii,Carnivora,Viverridae,570.08,,2.23,,,2.0,64.0,Poiana richardsonii,373466,False
pongo_abelii,Pongo abelii,Primates,Hominidae,39696.12,,,,,,,Pongo abelii,770295,False
pongo_pygmaeus,Pongo pygmaeus,Primates,Hominidae,53408.29,259.42,1.07,1088.8,3.88,2.0,720.0,Pongo pygmaeus,770302,False
potamochoerus_larvatus,Potamochoerus larvatus,Artiodactyla,Suidae,69063.79,121.73,2.73,,4.47,2.0,,Potamochoerus larvatus,995183,False
potamochoerus_porcus,Potamochoerus porcus,Artiodactyla,Suidae,70000.31,120.0,3.0,,,2.0,240.0,Potamochoerus porcus,995192,False
potamogale_velox,Potamogale velox,Afrosoricida,Tenrecidae,670.99,,2.5,,,3.0,,Potamogale velox,922751,False
potorous_gilbertii,Potorous gilbertii,Diprotodontia,Potoroidae,1569.46,,1.0,208.67,,1.0,,Potorous gilbertii,346313,False
potorous_longipes,Potorous longipes,Diprotodontia,Potoroidae,1835.06,38.0,1.0,161.0,0.29,1.0,120.0,Potorous longipes,242989,False
potorous_tridactylus,Potorous tridactylus,Diprotodontia,Potoroidae,1054.67,33.55,1.0,167.33,,,144.0,Potorous tridactylus,42496,False
potos_flavus,Potos flavus,Carnivora,Procyonidae,2441.81,116.8,1.11,109.13,0.22,2.0,348.0,Potos flavus,532115,False
praomys_daltoni,Praomys daltoni,Rodentia,Muridae,34.99,27.64,5.44,,,,,Praomys daltoni,271591,False
praomys_delectorum,Praomys delectorum,Rodentia,Muridae,35.99,,3.88,,,,,Praomys delectorum,23041,False
praomys_derooi,Praomys derooi,Rodentia,Muridae,32.0,,3.75,,,,,Praomys derooi,540989,False
praomys_hartwigi,Praomys hartwigi,Rodentia,Muridae,38.86,,3.49,,,2.0,,Praomys hartwigi,1004217,False
praomys_jacksoni,Praomys jacksoni,Rodentia,Muridae,39.01,35.49,3.67,30.0,,,,Praomys jacksoni,717793,False
praomys_lukolelae,Praomys lukolelae,Rodentia,Muridae,42.2,,,,,,,Praomys lukolelae,298251,False
praomys_morio,Praomys morio,Rodentia,Muridae,41.73,35.99,3.28,30.77,,2.0,,Praomys morio,691123,False
praomys_tullbergi,Praomys tullbergi,Rodentia,Muridae,37.1,23.9,3.36,24.5,0.001625591,,62.4,Praomys tullbergi,717794,False
presbytis_comata,Presbytis comata,Primates,Cercopithecidae,6550.07,,1.01,,0.13,1.0,,Presbytis comata,68893,False
presbytis_femoralis,Presbytis femoralis,Primates,Cercopithecidae,7026.91,,,,0.07,,,Presbytis femoralis,68891,False
presbytis_frontata,Presbytis frontata,Primates,Cercopithecidae,6096.6,,,,,,,Presbytis frontata,704371,False
presbytis_hosei,Presbytis hosei,Primates,Cercopithecidae,6277.78,,,,0.2,,,Presbytis hosei,704364,False
presbytis_melalophos,Presbytis melalophos,Primates,Cercopithecidae,6439.12,,1.01,,0.12,1.0,192.0,Presbytis melalophos,406006,False
presbytis_potenziani,Presbytis potenziani,Primates,Cercopithecidae,6449.53,,1.02,,0.12,,,Presbytis potenziani,704401,False
presbytis_rubicunda,Presbytis rubicunda,Primates,Cercopithecidae,6348.53,,1.01,,0.5,1.0,,Presbytis rubicunda,512403,False
presbytis_siamensis,Presbytis siamensis,Primates,Cercopithecidae,5895.06,,,,,,,Presbytis siamensis,3607626,False
presbytis_thomasi,Presbytis thomasi,Primates,Cercopithecidae,6689.99,,,,0.09,,,Presbytis thomasi,512437,False
priodontes_maximus,Priodontes maximus,Cingulata,Dasypodidae,40641.89,124.24,1.5,34.8,3.19,3.0,180.0,Priodontes maximus,476113,False
prionailurus_bengalensis,Prionailurus bengalensis,Carnivora,Felidae,2780.97,70.18,2.5,24.85,1.87,3.0,180.0,Prionailurus bengalensis,280108,False
prionailurus_planiceps,Prionailurus planiceps,Carnivora,Felidae,3533.76,56.0,,,,2.0,,Prionailurus planiceps,86166,False
prionailurus_rubiginosus,Prionailurus rubiginosus,Carnivora,Felidae,1418.75,,2.23,,,3.0,,Prionailurus rubiginosus,507541,False
prionailurus_viverrinus,Prionailurus viverrinus,Carnivora,Felidae,8826.46,71.43,2.0,135.96,,3.0,120.0,Prionailurus viverrinus,862641,False
prionodon_linsang,Prionodon linsang,Carnivora,Viverridae,684.83,,2.3,,,2.0,128.4,Prionodon linsang,194349,False
prionodon_pardicolor,Prionodon pardicolor,Carnivora,Viverridae,1142.68,,2.0,,,2.0,,Prionodon pardicolor,373467,False
prionomys_batesi,Prionomys batesi,Rodentia,Nesomyidae,12.5,,,,,,,Prionomys batesi,3610761,False
procapra_gutturosa,Procapra gutturosa,Artiodactyla,Bovidae,28274.27,189.94,1.41,38.97,,1.0,84.0,Procapra gutturosa,48576,False
procapra_picticaudata,Procapra picticaudata,Artiodactyla,Bovidae,23197.67,,1.0,,,,,Procapra picticaudata,513795,False
procapra_przewalskii,Procapra przewalskii,Artiodactyla,Bovidae,27499.99,,,,,,,Procapra przewalskii,48578,False
procavia_capensis,Procavia capensis,Hyracoidea,Procaviidae,2952.48,231.24,2.5,90.99,0.002638607,1.0,168.0,Procavia capensis,561114,False
procolobus_verus,Procolobus verus,Primates,Cercopithecidae,3977.86,167.84,1.02,,0.17,1.0,,Procolobus verus,24731,False
procyon_cancrivorus,Procyon cancrivorus,Carnivora,Procyonidae,6931.72,69.35,2.62,111.36,,2.0,168.0,Procyon cancrivorus,914060,False
procyon_lotor,Procyon lotor,Carnivora,Procyonidae,6373.72,65.0,3.06,104.16,4.62,2.0,252.0,Procyon lotor,348040,False
procyon_pygmaeus,Procyon pygmaeus,Carnivora,Procyonidae,2958.03,,,,,2.0,,Procyon pygmaeus,3612887,False
proechimys_brevicauda,Proechimys brevicauda,Rodentia,Echimyidae,284.99,,,,0.004969113,2.0,,Proechimys brevicauda,7067174,False
proechimys_canicollis,Proechimys canicollis,Rodentia,Echimyidae,312.57,,,,,,,Proechimys canicollis,3609837,False
proechimys_cuvieri,Proechimys cuvieri,Rodentia,Echimyidae,339.85,,,,0.004517324,2.0,,Proechimys cuvieri,581072,False
proechimys_decumanus,Proechimys decumanus,Rodentia,Echimyidae,284.99,,,,,,,Proechimys decumanus,3609840,False
proechimys_goeldii,Proechimys goeldii,Rodentia,Echimyidae,284.99,,,,,,,Proechimys goeldii,3609858,False
proechimys_guairae,Proechimys guairae,Rodentia,Echimyidae,349.28,62.99,2.79,10.21,0.006001134,1.0,,Proechimys guairae,692692,False
proechimys_guyannensis,Proechimys guyannensis,Rodentia,Echimyidae,314.03,63.41,2.16,28.0,0.001047581,1.0,57.6,Proechimys guyannensis,581081,False
proechimys_longicaudatus,Proechimys longicaudatus,Rodentia,Echimyidae,205.0,,,,0.002439947,2.0,,Proechimys longicaudatus,173063,False
proechimys_mincae,Proechimys mincae,Rodentia,Echimyidae,284.99,,,,,,,Proechimys mincae,3609856,False
proechimys_oconnelli,Proechimys oconnelli,Rodentia,Echimyidae,284.99,,,,,,,Proechimys oconnelli,3609830,False
proechimys_poliopus,Proechimys poliopus,Rodentia,Echimyidae,284.99,,,,,,,Proechimys poliopus,3609835,False
proechimys_quadruplicatus,Proechimys quadruplicatus,Rodentia,Echimyidae,284.99,,,,,,,Proechimys quadruplicatus,584906,False
proechimys_semispinosus,Proechimys semispinosus,Rodentia,Echimyidae,353.32,65.65,2.84,41.2,0.001730355,2.0,31.0,Proechimys semispinosus,3609852,False
proechimys_simonsi,Proechimys simonsi,Rodentia,Echimyidae,284.99,,,,0.00365992,2.0,,Proechimys simonsi,945061,False
proechimys_steerei,Proechimys steerei,Rodentia,Echimyidae,284.99,,,,,2.0,,Proechimys steerei,873077,False
profelis_aurata,Profelis aurata,Carnivora,Felidae,11277.17,81.34,2.25,119.32,,3.0,,Profelis aurata,660447,False
prolemur_simus,Prolemur simus,Primates,Lemuridae,2030.41,140.0,1.0,,0.62,2.0,144.0,Prolemur simus,3607543,False
prometheomys_schaposchnikowi,Prometheomys schaposchnikowi,Rodentia,Cricetidae,75.0,,3.4,21.0,,,,Prometheomys schaposchnikowi,662401,False
promops_centralis,Promops centralis,Chiroptera,Molossidae,29.8,,0.99,41.99,,,,Promops centralis,301613,False
promops_nasutus,Promops nasutus,Chiroptera,Molossidae,15.5,,,,,3.0,,Promops nasutus,3613991,False
pronolagus_crassicaudatus,Pronolagus crassicaudatus,Lagomorpha,Leporidae,2415.27,,1.5,,,1.0,,Pronolagus crassicaudatus,880862,False
pronolagus_randensis,Pronolagus randensis,Lagomorpha,Leporidae,2376.47,,1.05,,,1.0,,Pronolagus randensis,568360,False
pronolagus_rupestris,Pronolagus rupestris,Lagomorpha,Leporidae,2249.99,,2.0,,,1.0,,Pronolagus rupestris,568267,False
propithecus_coquereli,Propithecus coquereli,Primates,Indriidae,4189.27,140.99,1.0,180.96,,,,Propithecus coquereli,402626,False
propithecus_diadema,Propithecus diadema,Primates,Indriidae,6568.99,152.08,1.01,256.27,0.21,1.0,,Propithecus diadema,979430,False
propithecus_edwardsi,Propithecus edwardsi,Primates,Indriidae,6573.27,,,,,,,Propithecus edwardsi,571030,False
propithecus_tattersalli,Propithecus tattersalli,Primates,Indriidae,3531.39,,,152.13,0.06,1.0,,Propithecus tattersalli,311205,False
propithecus_verreauxi,Propithecus verreauxi,Primates,Indriidae,3588.26,149.77,1.02,177.83,0.03,1.0,247.2,Propithecus verreauxi,696018,False
proteles_cristata,Proteles cristata,Carnivora,Hyaenidae,8139.39,90.62,2.64,125.73,1.51,3.0,300.0,Proteles cristata,563161,False
protochromys_fellowsi,Protochromys fellowsi,Rodentia,Muridae,78.99,,2.68,20.0,,1.0,,Protochromys fellowsi,3608811,False
protoxerus_aubinnii,Protoxerus aubinnii,Rodentia,Sciuridae,427.94,,,,,,,Protoxerus aubinnii,3609042,False
protoxerus_stangeri,Protoxerus stangeri,Rodentia,Sciuridae,630.43,,1.47,,,1.0,61.2,Protoxerus stangeri,675198,False
przewalskium_albirostris,Przewalskium albirostris,Artiodactyla,Cervidae,161681.9,263.41,1.0,,,,216.0,Przewalskium albirostris,345531,False
psammomys_obesus,Psammomys obesus,Rodentia,Muridae,102.15,24.8,3.49,24.18,,,,Psammomys obesus,674914,False
pseudantechinus_bilarni,Pseudantechinus bilarni,Dasyuromorphia,Dasyuridae,23.05,38.98,4.75,111.36,,,36.0,Pseudantechinus bilarni,1049821,False
pseudantechinus_macdonnellensis,Pseudantechinus macdonnellensis,Dasyuromorphia,Dasyuridae,36.88,44.72,5.88,97.72,,,36.0,Pseudantechinus macdonnellensis,648438,False
pseudantechinus_ningbing,Pseudantechinus ningbing,Dasyuromorphia,Dasyuridae,20.74,46.71,4.0,111.68,,,24.0,Pseudantechinus ningbing,904302,False
pseudantechinus_woolleyae,Pseudantechinus woolleyae,Dasyuromorphia,Dasyuridae,43.23,,5.99,,,,48.0,Pseudantechinus woolleyae,904305,False
pseudocheirus_peregrinus,Pseudocheirus peregrinus,Diprotodontia,Pseudocheiridae,895.22,,1.89,197.14,0.00931273,1.0,96.0,Pseudocheirus peregrinus,836772,False
pseudochirops_albertisii,Pseudochirops albertisii,Diprotodontia,Pseudocheiridae,784.85,,1.02,,,1.0,,Pseudochirops albertisii,1015381,False
pseudochirops_archeri,Pseudochirops archeri,Diprotodontia,Pseudocheiridae,1145.92,,1.03,,,1.0,,Pseudochirops archeri,327621,False
pseudochirops_corinnae,Pseudochirops corinnae,Diprotodontia,Pseudocheiridae,1123.0,,1.02,,,1.0,,Pseudochirops corinnae,786376,False
pseudochirops_coronatus,Pseudochirops coronatus,Diprotodontia,Pseudocheiridae,1395.85,,,,,1.0,,Pseudochirops coronatus,3607081,False
pseudochirops_cupreus,Pseudochirops cupreus,Diprotodontia,Pseudocheiridae,1764.08,,1.01,,,1.0,,Pseudochirops cupreus,6735,False
pseudochirulus_canescens,Pseudochirulus canescens,Diprotodontia,Pseudocheiridae,300.0,,2.57,,,1.0,,Pseudochirulus canescens,489412,False
pseudochirulus_caroli,Pseudochirulus caroli,Diprotodontia,Pseudocheiridae,456.02,,,,,1.0,,Pseudochirulus caroli,489414,False
pseudochirulus_cinereus,Pseudochirulus cinereus,Diprotodontia,Pseudocheiridae,977.48,,2.0,,,1.0,,Pseudochirulus cinereus,3607080,False
pseudochirulus_forbesi,Pseudochirulus forbesi,Diprotodontia,Pseudocheiridae,639.16,,1.26,,,1.0,,Pseudochirulus forbesi,312920,False
pseudochirulus_herbertensis,Pseudochirulus herbertensis,Diprotodontia,Pseudocheiridae,1098.34,,1.89,159.09,,,,Pseudochirulus herbertensis,617395,False
pseudochirulus_mayeri,Pseudochirulus mayeri,Diprotodontia,Pseudocheiridae,151.75,,1.26,,,1.0,,Pseudochirulus mayeri,617398,False
pseudochirulus_schlegeli,Pseudochirulus schlegeli,Diprotodontia,Pseudocheiridae,255.44,,,,,1.0,,Pseudochirulus schlegeli,3607078,False
pseudohydromys_ellermani,Pseudohydromys ellermani,Rodentia,Muridae,21.4,,,,,2.0,,Pseudohydromys ellermani,449861,False
pseudohydromys_fuscus,Pseudohydromys fuscus,Rodentia,Muridae,18.74,,,,,2.0,,Pseudohydromys fuscus,3608676,False
pseudohydromys_murinus,Pseudohydromys murinus,Rodentia,Muridae,16.79,,0.97,,,2.0,,Pseudohydromys murinus,3608677,False
pseudohydromys_occidentalis,Pseudohydromys occidentalis,Rodentia,Muridae,21.9,,,,,2.0,,Pseudohydromys occidentalis,3608675,False
pseudois_nayaur,Pseudois nayaur,Artiodactyla,Bovidae,52334.57,159.74,1.22,,,1.0,288.0,Pseudois nayaur,513791,False
pseudois_schaeferi,Pseudois schaeferi,Artiodactyla,Bovidae,29249.99,,,,,,,Pseudois schaeferi,317128,False
pseudomys_albocinereus,Pseudomys albocinereus,Rodentia,Muridae,30.5,29.75,3.89,29.58,,,,Pseudomys albocinereus,449863,False
pseudomys_apodemoides,Pseudomys apodemoides,Rodentia,Muridae,23.78,44.49,4.9,34.99,,,,Pseudomys apodemoides,449857,False
pseudomys_australis,Pseudomys australis,Rodentia,Muridae,52.97,31.35,3.0,25.9,,,67.2,Pseudomys australis,817778,False
pseudomys_bolami,Pseudomys bolami,Rodentia,Muridae,15.5,,,,,,,Pseudomys bolami,449859,False
pseudomys_chapmani,Pseudomys chapmani,Rodentia,Muridae,10.95,,,,0.05,,,Pseudomys chapmani,527517,False
pseudomys_delicatulus,Pseudomys delicatulus,Rodentia,Muridae,8.56,29.89,3.19,27.0,,1.0,,Pseudomys delicatulus,449855,False
pseudomys_desertor,Pseudomys desertor,Rodentia,Muridae,37.09,28.96,3.0,24.49,,,,Pseudomys desertor,936224,False
pseudomys_fieldi,Pseudomys fieldi,Rodentia,Muridae,42.35,29.49,3.49,28.9,,1.0,,Pseudomys fieldi,449849,False
pseudomys_fumeus,Pseudomys fumeus,Rodentia,Muridae,68.75,,,,,,,Pseudomys fumeus,449851,False
pseudomys_gracilicaudatus,Pseudomys gracilicaudatus,Rodentia,Muridae,79.53,27.0,2.91,25.66,,,,Pseudomys gracilicaudatus,976065,False
pseudomys_hermannsburgensis,Pseudomys hermannsburgensis,Rodentia,Muridae,13.38,31.5,2.0,30.0,,,,Pseudomys hermannsburgensis,936226,False
pseudomys_higginsi,Pseudomys higginsi,Rodentia,Muridae,63.16,32.16,2.62,27.0,0.002011653,2.0,,Pseudomys higginsi,976063,False
pseudomys_johnsoni,Pseudomys johnsoni,Rodentia,Muridae,12.0,,,,,,,Pseudomys johnsoni,976069,False
pseudomys_laborifex,Pseudomys laborifex,Rodentia,Muridae,12.0,,,,,,,Pseudomys laborifex,976067,False
pseudomys_nanus,Pseudomys nanus,Rodentia,Muridae,70.38,23.99,3.0,25.0,,,,Pseudomys nanus,936229,False
pseudomys_novaehollandiae,Pseudomys novaehollandiae,Rodentia,Muridae,16.8,31.48,4.43,25.2,,,,Pseudomys novaehollandiae,976057,False
pseudomys_occidentalis,Pseudomys occidentalis,Rodentia,Muridae,34.0,,3.0,,,1.0,,Pseudomys occidentalis,976055,False
pseudomys_oralis,Pseudomys oralis,Rodentia,Muridae,95.0,,,,,,,Pseudomys oralis,976061,False
pseudomys_pilligaensis,Pseudomys pilligaensis,Rodentia,Muridae,10.72,,,,,,,Pseudomys pilligaensis,976053,False
pseudomys_shortridgei,Pseudomys shortridgei,Rodentia,Muridae,72.06,,3.0,,,,,Pseudomys shortridgei,976051,False
pseudoryx_nghetinhensis,Pseudoryx nghetinhensis,Artiodactyla,Bovidae,97842.2,,,,,1.0,,Pseudoryx nghetinhensis,1054629,False
pseudoryzomys_simplex,Pseudoryzomys simplex,Rodentia,Cricetidae,45.2,,,,,,,Pseudoryzomys simplex,38050,False
ptenochirus_jagori,Ptenochirus jagori,Chiroptera,Pteropodidae,79.18,125.14,1.0,89.99,,1.0,96.0,Ptenochirus jagori,448931,False
ptenochirus_minor,Ptenochirus minor,Chiroptera,Pteropodidae,47.02,,,,,,,Ptenochirus minor,200150,False
pteralopex_acrodonta,Pteralopex acrodonta,Chiroptera,Pteropodidae,257.53,,,,,,,Mirimiri acrodonta,48401,True
pteralopex_anceps,Pteralopex anceps,Chiroptera,Pteropodidae,574.75,,1.0,,,,,Pteralopex anceps,3613527,False
pteralopex_atrata,Pteralopex atrata,Chiroptera,Pteropodidae,490.8,,,,,,,Pteralopex atrata,164526,False
pteralopex_pulchra,Pteralopex pulchra,Chiroptera,Pteropodidae,291.15,,,,,,,Pteralopex pulchra,3613526,False
pteromys_volans,Pteromys volans,Rodentia,Sciuridae,143.09,28.18,2.5,,0.05,2.0,45.6,Pteromys volans,384219,False
pteromyscus_pulverulentus,Pteromyscus pulverulentus,Rodentia,Sciuridae,251.3,,1.28,,,,,Pteromyscus pulverulentus,427308,False
pteronotus_davyi,Pteronotus davyi,Chiroptera,Mormoopidae,9.52,,0.99,,,3.0,,Pteronotus davyi,759858,False
pteronotus_gymnonotus,Pteronotus gymnonotus,Chiroptera,Mormoopidae,13.6,,0.98,,,3.0,,Pteronotus gymnonotus,554240,False
pteronotus_parnellii,Pteronotus parnellii,Chiroptera,Mormoopidae,19.59,107.97,0.99,,,3.0,,Pteronotus parnellii,867405,False
pteronotus_personatus,Pteronotus personatus,Chiroptera,Mormoopidae,7.99,,0.98,,,3.0,,Pteronotus personatus,554238,False
pteronotus_quadridens,Pteronotus quadridens,Chiroptera,Mormoopidae,5.64,156.43,1.21,,,3.0,,Pteronotus quadridens,554242,False
pteronura_brasiliensis,Pteronura brasiliensis,Carnivora,Mustelidae,26000.0,70.0,2.12,120.48,85.85,3.0,154.0,Pteronura brasiliensis,397142,False
pteropus_admiralitatum,Pteropus admiralitatum,Chiroptera,Pteropodidae,306.46,,1.0,,,,,Pteropus admiralitatum,164528,False
pteropus_aldabrensis,Pteropus aldabrensis,Chiroptera,Pteropodidae,310.29,,,,,,,Pteropus aldabrensis,1034141,False
pteropus_alecto,Pteropus alecto,Chiroptera,Pteropodidae,610.13,,1.0,89.17,,1.0,,Pteropus alecto,813028,False
pteropus_anetianus,Pteropus anetianus,Chiroptera,Pteropodidae,397.22,,0.98,,,,,Pteropus anetianus,673800,False
pteropus_caniceps,Pteropus caniceps,Chiroptera,Pteropodidae,525.12,,,,,,,Pteropus caniceps,3613500,False
pteropus_chrysoproctus,Pteropus chrysoproctus,Chiroptera,Pteropodidae,730.19,,,,,,,Pteropus chrysoproctus,3613473,False
pteropus_conspicillatus,Pteropus conspicillatus,Chiroptera,Pteropodidae,760.71,,1.0,139.51,,1.0,,Pteropus conspicillatus,67622,False
pteropus_dasymallus,Pteropus dasymallus,Chiroptera,Pteropodidae,491.86,,1.0,,,2.0,372.0,Pteropus dasymallus,608040,False
pteropus_fundatus,Pteropus fundatus,Chiroptera,Pteropodidae,210.67,,,,,,,Pteropus fundatus,744668,False
pteropus_giganteus,Pteropus giganteus,Chiroptera,Pteropodidae,824.85,166.59,0.99,152.08,,1.0,376.8,Pteropus giganteus,588290,False
pteropus_gilliardorum,Pteropus gilliardorum,Chiroptera,Pteropodidae,406.94,,,,,,,Pteropus gilliardorum,3613472,False
pteropus_howensis,Pteropus howensis,Chiroptera,Pteropodidae,232.92,,0.98,,,,,Pteropus howensis,3613475,False
pteropus_hypomelanus,Pteropus hypomelanus,Chiroptera,Pteropodidae,435.61,,1.0,94.86,,1.0,,Pteropus hypomelanus,813040,False
pteropus_leucopterus,Pteropus leucopterus,Chiroptera,Pteropodidae,343.81,,,,,,,Desmalopex leucopterus,740197,True
pteropus_livingstonii,Pteropus livingstonii,Chiroptera,Pteropodidae,734.27,152.08,1.0,151.22,,,,Pteropus livingstonii,1034139,False
pteropus_lombocensis,Pteropus lombocensis,Chiroptera,Pteropodidae,256.15,,,,,,,Pteropus lombocensis,3613497,False
pteropus_lylei,Pteropus lylei,Chiroptera,Pteropodidae,319.75,,,,,1.0,,Pteropus lylei,630309,False
pteropus_macrotis,Pteropus macrotis,Chiroptera,Pteropodidae,365.99,,1.0,350.78,,,,Pteropus macrotis,839849,False
pteropus_mahaganus,Pteropus mahaganus,Chiroptera,Pteropodidae,297.28,,,,,,,Pteropus mahaganus,3613496,False
pteropus_mariannus,Pteropus mariannus,Chiroptera,Pteropodidae,458.58,,,,,1.0,,Pteropus mariannus,340692,False
pteropus_melanopogon,Pteropus melanopogon,Chiroptera,Pteropodidae,874.94,,,,,,,Pteropus melanopogon,3613477,False
pteropus_neohibernicus,Pteropus neohibernicus,Chiroptera,Pteropodidae,1017.37,,1.0,,,,,Pteropus neohibernicus,673797,False
pteropus_niger,Pteropus niger,Chiroptera,Pteropodidae,474.43,,1.0,,,,,Pteropus niger,673798,False
pteropus_nitendiensis,Pteropus nitendiensis,Chiroptera,Pteropodidae,275.56,,,,,,,Pteropus nitendiensis,3613483,False
pteropus_ocularis,Pteropus ocularis,Chiroptera,Pteropodidae,228.76,,,,,,,Pteropus ocularis,673795,False
pteropus_ornatus,Pteropus ornatus,Chiroptera,Pteropodidae,336.25,187.72,0.98,,,,,Pteropus ornatus,673796,False
pteropus_personatus,Pteropus personatus,Chiroptera,Pteropodidae,130.84,,,,,,,Pteropus personatus,673804,False
pteropus_pohlei,Pteropus pohlei,Chiroptera,Pteropodidae,352.75,,,,,,,Pteropus pohlei,744706,False
pteropus_poliocephalus,Pteropus poliocephalus,Chiroptera,Pteropodidae,702.78,187.72,1.0,120.0,,1.0,,Pteropus poliocephalus,813025,False
pteropus_pumilus,Pteropus pumilus,Chiroptera,Pteropodidae,184.05,,,,,1.0,,Pteropus pumilus,251394,False
pteropus_rayneri,Pteropus rayneri,Chiroptera,Pteropodidae,661.28,,0.99,181.36,,,,Pteropus rayneri,156179,False
pteropus_rodricensis,Pteropus rodricensis,Chiroptera,Pteropodidae,256.17,154.24,1.0,149.74,,1.0,360.0,Pteropus rodricensis,610858,False
pteropus_samoensis,Pteropus samoensis,Chiroptera,Pteropodidae,309.99,,,143.2,,1.0,,Pteropus samoensis,99588,False
pteropus_scapulatus,Pteropus scapulatus,Chiroptera,Pteropodidae,380.35,,1.0,133.76,,1.0,,Pteropus scapulatus,395328,False
pteropus_seychellensis,Pteropus seychellensis,Chiroptera,Pteropodidae,492.2,156.43,1.0,,,,,Pteropus seychellensis,1034143,False
pteropus_tonganus,Pteropus tonganus,Chiroptera,Pteropodidae,561.51,167.29,1.0,143.2,,1.0,,Pteropus tonganus,610860,False
pteropus_vampyrus,Pteropus vampyrus,Chiroptera,Pteropodidae,1027.54,,0.99,104.69,,1.0,,Pteropus vampyrus,448935,False
pteropus_vetulus,Pteropus vetulus,Chiroptera,Pteropodidae,151.54,,,,,,,Pteropus vetulus,99587,False
pteropus_voeltzkowi,Pteropus voeltzkowi,Chiroptera,Pteropodidae,542.4,152.08,1.0,143.2,,,,Pteropus voeltzkowi,1034137,False
pteropus_woodfordi,Pteropus woodfordi,Chiroptera,Pteropodidae,122.67,,,,,,,Pteropus woodfordi,99590,False
ptilocercus_lowii,Ptilocercus lowii,Scandentia,Ptilocercidae,42.5,,,,,2.0,32.4,Ptilocercus lowii,81758,False
pudu_mephistophiles,Pudu mephistophiles,Artiodactyla,Cervidae,9599.96,,1.0,,,,120.0,Pudu mephistophiles,345506,False
pudu_puda,Pudu puda,Artiodactyla,Cervidae,9642.62,210.0,1.22,54.75,0.17,1.0,150.0,Pudu puda,853508,False
puma_concolor,Puma concolor,Carnivora,Felidae,53954.05,92.3,2.76,48.46,129.89,3.0,240.0,Puma concolor,42307,False
puma_yagouaroundi,Puma yagouaroundi,Carnivora,Felidae,6875.0,75.01,2.5,,52.35,2.0,127.83,Puma yagouaroundi,86162,False
punomys_lemminus,Punomys lemminus,Rodentia,Cricetidae,84.8,,1.94,,,,,Punomys lemminus,3611192,False
pygathrix_nemaeus,Pygathrix nemaeus,Primates,Cercopithecidae,9411.1,182.88,1.01,,,1.0,300.0,Pygathrix nemaeus,721486,False
pygathrix_nigripes,Pygathrix nigripes,Primates,Cercopithecidae,10333.32,,1.0,,,1.0,,Pygathrix nigripes,473243,False
pygeretmus_pumilio,Pygeretmus pumilio,Rodentia,Dipodidae,52.24,27.5,3.35,,0.002441076,1.0,,Pygeretmus pumilio,1062845,False
pygoderma_bilabiatum,Pygoderma bilabiatum,Chiroptera,Phyllostomidae,18.5,,0.98,,,1.0,,Pygoderma bilabiatum,894971,False
rangifer_tarandus,Rangifer tarandus,Artiodactyla,Cervidae,109088.5,222.5,2.0,136.87,2771.22,1.0,242.4,Rangifer tarandus,410153,False
raphicerus_campestris,Raphicerus campestris,Artiodactyla,Bovidae,11661.53,210.0,0.98,49.89,0.43,1.0,168.0,Raphicerus campestris,513789,False
raphicerus_melanotis,Raphicerus melanotis,Artiodactyla,Bovidae,10503.14,,,,,1.0,168.0,Raphicerus melanotis,40131,False
raphicerus_sharpei,Raphicerus sharpei,Artiodactyla,Bovidae,9396.9,212.91,1.0,,,1.0,168.0,Raphicerus sharpei,40133,False
rattus_annandalei,Rattus annandalei,Rodentia,Muridae,197.49,,,,,,,Rattus annandalei,3608842,False
rattus_argentiventer,Rattus argentiventer,Rodentia,Muridae,165.37,21.4,9.85,,,2.0,,Rattus argentiventer,977026,False
rattus_baluensis,Rattus baluensis,Rodentia,Muridae,107.5,,,,,2.0,,Rattus baluensis,977028,False
rattus_colletti,Rattus colletti,Rodentia,Muridae,146.48,,,,,,,Rattus colletti,640782,False
rattus_elaphinus,Rattus elaphinus,Rodentia,Muridae,131.35,,,,,,,Rattus elaphinus,3608838,False
rattus_everetti,Rattus everetti,Rodentia,Muridae,253.53,,,,0.005001891,2.0,,Rattus everetti,496420,False
rattus_exulans,Rattus exulans,Rodentia,Muridae,50.63,21.34,3.7,28.0,0.000935769,2.0,,Rattus exulans,283187,False
rattus_feliceus,Rattus feliceus,Rodentia,Muridae,306.0,,,,,,,Rattus feliceus,3608869,False
rattus_fuscipes,Rattus fuscipes,Rodentia,Muridae,124.58,22.95,4.58,25.38,,2.0,41.0,Rattus fuscipes,271553,False
rattus_jobiensis,Rattus jobiensis,Rodentia,Muridae,380.0,,,,,,,Rattus jobiensis,3608852,False
rattus_leucopus,Rattus leucopus,Rodentia,Muridae,200.89,,3.45,,,2.0,,Rattus leucopus,271581,False
rattus_losea,Rattus losea,Rodentia,Muridae,104.63,,,,,,,Rattus losea,106795,False
rattus_lutreolus,Rattus lutreolus,Rodentia,Muridae,106.0,24.81,4.45,25.0,,2.0,29.0,Rattus lutreolus,690686,False
rattus_mordax,Rattus mordax,Rodentia,Muridae,230.0,,2.47,,,1.0,,Rattus mordax,690689,False
rattus_morotaiensis,Rattus morotaiensis,Rodentia,Muridae,148.25,,,,,,,Rattus morotaiensis,3608848,False
rattus_nitidus,Rattus nitidus,Rodentia,Muridae,100.02,,3.09,,,,,Rattus nitidus,92106,False
rattus_novaeguineae,Rattus novaeguineae,Rodentia,Muridae,133.0,,5.37,,,,,Rattus novaeguineae,795203,False
rattus_praetor,Rattus praetor,Rodentia,Muridae,194.43,,4.37,,,,,Rattus praetor,109411,False
rattus_richardsoni,Rattus richardsoni,Rodentia,Muridae,64.29,,2.15,,,2.0,,Microhydromys richardsoni,3608863,True
rattus_sordidus,Rattus sordidus,Rodentia,Muridae,157.5,21.89,5.99,,,,,Rattus sordidus,794938,False
rattus_steini,Rattus steini,Rodentia,Muridae,151.17,,3.65,,,2.0,,Rattus steini,690684,False
rattus_tiomanicus,Rattus tiomanicus,Rodentia,Muridae,119.29,21.99,3.87,,,2.0,,Rattus tiomanicus,977033,False
rattus_tunneyi,Rattus tunneyi,Rodentia,Muridae,169.29,22.29,5.34,,,,,Rattus tunneyi,794935,False
rattus_vandeuseni,Rattus vandeuseni,Rodentia,Muridae,67.24,,2.15,,,2.0,,Rattus vandeuseni,3608866,False
rattus_verecundus,Rattus verecundus,Rodentia,Muridae,97.02,23.72,2.15,19.5,0.001058952,2.0,,Rattus verecundus,690698,False
rattus_villosissimus,Rattus villosissimus,Rodentia,Muridae,221.76,,,,,,,Rattus villosissimus,794932,False
ratufa_affinis,Ratufa affinis,Rodentia,Sciuridae,1155.82,,,,,2.0,,Ratufa affinis,1054154,False
ratufa_bicolor,Ratufa bicolor,Rodentia,Sciuridae,1609.08,31.5,1.5,68.2,,2.0,121.0,Ratufa bicolor,1054150,False
ratufa_indica,Ratufa indica,Rodentia,Sciuridae,1060.0,83.64,,,,2.0,,Ratufa indica,3609171,False
ratufa_macroura,Ratufa macroura,Rodentia,Sciuridae,1326.24,28.0,3.49,62.99,,2.0,,Ratufa macroura,3609170,False
redunca_arundinum,Redunca arundinum,Artiodactyla,Bovidae,58059.24,220.52,0.98,,,1.0,201.0,Redunca arundinum,1090930,False
redunca_fulvorufula,Redunca fulvorufula,Artiodactyla,Bovidae,29352.66,222.99,,82.12,0.07,1.0,147.96,Redunca fulvorufula,1090928,False
redunca_redunca,Redunca redunca,Artiodactyla,Bovidae,43288.95,228.12,1.0,,,1.0,216.0,Redunca redunca,1090935,False
reithrodon_auritus,Reithrodon auritus,Rodentia,Cricetidae,79.73,,3.4,,,1.0,66.0,Reithrodon auritus,91076,False
reithrodontomys_brevirostris,Reithrodontomys brevirostris,Rodentia,Cricetidae,12.9,,3.4,,,,,Reithrodontomys brevirostris,771977,False
reithrodontomys_burti,Reithrodontomys burti,Rodentia,Cricetidae,20.0,,,,,,,Reithrodontomys burti,3608383,False
reithrodontomys_chrysopsis,Reithrodontomys chrysopsis,Rodentia,Cricetidae,19.0,,3.4,,,,,Reithrodontomys chrysopsis,222512,False
reithrodontomys_creper,Reithrodontomys creper,Rodentia,Cricetidae,22.8,,2.21,,,,,Reithrodontomys creper,222519,False
reithrodontomys_darienensis,Reithrodontomys darienensis,Rodentia,Cricetidae,12.99,,3.88,,,,,Reithrodontomys darienensis,3608381,False
reithrodontomys_fulvescens,Reithrodontomys fulvescens,Rodentia,Cricetidae,11.55,,3.76,14.44,0.001343843,2.0,,Reithrodontomys fulvescens,39181,False
reithrodontomys_gracilis,Reithrodontomys gracilis,Rodentia,Cricetidae,12.47,,3.11,,,,,Reithrodontomys gracilis,52082,False
reithrodontomys_hirsutus,Reithrodontomys hirsutus,Rodentia,Cricetidae,20.0,,3.88,,,,,Reithrodontomys hirsutus,222510,False
reithrodontomys_humulis,Reithrodontomys humulis,Rodentia,Cricetidae,8.25,21.26,2.99,20.92,0.003188291,2.0,26.89,Reithrodontomys humulis,208414,False
reithrodontomys_megalotis,Reithrodontomys megalotis,Rodentia,Cricetidae,10.72,23.5,4.18,20.0,0.001008937,,18.0,Reithrodontomys megalotis,732037,False
reithrodontomys_mexicanus,Reithrodontomys mexicanus,Rodentia,Cricetidae,15.71,,2.91,,,,,Reithrodontomys mexicanus,682664,False
reithrodontomys_microdon,Reithrodontomys microdon,Rodentia,Cricetidae,20.0,,,,,,,Reithrodontomys microdon,52080,False
reithrodontomys_montanus,Reithrodontomys montanus,Rodentia,Cricetidae,10.9,21.0,3.94,14.0,0.002290248,2.0,,Reithrodontomys montanus,208412,False
reithrodontomys_raviventris,Reithrodontomys raviventris,Rodentia,Cricetidae,10.95,22.5,3.88,,0.001664605,1.0,31.0,Reithrodontomys raviventris,208418,False
reithrodontomys_spectabilis,Reithrodontomys spectabilis,Rodentia,Cricetidae,20.19,,,,,,,Reithrodontomys spectabilis,222517,False
reithrodontomys_sumichrasti,Reithrodontomys sumichrasti,Rodentia,Cricetidae,19.0,,3.49,,,,,Reithrodontomys sumichrasti,770864,False
reithrodontomys_tenuirostris,Reithrodontomys tenuirostris,Rodentia,Cricetidae,20.0,,,,,,,Reithrodontomys tenuirostris,222514,False
rhagomys_rufescens,Rhagomys rufescens,Rodentia,Cricetidae,21.2,,,,,,,Rhagomys rufescens,267561,False
rheithrosciurus_macrotis,Rheithrosciurus macrotis,Rodentia,Sciuridae,1353.27,,,,,,,Rheithrosciurus macrotis,477824,False
rheomys_mexicanus,Rheomys mexicanus,Rodentia,Cricetidae,40.0,,,,,3.0,,Rheomys mexicanus,3608223,False
rheomys_raptor,Rheomys raptor,Rodentia,Cricetidae,38.0,,0.97,,,,,Rheomys raptor,38053,False
rheomys_thomasi,Rheomys thomasi,Rodentia,Cricetidae,40.0,,0.97,,,3.0,,Rheomys thomasi,1027423,False
rhinoceros_sondaicus,Rhinoceros sondaicus,Perissodactyla,Rhinocerotidae,1750000.0,486.66,1.0,509.21,,1.0,480.0,Rhinoceros sondaicus,668145,False
rhinoceros_unicornis,Rhinoceros unicornis,Perissodactyla,Rhinocerotidae,1843655.8,478.99,1.41,339.47,4.23,1.0,588.0,Rhinoceros unicornis,1087496,False
rhinolophus_acuminatus,Rhinolophus acuminatus,Chiroptera,Rhinolophidae,12.1,,1.0,,,3.0,,Rhinolophus acuminatus,1094798,False
rhinolophus_affinis,Rhinolophus affinis,Chiroptera,Rhinolophidae,13.7,,0.99,,,3.0,,Rhinolophus affinis,867408,False
rhinolophus_alcyone,Rhinolophus alcyone,Chiroptera,Rhinolophidae,18.62,,0.98,,,,,Rhinolophus alcyone,597927,False
rhinolophus_arcuatus,Rhinolophus arcuatus,Chiroptera,Rhinolophidae,8.98,,,,,3.0,,Rhinolophus arcuatus,1052593,False
rhinolophus_blasii,Rhinolophus blasii,Chiroptera,Rhinolophidae,10.29,91.24,,,,3.0,,Rhinolophus blasii,766065,False
rhinolophus_bocharicus,Rhinolophus bocharicus,Chiroptera,Rhinolophidae,15.05,,,,,,,Rhinolophus bocharicus,3614099,False
rhinolophus_capensis,Rhinolophus capensis,Chiroptera,Rhinolophidae,12.87,107.97,0.99,60.41,,,,Rhinolophus capensis,787393,False
rhinolophus_coelophyllus,Rhinolophus coelophyllus,Chiroptera,Rhinolophidae,7.07,,,,,3.0,,Rhinolophus coelophyllus,180053,False
rhinolophus_cornutus,Rhinolophus cornutus,Chiroptera,Rhinolophidae,7.27,,1.0,41.85,,3.0,,Rhinolophus cornutus,423033,False
rhinolophus_darlingi,Rhinolophus darlingi,Chiroptera,Rhinolophidae,8.94,,1.96,,,,,Rhinolophus darlingi,756659,False
rhinolophus_denti,Rhinolophus denti,Chiroptera,Rhinolophidae,6.3,,,,,,,Rhinolophus denti,759458,False
rhinolophus_eloquens,Rhinolophus eloquens,Chiroptera,Rhinolophidae,19.15,,,,,3.0,,Rhinolophus eloquens,766060,False
rhinolophus_euryale,Rhinolophus euryale,Chiroptera,Rhinolophidae,9.25,92.54,1.0,105.72,,,,Rhinolophus euryale,353435,False
rhinolophus_euryotis,Rhinolophus euryotis,Chiroptera,Rhinolophidae,14.3,,,,,3.0,,Rhinolophus euryotis,1052591,False
rhinolophus_ferrumequinum,Rhinolophus ferrumequinum,Chiroptera,Rhinolophidae,22.59,91.24,0.98,45.87,,3.0,360.0,Rhinolophus ferrumequinum,867388,False
rhinolophus_fumigatus,Rhinolophus fumigatus,Chiroptera,Rhinolophidae,13.09,92.54,0.99,60.41,,3.0,,Rhinolophus fumigatus,263942,False
rhinolophus_hildebrandtii,Rhinolophus hildebrandtii,Chiroptera,Rhinolophidae,25.99,92.54,0.99,,,3.0,,Rhinolophus hildebrandti,263944,True
rhinolophus_hilli,Rhinolophus hilli,Chiroptera,Rhinolophidae,13.6,,,,,,,Rhinolophus hilli,3614098,False
rhinolophus_hipposideros,Rhinolophus hipposideros,Chiroptera,Rhinolophidae,4.57,75.51,1.0,33.2,,3.0,252.0,Rhinolophus hipposideros,610867,False
rhinolophus_inops,Rhinolophus inops,Chiroptera,Rhinolophidae,13.65,,,,,3.0,,Rhinolophus inops,656410,False
rhinolophus_keyensis,Rhinolophus keyensis,Chiroptera,Rhinolophidae,6.26,,1.0,,,,,Rhinolophus keyensis,3614111,False
rhinolophus_landeri,Rhinolophus landeri,Chiroptera,Rhinolophidae,9.39,119.61,0.99,60.41,,3.0,,Rhinolophus landeri,766062,False
rhinolophus_lepidus,Rhinolophus lepidus,Chiroptera,Rhinolophidae,5.46,,1.0,,,3.0,,Rhinolophus lepidus,217411,False
rhinolophus_luctus,Rhinolophus luctus,Chiroptera,Rhinolophidae,34.07,,0.99,,,3.0,,Rhinolophus luctus,662128,False
rhinolophus_macrotis,Rhinolophus macrotis,Chiroptera,Rhinolophidae,6.18,,0.98,,,3.0,,Rhinolophus macrotis,665410,False
rhinolophus_malayanus,Rhinolophus malayanus,Chiroptera,Rhinolophidae,6.73,,,,,3.0,,Rhinolophus malayanus,156758,False
rhinolophus_marshalli,Rhinolophus marshalli,Chiroptera,Rhinolophidae,5.02,,,,,3.0,,Rhinolophus marshalli,657546,False
rhinolophus_megaphyllus,Rhinolophus megaphyllus,Chiroptera,Rhinolophidae,10.17,125.14,1.0,57.22,,3.0,,Rhinolophus megaphyllus,1052598,False
rhinolophus_mehelyi,Rhinolophus mehelyi,Chiroptera,Rhinolophidae,14.03,,,,,3.0,,Rhinolophus mehelyi,626350,False
rhinolophus_paradoxolophus,Rhinolophus paradoxolophus,Chiroptera,Rhinolophidae,8.17,,,,,3.0,,Rhinolophus paradoxolophus,460792,False
rhinolophus_pearsonii,Rhinolophus pearsonii,Chiroptera,Rhinolophidae,11.55,,,,,3.0,,Rhinolophus pearsonii,217409,False
rhinolophus_philippinensis,Rhinolophus philippinensis,Chiroptera,Rhinolophidae,10.91,,,,,3.0,,Rhinolophus philippinensis,1052596,False
rhinolophus_pusillus,Rhinolophus pusillus,Chiroptera,Rhinolophidae,5.15,,1.0,,,3.0,,Rhinolophus pusillus,678436,False
rhinolophus_robinsoni,Rhinolophus robinsoni,Chiroptera,Rhinolophidae,8.54,,,,,3.0,,Rhinolophus robinsoni,505797,False
rhinolophus_rouxii,Rhinolophus rouxii,Chiroptera,Rhinolophidae,12.25,123.54,0.99,59.42,,3.0,60.0,Rhinolophus rouxii,1047994,False
rhinolophus_sedulus,Rhinolophus sedulus,Chiroptera,Rhinolophidae,8.74,,,,,3.0,,Rhinolophus sedulus,190915,False
rhinolophus_shameli,Rhinolophus shameli,Chiroptera,Rhinolophidae,9.61,,,,,3.0,,Rhinolophus shameli,155030,False
rhinolophus_simulator,Rhinolophus simulator,Chiroptera,Rhinolophidae,8.13,91.24,0.99,,,3.0,,Rhinolophus simulator,37373,False
rhinolophus_stheno,Rhinolophus stheno,Chiroptera,Rhinolophidae,7.92,,0.98,,,3.0,,Rhinolophus stheno,327527,False
rhinolophus_swinnyi,Rhinolophus swinnyi,Chiroptera,Rhinolophidae,7.07,91.24,0.98,,,,,Rhinolophus swinnyi,155028,False
rhinolophus_thomasi,Rhinolophus thomasi,Chiroptera,Rhinolophidae,8.26,,,,,3.0,,Rhinolophus thomasi,657548,False
rhinolophus_trifoliatus,Rhinolophus trifoliatus,Chiroptera,Rhinolophidae,15.16,,,,,3.0,,Rhinolophus trifoliatus,863506,False
rhinolophus_virgo,Rhinolophus virgo,Chiroptera,Rhinolophidae,6.06,,,,,3.0,,Rhinolophus virgo,624281,False
rhinolophus_yunanensis,Rhinolophus yunanensis,Chiroptera,Rhinolophidae,19.33,,,,,3.0,,Rhinolophus yunanensis,3614113,False
rhinonicteris_aurantia,Rhinonicteris aurantia,Chiroptera,Hipposideridae,8.99,148.4,1.0,59.99,,3.0,,Rhinonicteris aurantia,798260,False
rhinophylla_fischerae,Rhinophylla fischerae,Chiroptera,Phyllostomidae,9.6,,0.98,,,1.0,,Rhinophylla fischerae,546395,False
rhinophylla_pumilio,Rhinophylla pumilio,Chiroptera,Phyllostomidae,9.58,,0.98,,,1.0,,Rhinophylla pumilio,546394,False
rhinopithecus_avunculus,Rhinopithecus avunculus,Primates,Cercopithecidae,9086.19,200.0,1.0,,,,,Rhinopithecus avunculus,514757,False
rhinopithecus_bieti,Rhinopithecus bieti,Primates,Cercopithecidae,11000.54,170.0,,,20.4,2.0,,Rhinopithecus bieti,77080,False
rhinopithecus_brelichi,Rhinopithecus brelichi,Primates,Cercopithecidae,12267.15,200.0,1.0,,7.41,1.0,,Rhinopithecus brelichi,1068677,False
rhinopithecus_roxellana,Rhinopithecus roxellana,Primates,Cercopithecidae,13456.8,199.34,1.0,,24.28,1.0,,Rhinopithecus roxellana,77083,False
rhinopoma_hardwickii,Rhinopoma hardwickii,Chiroptera,Rhinopomatidae,13.1,98.28,0.99,52.04,,3.0,,Rhinopoma hardwickii,267981,False
rhinopoma_microphyllum,Rhinopoma microphyllum,Chiroptera,Rhinopomatidae,28.02,114.87,1.0,31.3,,3.0,,Rhinopoma microphyllum,971918,False
rhinopoma_muscatellum,Rhinopoma muscatellum,Chiroptera,Rhinopomatidae,9.13,,,,,3.0,,Rhinopoma muscatellum,971915,False
rhinosciurus_laticaudatus,Rhinosciurus laticaudatus,Rodentia,Sciuridae,230.3,,1.39,,,2.0,,Rhinosciurus laticaudatus,149980,False
rhipidomys_austrinus,Rhipidomys austrinus,Rodentia,Cricetidae,89.0,,,,,,,Rhipidomys austrinus,3608277,False
rhipidomys_fulviventer,Rhipidomys fulviventer,Rodentia,Cricetidae,89.0,,,,,,,Rhipidomys fulviventer,3608268,False
rhipidomys_latimanus,Rhipidomys latimanus,Rodentia,Cricetidae,57.5,,,,,2.0,,Rhipidomys latimanus,7067305,False
rhipidomys_macconnelli,Rhipidomys macconnelli,Rodentia,Cricetidae,41.59,,,,,,,Rhipidomys macconnelli,770862,False
rhipidomys_nitela,Rhipidomys nitela,Rodentia,Cricetidae,89.0,,,,,,,Rhipidomys nitela,225511,False
rhipidomys_ochrogaster,Rhipidomys ochrogaster,Rodentia,Cricetidae,89.0,,,,,,,Rhipidomys ochrogaster,3608271,False
rhipidomys_venezuelae,Rhipidomys venezuelae,Rodentia,Cricetidae,89.99,,,,,,,Rhipidomys venezuelae,3608272,False
rhipidomys_venustus,Rhipidomys venustus,Rodentia,Cricetidae,89.0,,,,,,,Rhipidomys venustus,7067308,False
rhipidomys_wetzeli,Rhipidomys wetzeli,Rodentia,Cricetidae,89.0,,,,,,,Rhipidomys wetzeli,770858,False
rhizomys_pruinosus,Rhizomys pruinosus,Rodentia,Spalacidae,2450.0,,3.0,120.75,,,,Rhizomys pruinosus,964579,False
rhizomys_sumatrensis,Rhizomys sumatrensis,Rodentia,Spalacidae,2500.0,21.99,4.0,69.25,,,,Rhizomys sumatrensis,3608574,False
rhogeessa_minutilla,Rhogeessa minutilla,Chiroptera,Vespertilionidae,3.75,,,,,,,Rhogeessa minutilla,3613895,False
rhogeessa_parvula,Rhogeessa parvula,Chiroptera,Vespertilionidae,4.37,,1.98,,,3.0,,Rhogeessa parvula,76914,False
rhogeessa_tumida,Rhogeessa tumida,Chiroptera,Vespertilionidae,4.58,,1.4,,,3.0,,Rhogeessa tumida,76917,False
rhynchocyon_chrysopygus,Rhynchocyon chrysopygus,Macroscelidea,Macroscelididae,535.2,42.27,1.22,14.0,0.02,3.0,48.0,Rhynchocyon chrysopygus,340418,False
rhynchocyon_cirnei,Rhynchocyon cirnei,Macroscelidea,Macroscelididae,424.92,,1.93,,,3.0,,Rhynchocyon cirnei,627114,False
rhynchocyon_petersi,Rhynchocyon petersi,Macroscelidea,Macroscelididae,423.99,,1.93,,,,,Rhynchocyon petersi,940522,False
rhynchogale_melleri,Rhynchogale melleri,Carnivora,Herpestidae,2240.33,,2.0,,,2.0,,Rhynchogale melleri,901607,False
rhyncholestes_raphanurus,Rhyncholestes raphanurus,Paucituberculata,Caenolestidae,21.94,,,,,2.0,,Rhyncholestes raphanurus,44551,False
rhynchomys_isarogensis,Rhynchomys isarogensis,Rodentia,Muridae,122.29,,,,,3.0,,Rhynchomys isarogensis,359219,False
rhynchonycteris_naso,Rhynchonycteris naso,Chiroptera,Emballonuridae,4.14,,0.99,70.86,,3.0,,Rhynchonycteris naso,75166,False
romerolagus_diazi,Romerolagus diazi,Lagomorpha,Leporidae,465.58,39.26,2.1,28.71,,1.0,,Romerolagus diazi,923736,False
rousettus_aegyptiacus,Rousettus aegyptiacus,Chiroptera,Pteropodidae,134.0,123.39,1.07,105.0,,1.0,274.8,Rousettus aegyptiacus,813034,False
rousettus_amplexicaudatus,Rousettus amplexicaudatus,Chiroptera,Pteropodidae,74.37,101.38,0.99,86.16,,1.0,,Rousettus amplexicaudatus,164530,False
rousettus_celebensis,Rousettus celebensis,Chiroptera,Pteropodidae,63.07,,1.0,,,,,Rousettus celebensis,665999,False
rousettus_lanosus,Rousettus lanosus,Chiroptera,Pteropodidae,104.78,,,,,,,Rousettus lanosus,37738,False
rousettus_leschenaultii,Rousettus leschenaultii,Chiroptera,Pteropodidae,84.88,121.66,1.01,52.34,,2.0,,Rousettus leschenaultii,813050,False
rousettus_madagascariensis,Rousettus madagascariensis,Chiroptera,Pteropodidae,65.72,126.88,1.22,,,1.0,,Rousettus madagascariensis,37736,False
rousettus_obliviosus,Rousettus obliviosus,Chiroptera,Pteropodidae,45.32,,0.98,,,,,Rousettus obliviosus,20425,False
rousettus_spinalatus,Rousettus spinalatus,Chiroptera,Pteropodidae,92.32,,1.0,,,,,Rousettus spinalatus,146354,False
rucervus_duvaucelii,Rucervus duvaucelii,Artiodactyla,Cervidae,171223.86,245.0,1.0,,14.11,1.0,,Rucervus duvaucelii,504972,False
rucervus_eldii,Rucervus eldii,Artiodactyla,Cervidae,95471.61,240.19,1.01,220.26,,1.0,232.8,Rucervus eldii,438453,False
rupicapra_pyrenaica,Rupicapra pyrenaica,Artiodactyla,Bovidae,29999.99,,,,,,,Rupicapra pyrenaica,698621,False
rupicapra_rupicapra,Rupicapra rupicapra,Artiodactyla,Bovidae,33266.35,178.32,1.0,76.04,2.65,1.0,264.0,Rupicapra rupicapra,798039,False
rusa_alfredi,Rusa alfredi,Artiodactyla,Cervidae,46475.04,243.33,,,,,,Rusa alfredi,543086,False
rusa_marianna,Rusa marianna,Artiodactyla,Cervidae,49457.61,,,,,,,Rusa marianna,3611921,False
rusa_timorensis,Rusa timorensis,Artiodactyla,Cervidae,66375.5,250.29,1.0,227.47,,1.0,,Rusa timorensis,1069421,False
rusa_unicolor,Rusa unicolor,Artiodactyla,Cervidae,177522.9,246.0,1.0,,,1.0,317.04,Rusa unicolor,844145,False
ruwenzorisorex_suncoides,Ruwenzorisorex suncoides,Soricomorpha,Soricidae,18.2,,,,,,,Ruwenzorisorex suncoides,825207,False
saccolaimus_flaviventris,Saccolaimus flaviventris,Chiroptera,Emballonuridae,45.25,,,,,,,Saccolaimus flaviventris,468429,False
saccolaimus_peli,Saccolaimus peli,Chiroptera,Emballonuridae,53.35,,1.0,,,,,Saccolaimus peli,3613549,False
saccolaimus_saccolaimus,Saccolaimus saccolaimus,Chiroptera,Emballonuridae,43.0,,1.0,,,3.0,,Saccolaimus saccolaimus,505799,False
saccopteryx_bilineata,Saccopteryx bilineata,Chiroptera,Emballonuridae,8.08,,0.99,59.99,,3.0,,Saccopteryx bilineata,190912,False
saccopteryx_canescens,Saccopteryx canescens,Chiroptera,Emballonuridae,3.41,,1.0,,,3.0,,Saccopteryx canescens,232381,False
saccostomus_campestris,Saccostomus campestris,Rodentia,Nesomyidae,50.33,20.84,6.75,28.97,,2.0,33.6,Saccostomus campestris,53782,False
saccostomus_mearnsi,Saccostomus mearnsi,Rodentia,Nesomyidae,64.91,,5.75,,0.001303656,2.0,,Saccostomus mearnsi,3608527,False
saguinus_bicolor,Saguinus bicolor,Primates,Cebidae,465.0,158.16,2.0,,,2.0,,Saguinus bicolor,254273,False
saguinus_fuscicollis,Saguinus fuscicollis,Primates,Cebidae,393.99,148.0,1.83,90.1,0.2,2.0,294.0,Saguinus fuscicollis,1015238,False
saguinus_geoffroyi,Saguinus geoffroyi,Primates,Cebidae,492.5,,1.97,,0.16,2.0,,Saguinus geoffroyi,235534,False
saguinus_imperator,Saguinus imperator,Primates,Cebidae,407.91,,,,0.22,2.0,242.4,Saguinus imperator,489221,False
saguinus_inustus,Saguinus inustus,Primates,Cebidae,803.0,,,,,,,Saguinus inustus,765147,False
saguinus_labiatus,Saguinus labiatus,Primates,Cebidae,508.46,144.16,1.84,,0.19,,,Saguinus labiatus,68899,False
saguinus_leucopus,Saguinus leucopus,Primates,Cebidae,456.68,142.5,2.0,,,2.0,,Saguinus leucopus,920962,False
saguinus_midas,Saguinus midas,Primates,Cebidae,540.56,138.24,2.02,69.6,0.05,2.0,184.8,Saguinus midas,532397,False
saguinus_mystax,Saguinus mystax,Primates,Cebidae,555.87,148.28,1.93,,0.21,2.0,,Saguinus mystax,1015219,False
saguinus_nigricollis,Saguinus nigricollis,Primates,Cebidae,450.0,,1.82,82.53,0.25,,182.4,Saguinus nigricollis,1015216,False
saguinus_oedipus,Saguinus oedipus,Primates,Cebidae,462.04,166.49,1.9,49.85,0.06,2.0,277.2,Saguinus oedipus,489218,False
saguinus_tripartitus,Saguinus tripartitus,Primates,Cebidae,385.05,,,,,,,Saguinus tripartitus,394176,False
saiga_tatarica,Saiga tatarica,Artiodactyla,Bovidae,37734.01,148.49,1.5,83.64,,1.0,144.0,Saiga tatarica,274566,False
saimiri_boliviensis,Saimiri boliviensis,Primates,Cebidae,799.45,157.79,1.02,,,,,Saimiri boliviensis,977385,False
saimiri_oerstedii,Saimiri oerstedii,Primates,Cebidae,714.18,161.0,1.01,362.93,0.1,2.0,,Saimiri oerstedii,4337,False
saimiri_sciureus,Saimiri sciureus,Primates,Cebidae,749.47,164.09,1.0,177.41,0.68,2.0,324.0,Saimiri sciureus,842875,False
saimiri_ustus,Saimiri ustus,Primates,Cebidae,886.47,,1.02,238.64,,,,Saimiri ustus,455668,False
saimiri_vanzolinii,Saimiri vanzolinii,Primates,Cebidae,783.77,,1.02,,,,,Saimiri vanzolinii,3607558,False
salanoia_concolor,Salanoia concolor,Carnivora,Eupleridae,711.49,,,,,2.0,57.6,Salanoia concolor,527118,False
sarcophilus_harrisii,Sarcophilus harrisii,Dasyuromorphia,Dasyuridae,8202.25,21.0,2.88,243.33,,3.0,98.4,Sarcophilus harrisii,948469,False
sauromys_petrophilus,Sauromys petrophilus,Chiroptera,Molossidae,14.25,,,,,,,Sauromys petrophilus,1015513,False
scalopus_aquaticus,Scalopus aquaticus,Soricomorpha,Talpidae,87.15,41.99,3.89,30.18,0.005706842,2.0,74.4,Scalopus aquaticus,1088414,False
scapanus_latimanus,Scapanus latimanus,Soricomorpha,Talpidae,62.46,40.0,3.49,,,3.0,36.0,Scapanus latimanus,799581,False
scapanus_orarius,Scapanus orarius,Soricomorpha,Talpidae,62.13,40.0,3.24,,0.001058952,2.0,36.0,Scapanus orarius,799582,False
scapteromys_tumidus,Scapteromys tumidus,Rodentia,Cricetidae,146.0,,3.63,,,3.0,,Scapteromys tumidus,822530,False
sciurillus_pusillus,Sciurillus pusillus,Rodentia,Sciuridae,34.91,,1.94,,,1.0,,Sciurillus pusillus,580354,False
sciurus_aberti,Sciurus aberti,Rodentia,Sciuridae,622.95,40.98,3.2,69.73,0.05,2.0,,Sciurus aberti,866980,False
sciurus_aestuans,Sciurus aestuans,Rodentia,Sciuridae,177.34,,,,,2.0,,Sciurus aestuans,160623,False
sciurus_alleni,Sciurus alleni,Rodentia,Sciuridae,465.14,,3.0,,,2.0,,Sciurus alleni,3609001,False
sciurus_arizonensis,Sciurus arizonensis,Rodentia,Sciuridae,646.99,,3.09,,,1.0,,Sciurus arizonensis,3609016,False
sciurus_aureogaster,Sciurus aureogaster,Rodentia,Sciuridae,455.57,,1.94,,0.01,1.0,,Sciurus aureogaster,3608999,False
sciurus_carolinensis,Sciurus carolinensis,Rodentia,Sciuridae,545.4,44.79,2.98,69.47,0.008569038,2.0,288.0,Sciurus carolinensis,410925,False
sciurus_colliaei,Sciurus colliaei,Rodentia,Sciuridae,498.0,,2.66,,,1.0,,Sciurus colliaei,3609006,False
sciurus_deppei,Sciurus deppei,Rodentia,Sciuridae,249.5,,2.91,,0.01,1.0,,Sciurus deppei,3609000,False
sciurus_gilvigularis,Sciurus gilvigularis,Rodentia,Sciuridae,803.0,,,,,,,Sciurus gilvigularis,3609005,False
sciurus_granatensis,Sciurus granatensis,Rodentia,Sciuridae,318.44,,1.9,,0.007784702,2.0,,Sciurus granatensis,376988,False
sciurus_griseus,Sciurus griseus,Rodentia,Sciuridae,703.85,43.49,2.65,,0.008025903,1.0,,Sciurus griseus,964567,False
sciurus_ignitus,Sciurus ignitus,Rodentia,Sciuridae,190.0,,,,,2.0,,Sciurus ignitus,376991,False
sciurus_igniventris,Sciurus igniventris,Rodentia,Sciuridae,700.0,,,,,1.0,,Sciurus igniventris,3609013,False
sciurus_lis,Sciurus lis,Rodentia,Sciuridae,264.3,,,,0.13,,,Sciurus lis,384216,False
sciurus_nayaritensis,Sciurus nayaritensis,Rodentia,Sciuridae,697.0,,2.43,,,1.0,,Sciurus nayaritensis,3609014,False
sciurus_oculatus,Sciurus oculatus,Rodentia,Sciuridae,649.98,,,,,,,Sciurus oculatus,3609008,False
sciurus_pucheranii,Sciurus pucheranii,Rodentia,Sciuridae,803.0,,,,,,,Sciurus pucheranii,3609009,False
sciurus_pyrrhinus,Sciurus pyrrhinus,Rodentia,Sciuridae,482.0,,,,,,,Sciurus pyrrhinus,3609015,False
sciurus_richmondi,Sciurus richmondi,Rodentia,Sciuridae,237.51,,2.59,,,,,Sciurus richmondi,3609004,False
sciurus_sanborni,Sciurus sanborni,Rodentia,Sciuridae,136.0,,,,,,,Sciurus sanborni,3609007,False
sciurus_spadiceus,Sciurus spadiceus,Rodentia,Sciuridae,403.32,,,,,1.0,,Sciurus spadiceus,3609011,False
sciurus_stramineus,Sciurus stramineus,Rodentia,Sciuridae,433.3,,,,,,,Sciurus stramineus,532299,False
sciurus_variegatoides,Sciurus variegatoides,Rodentia,Sciuridae,485.0,,4.99,,,2.0,,Sciurus variegatoides,376993,False
sciurus_vulgaris,Sciurus vulgaris,Rodentia,Sciuridae,333.0,38.0,4.5,64.51,0.05,2.0,144.0,Sciurus vulgaris,286193,False
sciurus_yucatanensis,Sciurus yucatanensis,Rodentia,Sciuridae,225.0,,3.0,,,1.0,,Sciurus yucatanensis,3609017,False
scleronycteris_ega,Scleronycteris ega,Chiroptera,Phyllostomidae,49.54,,,,,,,Scleronycteris ega,3613623,False
scolomys_melanops,Scolomys melanops,Rodentia,Cricetidae,26.5,,,,,,,Scolomys melanops,55304,False
scolomys_ucayalensis,Scolomys ucayalensis,Rodentia,Cricetidae,26.5,,,,,,,Scolomys ucayalensis,687041,False
scoteanax_rueppellii,Scoteanax rueppellii,Chiroptera,Vespertilionidae,26.41,,1.0,,,,,Scoteanax rueppellii,3613887,False
scotinomys_teguina,Scotinomys teguina,Rodentia,Cricetidae,11.59,31.2,2.46,21.0,,2.0,,Scotinomys teguina,91079,False
scotinomys_xerampelinus,Scotinomys xerampelinus,Rodentia,Cricetidae,15.07,33.53,3.08,24.5,,,,Scotinomys xerampelinus,770856,False
scotoecus_albigula,Scotoecus albigula,Chiroptera,Vespertilionidae,10.08,,,,,,,Scotoecus albigula,3613728,False
scotoecus_albofuscus,Scotoecus albofuscus,Chiroptera,Vespertilionidae,4.5,,,,,,,Scotoecus albofuscus,3613732,False
scotoecus_hindei,Scotoecus hindei,Chiroptera,Vespertilionidae,10.41,,,,,,,Scotoecus hindei,3613731,False
scotoecus_hirundo,Scotoecus hirundo,Chiroptera,Vespertilionidae,8.45,,1.96,,,,,Scotoecus hirundo,759715,False
scotomanes_ornatus,Scotomanes ornatus,Chiroptera,Vespertilionidae,22.24,,,,,,,Scotomanes ornatus,759645,False
scotonycteris_ophiodon,Scotonycteris ophiodon,Chiroptera,Pteropodidae,69.42,,0.98,,,,,Scotonycteris ophiodon,3613529,False
scotonycteris_zenkeri,Scotonycteris zenkeri,Chiroptera,Pteropodidae,21.3,,0.99,,,,,Scotonycteris zenkeri,60265,False
scotophilus_borbonicus,Scotophilus borbonicus,Chiroptera,Vespertilionidae,19.02,185.3,2.0,,,,,Scotophilus borbonicus,759752,False
scotophilus_dinganii,Scotophilus dinganii,Chiroptera,Vespertilionidae,25.12,,2.2,,,3.0,,Scotophilus dinganii,759739,False
scotophilus_heathii,Scotophilus heathii,Chiroptera,Vespertilionidae,36.13,112.7,1.92,19.17,,3.0,,Scotophilus heathii,878673,False
scotophilus_leucogaster,Scotophilus leucogaster,Chiroptera,Vespertilionidae,20.24,228.12,1.38,,,3.0,,Scotophilus leucogaster,127240,False
scotophilus_nigrita,Scotophilus nigrita,Chiroptera,Vespertilionidae,27.34,,1.5,,,3.0,,Scotophilus nigrita,883607,False
scotophilus_nux,Scotophilus nux,Chiroptera,Vespertilionidae,30.0,,,,,,,Scotophilus nux,759736,False
scotophilus_viridis,Scotophilus viridis,Chiroptera,Vespertilionidae,19.81,,2.0,,,3.0,,Scotophilus viridis,819861,False
scotorepens_balstoni,Scotorepens balstoni,Chiroptera,Vespertilionidae,11.92,212.91,1.41,44.58,,,,Scotorepens balstoni,3613883,False
scotorepens_greyii,Scotorepens greyii,Chiroptera,Vespertilionidae,10.0,,,,,,,Scotorepens greyii,3613884,False
scotorepens_orion,Scotorepens orion,Chiroptera,Vespertilionidae,11.83,,,,,,,Scotorepens orion,3614174,False
scotorepens_sanborni,Scotorepens sanborni,Chiroptera,Vespertilionidae,8.13,,,,,,,Scotorepens sanborni,3613886,False
scotozous_dormeri,Scotozous dormeri,Chiroptera,Vespertilionidae,6.79,,1.08,,,,,Scotozous dormeri,3613855,False
scutisorex_somereni,Scutisorex somereni,Soricomorpha,Soricidae,91.49,,1.85,,,,,Scutisorex somereni,825200,False
sekeetamys_calurus,Sekeetamys calurus,Rodentia,Muridae,56.61,,2.9,,,,64.8,Sekeetamys calurus,404786,False
selevinia_betpakdalaensis,Selevinia betpakdalaensis,Rodentia,Gliridae,17.12,,6.9,,,3.0,,Selevinia betpakdalaensis,3610934,False
semnopithecus_entellus,Semnopithecus entellus,Primates,Cercopithecidae,12679.29,197.7,1.02,402.1,1.3,1.0,300.0,Semnopithecus entellus,276589,False
semnopithecus_hypoleucos,Semnopithecus hypoleucos,Primates,Cercopithecidae,10026.65,,,,,,,Semnopithecus hypoleucos,3607623,False
setifer_setosus,Setifer setosus,Afrosoricida,Tenrecidae,263.22,57.63,3.24,25.22,,2.0,126.0,Setifer setosus,542059,False
setonix_brachyurus,Setonix brachyurus,Diprotodontia,Macropodidae,3027.67,27.89,1.0,308.24,,1.0,144.0,Setonix brachyurus,733444,False
sicista_betulina,Sicista betulina,Rodentia,Dipodidae,8.92,31.5,5.29,31.21,,,48.0,Sicista betulina,1052919,False
sicista_napaea,Sicista napaea,Rodentia,Dipodidae,10.0,20.0,3.49,,,2.0,,Sicista napaea,3608080,False
sicista_subtilis,Sicista subtilis,Rodentia,Dipodidae,11.75,,,,,,,Sicista subtilis,3608079,False
sigmodon_alleni,Sigmodon alleni,Rodentia,Cricetidae,174.09,36.5,,,,,,Sigmodon alleni,208422,False
sigmodon_alstoni,Sigmodon alstoni,Rodentia,Cricetidae,55.7,,5.18,,,1.0,,Sigmodon alstoni,489625,False
sigmodon_arizonae,Sigmodon arizonae,Rodentia,Cricetidae,198.0,,,,,,,Sigmodon arizonae,208420,False
sigmodon_fulviventer,Sigmodon fulviventer,Rodentia,Cricetidae,195.94,36.5,7.5,,,,,Sigmodon fulviventer,646440,False
sigmodon_inopinatus,Sigmodon inopinatus,Rodentia,Cricetidae,140.5,,,,,,,Sigmodon inopinatus,3608205,False
sigmodon_leucotis,Sigmodon leucotis,Rodentia,Cricetidae,131.78,34.99,,,,,,Sigmodon leucotis,1067876,False
sigmodon_mascotensis,Sigmodon mascotensis,Rodentia,Cricetidae,120.0,,,,,,,Sigmodon mascotensis,576098,False
sigmodon_ochrognathus,Sigmodon ochrognathus,Rodentia,Cricetidae,122.0,34.59,3.0,15.0,0.001664175,,,Sigmodon ochrognathus,39197,False
simias_concolor,Simias concolor,Primates,Cercopithecidae,7393.9,,1.02,,0.1,1.0,,Simias concolor,621138,False
sminthopsis_aitkeni,Sminthopsis aitkeni,Dasyuromorphia,Dasyuridae,22.5,,,,,,,Sminthopsis aitkeni,840789,False
sminthopsis_archeri,Sminthopsis archeri,Dasyuromorphia,Dasyuridae,16.0,,8.15,,,3.0,,Sminthopsis archeri,1003845,False
sminthopsis_butleri,Sminthopsis butleri,Dasyuromorphia,Dasyuridae,25.0,,,,,,,Sminthopsis butleri,1053746,False
sminthopsis_crassicaudata,Sminthopsis crassicaudata,Dasyuromorphia,Dasyuridae,15.98,16.0,6.52,70.0,,3.0,51.6,Sminthopsis crassicaudata,948481,False
sminthopsis_dolichura,Sminthopsis dolichura,Dasyuromorphia,Dasyuridae,14.39,,7.2,,,,38.04,Sminthopsis dolichura,840782,False
sminthopsis_douglasi,Sminthopsis douglasi,Dasyuromorphia,Dasyuridae,54.99,,6.78,,,3.0,,Sminthopsis douglasi,1003848,False
sminthopsis_gilberti,Sminthopsis gilberti,Dasyuromorphia,Dasyuridae,19.5,,,,,,,Sminthopsis gilberti,840780,False
sminthopsis_granulipes,Sminthopsis granulipes,Dasyuromorphia,Dasyuridae,25.0,,,,,,,Sminthopsis granulipes,1003850,False
sminthopsis_griseoventer,Sminthopsis griseoventer,Dasyuromorphia,Dasyuridae,17.5,,,,,,,Sminthopsis griseoventer,840785,False
sminthopsis_hirtipes,Sminthopsis hirtipes,Dasyuromorphia,Dasyuridae,15.0,,,,,,,Sminthopsis hirtipes,527746,False
sminthopsis_leucopus,Sminthopsis leucopus,Dasyuromorphia,Dasyuridae,23.36,17.32,8.4,84.51,0.008904945,,30.0,Sminthopsis leucopus,527744,False
sminthopsis_longicaudata,Sminthopsis longicaudata,Dasyuromorphia,Dasyuridae,18.0,14.21,4.24,,,3.0,60.0,Sminthopsis longicaudata,1021734,False
sminthopsis_macroura,Sminthopsis macroura,Dasyuromorphia,Dasyuridae,23.56,11.72,7.0,79.5,,,58.8,Sminthopsis macroura,948483,False
sminthopsis_murina,Sminthopsis murina,Dasyuromorphia,Dasyuridae,17.0,12.5,8.0,70.63,,,24.0,Sminthopsis murina,329826,False
sminthopsis_ooldea,Sminthopsis ooldea,Dasyuromorphia,Dasyuridae,12.19,20.87,7.24,69.8,,,36.0,Sminthopsis ooldea,763799,False
sminthopsis_psammophila,Sminthopsis psammophila,Dasyuromorphia,Dasyuridae,33.5,,5.49,,,3.0,60.0,Sminthopsis psammophila,527756,False
sminthopsis_virginiae,Sminthopsis virginiae,Dasyuromorphia,Dasyuridae,35.24,16.31,4.11,89.49,,3.0,24.0,Sminthopsis virginiae,527754,False
sminthopsis_youngsoni,Sminthopsis youngsoni,Dasyuromorphia,Dasyuridae,11.14,,5.49,,,,,Sminthopsis youngsoni,1053750,False
solenodon_cubanus,Solenodon cubanus,Soricomorpha,Solenodontidae,824.62,,1.5,,,3.0,78.0,Solenodon cubanus,8057,False
solenodon_paradoxus,Solenodon paradoxus,Soricomorpha,Solenodontidae,899.99,64.8,1.64,74.71,,3.0,136.0,Solenodon paradoxus,469465,False
solomys_ponceleti,Solomys ponceleti,Rodentia,Muridae,1000.0,,,,,1.0,,Solomys ponceleti,580987,False
solomys_salebrosus,Solomys salebrosus,Rodentia,Muridae,397.0,,,,,,,Solomys salebrosus,399969,False
sorex_alaskanus,Sorex alaskanus,Soricomorpha,Soricidae,14.0,,,,,,,Sorex alaskanus,3614402,False
sorex_alpinus,Sorex alpinus,Soricomorpha,Soricidae,8.04,,5.95,,,,15.6,Sorex alpinus,180332,False
sorex_araneus,Sorex araneus,Soricomorpha,Soricidae,9.18,21.5,6.56,21.43,0.000446055,2.0,24.0,Sorex araneus,633213,False
sorex_arcticus,Sorex arcticus,Soricomorpha,Soricidae,8.19,17.0,6.69,,0.004174389,3.0,18.0,Sorex arcticus,885280,False
sorex_arizonae,Sorex arizonae,Soricomorpha,Soricidae,2.7,,,,,,,Sorex arizonae,532506,False
sorex_bairdi,Sorex bairdi,Soricomorpha,Soricidae,8.33,,,,,,,Sorex bairdi,615537,False
sorex_bendirii,Sorex bendirii,Soricomorpha,Soricidae,15.76,,,,,3.0,,Sorex bendirii,219094,False
sorex_caecutiens,Sorex caecutiens,Soricomorpha,Soricidae,6.3,,7.24,,0.000203282,2.0,24.0,Sorex caecutiens,992413,False
sorex_cinereus,Sorex cinereus,Soricomorpha,Soricidae,4.2,18.11,6.49,19.88,0.004044228,3.0,23.0,Sorex cinereus,809506,False
sorex_coronatus,Sorex coronatus,Soricomorpha,Soricidae,9.32,23.99,4.94,29.8,0.0003073,3.0,13.5,Sorex coronatus,885247,False
sorex_daphaenodon,Sorex daphaenodon,Soricomorpha,Soricidae,8.1,,5.99,,,2.0,,Sorex daphaenodon,992421,False
sorex_dispar,Sorex dispar,Soricomorpha,Soricidae,4.99,,4.18,,,3.0,,Sorex dispar,200883,False
sorex_emarginatus,Sorex emarginatus,Soricomorpha,Soricidae,7.0,,,,,,,Sorex emarginatus,409328,False
sorex_fumeus,Sorex fumeus,Soricomorpha,Soricidae,7.83,21.0,5.49,,,2.0,15.5,Sorex fumeus,112407,False
sorex_gaspensis,Sorex gaspensis,Soricomorpha,Soricidae,3.35,,5.33,,,3.0,,Sorex gaspensis,200880,False
sorex_gracillimus,Sorex gracillimus,Soricomorpha,Soricidae,4.4,,4.58,,0.000316461,3.0,,Sorex gracillimus,992424,False
sorex_granarius,Sorex granarius,Soricomorpha,Soricidae,6.39,,4.89,,,,,Sorex granarius,885245,False
sorex_hoyi,Sorex hoyi,Soricomorpha,Soricidae,3.37,,5.84,,,3.0,,Sorex hoyi,54157,False
sorex_isodon,Sorex isodon,Soricomorpha,Soricidae,12.23,18.0,7.09,21.87,,3.0,,Sorex isodon,112411,False
sorex_jacksoni,Sorex jacksoni,Soricomorpha,Soricidae,6.01,,,,,,,Sorex jacksoni,640600,False
sorex_longirostris,Sorex longirostris,Soricomorpha,Soricidae,3.29,,3.99,,,2.0,,Sorex longirostris,548757,False
sorex_lyelli,Sorex lyelli,Soricomorpha,Soricidae,4.99,,,,,,,Sorex lyelli,409319,False
sorex_macrodon,Sorex macrodon,Soricomorpha,Soricidae,8.61,,,,,,,Sorex macrodon,3614422,False
sorex_merriami,Sorex merriami,Soricomorpha,Soricidae,5.99,,5.99,,,3.0,,Sorex merriami,3614427,False
sorex_milleri,Sorex milleri,Soricomorpha,Soricidae,4.07,,,,,,,Sorex milleri,409331,False
sorex_minutissimus,Sorex minutissimus,Soricomorpha,Soricidae,2.46,,8.99,,,3.0,,Sorex minutissimus,992417,False
sorex_minutus,Sorex minutus,Soricomorpha,Soricidae,4.32,23.81,6.04,23.5,0.001079653,2.0,24.0,Sorex minutus,112413,False
sorex_mirabilis,Sorex mirabilis,Soricomorpha,Soricidae,15.0,,,,,3.0,,Sorex mirabilis,659258,False
sorex_monticolus,Sorex monticolus,Soricomorpha,Soricidae,6.92,,5.74,20.88,0.001737053,2.0,16.0,Sorex monticolus,180334,False
sorex_nanus,Sorex nanus,Soricomorpha,Soricidae,2.57,,6.49,,,,,Sorex nanus,409322,False
sorex_oreopolus,Sorex oreopolus,Soricomorpha,Soricidae,7.0,,,,,,,Sorex oreopolus,3614406,False
sorex_ornatus,Sorex ornatus,Soricomorpha,Soricidae,5.31,,4.99,,,,17.0,Sorex ornatus,219085,False
sorex_pacificus,Sorex pacificus,Soricomorpha,Soricidae,10.56,,4.19,,,2.0,,Sorex pacificus,180320,False
sorex_palustris,Sorex palustris,Soricomorpha,Soricidae,13.07,21.0,5.46,,0.002320105,2.0,18.0,Sorex palustris,144491,False
sorex_preblei,Sorex preblei,Soricomorpha,Soricidae,3.14,,,,,,,Sorex preblei,640599,False
sorex_roboratus,Sorex roboratus,Soricomorpha,Soricidae,12.99,,7.52,,,3.0,,Sorex roboratus,112396,False
sorex_samniticus,Sorex samniticus,Soricomorpha,Soricidae,8.24,,,,,,,Sorex samniticus,885282,False
sorex_saussurei,Sorex saussurei,Soricomorpha,Soricidae,4.65,,,,,,,Sorex saussurei,64857,False
sorex_sclateri,Sorex sclateri,Soricomorpha,Soricidae,7.0,,,,,,,Sorex sclateri,3614443,False
sorex_sonomae,Sorex sonomae,Soricomorpha,Soricidae,8.3,,,,,,,Sorex sonomae,219083,False
sorex_stizodon,Sorex stizodon,Soricomorpha,Soricidae,7.0,,,,,,,Sorex stizodon,3614428,False
sorex_tenellus,Sorex tenellus,Soricomorpha,Soricidae,3.8,,,,,,,Sorex tenellus,548755,False
sorex_trowbridgii,Sorex trowbridgii,Soricomorpha,Soricidae,5.02,,3.91,,,2.0,18.0,Sorex trowbridgii,180324,False
sorex_tundrensis,Sorex tundrensis,Soricomorpha,Soricidae,7.65,,8.7,,,2.0,,Sorex tundrensis,112398,False
sorex_unguiculatus,Sorex unguiculatus,Soricomorpha,Soricidae,14.11,28.0,5.24,,8.51806e-05,3.0,18.0,Sorex unguiculatus,992419,False
sorex_vagrans,Sorex vagrans,Soricomorpha,Soricidae,5.99,20.13,5.84,21.83,0.002073312,2.0,25.0,Sorex vagrans,180322,False
sorex_ventralis,Sorex ventralis,Soricomorpha,Soricidae,7.0,,,,,,,Sorex ventralis,3614438,False
sorex_veraepacis,Sorex veraepacis,Soricomorpha,Soricidae,7.5,,,,,,,Sorex veraepacis,3614448,False
soriculus_nigrescens,Soriculus nigrescens,Soricomorpha,Soricidae,14.58,,4.89,,,3.0,,Soriculus nigrescens,634082,False
spalacopus_cyanus,Spalacopus cyanus,Rodentia,Octodontidae,100.86,80.3,3.14,59.66,7.86164e-05,1.0,72.0,Spalacopus cyanus,198654,False
spalax_ehrenbergi,Spalax ehrenbergi,Rodentia,Spalacidae,164.35,,,,,,,Nannospalax ehrenbergi,936616,True
spalax_leucodon,Spalax leucodon,Rodentia,Spalacidae,188.67,29.18,3.24,57.74,,2.0,54.0,Nannospalax leucodon,936600,True
spalax_microphthalmus,Spalax microphthalmus,Rodentia,Spalacidae,470.0,,2.91,,,,,Spalax microphthalmus,181588,False
speothos_venaticus,Speothos venaticus,Carnivora,Canidae,6324.54,67.78,3.8,127.3,,3.0,124.0,Speothos venaticus,684074,False
spermophilus_adocetus,Spermophilus adocetus,Rodentia,Sciuridae,155.52,,,,,1.0,,Notocitellus adocetus,934737,True
spermophilus_annulatus,Spermophilus annulatus,Rodentia,Sciuridae,499.99,,3.88,,,2.0,,Notocitellus annulatus,359117,True
spermophilus_armatus,Spermophilus armatus,Rodentia,Sciuridae,306.48,24.5,5.4,21.43,,2.0,60.0,Urocitellus armatus,359110,True
spermophilus_atricapillus,Spermophilus atricapillus,Rodentia,Sciuridae,550.99,,,,,,,Otospermophilus atricapillus,1055504,True
spermophilus_beecheyi,Spermophilus beecheyi,Rodentia,Sciuridae,597.82,28.37,6.71,52.6,0.000293039,,60.0,Otospermophilus beecheyi,798034,True
spermophilus_beldingi,Spermophilus beldingi,Rodentia,Sciuridae,272.53,26.19,5.71,24.5,,2.0,,Urocitellus beldingi,359107,True
spermophilus_brunneus,Spermophilus brunneus,Rodentia,Sciuridae,300.0,24.5,7.5,,,2.0,,Urocitellus brunneus,670618,True
spermophilus_citellus,Spermophilus citellus,Rodentia,Sciuridae,395.97,27.74,6.48,,,2.0,,Spermophilus citellus,454537,False
spermophilus_columbianus,Spermophilus columbianus,Rodentia,Sciuridae,470.94,24.09,3.54,32.19,0.001090594,1.0,,Urocitellus columbianus,1014254,True
spermophilus_elegans,Spermophilus elegans,Rodentia,Sciuridae,324.45,22.97,5.75,33.2,0.00191853,1.0,,Urocitellus elegans,359100,True
spermophilus_franklinii,Spermophilus franklinii,Rodentia,Sciuridae,457.64,28.0,8.69,29.11,0.13,,,Poliocitellus franklinii,532327,True
spermophilus_fulvus,Spermophilus fulvus,Rodentia,Sciuridae,778.38,30.41,5.99,,,,,Spermophilus fulvus,782286,False
spermophilus_lateralis,Spermophilus lateralis,Rodentia,Sciuridae,175.1,28.42,5.18,41.99,,2.0,,Callospermophilus lateralis,604319,True
spermophilus_madrensis,Spermophilus madrensis,Rodentia,Sciuridae,207.12,,4.34,,,,,Callospermophilus madrensis,782282,True
spermophilus_mexicanus,Spermophilus mexicanus,Rodentia,Sciuridae,177.49,,5.91,,,2.0,,Ictidomys mexicanus,782276,True
spermophilus_mohavensis,Spermophilus mohavensis,Rodentia,Sciuridae,213.18,24.31,6.5,31.81,0.01,1.0,,Xerospermophilus mohavensis,782266,True
spermophilus_mollis,Spermophilus mollis,Rodentia,Sciuridae,165.4,,7.97,40.79,0.000957999,,,Urocitellus mollis,595745,True
spermophilus_parryii,Spermophilus parryii,Rodentia,Sciuridae,747.09,25.16,6.5,28.0,0.02,,,Urocitellus parryii,289901,True
spermophilus_perotensis,Spermophilus perotensis,Rodentia,Sciuridae,140.0,,6.07,,,,,Xerospermophilus perotensis,141525,True
spermophilus_pygmaeus,Spermophilus pygmaeus,Rodentia,Sciuridae,173.46,26.48,7.08,15.59,,,,Spermophilus pygmaeus,141533,False
spermophilus_relictus,Spermophilus relictus,Rodentia,Sciuridae,599.99,,4.89,,,,,Spermophilus relictus,141536,False
spermophilus_richardsonii,Spermophilus richardsonii,Rodentia,Sciuridae,325.1,22.8,7.59,29.33,0.00402332,1.0,,Urocitellus richardsonii,828701,True
spermophilus_spilosoma,Spermophilus spilosoma,Rodentia,Sciuridae,106.64,,6.94,47.64,0.009534137,2.0,,Xerospermophilus spilosoma,121776,True
spermophilus_suslicus,Spermophilus suslicus,Rodentia,Sciuridae,252.0,22.44,5.49,31.5,,,,Spermophilus suslicus,208068,False
spermophilus_tereticaudus,Spermophilus tereticaudus,Rodentia,Sciuridae,147.57,27.57,6.32,34.8,0.01,2.0,,Xerospermophilus tereticaudus,833672,True
spermophilus_townsendii,Spermophilus townsendii,Rodentia,Sciuridae,207.29,22.05,8.49,32.55,,2.0,,Urocitellus townsendii,833666,True
spermophilus_tridecemlineatus,Spermophilus tridecemlineatus,Rodentia,Sciuridae,174.91,27.5,8.08,27.81,0.01,2.0,,Ictidomys tridecemlineatus,989655,True
spermophilus_undulatus,Spermophilus undulatus,Rodentia,Sciuridae,742.91,25.33,7.77,54.07,0.02,,,Urocitellus undulatus,595759,True
spermophilus_variegatus,Spermophilus variegatus,Rodentia,Sciuridae,714.58,30.0,4.93,52.38,0.03,2.0,,Otospermophilus variegatus,532304,True
spermophilus_washingtoni,Spermophilus washingtoni,Rodentia,Sciuridae,215.09,,7.88,,,2.0,,Urocitellus washingtoni,833685,True
sphaerias_blanfordi,Sphaerias blanfordi,Chiroptera,Pteropodidae,28.88,,,,,,,Sphaerias blanfordi,270517,False
sphaeronycteris_toxophyllum,Sphaeronycteris toxophyllum,Chiroptera,Phyllostomidae,16.06,,,,,1.0,,Sphaeronycteris toxophyllum,690455,False
sphiggurus_insidiosus,Sphiggurus insidiosus,Rodentia,Erethizontidae,998.32,,0.97,,,2.0,,Coendou insidiosus,248890,True
sphiggurus_melanurus,Sphiggurus melanurus,Rodentia,Erethizontidae,1900.0,,,,,,,Coendou melanurus,950500,True
sphiggurus_mexicanus,Sphiggurus mexicanus,Rodentia,Erethizontidae,2000.0,,0.98,,,1.0,,Coendou mexicanus,1080803,True
sphiggurus_spinosus,Sphiggurus spinosus,Rodentia,Erethizontidae,750.78,,,,,,,Coendou spinosus,3609652,True
sphiggurus_vestitus,Sphiggurus vestitus,Rodentia,Erethizontidae,736.0,,,,,,,Coendou vestitus,3609655,True
spilocuscus_maculatus,Spilocuscus maculatus,Diprotodontia,Phalangeridae,4060.46,12.99,1.26,240.75,,1.0,132.0,Spilocuscus maculatus,836538,False
spilocuscus_rufoniger,Spilocuscus rufoniger,Diprotodontia,Phalangeridae,5999.99,,1.02,,,,,Spilocuscus rufoniger,234936,False
spilogale_putorius,Spilogale putorius,Carnivora,Mephitidae,566.49,32.99,5.07,55.68,0.29,2.0,120.0,Spilogale putorius,754609,False
spilogale_pygmaea,Spilogale pygmaea,Carnivora,Mephitidae,365.0,47.22,4.0,,,2.0,,Spilogale pygmaea,3613133,False
steatomys_krebsii,Steatomys krebsii,Rodentia,Nesomyidae,20.67,,4.62,,,,,Steatomys krebsii,3608530,False
steatomys_parvus,Steatomys parvus,Rodentia,Nesomyidae,4.99,,,,,,,Steatomys parvus,1018047,False
stenocephalemys_albocaudata,Stenocephalemys albocaudata,Rodentia,Muridae,144.0,,,,,,,Stenocephalemys albocaudata,170809,False
stenocephalemys_griseicauda,Stenocephalemys griseicauda,Rodentia,Muridae,85.75,,,,,,,Stenocephalemys griseicauda,170803,False
stenocephalemys_ruppi,Stenocephalemys ruppi,Rodentia,Muridae,48.99,,,,,,,Stenocephalemys ruppi,3608657,False
stenoderma_rufum,Stenoderma rufum,Chiroptera,Phyllostomidae,21.1,,0.99,,,1.0,,Stenoderma rufum,534169,False
stochomys_longicaudatus,Stochomys longicaudatus,Rodentia,Muridae,70.95,,2.38,,,,,Stochomys longicaudatus,324500,False
sturnira_aratathomasi,Sturnira aratathomasi,Chiroptera,Phyllostomidae,49.67,,0.99,,,1.0,,Sturnira aratathomasi,756133,False
sturnira_bidens,Sturnira bidens,Chiroptera,Phyllostomidae,18.05,,0.99,,,1.0,,Sturnira bidens,756134,False
sturnira_bogotensis,Sturnira bogotensis,Chiroptera,Phyllostomidae,19.94,,0.98,,,1.0,,Sturnira bogotensis,136690,False
sturnira_erythromos,Sturnira erythromos,Chiroptera,Phyllostomidae,15.53,,0.99,,,1.0,,Sturnira erythromos,136691,False
sturnira_lilium,Sturnira lilium,Chiroptera,Phyllostomidae,20.19,107.97,0.99,,,2.0,,Sturnira lilium,401293,False
sturnira_ludovici,Sturnira ludovici,Chiroptera,Phyllostomidae,21.0,,0.99,,,1.0,,Sturnira ludovici,136687,False
sturnira_mordax,Sturnira mordax,Chiroptera,Phyllostomidae,11.79,,0.98,,,1.0,,Sturnira mordax,756141,False
sturnira_oporaphilum,Sturnira oporaphilum,Chiroptera,Phyllostomidae,21.99,,,,,,,Sturnira oporaphilum,1080435,False
sturnira_tildae,Sturnira tildae,Chiroptera,Phyllostomidae,24.39,,0.98,,,1.0,,Sturnira tildae,401295,False
styloctenium_wallacei,Styloctenium wallacei,Chiroptera,Pteropodidae,172.42,,,,,,,Styloctenium wallacei,3613517,False
stylodipus_telum,Stylodipus telum,Rodentia,Dipodidae,59.99,,3.49,,0.00350188,1.0,,Stylodipus telum,910652,False
suncus_etruscus,Suncus etruscus,Soricomorpha,Soricidae,2.26,27.5,4.0,20.0,,,32.4,Suncus etruscus,353437,False
suncus_infinitesimus,Suncus infinitesimus,Soricomorpha,Soricidae,4.4,,,,,3.0,,Suncus infinitesimus,234323,False
suncus_madagascariensis,Suncus madagascariensis,Soricomorpha,Soricidae,2.47,,,,,,,Suncus madagascariensis,98828,False
suncus_malayanus,Suncus malayanus,Soricomorpha,Soricidae,4.99,,,,,,,Suncus malayanus,476341,False
suncus_megalura,Suncus megalura,Soricomorpha,Soricidae,5.38,,1.89,,,,,Suncus megalura,850879,False
suncus_murinus,Suncus murinus,Soricomorpha,Soricidae,43.76,30.19,3.1,19.16,,,30.0,Suncus murinus,226396,False
suncus_remyi,Suncus remyi,Soricomorpha,Soricidae,4.03,,,,,,,Suncus remyi,234325,False
suncus_varilla,Suncus varilla,Soricomorpha,Soricidae,4.99,,3.49,,,3.0,,Suncus varilla,27756,False
sundamys_infraluteus,Sundamys infraluteus,Rodentia,Muridae,418.5,,,,,,,Sundamys infraluteus,3608705,False
sundamys_muelleri,Sundamys muelleri,Rodentia,Muridae,356.48,,,,,,24.0,Sundamys muelleri,501407,False
sundasciurus_brookei,Sundasciurus brookei,Rodentia,Sciuridae,114.05,,,,,,,Sundasciurus brookei,149971,False
sundasciurus_hippurus,Sundasciurus hippurus,Rodentia,Sciuridae,357.79,,,,,2.0,,Sundasciurus hippurus,3609158,False
sundasciurus_lowii,Sundasciurus lowii,Rodentia,Sciuridae,84.99,,2.46,,,2.0,,Sundasciurus lowii,966750,False
sundasciurus_samarensis,Sundasciurus samarensis,Rodentia,Sciuridae,225.0,,,,,,,Sundasciurus samarensis,3609152,False
sundasciurus_tenuis,Sundasciurus tenuis,Rodentia,Sciuridae,74.87,,3.11,,,2.0,,Sundasciurus tenuis,3609159,False
surdisorex_norae,Surdisorex norae,Soricomorpha,Soricidae,23.57,,1.41,,,,,Surdisorex norae,3614603,False
surdisorex_polulus,Surdisorex polulus,Soricomorpha,Soricidae,8.99,,1.49,,,,,Surdisorex polulus,3614605,False
suricata_suricatta,Suricata suricatta,Carnivora,Herpestidae,729.99,77.0,3.86,55.68,11.76,3.0,150.0,Suricata suricatta,803645,False
sus_barbatus,Sus barbatus,Artiodactyla,Suidae,135805.95,114.63,6.59,105.85,,2.0,,Sus barbatus,240565,False
sus_cebifrons,Sus cebifrons,Artiodactyla,Suidae,190792.3,125.14,4.58,105.85,,2.0,,Sus cebifrons,149810,False
sus_celebensis,Sus celebensis,Artiodactyla,Suidae,53813.21,126.0,3.24,,,2.0,,Sus celebensis,418120,False
sus_philippensis,Sus philippensis,Artiodactyla,Suidae,190792.3,125.14,6.24,105.85,,2.0,,Sus philippensis,149813,False
sus_salvanius,Sus salvanius,Artiodactyla,Suidae,7974.13,110.5,3.66,,0.15,2.0,144.0,Porcula salvania,556761,True
sus_scrofa,Sus scrofa,Artiodactyla,Suidae,84471.54,115.2,4.52,97.88,1.18,2.0,252.0,Sus scrofa,730013,False
sus_verrucosus,Sus verrucosus,Artiodactyla,Suidae,89406.23,121.66,5.47,,,2.0,168.0,Sus verrucosus,678448,False
syconycteris_australis,Syconycteris australis,Chiroptera,Pteropodidae,17.6,,1.0,89.99,,1.0,,Syconycteris australis,164533,False
syconycteris_carolinae,Syconycteris carolinae,Chiroptera,Pteropodidae,39.67,,,,,1.0,,Syconycteris carolinae,3613446,False
syconycteris_hobbit,Syconycteris hobbit,Chiroptera,Pteropodidae,20.06,,0.98,,,1.0,,Syconycteris hobbit,3613447,False
sylvicapra_grimmia,Sylvicapra grimmia,Artiodactyla,Bovidae,15639.15,174.89,0.98,60.83,,1.0,171.96,Sylvicapra grimmia,23046,False
sylvilagus_aquaticus,Sylvilagus aquaticus,Lagomorpha,Leporidae,2133.34,37.24,3.0,20.88,0.01,1.0,,Sylvilagus aquaticus,989147,False
sylvilagus_audubonii,Sylvilagus audubonii,Lagomorpha,Leporidae,880.88,28.0,3.0,24.5,0.03,1.0,,Sylvilagus audubonii,532394,False
sylvilagus_bachmani,Sylvilagus bachmani,Lagomorpha,Leporidae,714.53,27.0,3.35,16.27,0.0022227,1.0,,Sylvilagus bachmani,634755,False
sylvilagus_brasiliensis,Sylvilagus brasiliensis,Lagomorpha,Leporidae,986.74,42.5,1.9,26.3,,1.0,,Sylvilagus brasiliensis,634572,False
sylvilagus_cunicularius,Sylvilagus cunicularius,Lagomorpha,Leporidae,2489.54,30.0,3.71,,,1.0,,Sylvilagus cunicularius,3611214,False
sylvilagus_floridanus,Sylvilagus floridanus,Lagomorpha,Leporidae,1207.19,27.0,4.62,22.78,0.01,1.0,108.0,Sylvilagus floridanus,864591,False
sylvilagus_graysoni,Sylvilagus graysoni,Lagomorpha,Leporidae,964.01,,,,,,,Sylvilagus graysoni,3611217,False
sylvilagus_insonus,Sylvilagus insonus,Lagomorpha,Leporidae,2999.98,,,,,,,Sylvilagus insonus,3611216,False
sylvilagus_nuttallii,Sylvilagus nuttallii,Lagomorpha,Leporidae,801.54,28.24,4.79,31.26,,1.0,,Sylvilagus nuttallii,956328,False
sylvilagus_palustris,Sylvilagus palustris,Lagomorpha,Leporidae,1355.23,33.46,2.96,,0.03,1.0,,Sylvilagus palustris,687149,False
sylvilagus_transitionalis,Sylvilagus transitionalis,Lagomorpha,Leporidae,813.51,28.0,4.41,15.95,0.004289748,1.0,,Sylvilagus transitionalis,393434,False
sylvisorex_johnstoni,Sylvisorex johnstoni,Soricomorpha,Soricidae,3.19,,,,,,,Sylvisorex johnstoni,1005591,False
sylvisorex_lunaris,Sylvisorex lunaris,Soricomorpha,Soricidae,18.78,,2.69,,,,,Sylvisorex lunaris,587055,False
sylvisorex_ollula,Sylvisorex ollula,Soricomorpha,Soricidae,16.59,,,,,,,Sylvisorex ollula,535656,False
sylvisorex_vulcanorum,Sylvisorex vulcanorum,Soricomorpha,Soricidae,3.49,,,,,,,Sylvisorex vulcanorum,98831,False
symphalangus_syndactylus,Symphalangus syndactylus,Primates,Hylobatidae,10839.0,230.66,1.02,635.38,0.22,2.0,456.0,Symphalangus syndactylus,417961,False
synaptomys_borealis,Synaptomys borealis,Rodentia,Cricetidae,21.3,,4.27,,,,,Synaptomys borealis,910193,False
synaptomys_cooperi,Synaptomys cooperi,Rodentia,Cricetidae,28.01,23.3,3.09,20.41,0.000847162,1.0,30.0,Synaptomys cooperi,688240,False
syncerus_caffer,Syncerus caffer,Artiodactyla,Bovidae,592665.98,337.49,1.08,319.37,63.73,1.0,354.0,Syncerus caffer,644255,False
tachyglossus_aculeatus,Tachyglossus aculeatus,Monotremata,Tachyglossidae,4499.97,17.72,1.0,170.08,0.44,3.0,600.0,Tachyglossus aculeatus,16038,False
tachyoryctes_macrocephalus,Tachyoryctes macrocephalus,Rodentia,Spalacidae,621.88,,1.0,,,1.0,,Tachyoryctes macrocephalus,3608569,False
tachyoryctes_splendens,Tachyoryctes splendens,Rodentia,Spalacidae,227.13,39.01,1.41,35.07,7.80443e-05,,,Tachyoryctes splendens,756782,False
tadarida_aegyptiaca,Tadarida aegyptiaca,Chiroptera,Molossidae,17.63,85.52,0.99,60.41,,3.0,,Tadarida aegyptiaca,263936,False
tadarida_australis,Tadarida australis,Chiroptera,Molossidae,36.4,,1.0,,,,,Tadarida australis,3613948,False
tadarida_brasiliensis,Tadarida brasiliensis,Chiroptera,Molossidae,12.61,89.99,1.11,54.24,,3.0,180.0,Tadarida brasiliensis,238412,False
tadarida_fulminans,Tadarida fulminans,Chiroptera,Molossidae,33.89,104.29,1.0,,,3.0,,Tadarida fulminans,609829,False
tadarida_kuboriensis,Tadarida kuboriensis,Chiroptera,Molossidae,26.8,,,,,,,Tadarida kuboriensis,3613944,False
tadarida_teniotis,Tadarida teniotis,Chiroptera,Molossidae,28.07,,0.98,,,3.0,,Tadarida teniotis,190910,False
talpa_caeca,Talpa caeca,Soricomorpha,Talpidae,71.08,,,,,3.0,,Talpa caeca,353440,False
talpa_europaea,Talpa europaea,Soricomorpha,Talpidae,87.53,30.41,3.89,32.49,0.002281811,3.0,84.0,Talpa europaea,222362,False
talpa_occidentalis,Talpa occidentalis,Soricomorpha,Talpidae,49.47,,,,,3.0,,Talpa occidentalis,366965,False
talpa_romana,Talpa romana,Soricomorpha,Talpidae,92.5,,,,0.002738746,3.0,,Talpa romana,1003027,False
talpa_stankovici,Talpa stankovici,Soricomorpha,Talpidae,71.12,,,,,3.0,,Talpa stankovici,850321,False
tamandua_mexicana,Tamandua mexicana,Pilosa,Myrmecophagidae,4178.51,163.24,,,0.22,3.0,114.0,Tamandua mexicana,273227,False
tamandua_tetradactyla,Tamandua tetradactyla,Pilosa,Myrmecophagidae,4800.0,160.0,1.0,,2.72,3.0,108.0,Tamandua tetradactyla,1014324,False
tamias_alpinus,Tamias alpinus,Rodentia,Sciuridae,36.54,,4.5,,,1.0,,Tamias alpinus,942784,False
tamias_amoenus,Tamias amoenus,Rodentia,Sciuridae,50.63,30.46,4.99,41.99,0.008434861,2.0,62.0,Tamias amoenus,1030055,False
tamias_bulleri,Tamias bulleri,Rodentia,Sciuridae,100.0,,2.43,,,,,Tamias bulleri,956007,False
tamias_canipes,Tamias canipes,Rodentia,Sciuridae,70.2,,3.88,,,2.0,,Tamias canipes,428070,False
tamias_cinereicollis,Tamias cinereicollis,Rodentia,Sciuridae,61.59,30.19,4.89,42.67,,2.0,,Tamias cinereicollis,956003,False
tamias_dorsalis,Tamias dorsalis,Rodentia,Sciuridae,63.66,29.49,4.99,30.0,0.01,1.0,,Tamias dorsalis,428073,False
tamias_durangae,Tamias durangae,Rodentia,Sciuridae,84.99,,2.38,,,,,Tamias durangae,956012,False
tamias_merriami,Tamias merriami,Rodentia,Sciuridae,74.77,33.37,4.5,,,2.0,,Tamias merriami,956009,False
tamias_minimus,Tamias minimus,Rodentia,Sciuridae,42.87,29.19,4.95,37.71,0.01,2.0,75.96,Tamias minimus,428107,False
tamias_obscurus,Tamias obscurus,Rodentia,Sciuridae,72.99,,3.49,,,1.0,,Tamias obscurus,956016,False
tamias_ochrogenys,Tamias ochrogenys,Rodentia,Sciuridae,91.69,,,,,2.0,,Tamias ochrogenys,501356,False
tamias_palmeri,Tamias palmeri,Rodentia,Sciuridae,60.74,33.21,3.93,81.85,,2.0,,Tamias palmeri,956014,False
tamias_panamintinus,Tamias panamintinus,Rodentia,Sciuridae,51.73,36.23,4.04,81.85,,2.0,,Tamias panamintinus,429964,False
tamias_quadrimaculatus,Tamias quadrimaculatus,Rodentia,Sciuridae,83.62,31.65,5.93,,0.005589918,2.0,,Tamias quadrimaculatus,429967,False
tamias_quadrivittatus,Tamias quadrivittatus,Rodentia,Sciuridae,57.49,31.7,3.92,45.32,0.02,2.0,,Tamias quadrivittatus,428110,False
tamias_ruficaudus,Tamias ruficaudus,Rodentia,Sciuridae,60.06,,4.85,,,2.0,96.0,Tamias ruficaudus,429959,False
tamias_rufus,Tamias rufus,Rodentia,Sciuridae,53.6,32.85,,45.24,0.007408495,1.0,,Tamias rufus,429961,False
tamias_senex,Tamias senex,Rodentia,Sciuridae,89.35,,4.37,,0.01,2.0,,Tamias senex,429973,False
tamias_sibiricus,Tamias sibiricus,Rodentia,Sciuridae,94.16,34.98,5.01,29.69,0.001508451,,,Tamias sibiricus,659097,False
tamias_siskiyou,Tamias siskiyou,Rodentia,Sciuridae,75.0,,,,,,,Tamias siskiyou,501354,False
tamias_sonomae,Tamias sonomae,Rodentia,Sciuridae,75.0,,4.0,21.0,,1.0,,Tamias sonomae,429976,False
tamias_speciosus,Tamias speciosus,Rodentia,Sciuridae,60.83,,4.14,,0.01,2.0,,Tamias speciosus,800575,False
tamias_townsendii,Tamias townsendii,Rodentia,Sciuridae,79.12,28.0,3.75,41.76,0.0072278,2.0,84.0,Tamias townsendii,460632,False
tamias_umbrinus,Tamias umbrinus,Rodentia,Sciuridae,51.75,,6.8,,0.02,,,Tamias umbrinus,429970,False
tamiasciurus_douglasii,Tamiasciurus douglasii,Rodentia,Sciuridae,225.0,38.98,5.49,,0.003531743,2.0,,Tamiasciurus douglasii,345257,False
tamiasciurus_hudsonicus,Tamiasciurus hudsonicus,Rodentia,Sciuridae,200.24,34.25,3.93,67.22,0.007743219,2.0,144.0,Tamiasciurus hudsonicus,866988,False
tamiops_maritimus,Tamiops maritimus,Rodentia,Sciuridae,66.77,,2.59,,,,,Tamiops maritimus,184622,False
tamiops_mcclellandii,Tamiops mcclellandii,Rodentia,Sciuridae,45.84,,2.38,,,,,Tamiops mcclellandii,843314,False
taphozous_georgianus,Taphozous georgianus,Chiroptera,Emballonuridae,30.52,106.86,1.0,35.46,,3.0,60.0,Taphozous georgianus,652339,False
taphozous_hildegardeae,Taphozous hildegardeae,Chiroptera,Emballonuridae,29.37,,1.0,,,3.0,,Taphozous hildegardeae,451724,False
taphozous_hilli,Taphozous hilli,Chiroptera,Emballonuridae,21.99,,,,,,,Taphozous hilli,514605,False
taphozous_kapalgensis,Taphozous kapalgensis,Chiroptera,Emballonuridae,26.45,,,,,,,Taphozous kapalgensis,3613555,False
taphozous_longimanus,Taphozous longimanus,Chiroptera,Emballonuridae,25.11,107.22,0.99,22.13,,3.0,,Taphozous longimanus,432535,False
taphozous_mauritianus,Taphozous mauritianus,Chiroptera,Emballonuridae,27.97,42.89,1.0,,,3.0,,Taphozous mauritianus,879091,False
taphozous_melanopogon,Taphozous melanopogon,Chiroptera,Emballonuridae,25.99,122.5,0.99,46.67,,,,Taphozous melanopogon,1011486,False
taphozous_nudiventris,Taphozous nudiventris,Chiroptera,Emballonuridae,32.49,100.11,1.0,52.01,,,,Taphozous nudiventris,75194,False
taphozous_perforatus,Taphozous perforatus,Chiroptera,Emballonuridae,24.43,91.24,0.99,,,,,Taphozous perforatus,3613554,False
taphozous_theobaldi,Taphozous theobaldi,Chiroptera,Emballonuridae,36.83,,,,,,,Taphozous theobaldi,3613551,False
tapirus_bairdii,Tapirus bairdii,Perissodactyla,Tapiridae,293781.59,396.24,1.0,362.93,1.15,1.0,,Tapirus bairdii,9419,False
tapirus_indicus,Tapirus indicus,Perissodactyla,Tapiridae,311209.19,396.5,1.0,211.71,9.4,1.0,360.0,Tapirus indicus,93318,False
tapirus_pinchaque,Tapirus pinchaque,Perissodactyla,Tapiridae,156923.4,393.99,1.0,339.47,6.38,1.0,,Tapirus pinchaque,1011998,False
tapirus_terrestris,Tapirus terrestris,Perissodactyla,Tapiridae,169496.64,395.41,1.0,277.49,,2.0,420.0,Tapirus terrestris,1034223,False
tarsipes_rostratus,Tarsipes rostratus,Diprotodontia,Tarsipedidae,9.66,61.27,2.93,89.74,0.000814137,1.0,24.0,Tarsipes rostratus,901943,False
tarsius_bancanus,Tarsius bancanus,Primates,Tarsiidae,114.39,125.84,1.0,78.55,0.01,2.0,144.0,Cephalopachus bancanus,339050,True
tarsius_dentatus,Tarsius dentatus,Primates,Tarsiidae,110.42,,1.01,,0.003855591,,,Tarsius dentatus,712758,False
tarsius_pelengensis,Tarsius pelengensis,Primates,Tarsiidae,165.0,,1.02,,,,,Tarsius pelengensis,3607736,False
tarsius_sangirensis,Tarsius sangirensis,Primates,Tarsiidae,165.0,,1.02,,,,,Tarsius sangirensis,49187,False
tarsius_syrichta,Tarsius syrichta,Primates,Tarsiidae,115.91,177.99,1.01,82.49,0.007129928,1.0,180.0,Carlito syrichta,339031,True
tarsius_tarsier,Tarsius tarsier,Primates,Tarsiidae,168.04,181.69,1.0,67.61,0.02,2.0,144.0,Tarsius tarsier,721280,False
tatera_indica,Tatera indica,Rodentia,Muridae,138.28,25.25,4.99,29.77,0.001368298,2.0,84.0,Tatera indica,818707,False
taterillus_arenarius,Taterillus arenarius,Rodentia,Muridae,47.0,,,,,,,Taterillus arenarius,404794,False
taterillus_emini,Taterillus emini,Rodentia,Muridae,52.0,,3.76,,,,,Taterillus emini,342266,False
taterillus_gracilis,Taterillus gracilis,Rodentia,Muridae,49.9,28.11,4.0,,,,,Taterillus gracilis,981026,False
taterillus_pygargus,Taterillus pygargus,Rodentia,Muridae,60.19,26.34,4.47,20.92,0.000415138,1.0,,Taterillus pygargus,404792,False
taurotragus_derbianus,Taurotragus derbianus,Artiodactyla,Bovidae,646024.25,,,,,1.0,194.04,Taurotragus derbianus,147238,False
taurotragus_oryx,Taurotragus oryx,Artiodactyla,Bovidae,562592.69,271.0,1.0,128.68,195.15,1.0,300.0,Tragelaphus oryx,70832,True
taxidea_taxus,Taxidea taxus,Carnivora,Mustelidae,7842.15,43.8,2.76,41.99,3.44,3.0,312.0,Taxidea taxus,754612,False
tayassu_pecari,Tayassu pecari,Artiodactyla,Tayassuidae,31798.71,158.0,2.0,13.64,40.97,2.0,252.0,Tayassu pecari,906307,False
tenrec_ecaudatus,Tenrec ecaudatus,Afrosoricida,Tenrecidae,887.59,60.24,16.89,21.87,,2.0,75.6,Tenrec ecaudatus,680963,False
tetracerus_quadricornis,Tetracerus quadricornis,Artiodactyla,Bovidae,19282.12,207.31,1.65,,,1.0,129.96,Tetracerus quadricornis,374283,False
thallomys_nigricauda,Thallomys nigricauda,Rodentia,Muridae,124.49,,,,,,,Thallomys nigricauda,948855,False
thallomys_paedulcus,Thallomys paedulcus,Rodentia,Muridae,77.7,26.34,3.2,29.49,,,42.0,Thallomys paedulcus,400681,False
thalpomys_cerradensis,Thalpomys cerradensis,Rodentia,Cricetidae,23.99,,,,,,,Thalpomys cerradensis,817140,False
thalpomys_lasiotis,Thalpomys lasiotis,Rodentia,Cricetidae,23.99,,,,,,,Thalpomys lasiotis,1094984,False
thamnomys_kempi,Thamnomys kempi,Rodentia,Muridae,75.0,,,,,,,Thamnomys kempi,3610623,False
thamnomys_venustus,Thamnomys venustus,Rodentia,Muridae,61.88,,1.33,,,,,Thamnomys venustus,3611156,False
thaptomys_nigrita,Thaptomys nigrita,Rodentia,Cricetidae,19.9,,,,,,,Thaptomys nigrita,375640,False
theropithecus_gelada,Theropithecus gelada,Primates,Cercopithecidae,15964.11,178.64,1.01,494.95,1.16,1.0,336.0,Theropithecus gelada,741053,False
thomasomys_aureus,Thomasomys aureus,Rodentia,Cricetidae,87.99,,,,,1.0,,Thomasomys aureus,835317,False
thomasomys_baeops,Thomasomys baeops,Rodentia,Cricetidae,77.0,,,,,,,Thomasomys baeops,463859,False
thomasomys_bombycinus,Thomasomys bombycinus,Rodentia,Cricetidae,114.5,,,,,,,Thomasomys bombycinus,3608265,False
thomasomys_daphne,Thomasomys daphne,Rodentia,Cricetidae,77.0,,,,,,,Thomasomys daphne,225545,False
thomasomys_hylophilus,Thomasomys hylophilus,Rodentia,Cricetidae,77.0,,,,,,,Thomasomys hylophilus,3608259,False
thomasomys_incanus,Thomasomys incanus,Rodentia,Cricetidae,77.0,,,,,,,Thomasomys incanus,3608267,False
thomasomys_ischyrus,Thomasomys ischyrus,Rodentia,Cricetidae,77.0,,,,,,,Thomasomys ischyurus,196737,True
thomasomys_kalinowskii,Thomasomys kalinowskii,Rodentia,Cricetidae,77.0,,,,,,,Thomasomys kalinowskii,3608251,False
thomasomys_ladewi,Thomasomys ladewi,Rodentia,Cricetidae,77.0,,,,,,,Thomasomys ladewi,40928,False
thomasomys_laniger,Thomasomys laniger,Rodentia,Cricetidae,35.74,,,,,,,Thomasomys laniger,3608254,False
thomasomys_niveipes,Thomasomys niveipes,Rodentia,Cricetidae,54.09,,,,,,,Thomasomys niveipes,3608260,False
thomasomys_notatus,Thomasomys notatus,Rodentia,Cricetidae,77.0,,,,,,,Thomasomys notatus,196739,False
thomasomys_oreas,Thomasomys oreas,Rodentia,Cricetidae,77.0,,,,,,,Thomasomys oreas,196741,False
thomasomys_paramorum,Thomasomys paramorum,Rodentia,Cricetidae,77.0,,,,,,,Thomasomys paramorum,3608252,False
thomasomys_pyrrhonotus,Thomasomys pyrrhonotus,Rodentia,Cricetidae,77.0,,,,,,,Thomasomys pyrrhonotus,3608262,False
thomasomys_rhoadsi,Thomasomys rhoadsi,Rodentia,Cricetidae,77.0,,,,,,,Thomasomys rhoadsi,3608266,False
thomasomys_rosalinda,Thomasomys rosalinda,Rodentia,Cricetidae,77.0,,,,,,,Thomasomys rosalinda,3608255,False
thomasomys_silvestris,Thomasomys silvestris,Rodentia,Cricetidae,77.0,,,,,,,Thomasomys silvestris,3608257,False
thomasomys_taczanowskii,Thomasomys taczanowskii,Rodentia,Cricetidae,77.0,,,,,,,Thomasomys taczanowskii,3608261,False
thomasomys_vestitus,Thomasomys vestitus,Rodentia,Cricetidae,76.5,,,,,,,Thomasomys vestitus,3608256,False
thomomys_bottae,Thomomys bottae,Rodentia,Geomyidae,122.7,23.87,4.61,35.73,9.89232e-05,1.0,54.0,Thomomys bottae,342237,False
thomomys_bulbivorus,Thomomys bulbivorus,Rodentia,Geomyidae,359.9,,4.99,41.45,,1.0,,Thomomys bulbivorus,554650,False
thomomys_mazama,Thomomys mazama,Rodentia,Geomyidae,93.07,,3.79,,9.05052e-05,1.0,,Thomomys mazama,734897,False
thomomys_monticola,Thomomys monticola,Rodentia,Geomyidae,80.99,,3.49,,5.73596e-05,1.0,60.0,Thomomys monticola,734902,False
thomomys_talpoides,Thomomys talpoides,Rodentia,Geomyidae,104.64,19.0,4.86,33.12,,1.0,45.0,Thomomys talpoides,791951,False
thomomys_townsendii,Thomomys townsendii,Rodentia,Geomyidae,263.35,,6.15,,,1.0,,Thomomys townsendii,342239,False
thomomys_umbrinus,Thomomys umbrinus,Rodentia,Geomyidae,125.56,,2.2,,,1.0,,Thomomys umbrinus,734900,False
thoopterus_nigrescens,Thoopterus nigrescens,Chiroptera,Pteropodidae,66.12,,0.98,,,,,Thoopterus nigrescens,164535,False
thryonomys_gregorianus,Thryonomys gregorianus,Rodentia,Thryonomyidae,2707.14,91.24,2.91,,,,,Thryonomys gregorianus,1009638,False
thryonomys_swinderianus,Thryonomys swinderianus,Rodentia,Thryonomyidae,3750.85,125.76,3.88,25.17,,1.0,51.6,Thryonomys swinderianus,692678,False
thylamys_macrurus,Thylamys macrurus,Didelphimorphia,Didelphidae,34.43,,,,,,,Thylamys macrura,594356,True
thylamys_pallidior,Thylamys pallidior,Didelphimorphia,Didelphidae,15.34,,,,,,,Thylamys pallidior,793593,False
thylamys_velutinus,Thylamys velutinus,Didelphimorphia,Didelphidae,20.69,,,,0.02,3.0,,Thylamys velutinus,386907,False
thylogale_billardierii,Thylogale billardierii,Diprotodontia,Macropodidae,5865.86,30.73,1.0,289.17,,,120.0,Thylogale billardierii,897701,False
thylogale_browni,Thylogale browni,Diprotodontia,Macropodidae,5478.0,,1.02,,,,,Thylogale browni,1045055,False
thylogale_stigmatica,Thylogale stigmatica,Diprotodontia,Macropodidae,4511.47,29.0,1.0,250.0,0.02,1.0,,Thylogale stigmatica,988851,False
thylogale_thetis,Thylogale thetis,Diprotodontia,Macropodidae,5399.95,,1.0,209.4,0.1,,108.0,Thylogale thetis,479573,False
thyroptera_discifera,Thyroptera discifera,Chiroptera,Thyropteridae,3.13,,,,,,,Thyroptera discifera,579473,False
thyroptera_tricolor,Thyroptera tricolor,Chiroptera,Thyropteridae,4.52,154.24,0.98,,,3.0,,Thyroptera tricolor,267977,False
tlacuatzin_canescens,Tlacuatzin canescens,Didelphimorphia,Didelphidae,47.73,,8.49,,,,,Tlacuatzin canescens,392318,False
tokudaia_osimensis,Tokudaia osimensis,Rodentia,Muridae,84.65,,,,,,,Tokudaia osimensis,458647,False
tolypeutes_matacus,Tolypeutes matacus,Cingulata,Dasypodidae,1303.47,125.14,1.0,71.79,,2.0,,Tolypeutes matacus,515354,False
tolypeutes_tricinctus,Tolypeutes tricinctus,Cingulata,Dasypodidae,1465.72,,0.93,,,2.0,,Tolypeutes tricinctus,476111,False
tonatia_bidens,Tonatia bidens,Chiroptera,Phyllostomidae,27.7,,0.98,,,2.0,,Tonatia bidens,761780,False
trachops_cirrhosus,Trachops cirrhosus,Chiroptera,Phyllostomidae,36.9,,0.98,,,3.0,,Trachops cirrhosus,792613,False
trachypithecus_auratus,Trachypithecus auratus,Primates,Cercopithecidae,9719.6,,,,0.03,,,Trachypithecus auratus,240209,False
trachypithecus_cristatus,Trachypithecus cristatus,Primates,Cercopithecidae,7176.81,,1.01,362.93,0.12,,373.2,Trachypithecus cristatus,735418,False
trachypithecus_francoisi,Trachypithecus francoisi,Primates,Cercopithecidae,8139.93,,,391.76,,1.0,,Trachypithecus francoisi,43805,False
trachypithecus_geei,Trachypithecus geei,Primates,Cercopithecidae,8356.0,,1.02,,2.22,,,Trachypithecus geei,118937,False
trachypithecus_johnii,Trachypithecus johnii,Primates,Cercopithecidae,10595.08,,1.02,,0.08,1.0,,Trachypithecus johnii,514751,False
trachypithecus_obscurus,Trachypithecus obscurus,Primates,Cercopithecidae,7247.88,146.63,1.01,362.93,0.18,1.0,300.0,Trachypithecus obscurus,43798,False
trachypithecus_phayrei,Trachypithecus phayrei,Primates,Cercopithecidae,7681.72,180.61,1.0,305.87,0.17,,,Trachypithecus phayrei,703784,False
trachypithecus_pileatus,Trachypithecus pileatus,Primates,Cercopithecidae,11219.93,,,,0.22,,,Trachypithecus pileatus,118938,False
trachypithecus_vetulus,Trachypithecus vetulus,Primates,Cercopithecidae,7205.08,204.72,1.01,245.78,0.02,1.0,276.0,Trachypithecus vetulus,721477,False
tragelaphus_angasii,Tragelaphus angasii,Artiodactyla,Bovidae,87616.76,219.99,1.0,212.91,1.63,1.0,192.0,Tragelaphus angasii,40135,False
tragelaphus_buxtoni,Tragelaphus buxtoni,Artiodactyla,Bovidae,215000.75,,1.0,,,1.0,132.0,Tragelaphus buxtoni,401061,False
tragelaphus_eurycerus,Tragelaphus eurycerus,Artiodactyla,Bovidae,270998.37,284.99,1.0,,,1.0,233.0,Tragelaphus eurycerus,215885,False
tragelaphus_imberbis,Tragelaphus imberbis,Artiodactyla,Bovidae,94320.39,222.0,1.0,,,1.0,227.0,Tragelaphus imberbis,70829,False
tragelaphus_scriptus,Tragelaphus scriptus,Artiodactyla,Bovidae,43250.39,182.5,1.0,,0.02,1.0,156.0,Tragelaphus scriptus,561121,False
tragelaphus_spekii,Tragelaphus spekii,Artiodactyla,Bovidae,75554.25,241.15,1.0,,,1.0,258.0,Tragelaphus spekii,401076,False
tragelaphus_strepsiceros,Tragelaphus strepsiceros,Artiodactyla,Bovidae,206056.41,220.94,1.0,182.5,835.1,1.0,276.0,Tragelaphus strepsiceros,70827,False
tragulus_napu,Tragulus napu,Artiodactyla,Tragulidae,5273.67,154.24,0.96,84.86,,1.0,195.96,Tragulus napu,986983,False
tremarctos_ornatus,Tremarctos ornatus,Carnivora,Ursidae,123176.97,215.0,1.44,173.44,,2.0,437.0,Tremarctos ornatus,679667,False
triaenops_furculus,Triaenops furculus,Chiroptera,Hipposideridae,5.56,,,,,3.0,,Paratriaenops furculus,221782,True
triaenops_persicus,Triaenops persicus,Chiroptera,Hipposideridae,13.18,,,,,3.0,,Triaenops persicus,1071077,False
triaenops_rufus,Triaenops rufus,Chiroptera,Hipposideridae,9.1,,,,,3.0,,Triaenops rufus,1071076,False
trichosurus_arnhemensis,Trichosurus arnhemensis,Diprotodontia,Phalangeridae,1540.74,,1.01,181.46,,1.0,,Trichosurus arnhemensis,836539,False
trichosurus_caninus,Trichosurus caninus,Diprotodontia,Phalangeridae,3115.06,16.2,1.02,241.95,0.02,1.0,204.0,Trichosurus caninus,217523,False
trichosurus_vulpecula,Trichosurus vulpecula,Diprotodontia,Phalangeridae,2685.39,17.5,1.02,191.59,0.03,1.0,176.4,Trichosurus vulpecula,836760,False
trichys_fasciculata,Trichys fasciculata,Rodentia,Hystricidae,1750.0,,,,,,121.2,Trichys fasciculata,475301,False
trinomys_albispinus,Trinomys albispinus,Rodentia,Echimyidae,284.99,,,,,,,Trinomys albispinus,282490,False
trinomys_dimidiatus,Trinomys dimidiatus,Rodentia,Echimyidae,167.6,,2.0,,,,,Trinomys dimidiatus,800923,False
trinomys_setosus,Trinomys setosus,Rodentia,Echimyidae,284.99,,,,,,,Trinomys setosus,504990,False
trinycteris_nicefori,Trinycteris nicefori,Chiroptera,Phyllostomidae,8.25,,1.0,,,2.0,,Micronycteris nicefori,218136,True
tscherskia_triton,Tscherskia triton,Rodentia,Cricetidae,25.0,,4.24,29.23,,,,Tscherskia triton,904702,False
tupaia_belangeri,Tupaia belangeri,Scandentia,Tupaiidae,200.0,,,,,,120.0,Tupaia belangeri,106287,False
tupaia_dorsalis,Tupaia dorsalis,Scandentia,Tupaiidae,168.05,,,,,2.0,,Tupaia dorsalis,603407,False
tupaia_glis,Tupaia glis,Scandentia,Tupaiidae,132.43,45.99,2.22,34.27,0.008142403,2.0,149.0,Tupaia glis,574727,False
tupaia_gracilis,Tupaia gracilis,Scandentia,Tupaiidae,111.95,,,,,2.0,,Tupaia gracilis,603401,False
tupaia_longipes,Tupaia longipes,Scandentia,Tupaiidae,168.05,,1.5,,,2.0,144.0,Tupaia longipes,513961,False
tupaia_minor,Tupaia minor,Scandentia,Tupaiidae,70.0,,1.93,,,2.0,,Tupaia minor,67360,False
tupaia_montana,Tupaia montana,Scandentia,Tupaiidae,168.05,48.99,2.01,27.84,,2.0,,Tupaia montana,513235,False
tupaia_nicobarica,Tupaia nicobarica,Scandentia,Tupaiidae,170.25,,0.96,,,,,Tupaia nicobarica,30084,False
tupaia_palawanensis,Tupaia palawanensis,Scandentia,Tupaiidae,168.05,,,,,2.0,,Tupaia palawanensis,30082,False
tupaia_picta,Tupaia picta,Scandentia,Tupaiidae,168.05,,,,,2.0,,Tupaia picta,574859,False
tupaia_splendidula,Tupaia splendidula,Scandentia,Tupaiidae,168.05,,,,,2.0,,Tupaia splendidula,551390,False
tupaia_tana,Tupaia tana,Scandentia,Tupaiidae,182.33,,2.51,54.56,,2.0,,Tupaia tana,222037,False
tylomys_bullaris,Tylomys bullaris,Rodentia,Cricetidae,280.0,,,,,,,Tylomys bullaris,3608448,False
tylomys_mirae,Tylomys mirae,Rodentia,Cricetidae,183.6,,,,,3.0,,Tylomys mirae,3608446,False
tylomys_nudicaudus,Tylomys nudicaudus,Rodentia,Cricetidae,181.65,39.51,2.47,26.29,,,64.8,Tylomys nudicaudus,799638,False
tylomys_tumbalensis,Tylomys tumbalensis,Rodentia,Cricetidae,280.0,,,,,,,Tylomys tumbalensis,3608447,False
tylonycteris_pachypus,Tylonycteris pachypus,Chiroptera,Vespertilionidae,4.1,90.88,1.92,58.46,,3.0,,Tylonycteris pachypus,113461,False
tylonycteris_robustula,Tylonycteris robustula,Chiroptera,Vespertilionidae,7.98,90.88,2.0,,,3.0,,Tylonycteris robustula,981286,False
tympanoctomys_barrerae,Tympanoctomys barrerae,Rodentia,Octodontidae,86.02,,,,,1.0,,Tympanoctomys barrerae,587859,False
uncia_uncia,Uncia uncia,Carnivora,Felidae,32500.0,100.95,2.12,101.42,22.72,3.0,216.0,Panthera uncia,532117,True
uranomys_ruddi,Uranomys ruddi,Rodentia,Muridae,35.48,,4.07,,,,,Uranomys ruddi,759685,False
urocyon_cinereoargenteus,Urocyon cinereoargenteus,Carnivora,Canidae,3833.71,61.48,3.71,63.79,1.83,2.0,180.0,Urocyon cinereoargenteus,685113,False
urocyon_littoralis,Urocyon littoralis,Carnivora,Canidae,1923.0,53.7,2.17,,0.42,2.0,96.0,Urocyon littoralis,682591,False
uroderma_bilobatum,Uroderma bilobatum,Chiroptera,Phyllostomidae,16.28,130.88,0.99,40.58,,2.0,,Uroderma bilobatum,401290,False
uroderma_magnirostrum,Uroderma magnirostrum,Chiroptera,Phyllostomidae,17.3,,0.98,,,1.0,,Uroderma magnirostrum,605658,False
urogale_everetti,Urogale everetti,Scandentia,Tupaiidae,300.79,55.49,1.69,30.24,,2.0,138.0,Urogale everetti,768484,False
uromys_anak,Uromys anak,Rodentia,Muridae,745.38,,4.3,,,1.0,,Uromys anak,399971,False
uromys_caudimaculatus,Uromys caudimaculatus,Rodentia,Muridae,644.42,38.85,1.46,40.0,,2.0,,Uromys caudimaculatus,809498,False
uromys_hadrourus,Uromys hadrourus,Rodentia,Muridae,149.11,,3.0,18.6,,1.0,,Uromys hadrourus,260139,False
uromys_imperator,Uromys imperator,Rodentia,Muridae,1000.0,,,,,,,Uromys imperator,3608789,False
uromys_rex,Uromys rex,Rodentia,Muridae,419.99,,,,,,,Meriones rex,404784,True
uropsilus_soricipes,Uropsilus soricipes,Soricomorpha,Talpidae,16.0,,,,,3.0,,Uropsilus soricipes,799579,False
urotrichus_talpoides,Urotrichus talpoides,Soricomorpha,Talpidae,18.2,36.05,3.49,27.79,0.001791593,2.0,42.0,Urotrichus talpoides,313470,False
ursus_americanus,Ursus americanus,Carnivora,Ursidae,110500.0,213.95,2.39,167.99,31.25,1.0,384.0,Ursus americanus,872577,False
ursus_arctos,Ursus arctos,Carnivora,Ursidae,196287.5,227.56,2.24,182.5,310.81,2.0,600.0,Ursus arctos,872567,False
ursus_thibetanus,Ursus thibetanus,Carnivora,Ursidae,99714.19,199.92,1.5,82.01,0.7,1.0,422.0,Ursus thibetanus,872580,False
vampyressa_bidens,Vampyressa bidens,Chiroptera,Phyllostomidae,11.91,,0.98,,,,,Vampyressa bidens,842098,False
vampyressa_brocki,Vampyressa brocki,Chiroptera,Phyllostomidae,48.0,,,,,,,Vampyressa brocki,655347,False
vampyressa_melissa,Vampyressa melissa,Chiroptera,Phyllostomidae,16.58,,0.98,,,,,Vampyressa melissa,393952,False
vampyressa_nymphaea,Vampyressa nymphaea,Chiroptera,Phyllostomidae,69.0,,0.99,,,,,Vampyressa nymphaea,981726,False
vampyrodes_caraccioli,Vampyrodes caraccioli,Chiroptera,Phyllostomidae,35.89,,0.98,,,1.0,,Vampyrodes caraccioli,269230,False
vampyrum_spectrum,Vampyrum spectrum,Chiroptera,Phyllostomidae,171.61,,1.0,,,2.0,78.0,Vampyrum spectrum,353066,False
varecia_rubra,Varecia rubra,Primates,Lemuridae,3872.6,,,,,,,Varecia rubra,462792,False
varecia_variegata,Varecia variegata,Primates,Lemuridae,3849.99,102.5,2.16,90.73,1.39,1.0,384.0,Varecia variegata,388420,False
vespadelus_darlingtoni,Vespadelus darlingtoni,Chiroptera,Vespertilionidae,6.06,,,,,3.0,,Eptesicus sagittula,739212,True
vespadelus_douglasorum,Vespadelus douglasorum,Chiroptera,Vespertilionidae,4.99,,,,,,,Vespadelus douglasorum,3613801,False
vespadelus_pumilus,Vespadelus pumilus,Chiroptera,Vespertilionidae,5.4,,1.21,46.6,,3.0,,Vespadelus pumilus,3613800,False
vespadelus_regulus,Vespadelus regulus,Chiroptera,Vespertilionidae,5.05,92.54,1.0,60.41,,3.0,,Eptesicus regulus,383887,True
vespadelus_vulturnus,Vespadelus vulturnus,Chiroptera,Vespertilionidae,3.77,,1.0,,,3.0,,Eptesicus vulturnus,687559,True
vespertilio_murinus,Vespertilio murinus,Chiroptera,Vespertilionidae,15.42,52.14,1.5,94.29,,3.0,144.0,Vespertilio murinus,190920,False
vespertilio_sinensis,Vespertilio sinensis,Chiroptera,Vespertilionidae,24.3,52.14,2.0,34.99,,3.0,,Vespertilio sinensis,389101,False
vicugna_vicugna,Vicugna vicugna,Artiodactyla,Camelidae,47499.61,345.45,1.0,309.89,0.12,1.0,297.6,Vicugna vicugna,986959,False
viverra_civettina,Viverra civettina,Carnivora,Viverridae,12061.27,,,,,2.0,,Viverra civettina,3613145,False
viverra_tangalunga,Viverra tangalunga,Carnivora,Viverridae,7349.99,,1.92,,,2.0,144.0,Viverra tangalunga,561910,False
viverra_zibetha,Viverra zibetha,Carnivora,Viverridae,9148.77,80.3,2.89,,9.36,2.0,240.0,Viverra zibetha,445401,False
viverricula_indica,Viverricula indica,Carnivora,Viverridae,2918.88,,3.74,,,2.0,126.0,Viverricula indica,194346,False
vombatus_ursinus,Vombatus ursinus,Diprotodontia,Vombatidae,26000.0,30.0,1.0,447.45,0.08,1.0,313.2,Vombatus ursinus,835328,False
vormela_peregusna,Vormela peregusna,Carnivora,Mustelidae,594.13,60.83,5.07,,,3.0,107.0,Vormela peregusna,1031807,False
vulpes_bengalensis,Vulpes bengalensis,Carnivora,Canidae,2514.4,52.33,3.49,,,2.0,120.0,Vulpes bengalensis,3612511,False
vulpes_cana,Vulpes cana,Carnivora,Canidae,988.5,57.35,2.0,44.74,1.17,2.0,120.0,Vulpes cana,996571,False
vulpes_chama,Vulpes chama,Carnivora,Canidae,2919.8,52.59,2.5,,,2.0,120.0,Vulpes chama,821968,False
vulpes_corsac,Vulpes corsac,Carnivora,Canidae,2615.33,54.99,5.62,54.56,,2.0,,Vulpes corsac,523960,False
vulpes_ferrilata,Vulpes ferrilata,Carnivora,Canidae,5543.74,54.23,3.49,55.68,,3.0,,Vulpes ferrilata,110766,False
vulpes_lagopus,Vulpes lagopus,Carnivora,Canidae,3584.37,52.99,7.65,49.5,14.1,3.0,180.0,Vulpes lagopus,775766,False
vulpes_macrotis,Vulpes macrotis,Carnivora,Canidae,4499.97,,4.5,,8.1,,240.0,Vulpes macrotis,297453,False
vulpes_pallida,Vulpes pallida,Carnivora,Canidae,2800.01,,4.0,,,2.0,120.0,Vulpes pallida,3612512,False
vulpes_rueppellii,Vulpes rueppellii,Carnivora,Canidae,3249.97,,2.12,,29.93,3.0,,Vulpes rueppellii,419501,False
vulpes_velox,Vulpes velox,Carnivora,Canidae,2088.0,53.7,4.25,47.08,4.59,3.0,240.0,Vulpes velox,297455,False
vulpes_vulpes,Vulpes vulpes,Carnivora,Canidae,4820.36,52.5,4.59,50.71,3.5,3.0,180.0,Vulpes vulpes,821964,False
vulpes_zerda,Vulpes zerda,Carnivora,Canidae,1317.13,51.0,2.36,65.56,,2.0,175.0,Vulpes zerda,315465,False
wallabia_bicolor,Wallabia bicolor,Diprotodontia,Macropodidae,14999.95,35.88,1.04,447.45,0.11,1.0,180.0,Wallabia bicolor,836770,False
wiedomys_pyrrhorhinos,Wiedomys pyrrhorhinos,Rodentia,Cricetidae,46.7,,3.8,,,2.0,,Wiedomys pyrrhorhinos,247843,False
wilfredomys_oenax,Wilfredomys oenax,Rodentia,Cricetidae,46.8,,,,,,,Wilfredomys oenax,3608218,False
wyulda_squamicaudata,Wyulda squamicaudata,Diprotodontia,Phalangeridae,1799.21,,1.01,240.97,,1.0,72.0,Wyulda squamicaudata,836537,False
xenomys_nelsoni,Xenomys nelsoni,Rodentia,Cricetidae,129.99,,1.6,,,,,Xenomys nelsoni,15642,False
xenuromys_barbatus,Xenuromys barbatus,Rodentia,Muridae,975.3,,,,,2.0,,Xenuromys barbatus,3609983,False
xeromys_myoides,Xeromys myoides,Rodentia,Muridae,45.2,,2.0,,,3.0,,Xeromys myoides,156337,False
xerus_erythropus,Xerus erythropus,Rodentia,Sciuridae,602.23,,3.45,50.21,0.09,,72.0,Xerus erythropus,898084,False
xerus_inauris,Xerus inauris,Rodentia,Sciuridae,572.6,47.29,2.06,51.85,,1.0,156.0,Xerus inauris,373581,False
xerus_princeps,Xerus princeps,Rodentia,Sciuridae,624.9,45.5,2.0,,,1.0,,Xerus princeps,898086,False
xerus_rutilus,Xerus rutilus,Rodentia,Sciuridae,316.96,,1.94,,0.03,2.0,,Xerus rutilus,953165,False
zaedyus_pichiy,Zaedyus pichiy,Cingulata,Dasypodidae,1444.76,61.27,2.0,41.88,,2.0,108.0,Zaedyus pichiy,1002419,False
zaglossus_bruijni,Zaglossus bruijni,Monotremata,Tachyglossidae,8951.71,10.0,1.0,90.73,,3.0,372.0,Zaglossus bruijni,565578,False
zapus_hudsonius,Zapus hudsonius,Rodentia,Dipodidae,18.43,18.24,5.36,25.0,0.00185499,2.0,60.0,Zapus hudsonius,1090614,False
zapus_princeps,Zapus princeps,Rodentia,Dipodidae,27.2,18.11,5.04,29.04,0.001944219,2.0,,Zapus princeps,174407,False
zapus_trinotatus,Zapus trinotatus,Rodentia,Dipodidae,27.45,21.37,5.47,30.18,,2.0,,Zapus trinotatus,259968,False
zelotomys_hildegardeae,Zelotomys hildegardeae,Rodentia,Muridae,55.22,,5.75,,,,,Zelotomys hildegardeae,194428,False
zelotomys_woosnami,Zelotomys woosnami,Rodentia,Muridae,54.1,30.99,4.99,15.9,,,,Zelotomys woosnami,3608750,False
zenkerella_insignis,Zenkerella insignis,Rodentia,Anomaluridae,200.0,,,,,,,Zenkerella insignis,3609281,False
zygodontomys_brevicauda,Zygodontomys brevicauda,Rodentia,Cricetidae,52.22,25.39,4.23,18.5,,2.0,,Zygodontomys brevicauda,223404,False
zygodontomys_brunneus,Zygodontomys brunneus,Rodentia,Cricetidae,75.59,,,,,,,Zygodontomys brunneus,3608351,False
zygogeomys_trichopus,Zygogeomys trichopus,Rodentia,Geomyidae,473.54,,,,,1.0,,Zygogeomys trichopus,791961,False
zyzomys_argurus,Zyzomys argurus,Rodentia,Muridae,40.42,25.0,2.76,34.99,0.001039588,,,Zyzomys argurus,730968,False
zyzomys_maini,Zyzomys maini,Rodentia,Muridae,93.99,,,,,,,Zyzomys maini,399973,False
zyzomys_palatilis,Zyzomys palatilis,Rodentia,Muridae,123.0,,,,,,,Zyzomys palatilis,399975,False
zyzomys_pedunculatus,Zyzomys pedunculatus,Rodentia,Muridae,100.0,,,,,,,Zyzomys pedunculatus,399977,False
zyzomys_woodwardi,Zyzomys woodwardi,Rodentia,Muridae,95.02,,2.23,34.99,,,,Zyzomys woodwardi,399979,False
