species_original_name,msw05_order,msw05_family,adultbodymass_g,gestationlen_d,littersize,homerange_km2,maxlongevity_m,populationdensity_n_km2,weaningage_d,trophiclevel,gr_midrangelat_dd,gr_midrangelong_dd,species_matched_name,open_tree_id,is_synonym
Camelus dromedarius,Artiodactyla,Camelidae,492714.47,386.51,0.98,196.32,480.0,0.98,389.38,1.0,,,Camelus dromedarius,510752,False
Canis adustus,Carnivora,Canidae,10392.49,65.0,4.5,1.01,137.0,0.74,52.89,2.0,-6.0,13.0,Canis adustus,621176,False
Canis aureus,Carnivora,Canidae,9658.7,61.24,3.74,2.95,192.0,0.22,61.3,2.0,21.14,45.74,Canis aureus,621168,False
Canis latrans,Carnivora,Canidae,11989.1,61.74,5.72,18.88,262.0,0.25,43.71,3.0,39.7,-117.6,Canis latrans,247331,False
Canis lupus,Carnivora,Canidae,31756.51,63.5,4.98,159.86,354.0,0.01,44.82,3.0,47.38,3.9,Canis lupus,247341,False
Bos frontalis,Artiodactyla,Bovidae,800143.05,273.75,1.22,,314.4,0.54,186.67,1.0,15.43,91.12,Bos frontalis,96935,False
Bos grunniens,Artiodactyla,Bovidae,500000.0,273.75,1.0,,267.0,,243.33,1.0,34.27,87.57,Bos grunniens,381164,False
Bos javanicus,Artiodactyla,Bovidae,635974.34,296.78,1.22,,318.96,0.75,287.74,1.0,8.15,106.64,Bos javanicus,907672,False
Callicebus cupreus,Primates,Pitheciidae,1117.02,129.25,1.01,,,4.89,201.85,,-6.58,-68.25,Plecturocebus cupreus,34118,True
Callicebus discolor,Primates,Pitheciidae,,,,,,,,,,,Callicebus discolor,3607578,False
Callicebus donacophilus,Primates,Pitheciidae,897.67,,1.02,,,,,,-15.87,-62.37,Plecturocebus donacophilus,282614,True
Callicebus dubius,Primates,Pitheciidae,992.4,,1.02,,,,,,,,Callicebus dubius,3607587,False
Callicebus hoffmannsi,Primates,Pitheciidae,1067.61,,1.02,,,,,,-3.97,-57.04,Plecturocebus hoffmannsi,442910,True
Callicebus lucifer,Primates,Pitheciidae,,,,,,,,,,,Cheracebus lucifer,3607586,True
Callicebus lugens,Primates,Pitheciidae,,,,,,,,,,,Cheracebus lugens,927108,True
Callicebus medemi,Primates,Pitheciidae,,,,,,,,,-0.35,-75.56,Cheracebus medemi,3607588,True
Callicebus melanochir,Primates,Pitheciidae,,,,,,,,,-15.5,-39.59,Callicebus melanochir,3607582,False
Callicebus modestus,Primates,Pitheciidae,992.4,,1.02,,,,,,-14.96,-66.66,Plecturocebus modestus,3607580,True
Caluromys derbianus,Didelphimorphia,Didelphidae,326.72,,3.14,,60.0,11.86,,2.0,8.9,-87.48,Caluromys derbianus,307517,False
Caluromys lanatus,Didelphimorphia,Didelphidae,350.33,,,,60.0,,,2.0,-9.51,-65.29,Caluromys lanatus,606431,False
Caluromys philander,Didelphimorphia,Didelphidae,246.47,23.99,4.18,0.009960363,76.0,62.32,119.65,2.0,-6.19,-56.61,Caluromys philander,589460,False
Caluromysiops irrupta,Didelphimorphia,Didelphidae,257.48,,2.0,,94.0,8.85,,2.0,-11.01,-67.73,Caluromysiops irrupta,608047,False
Calyptophractus retusus,Cingulata,Dasypodidae,129.99,,,,144.0,,,2.0,-21.3,-61.11,Calyptophractus retusus,390325,False
Camelus bactrianus,Artiodactyla,Camelidae,554515.91,397.99,1.39,,480.0,0.06,368.13,1.0,41.34,94.17,Camelus bactrianus,510768,False
Bos sauveli,Artiodactyla,Bovidae,791321.76,,,,,,,1.0,13.76,105.42,Bos sauveli,620923,False
Bos taurus,Artiodactyla,Bovidae,618642.42,280.48,,10.04,240.0,,,,13.46,108.04,Bos taurus,490099,False
Boselaphus tragocamelus,Artiodactyla,Bovidae,182253.04,248.49,1.39,,260.4,2.39,,1.0,22.35,78.0,Boselaphus tragocamelus,756060,False
Brachiones przewalskii,Rodentia,Muridae,,,,,,,,,39.16,90.0,Brachiones przewalskii,89265,False
Canis mesomelas,Carnivora,Canidae,8247.3,62.5,3.89,11.93,168.0,0.74,34.1,2.0,-9.18,31.56,Canis mesomelas,666235,False
Canis simensis,Carnivora,Canidae,14361.86,63.61,,4.2,,1.2,69.6,3.0,9.93,38.99,Canis simensis,752755,False
Cannomys badius,Rodentia,Spalacidae,472.07,41.49,2.0,,48.0,,50.1,,19.83,95.26,Cannomys badius,3610667,False
Cansumys canus,Rodentia,Cricetidae,,,,,,,,,33.34,108.94,Cansumys canus,3611180,False
Caperea marginata,Cetacea,Neobalaenidae,31999999.98,,0.98,,,,,,,,Caperea marginata,397243,False
Capra caucasica,Artiodactyla,Bovidae,58149.52,155.0,1.09,,264.0,,,,42.33,44.26,Capra caucasica,698611,False
Capra falconeri,Artiodactyla,Bovidae,54303.37,167.98,1.73,,168.0,,167.29,1.0,33.87,70.26,Capra falconeri,202967,False
Capra hircus,Artiodactyla,Bovidae,47386.47,156.0,1.45,98.3,249.6,7.58,158.04,1.0,,,Capra hircus,19017,False
Capra ibex,Artiodactyla,Bovidae,69546.83,167.5,1.11,,267.6,,111.75,1.0,45.83,10.13,Capra ibex,698617,False
Atelerix algirus,Erinaceomorpha,Erinaceidae,903.98,39.25,2.5,,84.0,,39.7,2.0,33.74,5.94,Atelerix algirus,805535,False
Atelerix frontalis,Erinaceomorpha,Erinaceidae,329.12,37.13,4.99,,,,34.8,2.0,-23.03,21.42,Atelerix frontalis,3614702,False
Atelerix sclateri,Erinaceomorpha,Erinaceidae,,,,,,,,,9.15,48.42,Atelerix sclateri,3614703,False
Ateles belzebuth,Primates,Atelidae,6692.42,138.2,1.02,2.28,336.0,13.49,,1.0,-0.44,-69.33,Ateles belzebuth,791705,False
Ateles chamek,Primates,Atelidae,7053.92,,,1.16,,3.39,,1.0,-7.01,-69.73,Ateles belzebuth chamek,814889,True
Ateles fusciceps,Primates,Atelidae,9067.94,224.7,1.01,,288.0,,482.7,1.0,6.44,-76.52,Ateles fusciceps,791687,False
Ateles geoffroyi,Primates,Atelidae,7582.4,226.37,1.01,0.73,327.6,19.06,816.35,1.0,12.38,-84.54,Ateles geoffroyi,791691,False
Ateles hybridus,Primates,Atelidae,,,,,,,,,8.8,-70.82,Ateles hybridus,645692,False
Ateles marginatus,Primates,Atelidae,6229.28,,,,,,,1.0,-4.69,-56.01,Ateles marginatus,3607557,False
Ateles paniscus,Primates,Atelidae,8697.25,228.18,1.0,1.36,453.6,8.0,805.41,2.0,2.06,-56.14,Ateles paniscus,217258,False
Callicebus moloch,Primates,Pitheciidae,958.13,164.0,1.01,0.02,303.6,18.43,58.85,2.0,-7.7,-53.24,Plecturocebus moloch,842880,True
Callicebus nigrifrons,Primates,Pitheciidae,,,,,,,,,-20.4,-46.6,Callicebus nigrifrons,210741,False
Callicebus oenanthe,Primates,Pitheciidae,992.4,,1.02,,,,,,-5.57,-77.31,Plecturocebus oenanthe,3607577,True
Callicebus olallae,Primates,Pitheciidae,992.4,,1.02,,,,,,-14.96,-66.66,Plecturocebus olallae,3607581,True
Callicebus ornatus,Primates,Pitheciidae,,,,,,,,,3.28,-74.23,Callicebus ornatus,3607575,False
Callicebus pallescens,Primates,Pitheciidae,,,,,,,,,-18.84,-59.39,Plecturocebus pallescens,3607576,True
Callicebus personatus,Primates,Pitheciidae,1390.8,,1.01,0.03,,13.03,,1.0,-19.25,-41.33,Callicebus personatus,546503,False
Callicebus purinus,Primates,Pitheciidae,,,,,,,,,,,Cheracebus purinus,3607591,True
Callicebus regulus,Primates,Pitheciidae,,,,,,,,,,,Cheracebus regulus,3607583,True
Callicebus stephennashi,Primates,Pitheciidae,,,,,,,,,,,Plecturocebus stephennashi,3607574,True
Callicebus torquatus,Primates,Pitheciidae,1209.57,,1.01,0.11,,10.2,121.66,2.0,,,Cheracebus torquatus,1058663,True
Callimico goeldii,Primates,Cebidae,558.0,153.99,1.05,0.32,214.8,2.08,66.53,2.0,-5.33,-72.1,Callimico goeldii,489230,False
Callistomys pictus,Rodentia,Echimyidae,518.99,,,,,,,,-12.55,-38.55,Callistomys pictus,3609815,False
Callithrix acariensis,Primates,Cebidae,,,,,,,,,-9.62,-63.34,Mico acariensis,3607567,True
Callithrix argentata,Primates,Cebidae,382.92,,1.84,,201.6,7.52,,2.0,-3.09,-52.31,Mico argentatus,1015228,True
Callithrix aurita,Primates,Cebidae,386.2,140.0,2.0,0.08,,,,2.0,-23.15,-45.02,Callithrix aurita,341886,False
Callithrix chrysoleuca,Primates,Cebidae,,,,,,,,,-5.77,-59.43,Mico chrysoleucus,3607561,True
Callithrix emiliae,Primates,Cebidae,309.58,,,,,,,,-9.52,-54.7,Mico emiliae,488310,True
Callithrix flaviceps,Primates,Cebidae,372.97,140.0,2.0,0.22,,11.85,,2.0,-21.16,-41.96,Callithrix flaviceps,3607562,False
Callithrix geoffroyi,Primates,Cebidae,342.0,,,,,,,,-18.99,-41.38,Callithrix geoffroyi,683989,False
Callithrix humeralifera,Primates,Cebidae,374.99,,,0.1,180.0,28.32,99.01,2.0,-5.36,-57.95,Mico humeralifer,683993,True
Callithrix humilis,Primates,Cebidae,,,,,,,,,-6.45,-60.81,Callithrix humilis,298261,False
Callithrix intermedia,Primates,Cebidae,,,2.0,0.19,,19.97,,,-8.04,-59.95,Mico intermedius,3607563,True
Callithrix jacchus,Primates,Cebidae,290.21,144.0,2.31,0.02,201.6,508.18,60.24,2.0,-6.58,-40.28,Callithrix jacchus,1015223,False
Callithrix kuhlii,Primates,Cebidae,374.99,,,0.06,,59.0,,2.0,-15.62,-39.59,Callithrix kuhlii,947308,False
Callithrix leucippe,Primates,Cebidae,,,,,,,,,-4.63,-55.73,Mico leucippe,3607564,True
Callithrix manicorensis,Primates,Cebidae,,,,,,,,,-6.48,-60.85,Mico marcai,3607565,True
Callithrix marcai,Primates,Cebidae,,,,,,,,,-9.95,-60.16,Mico marcai,3607565,True
Callithrix mauesi,Primates,Cebidae,443.79,,,,,,,2.0,-3.2,-56.81,Mico mauesi,341884,True
Callithrix melanura,Primates,Cebidae,,,,,,,,,-14.23,-59.12,Mico melanurus,1031373,True
Callithrix nigriceps,Primates,Cebidae,401.12,,2.0,,,,,2.0,-7.49,-62.09,Mico nigriceps,3607568,True
Callithrix penicillata,Primates,Cebidae,339.98,,2.0,0.01,,,,,-12.68,-46.24,Callithrix penicillata,341908,False
Callithrix pygmaea,Primates,Cebidae,123.94,134.44,1.93,0.002117904,181.2,15.9,90.73,2.0,-5.96,-69.94,Callithrix pygmaea,489225,False
Callithrix saterei,Primates,Cebidae,,,,,,,,,-5.14,-58.84,Mico saterei,172747,True
Callorhinus ursinus,Carnivora,Otariidae,55464.82,358.49,1.04,,420.0,18.0,108.69,2.0,,,Callorhinus ursinus,949693,False
Callosciurus adamsi,Rodentia,Sciuridae,208.72,,1.94,,,,,2.0,3.84,115.59,Callosciurus adamsi,3609167,False
Callosciurus albescens,Rodentia,Sciuridae,,,,,,,,,-0.14,100.63,Callosciurus albescens,3609164,False
Callosciurus baluensis,Rodentia,Sciuridae,323.91,,3.0,,,,,2.0,4.87,115.82,Callosciurus baluensis,3609166,False
Callosciurus caniceps,Rodentia,Sciuridae,264.91,,2.19,0.01,114.0,18.6,,,11.44,100.36,Callosciurus caniceps,504021,False
Callosciurus erythraeus,Rodentia,Sciuridae,283.23,,1.94,0.008950755,193.2,622.69,,1.0,19.18,105.37,Callosciurus erythraeus,1030044,False
Callosciurus finlaysonii,Rodentia,Sciuridae,,,,,,,,,14.39,102.72,Callosciurus finlaysonii,371121,False
Callosciurus inornatus,Rodentia,Sciuridae,,,,,,,,,20.43,103.39,Callosciurus inornatus,3609162,False
Callosciurus melanogaster,Rodentia,Sciuridae,296.0,,,,,,,2.0,-1.88,99.4,Callosciurus melanogaster,3609165,False
Callosciurus nigrovittatus,Rodentia,Sciuridae,208.3,,2.36,0.01,,5.75,,2.0,-0.56,107.22,Callosciurus nigrovittatus,371119,False
Callosciurus notatus,Rodentia,Sciuridae,209.49,,2.62,0.02,115.2,98.32,,2.0,0.23,107.22,Callosciurus notatus,1030052,False
Callosciurus orestes,Rodentia,Sciuridae,323.91,,3.0,,,,,2.0,4.02,115.85,Callosciurus orestes,246726,False
Callosciurus phayrei,Rodentia,Sciuridae,,,,,,,,,20.98,98.29,Callosciurus phayrei,3609161,False
Callosciurus prevostii,Rodentia,Sciuridae,400.0,46.08,1.29,,68.0,,,2.0,0.55,107.22,Callosciurus prevostii,1030040,False
Callosciurus pygerythrus,Rodentia,Sciuridae,,,,,,,,,22.08,97.16,Callosciurus pygerythrus,3609168,False
Callosciurus quinquestriatus,Rodentia,Sciuridae,,,,,,,,,24.71,98.22,Callosciurus quinquestriatus,3609163,False
Calomys boliviae,Rodentia,Cricetidae,27.0,,,,,,,,-19.8,-65.04,Calomys boliviae,3608240,False
Calomys callidus,Rodentia,Cricetidae,27.0,,,,,,,,,,Calomys callidus,893847,False
Calomys callosus,Rodentia,Cricetidae,44.95,21.8,4.91,,,354.3,18.33,,,,Calomys callosus,39187,False
Calomys expulsus,Rodentia,Cricetidae,39.86,,,,,1195.79,,,,,Calomys expulsus,473784,False
Calomys hummelincki,Rodentia,Cricetidae,27.0,,,,,,,,8.87,-66.6,Calomys hummelincki,654348,False
Calomys laucha,Rodentia,Cricetidae,14.0,25.0,5.3,,,,,2.0,-27.11,-59.82,Calomys laucha,39185,False
Calomys lepidus,Rodentia,Cricetidae,20.59,,4.29,,,,,,-16.37,-70.61,Calomys lepidus,360776,False
Calomys musculinus,Rodentia,Cricetidae,20.2,20.97,6.27,,,253.33,,2.0,-31.61,-63.02,Calomys musculinus,39183,False
Calomys sorellus,Rodentia,Cricetidae,20.0,,,,,,,,-11.55,-74.89,Calomys sorellus,360774,False
Calomys tener,Rodentia,Cricetidae,13.8,,,,,,,,-18.65,-44.63,Calomys tener,990309,False
Calomys tocantinsi,Rodentia,Cricetidae,,,,,,,,,,,Calomys tocantinsi,178057,False
Calomys venustus,Rodentia,Cricetidae,49.33,,,,,,,,,,Calomys venustus,463094,False
Calomyscus bailwardi,Rodentia,Calomyscidae,21.38,,4.0,,,354.3,,,31.58,51.23,Calomyscus bailwardi,611276,False
Calomyscus baluchi,Rodentia,Calomyscidae,,,,,,,,,32.11,68.4,Calomyscus baluchi,99511,False
Calomyscus elburzensis,Rodentia,Calomyscidae,,,,,,,,,36.22,57.72,Calomyscus elburzensis,3608194,False
Calomyscus grandis,Rodentia,Calomyscidae,,,,,,,,,,,Calomyscus grandis,3608193,False
Calomyscus hotsoni,Rodentia,Calomyscidae,,,,,,,,,26.77,64.92,Calomyscus hotsoni,458712,False
Calomyscus mystax,Rodentia,Calomyscidae,,,4.99,,,,,,,,Calomyscus mystax,55942,False
Calomyscus tsolovi,Rodentia,Calomyscidae,,,,,,,,,32.62,36.09,Calomyscus tsolovi,3608192,False
Calomyscus urartensis,Rodentia,Calomyscidae,,,,,,,,,39.04,45.41,Calomyscus urartensis,3608195,False
Caloprymnus campestris,Diprotodontia,Potoroidae,927.57,,1.0,,156.0,,,,,,Caloprymnus campestris,83202,False
Atelocynus microtis,Carnivora,Canidae,8363.22,,,,132.0,,,3.0,-13.76,-61.08,Atelocynus microtis,621172,False
Atherurus africanus,Rodentia,Hystricidae,2875.65,108.18,1.5,0.12,274.8,,45.37,2.0,-0.05,10.01,Atherurus africanus,276723,False
Atherurus macrourus,Rodentia,Hystricidae,2000.0,,1.5,,,,,2.0,12.72,101.69,Atherurus macrourus,173065,False
Atilax paludinosus,Carnivora,Herpestidae,3600.16,77.27,2.0,1.73,209.0,,35.89,2.0,-8.88,12.52,Atilax paludinosus,750141,False
Atlantoxerus getulus,Rodentia,Sciuridae,250.57,,,,108.0,,,,31.63,-6.64,Atlantoxerus getulus,327763,False
Auliscomys boliviensis,Rodentia,Cricetidae,70.91,,3.4,,,,,,-17.39,-68.49,Auliscomys boliviensis,150621,False
Auliscomys pictus,Rodentia,Cricetidae,48.97,,,,,232.95,,,-14.02,-71.81,Auliscomys pictus,360772,False
Auliscomys sublimis,Rodentia,Cricetidae,38.0,,,,,,,,-19.09,-68.78,Auliscomys sublimis,739479,False
Avahi laniger,Primates,Indriidae,1092.28,136.15,1.01,0.01,,84.85,149.15,1.0,-19.63,48.51,Avahi laniger,516002,False
Avahi occidentalis,Primates,Indriidae,828.98,,1.02,0.01,,66.99,,1.0,-17.38,46.11,Avahi occidentalis,563621,False
Avahi unicolor,Primates,Indriidae,,,,,,,,,-14.12,48.3,Avahi unicolor,132960,False
Axis axis,Artiodactyla,Cervidae,69499.99,227.49,1.01,0.67,249.6,6.69,121.66,,17.25,81.46,Axis axis,906317,False
Axis calamianensis,Artiodactyla,Cervidae,39812.6,224.0,2.0,,,,,,11.99,120.09,Axis calamianensis,3611944,False
Axis kuhlii,Artiodactyla,Cervidae,54999.99,227.49,1.22,,,4.44,,1.0,-5.79,112.64,Axis kuhlii,118577,False
Axis porcinus,Artiodactyla,Cervidae,37448.29,220.13,1.0,0.52,240.0,16.5,,1.0,20.57,87.7,Axis porcinus,525302,False
Babyrousa babyrussa,Artiodactyla,Suidae,92950.09,156.5,1.73,,288.0,,212.91,2.0,-2.73,125.8,Babyrousa babyrussa,773454,False
Babyrousa bolabatuensis,Artiodactyla,Suidae,,,,,,,,,,,Babyrousa bolabatuensis,3611401,False
Babyrousa celebensis,Artiodactyla,Suidae,,,,,,,,,-1.37,122.55,Babyrousa celebensis,3611403,False
Balaenoptera musculus,Cetacea,Balaenopteridae,154321304.5,326.97,1.0,,1320.0,,211.71,3.0,,,Balaenoptera musculus,226190,False
Balaenoptera physalus,Cetacea,Balaenopteridae,47506008.23,338.36,1.01,,1392.0,,196.58,3.0,,,Balaenoptera physalus,226193,False
Balantiopteryx infusca,Chiroptera,Emballonuridae,,,,,,,,,-0.64,-79.63,Balantiopteryx infusca,432529,False
Balantiopteryx io,Chiroptera,Emballonuridae,3.97,,1.0,,,,,,16.9,-92.3,Balantiopteryx io,432520,False
Balantiopteryx plicata,Chiroptera,Emballonuridae,6.57,138.81,0.99,,,,58.59,3.0,18.24,-90.93,Balantiopteryx plicata,75168,False
Balionycteris maculata,Chiroptera,Pteropodidae,14.43,,1.0,,,,,1.0,0.57,107.22,Balionycteris maculata,37727,False
Bandicota bengalensis,Rodentia,Muridae,226.99,18.89,7.29,,,,30.03,,20.06,82.02,Bandicota bengalensis,106786,False
Bandicota indica,Rodentia,Muridae,583.09,20.26,6.12,,,,27.3,,20.02,92.13,Bandicota indica,836346,False
Cephalophus niger,Artiodactyla,Bovidae,19094.32,126.0,1.0,,122.04,1.14,89.49,2.0,6.79,-3.26,Cephalophus niger,436153,False
Cephalophus nigrifrons,Artiodactyla,Bovidae,14676.33,,,,236.4,2.0,,1.0,-2.36,23.24,Cephalophus nigrifrons,436155,False
Cephalophus ogilbyi,Artiodactyla,Bovidae,18386.42,121.66,1.0,0.07,,,,,1.84,9.31,Cephalophus ogilbyi,436163,False
Cephalophus rufilatus,Artiodactyla,Bovidae,12114.57,233.99,1.0,,114.0,3.18,85.59,2.0,9.41,7.03,Cephalophus rufilatus,962019,False
Cephalophus silvicultor,Artiodactyla,Bovidae,62006.6,234.43,1.0,,207.96,0.5,34.9,2.0,-1.89,10.29,Cephalophus silvicultor,380144,False
Cephalophus spadix,Artiodactyla,Bovidae,56857.02,,,,65.04,,,1.0,-6.04,36.08,Cephalophus spadix,962017,False
Cephalophus weynsi,Artiodactyla,Bovidae,,,,,183.0,,,,-0.83,26.72,Cephalophus weynsi,962015,False
Cephalophus zebra,Artiodactyla,Bovidae,15654.75,223.89,1.0,,146.04,,13.64,2.0,6.45,-8.64,Cephalophus zebra,962013,False
Cephalorhynchus commersonii,Cetacea,Delphinidae,72400.0,,0.98,,216.0,,,3.0,,,Cephalorhynchus commersonii,1094144,False
Cephalorhynchus eutropia,Cetacea,Delphinidae,45000.0,,0.97,,,,,3.0,,,Cephalorhynchus eutropia,251469,False
Cephalorhynchus heavisidii,Cetacea,Delphinidae,39999.99,,0.97,,,,,,,,Cephalorhynchus heavisidii,860906,False
Cephalorhynchus hectori,Cetacea,Delphinidae,49999.99,,1.0,,240.0,,355.65,3.0,,,Cephalorhynchus hectori,418486,False
Ceratotherium simum,Perissodactyla,Rhinocerotidae,2285939.43,534.19,1.0,19.09,600.0,0.47,365.0,1.0,-10.08,26.25,Ceratotherium simum,1034198,False
Cercartetus caudatus,Diprotodontia,Burramyidae,23.05,,2.37,,38.4,49.99,76.04,2.0,-9.58,142.35,Cercartetus caudatus,277691,False
Cercartetus concinnus,Diprotodontia,Burramyidae,15.96,52.14,4.6,,,,49.99,,-33.82,128.64,Cercartetus concinnus,810548,False
Cercartetus lepidus,Diprotodontia,Burramyidae,8.03,,3.33,,,,89.99,2.0,-38.97,142.44,Cercartetus lepidus,810556,False
Cercartetus nanus,Diprotodontia,Burramyidae,26.85,,3.96,0.005564565,96.0,788.66,62.5,2.0,-35.06,146.65,Cercartetus nanus,810555,False
Cercocebus agilis,Primates,Cercopithecidae,7105.62,,,,,,,,3.9,21.14,Cercocebus agilis,363077,False
Cercocebus atys,Primates,Cercopithecidae,6941.24,165.08,1.01,,321.6,8.85,,,7.92,-7.2,Cercocebus atys,268349,False
Cercocebus chrysogaster,Primates,Cercopithecidae,,,,,,,,,-2.7,21.27,Cercocebus chrysogaster,554545,False
Cercocebus galeritus,Primates,Cercopithecidae,7077.66,174.43,1.01,0.51,252.0,70.11,,1.0,-2.1,40.05,Cercocebus galeritus,268347,False
Cercocebus sanjei,Primates,Cercopithecidae,,,,,,,,,-8.63,36.56,Cercocebus sanjei,3607602,False
Cercocebus torquatus,Primates,Cercopithecidae,7293.07,168.98,1.01,,360.0,40.15,,1.0,4.2,-1.82,Cercocebus torquatus,268353,False
Cercopithecus albogularis,Primates,Cercopithecidae,,,1.02,0.13,,,,2.0,-12.6,36.01,Cercopithecus albogularis,311705,False
Cercopithecus ascanius,Primates,Cercopithecidae,3540.24,148.5,1.01,0.16,339.6,105.79,146.54,2.0,-2.71,23.8,Cercopithecus ascanius,203184,False
Cercopithecus campbelli,Primates,Cercopithecidae,3627.73,180.8,1.02,0.01,396.0,,362.93,1.0,8.53,-12.15,Cercopithecus campbelli,140251,False
Cercopithecus cephus,Primates,Cercopithecidae,3444.88,169.51,1.01,0.24,276.0,21.04,362.93,2.0,-0.42,13.66,Cercopithecus cephus,268334,False
Cercopithecus denti,Primates,Cercopithecidae,,,1.02,,,,,,0.55,27.01,Cercopithecus denti,198616,False
Cercopithecus diana,Primates,Cercopithecidae,4358.91,,1.01,1.25,447.6,16.47,362.93,2.0,6.65,-9.45,Cercopithecus diana,203187,False
Cercopithecus doggetti,Primates,Cercopithecidae,,,,,,,,,-2.3,30.32,Cercopithecus doggetti,3607605,False
Cercopithecus dryas,Primates,Cercopithecidae,2784.06,,1.02,,,,,,-1.59,22.85,Cercopithecus dryas,3607607,False
Cercopithecus erythrogaster,Primates,Cercopithecidae,3444.88,,1.02,,,,,2.0,6.06,4.15,Cercopithecus erythrogaster,179316,False
Cercopithecus erythrotis,Primates,Cercopithecidae,3254.98,,1.02,,,,,2.0,4.97,9.67,Cercopithecus erythrotis,623302,False
Cercopithecus hamlyni,Primates,Cercopithecidae,,,,,,,,,-1.75,27.54,Cercopithecus hamlyni,268332,False
Cercopithecus kandti,Primates,Cercopithecidae,,,,,,,,,-2.16,29.22,Cercopithecus kandti,3607604,False
Cercopithecus lhoesti,Primates,Cercopithecidae,5307.47,,1.0,,192.0,4.99,,2.0,-1.13,28.05,Allochrocebus lhoesti,954691,True
Cercopithecus lowei,Primates,Cercopithecidae,,,,,,,,,6.3,-4.04,Cercopithecus lowei,3607603,False
Cercopithecus mitis,Primates,Cercopithecidae,5041.29,138.39,1.0,0.1,325.2,70.39,688.08,2.0,-1.9,25.48,Cercopithecus mitis,203191,False
Cercopithecus mona,Primates,Cercopithecidae,3980.17,,1.0,,360.0,,,,6.83,6.22,Cercopithecus mona,918231,False
Cercopithecus neglectus,Primates,Cercopithecidae,5324.52,172.07,1.02,0.06,315.6,29.03,417.62,2.0,-1.11,22.96,Cercopithecus neglectus,918233,False
Cercopithecus nictitans,Primates,Cercopithecidae,5256.91,169.51,1.0,1.15,276.0,22.5,,2.0,1.69,7.96,Cercopithecus nictitans,203154,False
Cercopithecus petaurista,Primates,Cercopithecidae,3233.67,,1.02,,228.0,25.95,,,8.93,-7.5,Cercopithecus petaurista,949841,False
Cercopithecus pogonias,Primates,Cercopithecidae,3578.27,169.51,1.01,1.15,289.2,19.04,,2.0,1.53,16.03,Cercopithecus pogonias,80548,False
Cercopithecus preussi,Primates,Cercopithecidae,5132.57,,1.02,,,,,2.0,4.78,9.17,Allochrocebus preussi,283455,True
Cercopithecus roloway,Primates,Cercopithecidae,,,,,,,,,5.97,-3.86,Cercopithecus roloway,699219,False
Cercopithecus sclateri,Primates,Cercopithecidae,3067.29,,1.02,,,,,,5.4,7.5,Cercopithecus sclateri,3607606,False
Cercopithecus solatus,Primates,Cercopithecidae,5256.91,,1.01,,,,,,-0.8,11.92,Allochrocebus solatus,807150,True
Cercopithecus wolfi,Primates,Cercopithecidae,3255.18,,1.02,,,,,,-1.87,23.78,Cercopithecus wolfi,375164,False
Cerdocyon thous,Carnivora,Canidae,5741.66,57.18,3.09,1.41,138.0,3.54,72.33,2.0,-11.22,-55.68,Cerdocyon thous,821960,False
Cervus elaphus,Artiodactyla,Cervidae,240867.13,235.61,1.09,58.42,321.6,2.9,104.64,1.0,46.41,8.4,Cervus elaphus,936014,False
Cervus nippon,Artiodactyla,Cervidae,52999.99,223.66,1.0,1.43,305.04,0.75,197.7,1.0,33.97,126.9,Cervus nippon,754809,False
Chaerephon aloysiisabaudiae,Chiroptera,Molossidae,,,,,,,,,3.85,14.59,Chaerephon aloysiisabaudiae,3613963,False
Chaerephon ansorgei,Chiroptera,Molossidae,,68.43,,,,,72.83,,-11.82,25.61,Chaerephon ansorgei,999061,False
Chaerephon bemmeleni,Chiroptera,Molossidae,,,,,,,,,1.4,13.55,Chaerephon bemmeleni,3613961,False
Chaerephon bivittatus,Chiroptera,Molossidae,15.42,,,,,,,,-2.12,35.1,Chaerephon bivittatus,3613970,False
Chaerephon bregullae,Chiroptera,Molossidae,,,,,,,,,-15.81,0.0,Chaerephon bregullae,3613969,False
Chaerephon chapini,Chiroptera,Molossidae,,,,,,,,,0.88,24.96,Chaerephon chapini,661833,False
Chaerephon gallagheri,Chiroptera,Molossidae,,,,,,,,,-3.14,25.77,Chaerephon gallagheri,3613930,False
Chaerephon jobensis,Chiroptera,Molossidae,20.71,,,,,,,3.0,-14.35,132.63,Chaerephon jobensis,661824,False
Chaerephon johorensis,Chiroptera,Molossidae,,,,,,,,3.0,3.81,101.21,Chaerephon johorensis,3613967,False
Chaerephon leucogaster,Chiroptera,Molossidae,,,,,,,,,-5.85,21.33,Chaerephon leucogaster,943303,False
Chaerephon major,Chiroptera,Molossidae,15.17,,1.0,,,,,,4.7,11.02,Chaerephon major,3613964,False
Chaerephon nigeriae,Chiroptera,Molossidae,20.14,,,,,,,,-5.95,22.79,Chaerephon nigeriae,661827,False
Chaerephon plicatus,Chiroptera,Molossidae,21.83,88.64,0.99,,,,,3.0,11.03,98.88,Chaerephon plicatus,682737,False
Chaerephon pumilus,Chiroptera,Molossidae,10.98,62.57,1.0,,60.0,,24.5,3.0,-8.8,16.36,Chaerephon pumilus,1079628,False
Chaerephon russatus,Chiroptera,Molossidae,16.98,,0.99,,,,,,3.05,17.17,Chaerephon russatus,3613962,False
Chaerephon shortridgei,Chiroptera,Molossidae,,,,,,,,,-14.97,23.74,Chaerephon shortridgei,3613966,False
Chaerephon solomonis,Chiroptera,Molossidae,,,,,,,,,-7.58,158.14,Chaerephon solomonis,3613973,False
Chaerephon tomensis,Chiroptera,Molossidae,7.48,,,,,,,,0.22,6.61,Chaerephon tomensis,3613940,False
Chaeropus ecaudatus,Peramelemorphia,Chaeropodidae,219.51,,1.41,,,,,2.0,,,Chaeropus ecaudatus,365069,False
Chaetocauda sichuanensis,Rodentia,Gliridae,31.51,,,,,,,,32.33,104.23,Chaetocauda sichuanensis,3608168,False
Chaetodipus arenarius,Rodentia,Heteromyidae,23.0,,2.91,,,,,,27.83,-113.1,Chaetodipus arenarius,632596,False
Chaetodipus artus,Rodentia,Heteromyidae,,,,,,,,1.0,25.22,-107.57,Chaetodipus artus,764434,False
Chaetodipus baileyi,Rodentia,Heteromyidae,28.44,,3.68,,,3548.51,,2.0,29.96,-111.71,Chaetodipus baileyi,764435,False
Chaetodipus californicus,Rodentia,Heteromyidae,23.01,25.16,4.0,,,,23.0,,34.78,-118.8,Chaetodipus californicus,764439,False
Chaetodipus dalquesti,Rodentia,Heteromyidae,,,,,,,,,23.47,-110.32,Chaetodipus dalquesti,330042,False
Chaetodipus eremicus,Rodentia,Heteromyidae,,,,,,,,,27.59,-104.13,Chaetodipus eremicus,764440,False
Chaetodipus fallax,Rodentia,Heteromyidae,19.19,25.0,3.45,0.002300009,99.6,502.5,,1.0,31.14,-115.84,Chaetodipus fallax,190181,False
Chaetodipus formosus,Rodentia,Heteromyidae,20.02,28.0,5.28,,60.0,,21.0,,34.22,-115.84,Chaetodipus formosus,1004150,False
Chaetodipus goldmani,Rodentia,Heteromyidae,,,,,,,,,28.04,-109.35,Chaetodipus goldmani,190180,False
Chaetodipus hispidus,Rodentia,Heteromyidae,37.24,,5.34,,,,30.18,1.0,33.2,-102.34,Chaetodipus hispidus,427276,False
Chaetodipus intermedius,Rodentia,Heteromyidae,14.94,,5.53,,,425.17,,,32.22,-108.97,Chaetodipus intermedius,374303,False
Chaetodipus lineatus,Rodentia,Heteromyidae,23.0,,,,,,,1.0,22.75,-101.11,Chaetodipus lineatus,3609615,False
Chaetodipus nelsoni,Rodentia,Heteromyidae,15.53,30.63,3.46,0.002835545,,473.46,,2.0,26.77,-102.64,Chaetodipus nelsoni,190185,False
Chaetodipus penicillatus,Rodentia,Heteromyidae,15.57,26.0,3.4,0.005027576,,172.99,,,32.09,-113.23,Chaetodipus penicillatus,1004164,False
Chaetodipus pernix,Rodentia,Heteromyidae,17.0,,,,,,,1.0,25.58,-107.76,Chaetodipus pernix,1004162,False
Chaetodipus rudinoris,Rodentia,Heteromyidae,,,,,,,,,28.37,-113.23,Chaetodipus rudinoris,320777,False
Chaetodipus spinatus,Rodentia,Heteromyidae,16.34,,3.5,,,,,,29.1,-113.07,Chaetodipus spinatus,190184,False
Cricetulus barabensis,Rodentia,Cricetidae,,,6.06,,,,20.0,,42.81,104.79,Cricetulus barabensis,514916,False
Cricetulus kamensis,Rodentia,Cricetidae,,,,,,,,,39.5,101.27,Cricetulus kamensis,3608519,False
Cricetulus longicaudatus,Rodentia,Cricetidae,,,5.71,,,,,,43.71,105.69,Cricetulus longicaudatus,391640,False
Cricetulus migratorius,Rodentia,Cricetidae,30.59,12.0,5.2,,,221.44,24.5,,42.51,68.25,Cricetulus migratorius,159169,False
Cricetulus sokolovi,Rodentia,Cricetidae,,,,,,,,,43.97,111.04,Cricetulus sokolovi,753018,False
Cricetus cricetus,Rodentia,Cricetidae,428.95,19.5,7.14,,48.0,,24.85,,51.6,48.95,Cricetus cricetus,391625,False
Crocidura aleksandrisi,Soricomorpha,Soricidae,,,,,,,,,30.99,22.3,Crocidura aleksandrisi,563465,False
Crocidura allex,Soricomorpha,Soricidae,,,3.99,,,,,,-1.82,36.44,Crocidura allex,3614569,False
Crocidura andamanensis,Soricomorpha,Soricidae,,,,,,,,,12.52,92.81,Crocidura andamanensis,3614552,False
Crocidura ansellorum,Soricomorpha,Soricidae,,,,,,,,,-11.75,24.81,Crocidura ansellorum,3614580,False
Crocidura arabica,Soricomorpha,Soricidae,,,,,,,,,19.48,51.83,Crocidura arabica,3614524,False
Crocidura arispa,Soricomorpha,Soricidae,,,,,,,,,37.27,31.77,Crocidura arispa,3614576,False
Crocidura armenica,Soricomorpha,Soricidae,,,,,,,,,40.3,45.1,Crocidura armenica,3614494,False
Crocidura attenuata,Soricomorpha,Soricidae,,,0.99,,,,,,10.43,102.84,Crocidura attenuata,974852,False
Crocidura attila,Soricomorpha,Soricidae,,,,,,,,,3.63,12.94,Crocidura attila,3614572,False
Crocidura baileyi,Soricomorpha,Soricidae,,,,,,,,,11.32,38.46,Crocidura baileyi,502045,False
Crocidura baluensis,Soricomorpha,Soricidae,,,,,,,,,,,Crocidura baluensis,3614522,False
Crocidura batesi,Soricomorpha,Soricidae,16.49,,,,,,,,1.69,12.39,Crocidura batesi,457196,False
Crocidura beatus,Soricomorpha,Soricidae,10.55,,,,,,,,8.68,124.24,Crocidura beatus,735985,False
Crocidura beccarii,Soricomorpha,Soricidae,,,,,,,,,0.15,100.2,Crocidura beccarii,486938,False
Crocidura bottegi,Soricomorpha,Soricidae,3.49,,2.99,,,,,,6.19,13.04,Crocidura bottegi,457194,False
Crocidura bottegoides,Soricomorpha,Soricidae,,,,,,,,,7.23,39.55,Crocidura bottegoides,3614496,False
Crocidura brunnea,Soricomorpha,Soricidae,,,,,,,,,,,Crocidura brunnea,486941,False
Crocidura buettikoferi,Soricomorpha,Soricidae,,,2.99,,,,,,8.23,-3.43,Crocidura buettikoferi,457192,False
Crocidura caliginea,Soricomorpha,Soricidae,,,,,,,,,1.63,26.35,Crocidura caliginea,3614525,False
Crocidura canariensis,Soricomorpha,Soricidae,7.5,,,,,,,,28.67,-13.96,Crocidura canariensis,3285,False
Crocidura caspica,Soricomorpha,Soricidae,,,,,,,,,,,Crocidura caspica,578624,False
Crocidura cinderella,Soricomorpha,Soricidae,,,,,,,,,15.12,-5.75,Crocidura cinderella,3614574,False
Crocidura congobelgica,Soricomorpha,Soricidae,,,,,,,,,0.79,29.16,Crocidura congobelgica,3614565,False
Crocidura crenata,Soricomorpha,Soricidae,,,,,,,,,2.75,12.03,Crocidura crenata,1076527,False
Crocidura crossei,Soricomorpha,Soricidae,8.0,,3.0,,,,,,6.61,-1.67,Crocidura crossei,906771,False
Crocidura cyanea,Soricomorpha,Soricidae,8.58,,3.59,,,,,2.0,-23.48,23.26,Crocidura cyanea,906767,False
Crocidura denti,Soricomorpha,Soricidae,,,,,,,,,1.45,13.84,Crocidura denti,507588,False
Crocidura desperata,Soricomorpha,Soricidae,,,,,,,,,-8.89,34.68,Crocidura desperata,3614575,False
Crocidura dhofarensis,Soricomorpha,Soricidae,,,,,,,,,17.04,54.16,Crocidura dhofarensis,3614512,False
Crocidura dolichura,Soricomorpha,Soricidae,5.63,,,,,,,,1.71,17.09,Crocidura dolichura,1076528,False
Crocidura douceti,Soricomorpha,Soricidae,4.3,,,,,,,,8.28,-0.8,Crocidura douceti,507586,False
Crocidura dsinezumi,Soricomorpha,Soricidae,,,4.29,,,,,,33.71,132.93,Crocidura dsinezumi,992415,False
Crocidura eisentrauti,Soricomorpha,Soricidae,,,1.99,,,,,,4.23,9.16,Crocidura eisentrauti,3614564,False
Crocidura elgonius,Soricomorpha,Soricidae,6.5,,,,,,,,-1.86,36.51,Crocidura elgonius,3614582,False
Crocidura elongata,Soricomorpha,Soricidae,,,,,,,,,-0.46,122.42,Crocidura elongata,486930,False
Crocidura erica,Soricomorpha,Soricidae,,,,,,,,,-11.13,15.55,Crocidura erica,3614581,False
Crocidura fischeri,Soricomorpha,Soricidae,,,,,,,,,-2.64,36.83,Crocidura fischeri,3614529,False
Crocidura flavescens,Soricomorpha,Soricidae,31.22,25.0,3.37,,,,,3.0,-30.94,25.23,Crocidura flavescens,507592,False
Crocidura floweri,Soricomorpha,Soricidae,,,,,,,,,27.56,30.55,Crocidura floweri,3614530,False
Crocidura foetida,Soricomorpha,Soricidae,,,,,,,,,,,Crocidura foetida,486932,False
Crocidura foxi,Soricomorpha,Soricidae,21.0,,1.99,,,,,,9.83,9.02,Crocidura foxi,1084087,False
Crocidura fuliginosa,Soricomorpha,Soricidae,12.0,,1.73,,,,,,14.58,104.87,Crocidura fuliginosa,1063186,False
Crocidura fulvastra,Soricomorpha,Soricidae,10.0,,,,,,,,9.41,12.61,Crocidura fulvastra,41804,False
Crocidura fumosa,Soricomorpha,Soricidae,14.49,,3.74,,,,,,0.5,36.3,Crocidura fumosa,3614561,False
Crocidura fuscomurina,Soricomorpha,Soricidae,5.6,,3.0,,,135.52,17.29,2.0,-9.13,12.87,Crocidura fuscomurina,507590,False
Crocidura glassi,Soricomorpha,Soricidae,,,,,,,,,8.12,40.54,Crocidura glassi,977664,False
Crocidura gmelini,Soricomorpha,Soricidae,,,,,,,,,,,Crocidura gmelini,3614504,False
Crocidura goliath,Soricomorpha,Soricidae,87.92,,,,,,,,1.85,14.49,Crocidura goliath,499996,False
Crocidura gracilipes,Soricomorpha,Soricidae,6.69,,2.99,,,,,,-3.06,37.35,Crocidura gracilipes,3614566,False
Crocidura grandiceps,Soricomorpha,Soricidae,23.0,,,,,,,,6.95,-0.61,Crocidura grandiceps,816849,False
Crocidura grandis,Soricomorpha,Soricidae,,,,,,,,,8.21,123.63,Crocidura grandis,3614519,False
Crocidura grassei,Soricomorpha,Soricidae,,,,,,,,,2.19,14.71,Crocidura grassei,499998,False
Crocidura grayi,Soricomorpha,Soricidae,10.7,,,,,,,3.0,15.42,122.08,Crocidura grayi,225602,False
Crocidura greenwoodi,Soricomorpha,Soricidae,,,,,,,,,2.24,44.28,Crocidura greenwoodi,3614547,False
Crocidura harenna,Soricomorpha,Soricidae,,,,,,,,,6.71,39.73,Crocidura harenna,3614500,False
Crocidura hildegardeae,Soricomorpha,Soricidae,10.28,,,,,347.22,,,0.16,26.8,Crocidura hildegardeae,1076522,False
Crocidura hilliana,Soricomorpha,Soricidae,,,,,,,,,,,Crocidura hilliana,3614550,False
Crocidura hirta,Soricomorpha,Soricidae,15.8,18.0,3.89,,,44.12,17.74,2.0,-14.91,29.71,Crocidura hirta,507580,False
Crocidura hispida,Soricomorpha,Soricidae,,,,,,,,,12.61,92.84,Crocidura hispida,3614505,False
Crocidura orii,Soricomorpha,Soricidae,,,,,,,,,28.08,129.3,Crocidura orii,690675,False
Crocidura palawanensis,Soricomorpha,Soricidae,,,,,,,,,9.87,118.44,Crocidura palawanensis,349631,False
Crocidura paradoxura,Soricomorpha,Soricidae,,,,,,,,,-0.8,100.85,Crocidura paradoxura,1063188,False
Crocidura parvipes,Soricomorpha,Soricidae,,,,,,,,,-3.62,25.14,Crocidura parvipes,258574,False
Crocidura pasha,Soricomorpha,Soricidae,6.5,,,,,,,,18.39,31.73,Crocidura pasha,3614508,False
Crocidura pergrisea,Soricomorpha,Soricidae,,,,,,,,,36.7,73.36,Crocidura pergrisea,3614516,False
Crocidura phaeura,Soricomorpha,Soricidae,,,,,,,,,6.75,38.47,Crocidura phaeura,3614495,False
Crocidura picea,Soricomorpha,Soricidae,,,,,,,,,6.25,9.52,Crocidura picea,3614518,False
Crocidura pitmani,Soricomorpha,Soricidae,,,,,,,,,-12.91,30.68,Crocidura pitmani,3614548,False
Crocidura planiceps,Soricomorpha,Soricidae,2.5,,3.0,,,,,,5.18,22.7,Crocidura planiceps,3614539,False
Crocidura poensis,Soricomorpha,Soricidae,17.05,,2.44,,,,,,3.06,1.41,Crocidura poensis,1084093,False
Crocidura polia,Soricomorpha,Soricidae,,,,,,,,,2.42,27.3,Crocidura polia,3614526,False
Crocidura pullata,Soricomorpha,Soricidae,,,,,,,,,34.44,73.33,Crocidura pullata,3614563,False
Crocidura raineyi,Soricomorpha,Soricidae,14.49,,,,,,,,0.95,37.41,Crocidura raineyi,3614503,False
Crocidura ramona,Soricomorpha,Soricidae,,,,,,,,,,,Crocidura ramona,225587,False
Crocidura rapax,Soricomorpha,Soricidae,,,,,,,,,,,Crocidura rapax,368620,False
Crocidura religiosa,Soricomorpha,Soricidae,7.0,,,,,,,,27.25,31.83,Crocidura religiosa,3614510,False
Crocidura rhoditis,Soricomorpha,Soricidae,,,,,,,,,-2.09,121.29,Crocidura rhoditis,1063199,False
Crocidura roosevelti,Soricomorpha,Soricidae,,,,,,,,,-0.88,23.22,Crocidura roosevelti,500005,False
Crocidura russula,Soricomorpha,Soricidae,9.89,29.0,4.04,0.000165903,38.4,8850.0,23.82,3.0,40.48,6.64,Crocidura russula,809504,False
Crocidura selina,Soricomorpha,Soricidae,,,,,,,,,0.89,32.07,Crocidura selina,3614521,False
Crocidura serezkyensis,Soricomorpha,Soricidae,,,,,,,,,38.63,57.3,Crocidura serezkyensis,3614498,False
Crocidura shantungensis,Soricomorpha,Soricidae,,,,,,,,,,,Crocidura shantungensis,56572,False
Crocidura sibirica,Soricomorpha,Soricidae,,,,,,,,,50.67,92.26,Crocidura sibirica,513587,False
Crocidura sicula,Soricomorpha,Soricidae,,,,,,,,,37.01,13.82,Crocidura sicula,314772,False
Crocidura silacea,Soricomorpha,Soricidae,7.0,,3.99,,,,,3.0,-27.21,26.42,Crocidura silacea,850877,False
Crocidura smithii,Soricomorpha,Soricidae,,,,,,,,,11.13,14.76,Crocidura smithii,3614538,False
Crocidura somalica,Soricomorpha,Soricidae,11.5,,,,,,,,9.38,37.18,Crocidura somalica,3614570,False
Crocidura stenocephala,Soricomorpha,Soricidae,,,,,,,,,-1.99,28.77,Crocidura stenocephala,3614573,False
Crocidura suaveolens,Soricomorpha,Soricidae,7.35,27.15,3.49,,32.4,5541.66,28.03,2.0,,,Crocidura suaveolens,596802,False
Crocidura susiana,Soricomorpha,Soricidae,,,,,,,,,32.19,48.19,Crocidura susiana,3614492,False
Eptesicus kobayashii,Chiroptera,Vespertilionidae,,,,,,,,,,,Eptesicus kobayashii,3613794,False
Eptesicus matroka,Chiroptera,Vespertilionidae,6.57,,1.22,,,,,3.0,-18.57,46.85,Neoromicia matroka,514381,True
Eptesicus nasutus,Chiroptera,Vespertilionidae,7.91,,,,,,,,24.05,57.16,Eptesicus nasutus,589478,False
Eptesicus nilssonii,Chiroptera,Vespertilionidae,10.72,,1.5,,186.0,,26.0,3.0,53.78,80.43,Eptesicus nilssonii,493714,False
Eptesicus pachyotis,Chiroptera,Vespertilionidae,8.1,,,,,,,,22.77,96.77,Eptesicus pachyotis,3613803,False
Equus kiang,Perissodactyla,Equidae,281138.63,260.76,,,,,,,33.45,87.46,Equus kiang,641400,False
Equus quagga,Perissodactyla,Equidae,400000.0,,,,240.0,,,,,,Equus burchellii quagga,124776,True
Equus zebra,Perissodactyla,Equidae,282462.13,363.49,1.0,7.4,288.0,1.32,181.46,1.0,-25.58,19.51,Equus zebra,1068212,False
Eremitalpa granti,Afrosoricida,Chrysochloridae,22.04,,1.36,0.03,24.0,37.21,,2.0,-27.49,16.53,Eremitalpa granti,672748,False
Eremodipus lichtensteini,Rodentia,Dipodidae,,,4.86,,,,,,42.48,65.36,Eremodipus lichtensteini,85025,False
Erethizon dorsatum,Rodentia,Erethizontidae,7419.46,210.99,1.0,0.1,216.0,3.49,16.27,1.0,49.77,-108.02,Erethizon dorsatum,848921,False
Erignathus barbatus,Carnivora,Phocidae,279999.99,285.24,1.0,,377.43,0.01,20.94,2.0,,,Erignathus barbatus,931413,False
Erinaceus amurensis,Erinaceomorpha,Erinaceidae,,,,,,,,3.0,38.32,118.36,Erinaceus amurensis,125319,False
Erinaceus concolor,Erinaceomorpha,Erinaceidae,665.99,34.99,5.23,0.01,,,41.3,2.0,,,Erinaceus concolor,782352,False
Erinaceus europaeus,Erinaceomorpha,Erinaceidae,777.95,36.98,4.64,0.08,168.0,123.0,40.0,2.0,53.78,15.38,Erinaceus europaeus,796660,False
Erinaceus roumanicus,Erinaceomorpha,Erinaceidae,,,,,,,,,,,Erinaceus roumanicus,1089938,False
Eropeplus canus,Rodentia,Muridae,,,,,,,,,-1.48,120.11,Eropeplus canus,3610726,False
Erophylla bombifrons,Chiroptera,Phyllostomidae,16.28,,,,,,,1.0,18.77,-70.03,Erophylla bombifrons,120236,False
Erophylla sezekorni,Chiroptera,Phyllostomidae,15.87,,1.0,,,,,,22.31,-79.48,Erophylla sezekorni,534168,False
Erythrocebus patas,Primates,Cercopithecidae,7966.3,167.2,1.01,28.24,286.8,0.26,211.79,2.0,7.97,10.22,Erythrocebus patas,268326,False
Eptesicus platyops,Chiroptera,Vespertilionidae,,,,,,,,,9.37,-4.29,Eptesicus platyops,3613797,False
Eptesicus serotinus,Chiroptera,Vespertilionidae,23.09,65.44,1.5,,72.0,,30.8,3.0,37.94,56.25,Eptesicus serotinus,15443,False
Eptesicus tatei,Chiroptera,Vespertilionidae,,,,,,,,,27.06,88.47,Eptesicus tatei,3613804,False
Equus asinus,Perissodactyla,Equidae,164998.49,367.0,1.0,139.69,564.0,3.06,,,,,Equus asinus,1068202,False
Equus burchellii,Perissodactyla,Equidae,279160.65,371.2,1.0,127.99,480.0,7.0,294.11,1.0,-11.09,26.23,Equus burchellii,1068214,False
Equus caballus,Perissodactyla,Equidae,403598.53,338.97,1.0,15.62,744.0,,341.76,1.0,,,Equus caballus,1068218,False
Equus grevyi,Perissodactyla,Equidae,408000.35,406.0,1.0,,312.0,2.27,271.7,1.0,4.14,38.38,Equus grevyi,1068209,False
Equus hemionus,Perissodactyla,Equidae,235248.07,346.0,1.0,,465.6,0.69,456.25,1.0,36.64,84.0,Equus hemionus,918649,False
Genetta bourloni,Carnivora,Viverridae,,,,,,,,,,,Genetta bourloni,45845,False
Genetta cristata,Carnivora,Viverridae,1863.23,,2.5,,408.0,,,3.0,5.47,9.98,Genetta cristata,45849,False
Genetta genetta,Carnivora,Viverridae,1756.17,74.18,2.29,10.9,408.0,1.88,71.8,2.0,7.53,16.93,Genetta genetta,194343,False
Genetta johnstoni,Carnivora,Viverridae,2225.0,,,,,,,,6.86,-8.95,Genetta johnstoni,159585,False
Genetta maculata,Carnivora,Viverridae,1950.0,,2.12,,,,,2.0,-5.9,23.09,Genetta maculata,159579,False
Genetta pardina,Carnivora,Viverridae,,,,,,,,,8.96,-8.07,Genetta pardina,45855,False
Genetta piscivora,Carnivora,Viverridae,1648.05,,0.96,,,,,3.0,0.61,24.78,Osbornictis piscivora,49904,True
Genetta poensis,Carnivora,Viverridae,,,,,,,,,,,Genetta poensis,45853,False
Delomys collinus,Rodentia,Cricetidae,,,,,,,,,,,Delomys collinus,315215,False
Delomys dorsalis,Rodentia,Cricetidae,67.5,,,,,,,,-26.07,-47.6,Delomys dorsalis,196751,False
Delomys sublineatus,Rodentia,Cricetidae,89.99,,,,,,,,-22.52,-45.0,Delomys sublineatus,247845,False
Delphinapterus leucas,Cetacea,Monodontidae,1381640.73,394.24,1.02,,480.0,,689.92,3.0,,,Delphinapterus leucas,851318,False
Delphinus capensis,Cetacea,Delphinidae,,,,,,,,,,,Delphinus capensis,1094064,False
Delphinus delphis,Cetacea,Delphinidae,79271.69,296.89,0.98,,240.0,,405.05,,,,Delphinus delphis,698438,False
Deltamys kempi,Rodentia,Cricetidae,26.4,,,,,,,,-34.46,-57.88,Deltamys kempi,191287,False
Dendrogale melanura,Scandentia,Tupaiidae,59.99,,,,,,,,5.28,116.1,Dendrogale melanura,742280,False
Dendrogale murina,Scandentia,Tupaiidae,49.99,,,,,,,,11.49,105.15,Dendrogale murina,396022,False
Dendrohyrax arboreus,Hyracoidea,Procaviidae,2981.11,229.06,1.51,,147.6,22.67,152.08,1.0,-16.09,30.86,Dendrohyrax arboreus,1079385,False
Dendrohyrax dorsalis,Hyracoidea,Procaviidae,3174.99,236.57,1.22,,120.0,,,1.0,3.97,8.0,Dendrohyrax dorsalis,285372,False
Dendrolagus bennettianus,Diprotodontia,Macropodidae,10458.82,,1.0,,240.0,27.38,717.95,,-16.49,145.36,Dendrolagus bennettianus,78846,False
Dendrolagus dorianus,Diprotodontia,Macropodidae,8976.58,,1.01,,96.0,,598.29,2.0,-6.62,142.69,Dendrolagus dorianus,619969,False
Dendrolagus goodfellowi,Diprotodontia,Macropodidae,7948.78,37.94,1.0,,252.0,,359.99,1.0,-7.19,146.1,Dendrolagus goodfellowi,567249,False
Bibimys torresi,Rodentia,Cricetidae,28.0,,,,,,,,-30.7,-56.56,Bibimys torresi,3608230,False
Bison bison,Artiodactyla,Bovidae,624577.07,283.17,0.98,47.39,396.0,0.28,287.32,1.0,44.31,-110.56,Bison bison,907693,False
Bison bonasus,Artiodactyla,Bovidae,675876.7,265.99,1.0,7.91,324.0,0.88,287.32,1.0,,,Bison bonasus,907684,False
Biswamoyopterus biswasi,Rodentia,Sciuridae,,,,,,,,,27.47,96.46,Biswamoyopterus biswasi,3609183,False
Blanfordimys afghanus,Rodentia,Cricetidae,,,3.4,,,,,,36.03,62.68,Blanfordimys afghanus,624829,False
Blanfordimys bucharensis,Rodentia,Cricetidae,,,,,,,,,38.75,68.77,Blanfordimys bucharensis,177476,False
Blarina brevicauda,Soricomorpha,Soricidae,18.56,20.58,5.39,0.003539783,33.0,922.93,21.91,2.0,44.24,-85.41,Blarina brevicauda,54160,False
Blarina carolinensis,Soricomorpha,Soricidae,11.91,,3.95,0.00995781,,629.99,,2.0,32.62,-86.04,Blarina carolinensis,404816,False
Blarina hylophaga,Soricomorpha,Soricidae,14.49,,,,,,,,36.34,-94.03,Blarina hylophaga,404814,False
Blarina peninsulae,Soricomorpha,Soricidae,,,,,,,,,,,Blarina peninsulae,3614400,False
Babyrousa togeanensis,Artiodactyla,Suidae,,,,,,,,,-0.4,121.89,Babyrousa togeanensis,3611402,False
Baiomys musculus,Rodentia,Cricetidae,8.99,,2.62,,,,,1.0,16.95,-95.85,Baiomys musculus,275823,False
Baiomys taylori,Rodentia,Cricetidae,7.43,21.99,2.52,0.000384598,39.12,2464.99,20.38,1.0,26.19,-102.47,Baiomys taylori,39171,False
Balaena mysticetus,Cetacea,Balaenidae,79691178.99,379.9,1.0,,480.0,,352.0,3.0,,,Balaena mysticetus,397231,False
Balaenoptera acutorostrata,Cetacea,Balaenopteridae,5587093.59,304.16,1.0,,600.0,,182.5,3.0,,,Balaenoptera acutorostrata,800317,False
Balaenoptera bonaerensis,Cetacea,Balaenopteridae,,,,,,,,,,,Balaenoptera bonaerensis,44568,False
Balaenoptera borealis,Cetacea,Balaenopteridae,22106251.95,334.58,1.02,,888.0,,203.46,3.0,,,Balaenoptera borealis,800329,False
Balaenoptera edeni,Cetacea,Balaenopteridae,19999999.97,383.46,0.97,,864.0,,273.75,3.0,,,Balaenoptera edeni,800331,False
Blarinella griselda,Soricomorpha,Soricidae,,,,,,,,,,,Blarinella griselda,638160,False
Blarinella quadraticauda,Soricomorpha,Soricidae,12.5,,,,,,,,,,Blarinella quadraticauda,3614452,False
Blarinella wardi,Soricomorpha,Soricidae,,,,,,,,,25.21,99.63,Blarinella wardi,3614453,False
Blarinomys breviceps,Rodentia,Cricetidae,36.79,,1.21,,,,,3.0,-18.83,-41.89,Blarinomys breviceps,196745,False
Blastocerus dichotomus,Artiodactyla,Cervidae,112518.53,272.37,0.98,,,0.12,,1.0,-19.49,-57.91,Blastocerus dichotomus,678842,False
Boromys offella,Rodentia,Echimyidae,,,,,,,,,,,Boromys offella,3610481,False
Boromys torrei,Rodentia,Echimyidae,,,,,,,,,,,Boromys torrei,3611111,False
Brachylagus idahoensis,Lagomorpha,Leporidae,431.19,38.99,5.81,0.003792025,,864.86,,1.0,42.62,-116.1,Brachylagus idahoensis,923726,False
Brachyphylla cavernarum,Chiroptera,Phyllostomidae,45.5,,1.0,,,,73.44,2.0,15.78,-63.34,Brachyphylla cavernarum,456526,False
Brachyphylla nana,Chiroptera,Phyllostomidae,37.25,,0.98,,,,,,20.39,-76.63,Brachyphylla nana,179313,False
Brachytarsomys albicauda,Rodentia,Nesomyidae,200.0,,,,,,,1.0,-18.45,48.61,Brachytarsomys albicauda,441614,False
Brachytarsomys villosa,Rodentia,Nesomyidae,219.99,,,,,,,,,,Brachytarsomys villosa,3608553,False
Brachyteles arachnoides,Primates,Atelidae,10537.31,221.75,1.02,1.04,,5.49,734.82,2.0,-22.66,-48.65,Brachyteles arachnoides,1058645,False
Brachyteles hypoxanthus,Primates,Atelidae,,,,,,,,,-20.51,-44.3,Brachyteles hypoxanthus,574171,False
Brachyuromys betsileoensis,Rodentia,Nesomyidae,93.58,,,,,,,,-20.07,47.88,Brachyuromys betsileoensis,441611,False
Brachyuromys ramirohitra,Rodentia,Nesomyidae,92.31,,,,,,,,-21.44,47.41,Brachyuromys ramirohitra,277060,False
Bradypus pygmaeus,Pilosa,Bradypodidae,,,,,,,,,9.09,-81.55,Bradypus pygmaeus,736497,False
Crocidura olivieri,Soricomorpha,Soricidae,34.42,,,,,72.36,,,16.67,19.21,Crocidura olivieri,507598,False
Crocidura orientalis,Soricomorpha,Soricidae,,,,,,,,,,,Crocidura orientalis,64110,False
Cephalophus dorsalis,Artiodactyla,Bovidae,20000.0,238.0,1.0,0.27,204.96,,,2.0,1.14,8.68,Cephalophus dorsalis,1054624,False
Cephalophus jentinki,Artiodactyla,Bovidae,68489.54,,1.0,,210.0,0.1,,1.0,6.79,-9.05,Cephalophus jentinki,436151,False
Cephalophus leucogaster,Artiodactyla,Bovidae,13208.69,,1.0,,63.96,,,2.0,-0.45,19.67,Cephalophus leucogaster,603124,False
Cephalophus natalensis,Artiodactyla,Bovidae,12724.51,212.97,1.0,0.06,180.0,6.92,,1.0,-19.25,35.03,Cephalophus natalensis,401074,False
Chaetomys subspinosus,Rodentia,Erethizontidae,1299.99,,,,,,,1.0,-16.28,-39.57,Chaetomys subspinosus,463598,False
Chaetophractus nationi,Cingulata,Dasypodidae,2110.04,,,,,,,3.0,-19.24,-67.74,Chaetophractus nationi,4119189,False
Chaetophractus vellerosus,Cingulata,Dasypodidae,930.16,,,0.02,,,,2.0,-23.25,-62.21,Chaetophractus vellerosus,627609,False
Chaetophractus villosus,Cingulata,Dasypodidae,4372.8,68.93,1.62,,240.0,,76.56,,-33.67,-62.32,Chaetophractus villosus,180375,False
Chalinolobus dwyeri,Chiroptera,Vespertilionidae,8.74,,1.34,,,,36.41,,-28.89,150.73,Chalinolobus dwyeri,3613736,False
Chalinolobus gouldii,Chiroptera,Vespertilionidae,14.24,92.54,1.41,,,,,3.0,-27.37,140.61,Chalinolobus gouldii,119979,False
Chalinolobus morio,Chiroptera,Vespertilionidae,8.91,,1.38,,,,,3.0,-31.67,133.89,Chalinolobus morio,905052,False
Chalinolobus neocaledonicus,Chiroptera,Vespertilionidae,,,,,,,,,-21.24,165.5,Chalinolobus neocaledonicus,3613734,False
Dendrolagus inustus,Diprotodontia,Macropodidae,12625.0,,1.11,,240.0,,538.46,1.0,-2.05,136.48,Dendrolagus inustus,277695,False
Dendrolagus lumholtzi,Diprotodontia,Macropodidae,6649.97,,1.0,0.01,,116.18,539.29,,-18.51,146.14,Dendrolagus lumholtzi,756151,False
Dendrolagus matschiei,Diprotodontia,Macropodidae,8293.4,33.95,1.01,0.23,286.0,,509.1,1.0,-6.13,147.36,Dendrolagus matschiei,579327,False
Dendrolagus mbaiso,Diprotodontia,Macropodidae,9395.06,,,,,,,,-3.76,137.17,Dendrolagus mbaiso,3606997,False
Dendrolagus pulcherrimus,Diprotodontia,Macropodidae,,,,,,,,,-3.29,141.94,Dendrolagus pulcherrimus,3606993,False
Dendrolagus scottae,Diprotodontia,Macropodidae,9958.58,,1.01,,,,,1.0,-3.54,142.47,Dendrolagus scottae,837434,False
Dendrolagus spadix,Diprotodontia,Macropodidae,8468.2,,1.0,,,,,1.0,-7.26,143.64,Dendrolagus spadix,555307,False
Dendrolagus stellarum,Diprotodontia,Macropodidae,,,,,,,,,-4.36,138.98,Dendrolagus stellarum,3606992,False
Dendrolagus ursinus,Diprotodontia,Macropodidae,13249.99,,1.01,,242.4,,,1.0,-1.13,132.79,Dendrolagus ursinus,3606996,False
Dendromus insignis,Rodentia,Nesomyidae,,,,,,,,,2.98,35.31,Dendromus insignis,3608542,False
Dendromus kahuziensis,Rodentia,Nesomyidae,,,3.49,,,,,,-2.35,28.31,Dendromus kahuziensis,3608547,False
Dendromus leucostomus,Rodentia,Nesomyidae,,,,,,,,,,,Dendromus leucostomus,3608541,False
Dendromus lovati,Rodentia,Nesomyidae,12.0,,,,,,,,9.08,38.8,Dendromus lovati,3608538,False
Dendromus melanotis,Rodentia,Nesomyidae,9.1,25.0,3.97,,,,,,-11.44,15.77,Dendromus melanotis,3608546,False
Dendromus mesomelas,Rodentia,Nesomyidae,10.2,,3.94,,39.6,1753.83,,,-14.74,28.72,Dendromus mesomelas,1050970,False
Dendromus messorius,Rodentia,Nesomyidae,,,2.95,,,,,,3.9,19.47,Dendromus messorius,3608539,False
Dendromus mystacalis,Rodentia,Nesomyidae,8.17,,3.45,,,1036.35,,,-10.6,27.29,Dendromus mystacalis,254740,False
Dendromus nyasae,Rodentia,Nesomyidae,,,,,,,,,-0.47,29.51,Dendromus nyasae,3608543,False
Dendromus nyikae,Rodentia,Nesomyidae,15.0,,4.62,,,,,,-13.31,26.13,Dendromus nyikae,565421,False
Dendromus oreas,Rodentia,Nesomyidae,,,,,,,,,4.87,9.59,Dendromus oreas,3608540,False
Dendromus vernayi,Rodentia,Nesomyidae,,,,,,,,,-11.39,17.43,Dendromus vernayi,3608544,False
Dendroprionomys rousseloti,Rodentia,Nesomyidae,,,,,,,,,-4.32,15.25,Dendroprionomys rousseloti,3610280,False
Deomys ferrugineus,Rodentia,Muridae,57.6,,1.7,,,,,,0.54,20.35,Deomys ferrugineus,254745,False
Dephomys defua,Rodentia,Muridae,43.05,,2.75,,,,,,6.91,-6.7,Dephomys defua,685867,False
Dephomys eburneae,Rodentia,Muridae,52.5,,,,,,,,6.32,-6.94,Dephomys eburneae,3608826,False
Desmana moschata,Soricomorpha,Talpidae,427.64,46.53,3.63,0.004907674,,,39.7,2.0,52.54,43.69,Desmana moschata,60434,False
Desmodilliscus braueri,Rodentia,Muridae,10.0,30.16,2.6,,,,,,15.51,9.38,Desmodilliscus braueri,981023,False
Desmodillus auricularis,Rodentia,Muridae,54.81,27.11,2.62,,,1265.76,32.99,1.0,-24.93,21.34,Desmodillus auricularis,981029,False
Desmodus rotundus,Chiroptera,Phyllostomidae,33.16,209.35,1.0,,234.0,,253.01,3.0,-3.4,-72.84,Desmodus rotundus,238431,False
Desmomys harringtoni,Rodentia,Muridae,89.99,,,,,,,,10.08,38.47,Desmomys harringtoni,170594,False
Desmomys yaldeni,Rodentia,Muridae,,,,,,,,,,,Desmomys yaldeni,3608637,False
Diaemus youngi,Chiroptera,Phyllostomidae,36.71,,,,,,,3.0,-3.19,-67.19,Diaemus youngi,1060472,False
Dicerorhinus sumatrensis,Perissodactyla,Rhinocerotidae,1046156.04,310.19,1.0,11.87,420.0,1.05,362.93,1.0,0.67,107.3,Dicerorhinus sumatrensis,1061679,False
Diceros bicornis,Perissodactyla,Rhinocerotidae,995940.54,466.24,1.0,11.48,564.0,0.11,583.09,1.0,-10.65,18.57,Diceros bicornis,1034204,False
Diclidurus albus,Chiroptera,Emballonuridae,16.56,,1.0,,,,,3.0,2.48,-70.24,Diclidurus albus,1060477,False
Diclidurus ingens,Chiroptera,Emballonuridae,12.3,,,,,,,,1.42,-66.97,Diclidurus ingens,432527,False
Diclidurus isabellus,Chiroptera,Emballonuridae,12.61,,,,,,,,-0.57,-64.05,Diclidurus isabellus,599538,False
Diclidurus scutatus,Chiroptera,Emballonuridae,13.62,,,,,,,,0.56,-59.79,Diclidurus scutatus,391954,False
Dicrostonyx groenlandicus,Rodentia,Cricetidae,58.44,20.84,3.78,0.007305693,,518.17,17.42,,68.22,-90.36,Dicrostonyx groenlandicus,603158,False
Dicrostonyx hudsonius,Rodentia,Cricetidae,57.0,20.0,3.49,,,,,,57.87,-68.54,Dicrostonyx hudsonius,860654,False
Dicrostonyx nelsoni,Rodentia,Cricetidae,,,,,,,,,63.36,-170.27,Dicrostonyx nelsoni,3608457,False
Dicrostonyx nunatakensis,Rodentia,Cricetidae,,,,,,,,,64.66,-135.06,Dicrostonyx nunatakensis,3608455,False
Dicrostonyx richardsoni,Rodentia,Cricetidae,,,,,,,,,60.63,-101.27,Dicrostonyx richardsoni,860662,False
Dicrostonyx torquatus,Rodentia,Cricetidae,78.77,17.08,3.85,,45.6,,30.41,,65.46,-0.000692524,Dicrostonyx torquatus,603156,False
Dicrostonyx unalascensis,Rodentia,Cricetidae,,21.0,2.79,,,,,,53.41,-167.66,Dicrostonyx unalascensis,3608460,False
Dicrostonyx vinogradovi,Rodentia,Cricetidae,,,,,,,,,71.18,0.0,Dicrostonyx vinogradovi,3608461,False
Didelphis albiventris,Didelphimorphia,Didelphidae,1030.47,12.0,6.9,0.004024018,20.4,400.0,116.5,2.0,-15.9,-56.32,Didelphis albiventris,606426,False
Didelphis aurita,Didelphimorphia,Didelphidae,1105.88,,6.11,,,45.22,99.71,2.0,-17.68,-46.51,Didelphis aurita,810918,False
Didelphis imperfecta,Didelphimorphia,Didelphidae,,,,,,,,,4.75,-63.22,Didelphis imperfecta,846876,False
Didelphis marsupialis,Didelphimorphia,Didelphidae,1134.75,14.0,7.09,0.17,32.4,70.5,92.47,2.0,2.79,-71.61,Didelphis marsupialis,919176,False
Didelphis pernigra,Didelphimorphia,Didelphidae,,,,,,,,,,,Didelphis pernigra,442489,False
Didelphis virginiana,Didelphimorphia,Didelphidae,2442.08,12.69,8.62,0.58,60.0,18.08,109.62,2.0,27.61,-89.73,Didelphis virginiana,919171,False
Dinaromys bogdanovi,Rodentia,Cricetidae,56.0,30.41,2.5,,,,,,42.67,18.79,Dinaromys bogdanovi,929331,False
Dinomys branickii,Rodentia,Dinomyidae,12500.0,252.74,1.97,,112.8,,,1.0,-3.97,-70.82,Dinomys branickii,234025,False
Diomys crumpi,Rodentia,Muridae,,,,,,,,,25.0,89.61,Diomys crumpi,3611119,False
Diphylla ecaudata,Chiroptera,Phyllostomidae,28.11,,0.99,,,,,3.0,2.82,-68.91,Diphylla ecaudata,1060475,False
Diplogale hosei,Carnivora,Viverridae,,,,,,,,2.0,5.41,116.42,Diplogale hosei,583720,False
Diplomesodon pulchellum,Soricomorpha,Soricidae,11.0,,4.99,,,,,,43.86,62.34,Diplomesodon pulchellum,850886,False
Diplomys caniceps,Rodentia,Echimyidae,394.49,,,,,,,1.0,4.79,-75.88,Diplomys caniceps,3610419,False
Diplomys labilis,Rodentia,Echimyidae,282.17,55.72,1.18,,,,,1.0,3.97,-78.48,Diplomys labilis,3610456,False
Diplomys rufodorsalis,Rodentia,Echimyidae,144.8,,,,,,,1.0,9.17,-73.65,Santamartamys rufodorsalis,3610457,True
Diplothrix legata,Rodentia,Muridae,,,,,,,,,27.29,128.68,Diplothrix legata,577539,False
Dipodillus bottai,Rodentia,Muridae,,,,,,,,,14.07,33.04,Dipodillus bottai,3608910,False
Dipodillus campestris,Rodentia,Muridae,27.58,,4.34,,,,,,28.26,11.46,Dipodillus campestris,89162,False
Dipodillus dasyurus,Rodentia,Muridae,27.5,25.0,3.88,,,,,,23.77,46.12,Dipodillus dasyurus,438464,False
Dipodillus harwoodi,Rodentia,Muridae,,,,,,,,,-3.77,35.03,Dipodillus harwoodi,3608909,False
Dipodillus jamesi,Rodentia,Muridae,,,,,,,,,36.16,10.39,Dipodillus jamesi,3608912,False
Dipodillus lowei,Rodentia,Muridae,,,,,,,,,13.16,24.46,Dipodillus lowei,3608916,False
Dipodillus mackilligini,Rodentia,Muridae,,,,,,,,,22.17,29.66,Dipodillus mackilligini,3608911,False
Dipodillus maghrebi,Rodentia,Muridae,,,,,,,,,34.57,-4.63,Dipodillus maghrebi,3608917,False
Elephantulus fuscus,Macroscelidea,Macroscelididae,,,1.39,,,,,3.0,-16.92,33.46,Elephantulus fuscus,334236,False
Elephantulus intufi,Macroscelidea,Macroscelididae,48.9,51.0,1.55,,105.6,,36.49,3.0,-19.94,21.12,Elephantulus intufi,741343,False
Elephantulus myurus,Macroscelidea,Macroscelididae,59.51,50.66,1.84,,13.2,,22.82,2.0,-23.07,28.47,Elephantulus myurus,741345,False
Elephantulus revoili,Macroscelidea,Macroscelididae,32.49,,,,,,,,9.76,45.73,Elephantulus revoili,334233,False
Elephantulus rozeti,Macroscelidea,Macroscelididae,43.07,75.0,2.13,,36.0,,,,32.6,2.83,Petrosaltator rozeti,805842,True
Elephantulus rufescens,Macroscelidea,Macroscelididae,52.78,57.0,1.41,0.002648142,72.0,200.0,24.85,2.0,1.19,37.53,Elephantulus rufescens,584365,False
Elephantulus rupestris,Macroscelidea,Macroscelididae,65.56,56.0,1.84,,,,,,-25.59,19.5,Elephantulus rupestris,741359,False
Elephas maximus,Proboscidea,Elephantidae,3269794.34,634.49,1.41,38.36,960.0,0.53,218.26,1.0,12.3,96.83,Elephas maximus,541928,False
Eligmodontia moreni,Rodentia,Cricetidae,18.0,,,,,,,,-26.53,-66.25,Eligmodontia moreni,565738,False
Eligmodontia morgani,Rodentia,Cricetidae,16.5,,,,,,,,-43.92,-69.02,Eligmodontia morgani,469019,False
Eligmodontia puerulus,Rodentia,Cricetidae,28.49,,,,,,,,-21.13,-68.26,Eligmodontia puerulus,84873,False
Eligmodontia typus,Rodentia,Cricetidae,17.37,18.38,6.24,,9.6,,,1.0,-41.17,-64.68,Eligmodontia typus,612164,False
Eliomys melanurus,Rodentia,Gliridae,100.36,25.0,4.99,,,,,2.0,26.74,38.79,Eliomys melanurus,1038450,False
Eliomys munbyanus,Rodentia,Gliridae,,,,,,,,,,,Eliomys munbyanus,3608173,False
Eliomys quercinus,Rodentia,Gliridae,114.61,22.97,4.99,,66.0,147.93,34.8,2.0,42.91,19.97,Eliomys quercinus,964576,False
Eliurus antsingy,Rodentia,Nesomyidae,,,,,,,,,,,Eliurus antsingy,693853,False
Eliurus ellermani,Rodentia,Nesomyidae,100.0,,,,,,,,,,Eliurus ellermani,441620,False
Eliurus grandidieri,Rodentia,Nesomyidae,,,,,,,,,,,Eliurus grandidieri,277057,False
Eliurus majori,Rodentia,Nesomyidae,100.0,,,,,,,,-17.69,48.59,Eliurus majori,277058,False
Eliurus minor,Rodentia,Nesomyidae,57.53,,,,,,,,-18.53,48.62,Eliurus minor,277053,False
Eliurus myoxinus,Rodentia,Nesomyidae,69.76,23.99,,,,,,2.0,-19.02,46.37,Eliurus myoxinus,277055,False
Eliurus penicillatus,Rodentia,Nesomyidae,100.0,,,,,,,,-20.46,47.65,Eliurus penicillatus,3608551,False
Eliurus petteri,Rodentia,Nesomyidae,75.0,,,,,,,,,,Eliurus petteri,3608550,False
Eliurus tanala,Rodentia,Nesomyidae,89.99,,,,,,,,-20.2,47.95,Eliurus tanala,550180,False
Eliurus webbi,Rodentia,Nesomyidae,61.13,,,,,,,1.0,-17.71,48.62,Eliurus webbi,550182,False
Ellobius alaicus,Rodentia,Cricetidae,,,,,,,,,39.76,72.86,Ellobius alaicus,3608483,False
Ellobius fuscocapillus,Rodentia,Cricetidae,80.0,,3.46,,,,,1.0,35.33,49.09,Ellobius fuscocapillus,664068,False
Ellobius lutescens,Rodentia,Cricetidae,,,4.66,,,,,,34.81,61.38,Ellobius lutescens,664072,False
Ellobius talpinus,Rodentia,Cricetidae,40.0,26.0,3.67,,,,59.99,,47.0,60.01,Ellobius talpinus,904714,False
Ellobius tancrei,Rodentia,Cricetidae,,,,,,,,,43.82,87.99,Ellobius tancrei,884647,False
Emballonura alecto,Chiroptera,Emballonuridae,5.25,,,,,,,,5.3,119.85,Emballonura alecto,1011473,False
Emballonura atrata,Chiroptera,Emballonuridae,4.55,,,,,,,3.0,-19.35,47.04,Emballonura atrata,156176,False
Emballonura beccarii,Chiroptera,Emballonuridae,4.31,,,,,,,,-5.27,144.19,Emballonura beccarii,514602,False
Emballonura dianae,Chiroptera,Emballonuridae,,,,,,,,,-7.4,151.24,Emballonura dianae,426050,False
Emballonura furax,Chiroptera,Emballonuridae,,,,,,,,,-4.88,140.92,Emballonura furax,3613559,False
Emballonura monticola,Chiroptera,Emballonuridae,5.35,,1.0,,,,,3.0,1.44,110.21,Emballonura monticola,1073068,False
Emballonura raffrayana,Chiroptera,Emballonuridae,5.61,,,,,,,,-3.86,140.07,Emballonura raffrayana,514588,False
Emballonura semicaudata,Chiroptera,Emballonuridae,6.29,,,,,,,,-2.86,0.0,Emballonura semicaudata,99583,False
Emballonura serii,Chiroptera,Emballonuridae,,,,,,,,,-2.77,149.82,Emballonura serii,464409,False
Enchisthenes hartii,Chiroptera,Phyllostomidae,16.99,,0.99,,,,,1.0,3.15,-83.15,Artibeus hartii,927292,True
Hesperoptenus doriae,Chiroptera,Vespertilionidae,,,,,,,,,3.47,107.6,Hesperoptenus doriae,3613899,False
Hesperoptenus gaskelli,Chiroptera,Vespertilionidae,,,,,,,,,-1.85,121.5,Hesperoptenus gaskelli,3613898,False
Hesperoptenus tickelli,Chiroptera,Vespertilionidae,16.3,,1.0,,,,,,17.54,87.64,Hesperoptenus tickelli,445742,False
Hesperoptenus tomesi,Chiroptera,Vespertilionidae,,,,,,,,,4.16,109.67,Hesperoptenus tomesi,981290,False
Heterocephalus glaber,Rodentia,Bathyergidae,39.36,70.49,11.3,0.004215132,120.0,11100.0,27.28,1.0,4.45,43.84,Heterocephalus glaber,1048195,False
Heterohyrax brucei,Hyracoidea,Procaviidae,2453.66,228.12,1.89,,168.0,5751.97,129.04,1.0,3.69,25.74,Heterohyrax brucei,681079,False
Heteromys anomalus,Rodentia,Heteromyidae,69.06,,2.83,,,252.07,,2.0,9.9,-68.56,Heteromys anomalus,536724,False
Heteromys australis,Rodentia,Heteromyidae,267.49,,2.75,,,,,1.0,7.91,-77.83,Heteromys australis,849647,False
Heteromys desmarestianus,Rodentia,Heteromyidae,74.0,27.86,3.06,0.001025001,,656.45,29.77,1.0,12.8,-85.26,Heteromys desmarestianus,270502,False
Lagostomus maximus,Rodentia,Chinchillidae,4660.94,155.73,1.93,0.01,112.8,,55.68,1.0,-29.96,-63.2,Lagostomus maximus,169719,False
Lagostrophus fasciatus,Diprotodontia,Macropodidae,1933.48,,0.9,,48.0,87.99,269.23,1.0,-25.46,113.06,Lagostrophus fasciatus,263005,False
Lagothrix cana,Primates,Atelidae,,,,,,,,,-8.39,-65.67,Lagothrix cana,968680,False
Lagothrix lagotricha,Primates,Atelidae,6263.69,223.99,1.01,2.82,360.0,10.72,312.66,2.0,0.02,-68.34,Lagothrix lagotricha,297528,False
Lagothrix lugens,Primates,Atelidae,,,,,,,,,3.55,-74.29,Lagothrix lugens,57134,False
Lagothrix poeppigii,Primates,Atelidae,,,,,,,,,-5.22,-72.33,Lagothrix poeppigii,57313,False
Lagurus lagurus,Rodentia,Cricetidae,20.6,20.24,4.0,,,,20.84,,48.93,66.0,Lagurus lagurus,1073069,False
Lama glama,Artiodactyla,Camelidae,78322.67,342.74,1.0,,339.6,0.45,131.7,1.0,,,Lama glama,986973,False
Lamottemys okuensis,Rodentia,Muridae,,,,,,,,,6.61,10.44,Lamottemys okuensis,3610957,False
Eudorcas rufina,Artiodactyla,Bovidae,39999.99,,,,,,,,,,Eudorcas rufina,3611674,False
Eudorcas thomsonii,Artiodactyla,Bovidae,22907.43,166.14,1.0,,182.04,12.53,93.25,1.0,1.91,34.4,Eudorcas thomsonii,702522,False
Eulemur albifrons,Primates,Lemuridae,,,,,,,,,-15.5,49.57,Eulemur albifrons,259258,False
Eulemur albocollaris,Primates,Lemuridae,2397.37,,,,,,,,-22.9,47.38,Eulemur fulvus albocollaris,671252,True
Eulemur cinereiceps,Primates,Lemuridae,,,,,,,,,-13.37,49.82,Eulemur cinereiceps,975685,False
Eulemur collaris,Primates,Lemuridae,,,,,,,,,-24.08,47.05,Eulemur fulvus collaris,589604,True
Eulemur coronatus,Primates,Lemuridae,1699.85,124.04,1.53,0.05,220.8,101.98,,2.0,-13.06,49.33,Eulemur coronatus,394965,False
Eulemur fulvus,Primates,Lemuridae,2376.99,120.83,1.1,0.05,444.0,221.0,134.64,1.0,-16.64,47.84,Eulemur fulvus,394961,False
Eulemur macaco,Primates,Lemuridae,2470.43,127.49,1.04,0.03,360.0,53.85,143.28,2.0,-13.94,48.44,Eulemur macaco,763521,False
Eulemur mongoz,Primates,Lemuridae,1771.13,129.0,1.11,0.05,360.0,346.7,151.13,2.0,-16.11,46.59,Eulemur mongoz,696004,False
Eulemur rubriventer,Primates,Lemuridae,2015.4,126.99,1.01,0.13,,30.0,151.22,2.0,-18.45,48.36,Eulemur rubriventer,696007,False
Eulemur rufus,Primates,Lemuridae,2394.62,,,,,,,,-19.51,46.07,Eulemur rufus,22554,False
Eulemur sanfordi,Primates,Lemuridae,2394.03,,,,,,,,-12.78,49.32,Eulemur sanfordi,671251,False
Eumetopias jubatus,Carnivora,Otariidae,382466.74,342.1,0.96,,360.0,,351.0,2.0,,,Eumetopias jubatus,949686,False
Galago thomasi,Primates,Galagidae,117.35,,,,,,,,-1.31,12.62,Galagoides thomasi,202831,True
Galago zanzibaricus,Primates,Galagidae,147.35,120.0,1.29,0.01,,169.0,59.27,2.0,-11.84,38.78,Paragalago zanzibaricus,7067594,True
Galea flavidens,Rodentia,Caviidae,450.0,53.0,,,,,,1.0,-9.74,-39.99,Galea flavidens,3609883,False
Galea musteloides,Rodentia,Caviidae,386.64,53.9,2.6,,21.6,,31.13,1.0,-26.77,-64.01,Galea musteloides,744014,False
Galea spixii,Rodentia,Caviidae,360.61,50.66,2.19,0.000535015,55.2,,42.09,1.0,-11.19,-49.02,Galea spixii,1010504,False
Galemys pyrenaicus,Soricomorpha,Talpidae,60.17,30.0,3.54,0.001551623,60.0,4.18,,3.0,41.94,-2.93,Galemys pyrenaicus,510297,False
Galenomys garleppi,Rodentia,Cricetidae,59.3,,,,,,,,-17.64,-69.44,Galenomys garleppi,3610795,False
Galeopterus variegates,Dermoptera,Cynocephalidae,1112.2,59.99,1.0,,3.45,,,1.0,3.05,107.22,Galeopterus variegates,3607464,False
Galerella flavescens,Carnivora,Herpestidae,750.0,,,,,,,,-17.71,14.25,Galerella flavescens,3613283,False
Galerella ochracea,Carnivora,Herpestidae,,,,,,,,,4.71,45.71,Galerella ochracea,3613284,False
Galerella pulverulenta,Carnivora,Herpestidae,791.4,,2.25,3.81,104.5,10.0,,3.0,-30.16,23.18,Galerella pulverulenta,658638,False
Galerella sanguinea,Carnivora,Herpestidae,543.83,61.27,2.5,0.66,72.0,1.32,54.44,2.0,-7.06,16.93,Galerella sanguinea,750158,False
Galictis cuja,Carnivora,Mustelidae,1000.0,,,,87.0,,,3.0,-29.01,-58.14,Galictis cuja,1061040,False
Galictis vittata,Carnivora,Mustelidae,,,,,,,,,3.5,-66.73,Galictis vittata,381130,False
Galidia elegans,Carnivora,Eupleridae,810.0,76.11,1.0,0.17,158.4,15.85,59.27,2.0,-18.76,47.19,Galidia elegans,86159,False
Galidictis fasciata,Carnivora,Eupleridae,549.99,,1.0,,,,,3.0,-19.6,48.5,Galidictis fasciata,556857,False
Galidictis grandidieri,Carnivora,Eupleridae,1400.0,,1.0,,,,,3.0,-24.29,43.96,Galidictis grandidieri,3613138,False
Gazella arabica,Artiodactyla,Bovidae,24124.67,,1.5,,135.96,,,1.0,13.73,44.65,Gazella arabica,740848,False
Gazella bennettii,Artiodactyla,Bovidae,18916.67,,,,,,,,24.85,74.28,Gazella bennettii,702517,False
Gazella cuvieri,Artiodactyla,Bovidae,,,,,,,,,30.43,-2.85,Gazella cuvieri,702515,False
Gazella dorcas,Artiodactyla,Bovidae,15635.95,172.0,1.22,15.52,209.04,2.3,61.35,2.0,23.6,16.3,Gazella dorcas,683912,False
Gazella erlangeri,Artiodactyla,Bovidae,,,,,,,,,14.99,44.66,Gazella erlangeri,663601,False
Gazella gazella,Artiodactyla,Bovidae,21306.83,180.0,1.22,1.46,219.0,0.4,86.17,1.0,23.49,47.1,Gazella gazella,702512,False
Gazella leptoceros,Artiodactyla,Bovidae,24645.75,167.29,1.0,,168.0,,,1.0,24.82,11.12,Gazella leptoceros,702510,False
Gazella saudiya,Artiodactyla,Bovidae,16000.0,,,,,,,,,,Gazella saudiya,702504,False
Gazella spekei,Artiodactyla,Bovidae,20000.0,178.59,1.0,,152.04,,,,6.47,47.71,Gazella spekei,702498,False
Gazella subgutturosa,Artiodactyla,Bovidae,26981.37,159.68,1.39,,240.0,0.64,116.41,1.0,32.06,75.84,Gazella subgutturosa,363049,False
Genetta abyssinica,Carnivora,Viverridae,1405.48,,,,,,,,12.72,40.62,Genetta abyssinica,3613140,False
Genetta angolensis,Carnivora,Viverridae,1859.64,,,,,,,,-9.97,26.29,Genetta angolensis,45851,False
Gerbillus gerbillus,Rodentia,Muridae,26.99,,4.14,,,,,,21.6,17.18,Gerbillus gerbillus,404779,False
Gerbillus gleadowi,Rodentia,Muridae,26.01,20.0,3.0,,,,,,28.38,71.97,Gerbillus gleadowi,3608650,False
Gerbillus grobbeni,Rodentia,Muridae,,,,,,,,,32.64,22.74,Gerbillus grobbeni,3608952,False
Bandicota savilei,Rodentia,Muridae,260.63,,,,,,,,16.98,102.54,Bandicota savilei,836348,False
Barbastella barbastellus,Chiroptera,Vespertilionidae,8.31,,1.73,,252.0,,,3.0,44.28,16.05,Barbastella barbastellus,647747,False
Barbastella leucomelas,Chiroptera,Vespertilionidae,15.05,,,,,,,,30.49,89.86,Barbastella leucomelas,1011492,False
Bassaricyon alleni,Carnivora,Procyonidae,,,,,,,,,-7.01,-71.69,Bassaricyon alleni,794090,False
Bassaricyon beddardi,Carnivora,Procyonidae,1235.01,,,,,,,,2.85,-64.01,Bassaricyon beddardi,1023225,False
Bassaricyon gabbii,Carnivora,Procyonidae,1250.0,76.65,1.0,,300.0,6.02,89.49,2.0,5.08,-77.78,Bassaricyon gabbii,178244,False
Bassaricyon lasius,Carnivora,Procyonidae,1200.0,,,,,,,,10.06,-83.83,Bassaricyon gabbii,178244,True
Bassaricyon pauli,Carnivora,Procyonidae,1200.0,,,,,,,,8.86,-82.87,Bassaricyon gabbii,178244,True
Bassariscus astutus,Carnivora,Procyonidae,1010.37,54.23,3.0,0.74,198.0,3.58,53.84,2.0,29.65,-107.94,Bassariscus astutus,685103,False
Bassariscus sumichrasti,Carnivora,Procyonidae,906.0,,2.0,,276.0,17.89,119.32,2.0,15.06,-91.5,Bassariscus sumichrasti,794088,False
Bathyergus janetta,Rodentia,Bathyergidae,388.69,,3.49,,,,27.79,1.0,-29.34,17.5,Bathyergus janetta,118538,False
Bathyergus suillus,Rodentia,Bathyergidae,777.38,68.41,2.89,0.002096145,,70.0,20.84,1.0,-33.07,20.54,Bathyergus suillus,118542,False
Batomys dentatus,Rodentia,Muridae,,,,,,,,,16.59,120.84,Batomys dentatus,3608616,False
Batomys granti,Rodentia,Muridae,169.53,,,0.001546275,,383.46,,,15.24,122.12,Batomys granti,1050972,False
Batomys russatus,Rodentia,Muridae,,,,,,,,,,,Batomys russatus,3608615,False
Batomys salomonseni,Rodentia,Muridae,185.76,,,,,,,,8.63,124.24,Batomys salomonseni,931919,False
Bauerus dubiaquercus,Chiroptera,Vespertilionidae,22.22,,1.71,,,,,3.0,16.34,-94.83,Antrozous dubiaquercus,127235,True
Bdeogale crassicauda,Carnivora,Herpestidae,1722.13,,0.96,,,,,3.0,-11.01,33.53,Bdeogale crassicauda,670220,False
Bdeogale jacksoni,Carnivora,Herpestidae,2500.0,,,,,,,3.0,0.25,36.16,Bdeogale jacksoni,3613281,False
Bdeogale nigripes,Carnivora,Herpestidae,2623.01,,1.0,,190.0,,,2.0,0.73,19.61,Bdeogale nigripes,670218,False
Beamys hindei,Rodentia,Nesomyidae,75.8,22.79,3.49,,,,38.49,,-6.85,38.71,Beamys hindei,766447,False
Beamys major,Rodentia,Nesomyidae,,,4.0,,,,,,-11.93,34.03,Beamys major,3608526,False
Beatragus hunteri,Artiodactyla,Bovidae,79132.17,252.28,1.0,,182.04,0.42,,1.0,-0.57,41.23,Beatragus hunteri,363046,False
Belomys pearsonii,Rodentia,Sciuridae,,,,,,,,,19.66,104.67,Belomys pearsonii,43438,False
Berardius arnuxii,Cetacea,Ziphiidae,7000000.02,304.16,,,,,,3.0,,,Berardius arnuxii,1021375,False
Berardius bairdii,Cetacea,Ziphiidae,11380000.04,396.58,0.98,,852.0,,,3.0,,,Berardius bairdii,1003906,False
Berylmys berdmorei,Rodentia,Muridae,,,,,,,,,14.1,103.33,Berylmys berdmorei,991571,False
Berylmys bowersi,Rodentia,Muridae,358.68,,3.88,,34.8,,,,14.87,105.01,Berylmys bowersi,366063,False
Berylmys mackenziei,Rodentia,Muridae,,,,,,,,,19.62,95.36,Berylmys mackenziei,3608704,False
Berylmys manipulus,Rodentia,Muridae,,,,,,,,,25.65,95.6,Berylmys manipulus,3608703,False
Bettongia gaimardi,Diprotodontia,Potoroidae,1667.55,21.14,1.0,0.41,141.6,19.0,121.32,,-42.12,147.28,Bettongia gaimardi,83196,False
Bettongia lesueur,Diprotodontia,Potoroidae,1447.27,21.28,1.0,,120.0,17.0,164.53,,-22.97,114.26,Bettongia lesueur,317165,False
Bettongia penicillata,Diprotodontia,Potoroidae,1184.35,20.35,1.0,,72.0,17.74,150.0,,-33.73,126.03,Bettongia penicillata,97768,False
Bettongia tropica,Diprotodontia,Potoroidae,1256.58,19.44,1.0,,84.0,20.0,149.57,,-16.41,144.0,Bettongia tropica,483799,False
Bibimys chacoensis,Rodentia,Cricetidae,28.0,,,,,,,,-27.44,-58.96,Bibimys chacoensis,540521,False
Bibimys labiosus,Rodentia,Cricetidae,,,,,,,,,-19.86,-43.79,Bibimys labiosus,540517,False
Bradypus torquatus,Pilosa,Bradypodidae,4468.42,150.0,1.0,0.03,144.0,,28.28,2.0,-17.79,-40.99,Bradypus torquatus,759319,False
Bradypus tridactylus,Pilosa,Bradypodidae,4375.8,126.96,1.0,,,151.37,68.2,1.0,3.1,-59.89,Bradypus tridactylus,527342,False
Bradypus variegatus,Pilosa,Bradypodidae,4136.36,170.84,1.0,0.01,,508.44,39.28,1.0,-5.77,-64.88,Bradypus variegatus,273233,False
Brotomys contractus,Rodentia,Echimyidae,,,,,,,,,,,Brotomys contractus,3611167,False
Brotomys voratus,Rodentia,Echimyidae,,,,,,,,,,,Brotomys voratus,3611106,False
Brucepattersonius albinasus,Rodentia,Cricetidae,,,,,,,,,,,Brucepattersonius griserufescens,4940971,True
Brucepattersonius griserufescens,Rodentia,Cricetidae,,,,,,,,,,,Brucepattersonius griserufescens,4940971,False
Brucepattersonius guarani,Rodentia,Cricetidae,,,,,,,,,,,Brucepattersonius guarani,4940970,False
Brucepattersonius igniventris,Rodentia,Cricetidae,,,,,,,,,,,Brucepattersonius igniventris,540519,False
Brucepattersonius iheringi,Rodentia,Cricetidae,43.0,,,,,,,3.0,-29.63,-52.1,Brucepattersonius iheringi,4940968,False
Brucepattersonius misionensis,Rodentia,Cricetidae,,,,,,,,,,,Brucepattersonius misionensis,4940969,False
Brucepattersonius paradisus,Rodentia,Cricetidae,,,,,,,,,,,Brucepattersonius paradisus,4940972,False
Brucepattersonius soricinus,Rodentia,Cricetidae,,,,,,,,,,,Brucepattersonius soricinus,365306,False
Bubalus bubalis,Artiodactyla,Bovidae,929500.97,320.0,1.5,3.63,339.0,1.06,240.31,1.0,20.98,92.34,Bubalus bubalis,641187,False
Bubalus depressicornis,Artiodactyla,Bovidae,256989.27,295.78,1.0,,432.96,,,1.0,-1.33,121.78,Bubalus depressicornis,346060,False
Bubalus mindorensis,Artiodactyla,Bovidae,254389.74,306.06,1.0,,336.0,,,1.0,12.86,120.92,Bubalus mindorensis,989909,False
Bubalus quarlesi,Artiodactyla,Bovidae,181718.86,294.99,1.0,,270.0,,,1.0,-2.33,121.51,Bubalus quarlesi,463449,False
Budorcas taxicolor,Artiodactyla,Bovidae,294515.33,235.6,1.22,,234.96,,118.55,1.0,30.15,98.58,Budorcas taxicolor,860784,False
Bullimus bagobus,Rodentia,Muridae,395.38,,,,,,,,9.07,124.24,Bullimus bagobus,931920,False
Bullimus gamay,Rodentia,Muridae,,,,,,,,,,,Bullimus gamay,931923,False
Bullimus luzonicus,Rodentia,Muridae,,,,,,,,,17.61,121.43,Bullimus luzonicus,931922,False
Bunolagus monticularis,Lagomorpha,Leporidae,1750.01,,1.22,0.14,,,,1.0,-31.57,21.18,Bunolagus monticularis,923729,False
Bunomys andrewsi,Rodentia,Muridae,,,,,,,,,-3.17,120.98,Bunomys andrewsi,742015,False
Bunomys chrysocomus,Rodentia,Muridae,111.29,,,,,,,,-1.97,121.99,Bunomys chrysocomus,481162,False
Bunomys coelestis,Rodentia,Muridae,,,,,,,,,-4.46,120.58,Bunomys coelestis,3608757,False
Bunomys fratrorum,Rodentia,Muridae,130.31,,,,,,,,0.85,122.47,Bunomys fratrorum,3608754,False
Bunomys penitus,Rodentia,Muridae,,,,,,,,,-2.65,120.73,Bunomys penitus,3608755,False
Bunomys prolatus,Rodentia,Muridae,,,,,,,,,-1.62,121.37,Bunomys prolatus,3608753,False
Bunopithecus hoolock,Primates,Hylobatidae,6699.0,232.5,1.01,0.16,,7.0,635.13,2.0,23.44,96.03,Hoolock hoolock,1029474,True
Cheiromeles parvidens,Chiroptera,Molossidae,,,,,,,,3.0,3.91,122.67,Cheiromeles parvidens,539635,False
Cheiromeles torquatus,Chiroptera,Molossidae,169.43,,,,,,,3.0,1.32,107.7,Cheiromeles torquatus,539633,False
Chelemys delfini,Rodentia,Cricetidae,,,,,,,,,,,Chelemys delfini,3608239,False
Chelemys macronyx,Rodentia,Cricetidae,70.99,,4.37,,,263.07,,2.0,-42.58,-71.53,Chelemys macronyx,360758,False
Chelemys megalonyx,Rodentia,Cricetidae,50.8,,,,,,,,-34.92,-71.96,Chelemys megalonyx,160821,False
Chibchanomys orcesi,Rodentia,Cricetidae,,,,,,,,,,,Chibchanomys orcesi,3610596,False
Chibchanomys trichotis,Rodentia,Cricetidae,49.99,,0.97,,,,,,1.05,-75.53,Chibchanomys trichotis,3609937,False
Chilomys instans,Rodentia,Cricetidae,19.0,,,,,,,,5.98,-73.14,Chilomys instans,196748,False
Chilonatalus micropus,Chiroptera,Natalidae,,,,,,,,3.0,18.25,-76.63,Chilonatalus micropus,6795,False
Chilonatalus tumidifrons,Chiroptera,Natalidae,3.62,,,,,,,3.0,25.17,-76.0,Chilonatalus tumidifrons,120235,False
Chimarrogale hantu,Soricomorpha,Soricidae,54.99,,,,,,,3.0,4.21,102.0,Chimarrogale hantu,3614462,False
Chimarrogale himalayica,Soricomorpha,Soricidae,33.5,,,,,,,3.0,26.45,99.3,Chimarrogale himalayica,1050014,False
Chimarrogale phaeura,Soricomorpha,Soricidae,,,,,,,,3.0,5.79,117.06,Chimarrogale phaeura,362562,False
Chimarrogale platycephalus,Soricomorpha,Soricidae,36.32,,,,,,,3.0,33.79,134.77,Chimarrogale platycephalus,634077,False
Chimarrogale styani,Soricomorpha,Soricidae,,,,,,,,3.0,30.22,101.26,Chimarrogale styani,3614460,False
Chimarrogale sumatrana,Soricomorpha,Soricidae,,,,,,,,3.0,-0.95,101.36,Chimarrogale sumatrana,3614458,False
Chinchilla chinchilla,Rodentia,Chinchillidae,499.99,111.0,2.5,,120.0,,48.99,1.0,-22.28,-67.96,Chinchilla chinchilla,169705,False
Chinchilla lanigera,Rodentia,Chinchillidae,480.28,112.47,1.87,,135.6,958.94,,1.0,-30.39,-71.01,Chinchilla lanigera,173054,False
Chinchillula sahamae,Rodentia,Cricetidae,169.74,,,,,,,2.0,-16.42,-70.55,Chinchillula sahamae,3610467,False
Chionomys gud,Rodentia,Cricetidae,,,5.83,,,,,,42.79,44.26,Chionomys gud,90548,False
Chionomys nivalis,Rodentia,Cricetidae,42.01,20.92,3.42,,,,21.0,,41.31,24.68,Chionomys nivalis,472722,False
Chionomys roberti,Rodentia,Cricetidae,,,1.94,,,,,,41.62,41.52,Chionomys roberti,1049255,False
Chiroderma doriae,Chiroptera,Phyllostomidae,19.9,106.45,1.0,,,,,1.0,-21.51,-45.23,Chiroderma doriae,565588,False
Chiroderma improvisum,Chiroptera,Phyllostomidae,35.39,,,,,,,1.0,16.38,-61.7,Chiroderma improvisum,565590,False
Chiroderma salvini,Chiroptera,Phyllostomidae,26.3,,0.99,,,,,1.0,3.98,-85.66,Chiroderma salvini,351785,False
Chiroderma trinitatum,Chiroptera,Phyllostomidae,13.91,,0.98,,,,,1.0,-4.91,-63.74,Chiroderma trinitatum,351787,False
Chiroderma villosum,Chiroptera,Phyllostomidae,23.81,121.66,0.99,,,,,1.0,-1.11,-71.76,Chiroderma villosum,565586,False
Chiromyscus chiropus,Rodentia,Muridae,,,,,,,,,19.59,103.25,Chiromyscus chiropus,993032,False
Chironax melanocephalus,Chiroptera,Pteropodidae,17.7,,0.98,,,,,1.0,0.61,110.36,Chironax melanocephalus,99586,False
Chironectes minimus,Didelphimorphia,Didelphidae,974.33,,3.24,,36.0,,108.36,2.0,-6.63,-70.72,Chironectes minimus,440151,False
Chiropodomys calamianensis,Rodentia,Muridae,28.9,,,,,,,,10.06,118.63,Chiropodomys calamianensis,3608662,False
Chiropodomys gliroides,Rodentia,Muridae,23.68,20.13,1.65,,,,16.87,,9.8,102.92,Chiropodomys gliroides,456599,False
Chiropodomys karlkoopmani,Rodentia,Muridae,,,,,,,,,-1.88,99.4,Chiropodomys karlkoopmani,3608660,False
Chiropodomys major,Rodentia,Muridae,28.9,,,,,,,,3.46,113.42,Chiropodomys major,3608658,False
Chiropodomys muroides,Rodentia,Muridae,28.9,,,,,,,,3.9,116.23,Chiropodomys muroides,3608661,False
Chiropodomys pusillus,Rodentia,Muridae,28.9,,,,,,,,1.81,114.05,Chiropodomys pusillus,3608659,False
Chiropotes albinasus,Primates,Pitheciidae,2793.21,157.67,1.01,1.98,204.0,6.57,,1.0,-8.41,-56.96,Chiropotes albinasus,99704,False
Chiropotes chiropotes,Primates,Pitheciidae,,,,,,,,,,,Chiropotes chiropotes,101531,False
Chiropotes israelita,Primates,Pitheciidae,,,,,,,,,,,Chiropotes israelita,571889,False
Chiropotes satanas,Primates,Pitheciidae,2967.27,157.67,1.0,1.48,216.0,15.6,,1.0,,,Chiropotes satanas,842864,False
Chiropotes utahickae,Primates,Pitheciidae,,,,,,,,,,,Chiropotes utahickae,571892,False
Chiruromys forbesi,Rodentia,Muridae,105.15,,2.68,,,,,,-8.51,148.98,Chiruromys forbesi,3608699,False
Chiruromys lamia,Rodentia,Muridae,47.2,,2.15,,,,,,-9.01,148.36,Chiruromys lamia,3608700,False
Chiruromys vates,Rodentia,Muridae,45.46,,1.07,,,,,,-7.51,144.17,Chiruromys vates,118383,False
Chlamyphorus truncatus,Cingulata,Dasypodidae,83.53,,,,,,,2.0,-34.46,-65.83,Chlamyphorus truncatus,552069,False
Chlorocebus aethiops,Primates,Cercopithecidae,3695.99,,,,379.2,,217.76,,12.6,37.53,Chlorocebus aethiops,268337,False
Chlorocebus cynosuros,Primates,Cercopithecidae,,,,,,,,,-10.22,19.57,Chlorocebus cynosuros,250767,False
Chlorocebus djamdjamensis,Primates,Cercopithecidae,,,,,,,,,6.7,39.24,Chlorocebus djamdjamensis,875546,False
Chlorocebus pygerythrus,Primates,Cercopithecidae,,,,,,,,,-13.19,30.95,Chlorocebus pygerythrus,571323,False
Chlorocebus sabaeus,Primates,Cercopithecidae,,,,,,,,,11.44,-8.82,Chlorocebus sabaeus,571316,False
Chlorocebus tantalus,Primates,Cercopithecidae,,,,,,,,,7.17,16.84,Chlorocebus tantalus,571312,False
Chlorotalpa duthieae,Afrosoricida,Chrysochloridae,,,2.0,,,,,3.0,-33.65,24.27,Chlorotalpa duthieae,178894,False
Burramys parvus,Diprotodontia,Burramyidae,44.27,14.74,3.6,,144.0,6124.99,59.82,2.0,-36.29,147.97,Burramys parvus,277687,False
Cabassous centralis,Cingulata,Dasypodidae,3669.69,,1.0,,,,,3.0,10.74,-80.43,Cabassous centralis,4119200,False
Cabassous chacoensis,Cingulata,Dasypodidae,1490.01,,,,,,,3.0,-20.18,-58.84,Cabassous chacoensis,4119201,False
Cabassous tatouay,Cingulata,Dasypodidae,5349.95,,,,,,,3.0,-20.07,-48.57,Cabassous tatouay,4119202,False
Cabassous unicinctus,Cingulata,Dasypodidae,3987.97,,1.0,,,0.62,,3.0,-5.98,-56.44,Cabassous unicinctus,1014321,False
Cacajao calvus,Primates,Pitheciidae,3421.04,180.0,1.01,,324.0,15.1,339.29,2.0,-5.73,-69.99,Cacajao calvus,1058649,False
Cacajao melanocephalus,Primates,Pitheciidae,3121.58,,,,216.0,,,2.0,0.53,-66.84,Cacajao melanocephalus,1022358,False
Caenolestes caniventer,Paucituberculata,Caenolestidae,40.0,,2.0,,,,,2.0,-4.54,-78.67,Caenolestes caniventer,3606854,False
Caenolestes condorensis,Paucituberculata,Caenolestidae,47.81,,,,,,,3.0,-3.63,-78.5,Caenolestes condorensis,3606857,False
Caenolestes convelatus,Paucituberculata,Caenolestidae,31.56,,,,,,,3.0,0.61,-78.16,Caenolestes convelatus,3606853,False
Caenolestes fuliginosus,Paucituberculata,Caenolestidae,28.64,,3.62,,,,,2.0,5.1,-73.81,Caenolestes fuliginosus,306784,False
Calcochloris leucorhinus,Afrosoricida,Chrysochloridae,,,,,,,,3.0,-2.2,17.41,Huetia leucorhinus,702192,True
Calcochloris obtusirostris,Afrosoricida,Chrysochloridae,24.05,,2.0,,,,,3.0,-23.61,33.43,Calcochloris obtusirostris,178883,False
Calcochloris tytonis,Afrosoricida,Chrysochloridae,,,,,,,,3.0,2.77,45.52,Calcochloris tytonis,3607174,False
Callicebus baptista,Primates,Pitheciidae,,,,,,,,,-3.16,-57.7,Plecturocebus baptista,3607589,True
Callicebus barbarabrownae,Primates,Pitheciidae,,,,,,,,,-10.8,-40.02,Callicebus barbarabrownae,3607590,False
Callicebus bernhardi,Primates,Pitheciidae,,,,,,,,,,,Plecturocebus bernhardi,3607585,True
Callicebus brunneus,Primates,Pitheciidae,850.84,,1.02,0.04,,,,,-10.07,-63.27,Plecturocebus brunneus,645175,True
Callicebus caligatus,Primates,Pitheciidae,992.4,,1.02,,,,,,,,Plecturocebus caligatus,210729,True
Callicebus cinerascens,Primates,Pitheciidae,992.4,,1.02,,,,,,-8.39,-59.39,Plecturocebus cinerascens,3607584,True
Callicebus coimbrai,Primates,Pitheciidae,,,,,,,,,-10.81,-37.16,Callicebus coimbrai,210726,False
Capra nubiana,Artiodactyla,Bovidae,47763.72,150.0,1.0,,204.0,,,,23.53,44.31,Capra nubiana,698614,False
Capra pyrenaica,Artiodactyla,Bovidae,60898.77,150.0,1.5,0.64,192.0,,,1.0,39.02,-2.13,Capra pyrenaica,338215,False
Capra sibirica,Artiodactyla,Bovidae,130000.0,175.0,,,267.0,,,,43.53,83.81,Capra sibirica,698623,False
Capra walie,Artiodactyla,Bovidae,100144.02,157.5,1.0,,,4.07,,,13.35,38.34,Capra walie,541967,False
Capreolus capreolus,Artiodactyla,Cervidae,22502.01,196.0,1.79,0.52,204.0,7.61,79.75,,51.25,22.79,Capreolus capreolus,460517,False
Capreolus pygargus,Artiodactyla,Cervidae,41371.03,290.0,2.0,0.99,,80.0,136.1,,46.94,90.7,Capreolus pygargus,199368,False
Capricornis crispus,Artiodactyla,Bovidae,43030.64,213.0,1.0,0.11,222.96,1.98,59.27,,36.75,136.45,Capricornis crispus,122642,False
Capricornis milneedwardsii,Artiodactyla,Bovidae,,,,,,,,,21.61,107.66,Capricornis milneedwardsii,1031891,False
Capricornis rubidus,Artiodactyla,Bovidae,,,,,,,,,26.69,98.02,Capricornis rubidus,3611695,False
Capricornis sumatraensis,Artiodactyla,Bovidae,110942.22,231.37,1.22,,252.0,,166.34,1.0,1.52,99.95,Capricornis sumatraensis,798021,False
Capricornis swinhoei,Artiodactyla,Bovidae,,,,,,,,,23.57,121.14,Capricornis swinhoei,798024,False
Capricornis thar,Artiodactyla,Bovidae,,,,,,,,,27.93,85.09,Capricornis thar,3611696,False
Caprolagus hispidus,Lagomorpha,Leporidae,2496.99,40.0,3.46,0.004121254,,,,1.0,27.66,86.39,Caprolagus hispidus,144983,False
Capromys gundlachianus,Rodentia,Capromyidae,,,,,,,,,,,Capromys gundlachianus,3609708,False
Capromys pilorides,Rodentia,Capromyidae,5200.0,125.0,2.0,,136.0,,41.99,2.0,21.51,-79.54,Capromys pilorides,848925,False
Caracal caracal,Carnivora,Felidae,11964.38,71.47,2.3,293.94,204.0,,120.41,3.0,5.5,31.75,Caracal caracal,1033549,False
Cardiocranius paradoxus,Rodentia,Dipodidae,,,,,,,,,45.06,97.17,Cardiocranius paradoxus,1043488,False
Cardioderma cor,Chiroptera,Megadermatidae,26.45,92.54,1.0,,,,55.8,3.0,3.73,41.4,Cardioderma cor,539631,False
Carollia brevicauda,Chiroptera,Phyllostomidae,14.85,,0.98,,,,,1.0,0.09,-67.45,Carollia brevicauda,758569,False
Carollia castanea,Chiroptera,Phyllostomidae,13.1,,0.99,,,,,1.0,-1.34,-69.89,Carollia castanea,941606,False
Carollia colombiana,Chiroptera,Phyllostomidae,,,,,,,,,6.4,-75.25,Carollia brevicauda,758569,True
Carollia perspicillata,Chiroptera,Phyllostomidae,19.23,114.6,1.0,,148.8,,35.63,2.0,-4.14,-66.5,Carollia perspicillata,1039980,False
Carollia sowelli,Chiroptera,Phyllostomidae,,,,,,,,,,,Carollia sowelli,958288,False
Carollia subrufa,Chiroptera,Phyllostomidae,15.84,,0.98,,,,,1.0,11.34,-75.58,Carollia subrufa,587100,False
Carpitalpa arendsi,Afrosoricida,Chrysochloridae,52.34,,,,,,,3.0,-18.89,33.44,Carpitalpa arendsi,178898,False
Carpomys melanurus,Rodentia,Muridae,,,,,,,,,16.86,120.86,Carpomys melanurus,3608738,False
Carpomys phaeurus,Rodentia,Muridae,,,,,,,,,16.83,120.9,Carpomys phaeurus,683562,False
Carterodon sulcidens,Rodentia,Echimyidae,113.8,,,,,,,,-16.83,-44.83,Carterodon sulcidens,3611107,False
Caryomys eva,Rodentia,Cricetidae,,,,,,,,,31.72,107.65,Eothenomys eva,42900,True
Caryomys inez,Rodentia,Cricetidae,,,1.94,,,,,,35.45,108.62,Eothenomys inez,256497,True
Casinycteris argynnis,Chiroptera,Pteropodidae,28.28,,0.98,,,,,1.0,-1.63,19.72,Casinycteris argynnis,663912,False
Castor canadensis,Rodentia,Castoridae,18124.41,111.59,3.6,0.06,180.0,0.6,46.5,1.0,47.57,-110.9,Castor canadensis,886085,False
Castor fiber,Rodentia,Castoridae,19000.0,106.42,2.95,,300.0,,60.18,1.0,57.14,56.61,Castor fiber,1048188,False
Catagonus wagneri,Artiodactyla,Tayassuidae,35566.4,152.08,2.47,7.0,108.0,9.24,60.37,2.0,-23.08,-61.53,Catagonus wagneri,488614,False
Catopuma badia,Carnivora,Felidae,3429.52,,,,,,,,2.84,115.07,Catopuma badia,763032,False
Catopuma temminckii,Carnivora,Felidae,7726.46,99.07,1.5,,216.0,,,3.0,11.88,104.15,Catopuma temminckii,763025,False
Cavia aperea,Rodentia,Caviidae,524.38,61.7,2.14,0.000921587,,1806.97,20.86,1.0,-14.21,-57.32,Cavia aperea,152034,False
Cavia fulgida,Rodentia,Caviidae,282.5,,1.34,,,,20.88,,-18.27,-42.48,Cavia fulgida,236059,False
Cavia intermedia,Rodentia,Caviidae,,,,,,,,,,,Cavia intermedia,3609884,False
Cavia magna,Rodentia,Caviidae,459.99,,,,,,20.88,,-30.42,-51.96,Cavia magna,572994,False
Cavia porcellus,Rodentia,Caviidae,727.99,66.99,3.45,,177.6,,16.68,,,,Cavia porcellus,744000,False
Cavia tschudii,Rodentia,Caviidae,1000.0,62.99,1.9,,,,20.88,,-17.0,-68.85,Cavia tschudii,67363,False
Cebus albifrons,Primates,Cebidae,2509.68,158.29,1.01,0.53,528.0,16.79,270.32,2.0,-0.82,-68.12,Cebus albifrons,197032,False
Cebus apella,Primates,Cebidae,2758.38,154.99,1.05,0.88,541.2,23.77,263.12,2.0,-10.77,-56.46,Sapajus apella,197026,True
Cebus capucinus,Primates,Cebidae,3005.99,161.06,1.01,0.35,657.6,27.27,514.07,2.0,8.74,-81.81,Cebus capucinus,217252,False
Cebus kaapori,Primates,Cebidae,3000.0,,,,,,,,-3.0,-47.13,Cebus kaapori,913292,False
Cebus libidinosus,Primates,Cebidae,,,,,,,,,-18.08,-57.25,Sapajus libidinosus,748283,True
Cebus nigritus,Primates,Cebidae,,,1.0,1.47,528.0,,,2.0,-23.1,-45.9,Sapajus nigritus,411831,True
Cebus olivaceus,Primates,Cebidae,2787.64,,1.01,1.7,492.0,24.79,725.86,2.0,4.78,-60.24,Cebus olivaceus,913293,False
Cebus xanthosternos,Primates,Cebidae,,,,,,,,,-14.09,-41.19,Sapajus xanthosternos,331561,True
Centronycteris centralis,Chiroptera,Emballonuridae,,,,,,,,,7.04,-83.84,Centronycteris centralis,432531,False
Centronycteris maximiliani,Chiroptera,Emballonuridae,23.0,,0.98,,,,,3.0,-4.35,-52.32,Centronycteris maximiliani,846879,False
Centurio senex,Chiroptera,Phyllostomidae,23.09,,0.99,,,,,1.0,15.65,-84.74,Centurio senex,351782,False
Cephalophus adersi,Artiodactyla,Bovidae,9249.95,120.0,1.0,,48.96,3.65,,1.0,-4.78,39.65,Cephalophus adersi,436159,False
Cephalophus brookei,Artiodactyla,Bovidae,,,,,,,,,6.65,-6.8,Cephalophus brookei,3611667,False
Cephalophus callipygus,Artiodactyla,Bovidae,19079.23,,,0.32,,,,1.0,-0.41,15.7,Cephalophus callipygus,436161,False
Crocidura horsfieldii,Soricomorpha,Soricidae,5.47,,3.14,,,,,,20.87,79.29,Crocidura horsfieldii,843253,False
Crocidura hutanis,Soricomorpha,Soricidae,,,,,,,,,,,Crocidura hutanis,3614497,False
Crocidura ichnusae,Soricomorpha,Soricidae,,,,,,,,,36.78,11.99,Crocidura ichnusae,983290,False
Crocidura indochinensis,Soricomorpha,Soricidae,,,,,,,,,,,Crocidura indochinensis,734860,False
Crocidura jacksoni,Soricomorpha,Soricidae,7.0,,3.49,,,,,,-0.4,33.54,Crocidura jacksoni,3614502,False
Crocidura jenkinsi,Soricomorpha,Soricidae,,,,,,,,,12.52,92.81,Crocidura jenkinsi,3614517,False
Crocidura jouvenetae,Soricomorpha,Soricidae,9.79,,,,,,,,,,Crocidura jouvenetae,499997,False
Crocidura katinka,Soricomorpha,Soricidae,,,,,,,,,,,Crocidura katinka,3614515,False
Crocidura kivuana,Soricomorpha,Soricidae,,,1.66,,,,,,-2.06,28.78,Crocidura kivuana,3614553,False
Crocidura lamottei,Soricomorpha,Soricidae,,,,,,,,,9.87,-2.17,Crocidura lamottei,543342,False
Crocidura lanosa,Soricomorpha,Soricidae,,,3.29,,,,,,-1.29,29.17,Crocidura lanosa,3614493,False
Crocidura lasiura,Soricomorpha,Soricidae,,,,,,,,,39.57,127.93,Crocidura lasiura,974847,False
Crocidura latona,Soricomorpha,Soricidae,,,,,,,,,2.14,28.52,Crocidura latona,3614562,False
Crocidura lea,Soricomorpha,Soricidae,,,,,,,,,-0.37,122.22,Crocidura lea,1063184,False
Crocidura lepidura,Soricomorpha,Soricidae,,,,,,,,,,,Crocidura lepidura,1063183,False
Crocidura leucodon,Soricomorpha,Soricidae,10.88,30.99,3.36,,36.0,,23.36,2.0,42.54,27.28,Crocidura leucodon,1019807,False
Crocidura levicula,Soricomorpha,Soricidae,,,,,,,,,-2.81,121.33,Crocidura levicula,1063181,False
Crocidura littoralis,Soricomorpha,Soricidae,18.61,,2.99,,,,,,0.97,31.74,Crocidura littoralis,507578,False
Crocidura longipes,Soricomorpha,Soricidae,19.3,,,,,,,,11.54,4.35,Crocidura longipes,3614501,False
Crocidura lucina,Soricomorpha,Soricidae,,,,,,,,,7.22,39.58,Crocidura lucina,3614557,False
Crocidura ludia,Soricomorpha,Soricidae,5.15,,,,,,,,2.43,23.94,Crocidura ludia,500001,False
Crocidura luna,Soricomorpha,Soricidae,13.83,,1.99,,,,,3.0,-8.38,30.71,Crocidura luna,223694,False
Crocidura lusitania,Soricomorpha,Soricidae,2.48,,,,,,,,19.51,12.17,Crocidura lusitania,507584,False
Crocidura macarthuri,Soricomorpha,Soricidae,,,,,,,,,0.81,42.34,Crocidura macarthuri,3614549,False
Crocidura macmillani,Soricomorpha,Soricidae,,,,,,,,,6.46,37.51,Crocidura macmillani,451549,False
Crocidura macowi,Soricomorpha,Soricidae,,,,,,,,,2.14,36.83,Crocidura macowi,3614568,False
Crocidura malayana,Soricomorpha,Soricidae,,,,,,,,,,,Crocidura malayana,543346,False
Crocidura manengubae,Soricomorpha,Soricidae,,,,,,,,,5.49,12.24,Crocidura manengubae,3614571,False
Crocidura maquassiensis,Soricomorpha,Soricidae,5.99,,,,,,,3.0,-25.1,28.51,Crocidura maquassiensis,3614556,False
Crocidura mariquensis,Soricomorpha,Soricidae,10.35,,3.94,,,,,3.0,-20.14,25.35,Crocidura mariquensis,225599,False
Crocidura maurisca,Soricomorpha,Soricidae,14.0,,,,,,,,0.38,33.67,Crocidura maurisca,507582,False
Crocidura maxi,Soricomorpha,Soricidae,,,,,,,,,-6.9,116.77,Crocidura maxi,349627,False
Crocidura mindorus,Soricomorpha,Soricidae,,,,,,,,,12.81,121.8,Crocidura mindorus,1063192,False
Crocidura miya,Soricomorpha,Soricidae,,,,,,,,,7.14,80.82,Crocidura miya,293573,False
Crocidura monax,Soricomorpha,Soricidae,16.0,,,,,,,,-1.41,36.04,Crocidura monax,534255,False
Crocidura monticola,Soricomorpha,Soricidae,,,,,,,,,0.02,106.71,Crocidura monticola,3614560,False
Crocidura montis,Soricomorpha,Soricidae,14.49,,,,,,,,0.4,34.07,Crocidura montis,3614554,False
Crocidura muricauda,Soricomorpha,Soricidae,,,,,,,,,7.55,-6.92,Crocidura muricauda,500000,False
Crocidura musseri,Soricomorpha,Soricidae,,,,,,,,,,,Crocidura musseri,1063191,False
Crocidura mutesae,Soricomorpha,Soricidae,23.91,,,,,,,,0.79,32.47,Crocidura mutesae,3614514,False
Crocidura nana,Soricomorpha,Soricidae,,,,,,,,,6.27,42.04,Crocidura nana,3614531,False
Crocidura nanilla,Soricomorpha,Soricidae,6.5,,,,,,,,10.27,9.77,Crocidura nanilla,563472,False
Crocidura negligens,Soricomorpha,Soricidae,,,,,,,,,,,Crocidura negligens,225597,False
Crocidura negrina,Soricomorpha,Soricidae,11.33,,,,,,,,10.02,122.97,Crocidura negrina,925032,False
Crocidura nicobarica,Soricomorpha,Soricidae,,,3.0,,,,,3.0,6.99,93.8,Crocidura nicobarica,3614540,False
Crocidura nigeriae,Soricomorpha,Soricidae,23.0,,,,,,,,5.7,6.92,Crocidura nigeriae,507604,False
Crocidura nigricans,Soricomorpha,Soricidae,20.0,,3.99,,,,,,-14.26,14.31,Crocidura nigricans,3614567,False
Crocidura nigripes,Soricomorpha,Soricidae,,,,,,,,,-0.59,122.26,Crocidura nigripes,519244,False
Crocidura nigrofusca,Soricomorpha,Soricidae,11.75,,2.49,,,,,,-4.9,28.66,Crocidura nigrofusca,3614579,False
Crocidura nimbae,Soricomorpha,Soricidae,,,,,,,,,7.62,-8.4,Crocidura nimbae,500003,False
Crocidura niobe,Soricomorpha,Soricidae,16.0,,2.99,,,,,,-0.15,30.05,Crocidura niobe,3614558,False
Crocidura obscurior,Soricomorpha,Soricidae,,,,,,,,,6.77,-8.25,Crocidura obscurior,500002,False
Chalinolobus nigrogriseus,Chiroptera,Vespertilionidae,8.79,,,,,,,,-19.0,137.88,Chalinolobus nigrogriseus,1066074,False
Chalinolobus picatus,Chiroptera,Vespertilionidae,,,2.0,,,,,,-27.88,143.05,Chalinolobus picatus,3613740,False
Chalinolobus tuberculatus,Chiroptera,Vespertilionidae,,,0.98,,,,,3.0,-41.04,172.48,Chalinolobus tuberculatus,970126,False
Cheirogaleus adipicaudatus,Primates,Cheirogaleidae,,,,,,,,,-23.49,45.59,Cheirogaleus medius,863759,True
Cheirogaleus crossleyi,Primates,Cheirogaleidae,,,,,,,,,-18.72,48.06,Cheirogaleus crossleyi,418718,False
Cheirogaleus major,Primates,Cheirogaleidae,446.02,70.0,2.26,0.02,180.0,67.99,47.14,2.0,-18.76,48.54,Cheirogaleus major,589601,False
Cheirogaleus medius,Primates,Cheirogaleidae,196.76,61.79,2.04,0.02,231.6,221.44,60.65,2.0,-19.03,46.52,Cheirogaleus medius,863759,False
Cheirogaleus minusculus,Primates,Cheirogaleidae,,,,,,,,,-20.48,47.2,Cheirogaleus minusculus,311696,False
Cheirogaleus ravus,Primates,Cheirogaleidae,,,,,,,,,-18.09,49.31,Cheirogaleus minusculus,311696,True
Cheirogaleus sibreei,Primates,Cheirogaleidae,,,,,,,,,-19.98,47.56,Cheirogaleus sibreei,682744,False
Chlorotalpa sclateri,Afrosoricida,Chrysochloridae,38.3,,2.0,,,,,3.0,-29.65,25.66,Chlorotalpa sclateri,178869,False
Chodsigoa caovansunga,Soricomorpha,Soricidae,,,,,,,,,,,Chodsigoa caovansunga,1096821,False
Chodsigoa hypsibia,Soricomorpha,Soricidae,,,,,,,,,31.16,103.48,Chodsigoa hypsibia,261394,False
Chodsigoa lamula,Soricomorpha,Soricidae,,,,,,,,,30.3,100.55,Chodsigoa lamula,3614468,False
Chodsigoa parca,Soricomorpha,Soricidae,,,,,,,,,23.58,101.72,Chodsigoa parca,690668,False
Chodsigoa parva,Soricomorpha,Soricidae,,,,,,,,,,,Chodsigoa parva,3614465,False
Chodsigoa salenskii,Soricomorpha,Soricidae,5.49,,,,,,,,30.95,106.97,Chodsigoa salenskii,3614467,False
Chodsigoa smithii,Soricomorpha,Soricidae,,,,,,,,,30.96,104.43,Chodsigoa smithii,3614466,False
Chodsigoa sodalis,Soricomorpha,Soricidae,,,,,,,,,,,Chodsigoa sodalis,286351,False
Choeroniscus godmani,Chiroptera,Phyllostomidae,7.9,,0.98,,,,,2.0,12.98,-79.92,Choeroniscus godmani,503371,False
Choeroniscus minor,Chiroptera,Phyllostomidae,8.63,,0.98,,,,,2.0,-3.7,-62.85,Choeroniscus minor,596426,False
Choeroniscus periosus,Chiroptera,Phyllostomidae,,,,,,,,,2.61,-77.75,Choeroniscus periosus,3613589,False
Choeronycteris mexicana,Chiroptera,Phyllostomidae,17.26,,0.99,,,,,2.0,23.24,-102.28,Choeronycteris mexicana,658354,False
Choloepus didactylus,Pilosa,Megalonychidae,6646.5,269.63,1.0,,333.6,53.4,52.61,2.0,0.17,-60.43,Choloepus didactylus,977390,False
Choloepus hoffmanni,Pilosa,Megalonychidae,5893.5,258.54,1.0,,385.2,118.42,46.4,1.0,-0.19,-75.97,Choloepus hoffmanni,273247,False
Chrotogale owstoni,Carnivora,Viverridae,3267.71,,,,,,,2.0,22.03,105.03,Chrotogale owstoni,768508,False
Chrotomys gonzalesi,Rodentia,Muridae,140.2,,,,,,,3.0,13.65,123.38,Chrotomys gonzalesi,1047884,False
Chrotomys mindorensis,Rodentia,Muridae,151.98,,,,,,,,15.42,121.97,Chrotomys mindorensis,566960,False
Chrotomys silaceus,Rodentia,Muridae,,,,,,,,,16.87,120.9,Chrotomys silaceus,1093684,False
Chrotomys whiteheadi,Rodentia,Muridae,151.98,,,,,,,,16.63,120.71,Chrotomys whiteheadi,242459,False
Chrotopterus auritus,Chiroptera,Phyllostomidae,78.26,86.09,0.99,,,,,2.0,-4.93,-67.71,Chrotopterus auritus,1060474,False
Chrysochloris asiatica,Afrosoricida,Chrysochloridae,37.16,,3.49,,,1000.0,74.43,3.0,-32.08,19.31,Chrysochloris asiatica,1094517,False
Chrysochloris stuhlmanni,Afrosoricida,Chrysochloridae,55.76,,0.96,,,1000.0,70.72,3.0,-1.35,23.28,Chrysochloris stuhlmanni,1071320,False
Chrysochloris visagiei,Afrosoricida,Chrysochloridae,,,,,,,,3.0,-31.44,20.66,Chrysochloris visagiei,3607173,False
Chrysocyon brachyurus,Carnivora,Canidae,23325.0,63.48,2.0,21.36,180.0,,119.0,2.0,-17.32,-52.48,Chrysocyon brachyurus,837601,False
Chrysospalax trevelyani,Afrosoricida,Chrysochloridae,434.04,115.0,1.41,0.000602526,48.0,1000.0,,3.0,-32.02,28.74,Chrysospalax trevelyani,347650,False
Chrysospalax villosus,Afrosoricida,Chrysochloridae,108.35,,1.93,,,,,3.0,-27.87,30.33,Chrysospalax villosus,702180,False
Cistugo lesueuri,Chiroptera,Vespertilionidae,,,,,,,,,-30.91,24.06,Cistugo lesueuri,488515,False
Cistugo seabrae,Chiroptera,Vespertilionidae,,,,,,,,,-22.92,15.45,Cistugo seabrae,533601,False
Civettictis civetta,Carnivora,Viverridae,12075.58,68.4,2.31,,336.0,,82.91,2.0,-6.02,13.26,Civettictis civetta,768511,False
Clidomys osborni,Rodentia,Heptaxodontidae,,,,,,,,,,,Clidomys osborni,3610418,False
Cloeotis percivali,Chiroptera,Hipposideridae,4.16,91.24,0.99,,,,,,-15.65,32.52,Cloeotis percivali,787368,False
Clyomys bishopi,Rodentia,Echimyidae,30.0,,,,,,,,-22.26,-45.39,Clyomys bishopi,156840,False
Clyomys laticeps,Rodentia,Echimyidae,201.0,,,,,,,,-17.41,-51.0,Clyomys laticeps,155620,False
Coccymys albidens,Rodentia,Muridae,,,,,,,,,-4.03,138.75,Brassomys albidens,3608698,True
Coccymys ruemmleri,Rodentia,Muridae,29.7,,,,,,,1.0,-5.83,142.62,Coccymys ruemmleri,118387,False
Coelops frithii,Chiroptera,Hipposideridae,7.52,,0.98,,,,,3.0,11.22,104.01,Coelops frithii,1011482,False
Coelops robinsoni,Chiroptera,Hipposideridae,6.5,,,,,,,3.0,4.99,112.41,Coelops robinsoni,426035,False
Coendou bicolor,Rodentia,Erethizontidae,4492.49,,1.0,,,5.58,69.6,1.0,-3.35,-72.65,Coendou bicolor,504988,False
Coendou nycthemera,Rodentia,Erethizontidae,2999.98,,,,,,,,-2.73,-54.18,Coendou nycthemera,3609639,False
Coendou prehensilis,Rodentia,Erethizontidae,4116.2,200.74,0.98,0.14,207.6,35.69,69.54,1.0,-8.43,-53.78,Coendou prehensilis,466149,False
Coendou rothschildi,Rodentia,Erethizontidae,2000.0,,,,,,,1.0,8.41,-79.96,Coendou rothschildi,3609640,False
Coleura afra,Chiroptera,Emballonuridae,10.68,,1.0,,,,,3.0,1.77,18.78,Coleura afra,637419,False
Coleura seychellensis,Chiroptera,Emballonuridae,10.64,,,,,,,3.0,-4.68,55.45,Coleura seychellensis,73572,False
Colobus angolensis,Primates,Cercopithecidae,8990.31,,1.01,,,,,1.0,-4.16,26.69,Colobus angolensis,721482,False
Colobus guereza,Primates,Cercopithecidae,9925.88,169.02,1.0,0.17,294.0,99.2,387.79,1.0,5.15,26.26,Colobus guereza,565569,False
Colobus polykomos,Primates,Cercopithecidae,8797.29,172.69,1.0,0.14,366.0,23.5,213.78,1.0,9.06,-10.8,Colobus polykomos,989400,False
Colobus satanas,Primates,Cercopithecidae,9055.32,192.76,0.99,0.44,,26.57,,1.0,1.97,11.82,Colobus satanas,189815,False
Colobus vellerosus,Primates,Cercopithecidae,7700.18,,1.02,0.29,,,,,7.44,-0.88,Colobus vellerosus,39815,False
Colomys goslingi,Rodentia,Muridae,62.5,,1.97,,36.0,,,,-2.14,11.71,Colomys goslingi,23039,False
Condylura cristata,Soricomorpha,Talpidae,48.15,40.0,5.39,0.003656234,36.0,4999.99,20.84,3.0,43.1,-77.82,Condylura cristata,292504,False
Conepatus chinga,Carnivora,Mephitidae,,,,,,,,,-24.6,-66.13,Conepatus chinga,231612,False
Conepatus humboldtii,Carnivora,Mephitidae,1097.61,,3.49,0.1,,,,3.0,-45.97,-68.78,Conepatus humboldtii,3613131,False
Conepatus leuconotus,Carnivora,Mephitidae,3293.91,60.83,3.6,,84.0,,45.56,3.0,26.0,-99.88,Conepatus leuconotus,231610,False
Conepatus semistriatus,Carnivora,Mephitidae,1997.34,,3.49,0.27,,9.52,,2.0,4.29,-66.03,Conepatus semistriatus,1023230,False
Congosorex polli,Soricomorpha,Soricidae,,,,,,,,,-6.56,22.64,Congosorex polli,3614470,False
Congosorex verheyeni,Soricomorpha,Soricidae,,,,,,,,,,,Congosorex verheyeni,810603,False
Conilurus albipes,Rodentia,Muridae,200.0,,,,,,,,,,Conilurus albipes,3608828,False
Conilurus penicillatus,Rodentia,Muridae,175.02,35.99,2.0,,,,24.4,2.0,-12.88,133.02,Conilurus penicillatus,794941,False
Connochaetes gnou,Artiodactyla,Bovidae,156547.53,256.76,1.0,0.95,240.0,34.62,111.57,1.0,-28.83,26.87,Connochaetes gnou,363047,False
Dasymys montanus,Rodentia,Muridae,,,,,,,,,0.34,30.16,Dasymys montanus,3608667,False
Dasymys nudipes,Rodentia,Muridae,,,,,,,,,-14.65,19.65,Dasymys nudipes,3608663,False
Dasymys rufulus,Rodentia,Muridae,,,,,,,,,7.69,-1.8,Dasymys rufulus,911466,False
Dasymys rwandae,Rodentia,Muridae,,,,,,,,,,,Dasymys rwandae,3608666,False
Dasymys sua,Rodentia,Muridae,,,,,,,,,,,Dasymys sua,3608668,False
Dasyprocta azarae,Rodentia,Dasyproctidae,2976.81,,,,,,140.0,1.0,-22.96,-53.44,Dasyprocta azarae,3609680,False
Dasyprocta coibae,Rodentia,Dasyproctidae,,,,,,,140.0,1.0,7.47,-81.74,Dasyprocta coibae,3609682,False
Dasyprocta cristata,Rodentia,Dasyproctidae,2650.03,,2.0,,,,140.0,1.0,,,Dasyprocta cristata,3609681,False
Dasyprocta fuliginosa,Rodentia,Dasyproctidae,3500.02,,,,,,140.0,1.0,-1.56,-69.46,Dasyprocta fuliginosa,592588,False
Dasyprocta guamara,Rodentia,Dasyproctidae,2650.03,,,,,,140.0,1.0,9.32,-61.47,Dasyprocta guamara,3609679,False
Dasyprocta kalinowskii,Rodentia,Dasyproctidae,2650.03,,,,,,140.0,1.0,-13.18,-70.6,Dasyprocta kalinowskii,3609683,False
Dasyprocta leporina,Rodentia,Dasyproctidae,3009.99,106.39,1.4,,213.6,49.69,140.0,1.0,-6.31,-55.99,Dasyprocta leporina,462286,False
Dasyprocta mexicana,Rodentia,Dasyproctidae,4999.99,,,,,,140.0,1.0,18.07,-94.97,Dasyprocta mexicana,3609677,False
Dasyprocta prymnolopha,Rodentia,Dasyproctidae,2900.0,,1.5,,,,140.0,1.0,-9.63,-42.21,Dasyprocta prymnolopha,3609678,False
Dasyprocta punctata,Rodentia,Dasyproctidae,2309.12,107.65,1.25,,120.0,17.44,140.0,1.0,-1.57,-75.35,Dasyprocta punctata,848914,False
Dasyprocta ruatanica,Rodentia,Dasyproctidae,,,,,,,140.0,1.0,16.35,-86.42,Dasyprocta ruatanica,3609676,False
Dasypus hybridus,Cingulata,Dasypodidae,1500.0,126.4,8.36,,,,,2.0,-25.4,-59.08,Dasypus hybridus,4119193,False
Dasypus kappleri,Cingulata,Dasypodidae,9702.83,,4.47,,,,,2.0,-3.08,-62.21,Dasypus kappleri,905104,False
Dasypus novemcinctus,Cingulata,Dasypodidae,3949.01,134.0,3.96,0.04,180.0,20.37,136.87,2.0,4.48,-71.74,Dasypus novemcinctus,796672,False
Dasypus pilosus,Cingulata,Dasypodidae,4444.98,,,,,,,2.0,-9.66,-76.63,Dasypus pilosus,4119194,False
Dasypus sabanicola,Cingulata,Dasypodidae,1150.01,91.24,4.0,,,280.0,,3.0,6.04,-67.67,Dasypus sabanicola,4119191,False
Eumops patagonicus,Chiroptera,Molossidae,,,,,,,,,-26.86,-58.98,Eumops patagonicus,839631,False
Eumops perotis,Chiroptera,Molossidae,50.97,,0.99,,,,,3.0,3.99,-78.6,Eumops perotis,301606,False
Eumops trumbulli,Chiroptera,Molossidae,,,,,,,,,-3.4,-65.11,Eumops trumbulli,3614008,False
Eumops underwoodi,Chiroptera,Molossidae,58.67,,1.0,,,,,3.0,22.63,-99.82,Eumops underwoodi,446280,False
Euneomys chinchilloides,Rodentia,Cricetidae,75.57,,,,,,,,-53.46,-69.23,Euneomys chinchilloides,644642,False
Euneomys fossor,Rodentia,Cricetidae,83.0,,,,,,,,,,Euneomys fossor,3608228,False
Euneomys mordax,Rodentia,Cricetidae,81.99,,,,,,,,-36.05,-70.5,Euneomys mordax,829500,False
Euneomys petersoni,Rodentia,Cricetidae,83.0,,,,,,,,-45.98,-72.46,Euneomys petersoni,3608229,False
Euoticus elegantulus,Primates,Galagidae,295.48,133.45,0.99,,180.0,16.47,,2.0,-0.26,13.54,Euoticus elegantulus,323064,False
Euoticus pallidus,Primates,Galagidae,277.37,,,,,,,,4.89,11.14,Euoticus pallidus,3607501,False
Eupetaurus cinereus,Rodentia,Sciuridae,,,,,,,,1.0,31.69,80.71,Eupetaurus cinereus,675200,False
Euphractus sexcinctus,Cingulata,Dasypodidae,4731.16,64.66,1.73,0.65,225.96,1.77,28.0,2.0,-16.24,-50.43,Euphractus sexcinctus,292508,False
Eupleres goudotii,Carnivora,Eupleridae,2763.34,93.86,1.0,,,,62.99,2.0,-18.76,47.44,Eupleres goudotii,527114,False
Euroscaptor grandis,Soricomorpha,Talpidae,,,,,,,,3.0,28.99,100.97,Euroscaptor grandis,3614253,False
Euroscaptor klossi,Soricomorpha,Talpidae,,34.99,4.5,,,,,3.0,12.38,103.41,Euroscaptor klossi,5827939,False
Euroscaptor longirostris,Soricomorpha,Talpidae,,,,,,,,3.0,27.8,109.2,Euroscaptor longirostris,293562,False
Euroscaptor micrura,Soricomorpha,Talpidae,60.46,,,,36.0,,,3.0,26.32,91.74,Euroscaptor micrura,586867,False
Euroscaptor mizura,Soricomorpha,Talpidae,25.05,40.0,3.0,,36.0,,,3.0,37.68,137.18,Euroscaptor mizura,201752,False
Euroscaptor parvidens,Soricomorpha,Talpidae,,,,,,,,3.0,16.94,106.82,Euroscaptor parvidens,3614252,False
Euryzygomatomys spinosus,Rodentia,Echimyidae,187.49,,0.97,,,,,,-22.94,-47.97,Euryzygomatomys spinosus,504978,False
Exilisciurus concinnus,Rodentia,Sciuridae,27.72,,1.94,,,,,,9.07,124.19,Exilisciurus concinnus,724376,False
Connochaetes taurinus,Artiodactyla,Bovidae,198619.68,251.49,0.98,,258.0,7.99,256.32,1.0,-15.63,26.5,Connochaetes taurinus,19028,False
Cormura brevirostris,Chiroptera,Emballonuridae,9.26,,,,,,,3.0,0.76,-66.97,Cormura brevirostris,75171,False
Corynorhinus mexicanus,Chiroptera,Vespertilionidae,,,,,,,,,24.6,-98.25,Corynorhinus mexicanus,226087,False
Corynorhinus rafinesquii,Chiroptera,Vespertilionidae,9.15,55.27,1.0,,121.2,,21.0,3.0,32.8,-85.51,Corynorhinus rafinesquii,977392,False
Corynorhinus townsendii,Chiroptera,Vespertilionidae,10.3,67.49,0.99,,254.0,,40.5,3.0,34.97,-102.12,Corynorhinus townsendii,842471,False
Coryphomys buehleri,Rodentia,Muridae,,,,,,,,,,,Coryphomys buehleri,3610917,False
Craseonycteris thonglongyai,Chiroptera,Craseonycteridae,1.96,,1.0,,,,,3.0,14.42,98.86,Craseonycteris thonglongyai,432482,False
Crateromys australis,Rodentia,Muridae,,,,,,,,,10.14,125.59,Crateromys australis,3608743,False
Crateromys heaneyi,Rodentia,Muridae,,,,,,,,,,,Crateromys heaneyi,631025,False
Crateromys paulus,Rodentia,Muridae,,,,,,,,,12.22,121.08,Crateromys paulus,3608745,False
Crateromys schadenbergi,Rodentia,Muridae,,,,,,,,,17.45,121.42,Crateromys schadenbergi,3608744,False
Cratogeomys castanops,Rodentia,Geomyidae,266.83,,2.34,,56.4,1001.77,,1.0,31.7,-102.34,Cratogeomys castanops,1024547,False
Cratogeomys fumosus,Rodentia,Geomyidae,150.0,,,,,,,1.0,19.23,-103.76,Cratogeomys fumosus,424317,False
Cratogeomys goldmani,Rodentia,Geomyidae,,,,,,,,,24.02,-102.32,Cratogeomys goldmani,798029,False
Cratogeomys gymnurus,Rodentia,Geomyidae,599.99,,,,,,,1.0,19.85,-102.21,Cratogeomys gymnurus,949956,False
Cratogeomys merriami,Rodentia,Geomyidae,419.99,,1.94,,,,,1.0,19.31,-98.29,Cratogeomys merriami,949953,False
Cratogeomys neglectus,Rodentia,Geomyidae,302.48,,1.94,,,,,1.0,21.05,-99.67,Cratogeomys neglectus,433075,False
Cratogeomys tylorhinus,Rodentia,Geomyidae,403.42,,1.94,,,,,1.0,20.17,-101.25,Cratogeomys tylorhinus,949949,False
Cratogeomys zinseri,Rodentia,Geomyidae,150.0,,,,,,,1.0,21.2,-101.95,Cratogeomys zinseri,187365,False
Cremnomys cutchicus,Rodentia,Muridae,,,5.23,,,,,,18.3,77.25,Cremnomys cutchicus,897146,False
Cremnomys elvira,Rodentia,Muridae,,,,,,,,,11.4,78.35,Cremnomys elvira,3608765,False
Cricetomys ansorgei,Rodentia,Nesomyidae,,,,,,,,,,,Cricetomys ansorgei,465268,False
Cricetomys emini,Rodentia,Nesomyidae,1280.0,,0.97,,,,,,1.58,10.98,Cricetomys emini,611277,False
Cricetomys gambianus,Rodentia,Nesomyidae,1267.52,31.45,3.11,,,,34.54,,,,Cricetomys gambianus,922511,False
Cricetomys kivuensis,Rodentia,Nesomyidae,,,,,,,,,,,Cricetomys kivuensis,3608528,False
Cricetulus alticola,Rodentia,Cricetidae,,,,,,,,,32.04,80.07,Cricetulus kamensis alticola,3608518,True
Crocidura tanakae,Soricomorpha,Soricidae,,,,,,,,,23.6,121.02,Crocidura tanakae,925010,False
Crocidura tansaniana,Soricomorpha,Soricidae,,,,,,,,,-4.35,38.17,Crocidura tansaniana,3614513,False
Crocidura tarella,Soricomorpha,Soricidae,,,,,,,,,1.55,32.44,Crocidura tarella,3614506,False
Crocidura tarfayensis,Soricomorpha,Soricidae,6.59,,,,,,,,22.68,-11.96,Crocidura tarfayensis,983288,False
Crocidura telfordi,Soricomorpha,Soricidae,,,,,,,,,-6.84,37.63,Crocidura telfordi,3614528,False
Crocidura tenuis,Soricomorpha,Soricidae,,,,,,,,,-9.35,125.37,Crocidura tenuis,3614543,False
Crocidura thalia,Soricomorpha,Soricidae,,,,,,,,,8.58,37.2,Crocidura thalia,451547,False
Crocidura theresae,Soricomorpha,Soricidae,17.6,,,,,,,,10.02,-5.41,Crocidura theresae,41802,False
Crocidura thomensis,Soricomorpha,Soricidae,,,,,,,,,0.22,6.61,Crocidura thomensis,3614555,False
Crocidura trichura,Soricomorpha,Soricidae,,,,,,,,,-10.49,105.62,Crocidura trichura,3614520,False
Crocidura turba,Soricomorpha,Soricidae,14.49,,2.0,,,,,,-4.12,25.18,Crocidura turba,1084095,False
Crocidura ultima,Soricomorpha,Soricidae,16.0,,,,,,,,-0.18,36.29,Crocidura ultima,3614578,False
Crocidura usambarae,Soricomorpha,Soricidae,11.83,,1.99,,,,,,-4.53,38.24,Crocidura usambarae,3614544,False
Crocidura viaria,Soricomorpha,Soricidae,16.49,,3.49,,,,,,16.06,12.03,Crocidura viaria,1084089,False
Crocidura virgata,Soricomorpha,Soricidae,,,,,,,,,5.42,7.25,Crocidura virgata,3614509,False
Crocidura voi,Soricomorpha,Soricidae,,,,,,,,,5.47,20.67,Crocidura voi,3614536,False
Crocidura vorax,Soricomorpha,Soricidae,,,,,,,,,21.83,100.68,Crocidura vorax,3614507,False
Crocidura vosmaeri,Soricomorpha,Soricidae,,,,,,,,,,,Crocidura vosmaeri,3614545,False
Crocidura watasei,Soricomorpha,Soricidae,,,,,,,,,27.29,128.68,Crocidura watasei,974853,False
Crocidura whitakeri,Soricomorpha,Soricidae,5.58,,,,,,,,31.11,-1.79,Crocidura whitakeri,3614523,False
Crocidura wimmeri,Soricomorpha,Soricidae,23.5,,,,,,,,5.33,-4.12,Crocidura wimmeri,3614527,False
Crocidura wuchihensis,Soricomorpha,Soricidae,,,,,,,,,,,Crocidura wuchihensis,486528,False
Crocidura xantippe,Soricomorpha,Soricidae,,,,,,,,,-3.83,38.16,Crocidura xantippe,3614541,False
Crocidura yankariensis,Soricomorpha,Soricidae,4.99,,,,,,,,7.31,26.44,Crocidura yankariensis,3614546,False
Crocidura zaphiri,Soricomorpha,Soricidae,,,,,,,,,6.55,36.95,Crocidura zaphiri,3614559,False
Crocidura zarudnyi,Soricomorpha,Soricidae,,,5.99,,,,,,30.39,65.65,Crocidura zarudnyi,834350,False
Crocidura zimmeri,Soricomorpha,Soricidae,14.49,,,,,,,,-8.96,26.09,Crocidura zimmeri,3614511,False
Crocidura zimmermanni,Soricomorpha,Soricidae,,,,,,,,,35.29,24.76,Crocidura zimmermanni,314774,False
Crocuta crocuta,Carnivora,Hyaenidae,63369.98,112.33,1.91,21.93,493.2,0.12,371.37,3.0,-5.14,16.93,Crocuta crocuta,397157,False
Crossarchus alexandri,Carnivora,Herpestidae,1503.4,,4.0,,,,,,-0.31,25.63,Crossarchus alexandri,858557,False
Crossarchus ansorgei,Carnivora,Herpestidae,700.0,,,,,,,2.0,-3.67,20.06,Crossarchus ansorgei,3613280,False
Crossarchus obscurus,Carnivora,Herpestidae,1395.09,70.0,4.29,,108.0,,29.23,2.0,6.82,-6.63,Crossarchus obscurus,1088410,False
Crossarchus platycephalus,Carnivora,Herpestidae,,,,,,,,,,,Crossarchus platycephalus,706189,False
Crossomys moncktoni,Rodentia,Muridae,168.42,,1.07,,,,,3.0,-7.31,144.98,Crossomys moncktoni,692529,False
Crunomys celebensis,Rodentia,Muridae,,,,,,,,,-1.32,120.08,Crunomys celebensis,3608741,False
Crunomys fallax,Rodentia,Muridae,,,,,,,,,16.71,122.17,Crunomys fallax,3608742,False
Crunomys melanius,Rodentia,Muridae,,,,,,,,,8.56,124.24,Crunomys melanius,631023,False
Crunomys suncoides,Rodentia,Muridae,,,,,,,,,,,Crunomys suncoides,631030,False
Cryptochloris wintoni,Afrosoricida,Chrysochloridae,,,,,,,,3.0,-29.24,16.87,Cryptochloris wintoni,702185,False
Cryptochloris zyli,Afrosoricida,Chrysochloridae,,,,,,,,3.0,-32.09,18.46,Cryptochloris zyli,3607176,False
Cryptomys amatus,Rodentia,Bathyergidae,76.74,95.0,,,,,,,,,Fukomys amatus,107128,True
Cryptomys anselli,Rodentia,Bathyergidae,85.59,,,,,,,,,,Fukomys anselli,927982,True
Cryptomys bocagei,Rodentia,Bathyergidae,93.84,,,,,,,,-13.1,19.9,Fukomys bocagei,257746,True
Cryptomys damarensis,Rodentia,Bathyergidae,112.2,83.55,3.0,0.01,,,18.02,1.0,-18.37,20.41,Fukomys damarensis,895549,True
Cryptomys darlingi,Rodentia,Bathyergidae,65.58,57.82,1.84,,,,27.28,,,,Fukomys darlingi,257739,True
Cryptomys foxi,Rodentia,Bathyergidae,,,,,,,,,9.89,8.96,Fukomys foxi,927967,True
Cryptomys hottentotus,Rodentia,Bathyergidae,75.13,84.99,2.48,0.001455832,,816.08,32.07,1.0,-19.22,26.68,Cryptomys hottentotus,118550,False
Cryptomys kafuensis,Rodentia,Bathyergidae,,,,,,,,,,,Fukomys kafuensis,927977,True
Cryptomys mechowi,Rodentia,Bathyergidae,271.54,104.0,2.6,,,,38.49,1.0,-12.09,23.92,Fukomys mechowii,107104,True
Cryptomys ochraceocinereus,Rodentia,Bathyergidae,200.0,,3.0,,,,,,4.7,21.42,Fukomys ochraceocinereus,927962,True
Cryptomys zechi,Rodentia,Bathyergidae,,,,,,,,,8.01,-0.16,Fukomys zechi,3609786,True
Cryptoprocta ferox,Carnivora,Eupleridae,9500.0,92.54,2.98,0.75,240.0,0.88,136.1,3.0,-18.96,46.85,Cryptoprocta ferox,768514,False
Cryptotis alticola,Soricomorpha,Soricidae,,,,,,,,,19.29,-101.31,Cryptotis alticolus,3614391,True
Cryptotis brachyonyx,Soricomorpha,Soricidae,,,,,,,,,,,Cryptotis brachyonyx,3614379,False
Cryptotis colombiana,Soricomorpha,Soricidae,,,,,,,,,,,Cryptotis colombiana,3614398,False
Cryptotis endersi,Soricomorpha,Soricidae,,,,,,,,,8.83,-82.16,Cryptotis endersi,3614376,False
Cryptotis equatoris,Soricomorpha,Soricidae,,,,,,,,,,,Cryptotis equatoris,3614397,False
Cryptotis goldmani,Soricomorpha,Soricidae,6.73,,,,,115.15,,,,,Cryptotis goldmani,638156,False
Cryptotis goodwini,Soricomorpha,Soricidae,7.0,,,,,,,,15.71,-91.28,Cryptotis goodwini,3614378,False
Cryptotis gracilis,Soricomorpha,Soricidae,,,,,,,,,9.58,-83.66,Cryptotis gracilis,181053,False
Cryptotis griseoventris,Soricomorpha,Soricidae,,,,,,,,,,,Cryptotis griseoventris,3614381,False
Cryptotis hondurensis,Soricomorpha,Soricidae,,,,,,,,,14.03,-87.15,Cryptotis hondurensis,3614385,False
Cryptotis magna,Soricomorpha,Soricidae,7.0,,2.99,,,,,,17.42,-96.4,Cryptotis magnus,638158,True
Cryptotis mayensis,Soricomorpha,Soricidae,,,,,,,,,,,Cryptotis mayensis,3614374,False
Cryptotis medellinia,Soricomorpha,Soricidae,,,,,,,,,,,Cryptotis medellinia,3614380,False
Cryptotis mera,Soricomorpha,Soricidae,,,,,,,,,,,Cryptotis mera,3614395,False
Cryptotis meridensis,Soricomorpha,Soricidae,12.63,,,,,104.61,,3.0,8.96,-69.84,Cryptotis meridensis,3614399,False
Cryptotis merriami,Soricomorpha,Soricidae,,,,,,,,,,,Cryptotis merriami,3614384,False
Cryptotis mexicana,Soricomorpha,Soricidae,7.0,,2.99,,,,,,18.65,-95.45,Cryptotis mexicanus,412409,True
Cryptotis montivaga,Soricomorpha,Soricidae,11.29,,,,,,,3.0,-3.85,-79.0,Cryptotis montivagus,3614392,True
Cryptotis nelsoni,Soricomorpha,Soricidae,,,,,,,,,,,Cryptotis nelsoni,997404,False
Cryptotis nigrescens,Soricomorpha,Soricidae,8.32,,,,,,,,,,Cryptotis nigrescens,248585,False
Cryptotis obscura,Soricomorpha,Soricidae,,,,,,,,,,,Cryptotis obscurus,3614390,True
Cryptotis orophila,Soricomorpha,Soricidae,,,,,,,,,,,Cryptotis orophilus,3614382,True
Cryptotis parva,Soricomorpha,Soricidae,4.97,21.99,4.55,0.001442322,21.0,493.99,20.34,2.0,30.07,-88.9,Cryptotis parvus,86246,True
Cryptotis peregrina,Soricomorpha,Soricidae,,,,,,,,,,,Cryptotis peregrinus,3614375,True
Cryptotis peruviensis,Soricomorpha,Soricidae,,,,,,,,3.0,,,Cryptotis peruviensis,3614396,False
Cryptotis phillipsii,Soricomorpha,Soricidae,,,,,,,,,,,Cryptotis phillipsii,3614393,False
Cryptotis squamipes,Soricomorpha,Soricidae,11.0,,,,,,,3.0,1.7,-77.25,Cryptotis squamipes,3614377,False
Cryptotis tamensis,Soricomorpha,Soricidae,,,,,,,,,,,Cryptotis tamensis,3614388,False
Cryptotis thomasi,Soricomorpha,Soricidae,11.77,,,,,,,3.0,3.72,-74.18,Cryptotis thomasi,3614386,False
Cryptotis tropicalis,Soricomorpha,Soricidae,,,,,,,,,,,Cryptotis tropicalis,3614383,False
Ctenodactylus gundi,Rodentia,Ctenodactylidae,288.41,65.96,2.0,,,,,,33.37,2.94,Ctenodactylus gundi,692686,False
Ctenodactylus vali,Rodentia,Ctenodactylidae,173.6,59.13,2.0,,60.0,,,1.0,32.63,6.03,Ctenodactylus vali,506987,False
Ctenomys argentinus,Rodentia,Ctenomyidae,221.3,,,,,,,1.0,-26.43,-59.44,Ctenomys argentinus,811146,False
Ctenomys australis,Rodentia,Ctenomyidae,403.32,,,,,,,1.0,-38.26,-59.7,Ctenomys australis,270436,False
Ctenomys azarae,Rodentia,Ctenomyidae,400.0,,,,,,,1.0,-37.44,-65.16,Ctenomys azarae,91869,False
Ctenomys bergi,Rodentia,Ctenomyidae,,,,,,,,,,,Ctenomys bergi,811145,False
Ctenomys boliviensis,Rodentia,Ctenomyidae,462.6,,,,,,,1.0,-19.45,-56.88,Ctenomys boliviensis,173061,False
Ctenomys bonettoi,Rodentia,Ctenomyidae,202.3,,,,,,,1.0,-26.74,-59.56,Ctenomys bonettoi,612910,False
Ctenomys brasiliensis,Rodentia,Ctenomyidae,,,,,,,,,,,Ctenomys brasiliensis,3609699,False
Ctenomys budini,Rodentia,Ctenomyidae,,,,,,,,,,,Ctenomys budini,3609693,False
Ctenomys colburni,Rodentia,Ctenomyidae,400.0,,,,,,,1.0,-49.13,-71.22,Ctenomys colburni,685015,False
Ctenomys coludo,Rodentia,Ctenomyidae,,,,,,,,1.0,,,Ctenomys coludo,3609689,False
Ctenomys conoveri,Rodentia,Ctenomyidae,859.99,,,,,,,1.0,-21.26,-62.0,Ctenomys conoveri,350151,False
Ctenomys coyhaiquensis,Rodentia,Ctenomyidae,,,,,,,,,,,Ctenomys coyhaiquensis,327705,False
Ctenomys dorbignyi,Rodentia,Ctenomyidae,,,,,,,,1.0,,,Ctenomys dorbignyi,461666,False
Ctenomys dorsalis,Rodentia,Ctenomyidae,165.6,,,,,,,1.0,-21.32,-61.07,Ctenomys dorsalis,3609697,False
Ctenomys emilianus,Rodentia,Ctenomyidae,285.29,,,,,,,1.0,-37.51,-70.32,Ctenomys emilianus,3609686,False
Ctenomys famosus,Rodentia,Ctenomyidae,,,,,,,,1.0,,,Ctenomys famosus,3609691,False
Ctenomys flamarioni,Rodentia,Ctenomyidae,,,,,,,,1.0,,,Ctenomys flamarioni,190305,False
Ctenomys fochi,Rodentia,Ctenomyidae,,,,,,,,,,,Ctenomys fochi,3609704,False
Ctenomys fodax,Rodentia,Ctenomyidae,,,,,,,,,,,Ctenomys fodax,685019,False
Ctenomys frater,Rodentia,Ctenomyidae,172.9,,,,,,,1.0,-19.59,-65.66,Ctenomys frater,350153,False
Ctenomys fulvus,Rodentia,Ctenomyidae,279.88,,,,,,,1.0,,,Ctenomys fulvus,270437,False
Ctenomys goodfellowi,Rodentia,Ctenomyidae,,,,,,,,,-16.93,-62.17,Ctenomys goodfellowi,350131,False
Ctenomys haigi,Rodentia,Ctenomyidae,164.0,,,3.29744e-05,,,,,-41.39,-70.67,Ctenomys haigi,350134,False
Ctenomys johannis,Rodentia,Ctenomyidae,,,,,,,,1.0,,,Ctenomys johannis,3609687,False
Ctenomys juris,Rodentia,Ctenomyidae,,,,,,,,,,,Ctenomys juris,612909,False
Ctenomys knighti,Rodentia,Ctenomyidae,316.0,,,,,,,1.0,-27.49,-66.3,Ctenomys knighti,3609685,False
Ctenomys lami,Rodentia,Ctenomyidae,,,,,,,,,,,Ctenomys lami,822911,False
Ctenomys latro,Rodentia,Ctenomyidae,192.0,,,,,,,1.0,-25.92,-65.05,Ctenomys latro,612914,False
Ctenomys leucodon,Rodentia,Ctenomyidae,243.6,,,,,,,1.0,-15.92,-69.4,Ctenomys leucodon,53887,False
Ctenomys lewisi,Rodentia,Ctenomyidae,117.2,,,,,,,1.0,-21.55,-65.07,Ctenomys lewisi,327467,False
Ctenomys magellanicus,Rodentia,Ctenomyidae,271.44,,,,,,,1.0,-48.96,-69.29,Ctenomys magellanicus,270426,False
Ctenomys maulinus,Rodentia,Ctenomyidae,215.0,,,,,,,1.0,-38.28,-71.4,Ctenomys maulinus,757314,False
Ctenomys mendocinus,Rodentia,Ctenomyidae,178.44,,,,,,,1.0,,,Ctenomys mendocinus,53929,False
Ctenomys minutus,Rodentia,Ctenomyidae,92.0,,,,,,,1.0,-18.08,-57.66,Ctenomys minutus,479796,False
Ctenomys occultus,Rodentia,Ctenomyidae,150.0,,,,,,,1.0,-27.32,-65.4,Ctenomys occultus,612912,False
Ctenomys opimus,Rodentia,Ctenomyidae,327.05,60.83,2.0,,,233.87,,1.0,-20.97,-68.22,Ctenomys opimus,53931,False
Ctenomys osvaldoreigi,Rodentia,Ctenomyidae,,,,,,,,,,,Ctenomys osvaldoreigi,3609688,False
Ctenomys pearsoni,Rodentia,Ctenomyidae,212.0,,,,,,,1.0,-33.99,-55.92,Ctenomys pearsoni,396726,False
Ctenomys perrensi,Rodentia,Ctenomyidae,400.0,,,,,,,1.0,-29.18,-56.4,Ctenomys perrensi,822907,False
Ctenomys peruanus,Rodentia,Ctenomyidae,488.36,120.83,3.0,,,3720.24,,1.0,-15.83,-70.04,Ctenomys peruanus,3609695,False
Ctenomys pilarensis,Rodentia,Ctenomyidae,,,,,,,,,,,Ctenomys pilarensis,236494,False
Ctenomys pontifex,Rodentia,Ctenomyidae,400.0,,,,,,,1.0,-33.74,-68.76,Ctenomys pontifex,3609684,False
Ctenomys porteousi,Rodentia,Ctenomyidae,192.4,,,,,,,1.0,-37.15,-62.59,Ctenomys porteousi,44562,False
Ctenomys pundti,Rodentia,Ctenomyidae,,,,,,,,,,,Ctenomys pundti,612902,False
Ctenomys rionegrensis,Rodentia,Ctenomyidae,,,,,,,,1.0,-32.63,-58.56,Ctenomys rionegrensis,396723,False
Ctenomys roigi,Rodentia,Ctenomyidae,,,,,,,,,,,Ctenomys roigi,236495,False
Ctenomys saltarius,Rodentia,Ctenomyidae,230.0,,,,,,,1.0,-24.53,-65.44,Ctenomys saltarius,822904,False
Ctenomys scagliai,Rodentia,Ctenomyidae,,,,,,,,,,,Ctenomys scagliai,612906,False
Ctenomys sericeus,Rodentia,Ctenomyidae,400.0,,,,,,,1.0,-44.61,-68.33,Ctenomys sericeus,822901,False
Ctenomys sociabilis,Rodentia,Ctenomyidae,400.0,,,,,,,,-40.82,-70.95,Ctenomys sociabilis,504986,False
Ctenomys steinbachi,Rodentia,Ctenomyidae,384.99,,,,,,,1.0,-17.28,-63.31,Ctenomys steinbachi,925570,False
Ctenomys sylvanus,Rodentia,Ctenomyidae,,,,,,,,,-22.36,-64.17,Ctenomys sylvanus,3609703,False
Ctenomys talarum,Rodentia,Ctenomyidae,140.84,102.67,4.34,2.0373e-05,36.0,5187.48,34.8,1.0,-36.93,-60.4,Ctenomys talarum,672624,False
Ctenomys torquatus,Rodentia,Ctenomyidae,209.49,107.0,2.5,,,,,1.0,-31.08,-55.46,Ctenomys torquatus,396724,False
Ctenomys tuconax,Rodentia,Ctenomyidae,248.99,,,,,,,1.0,-27.16,-65.61,Ctenomys tuconax,612904,False
Ctenomys tucumanus,Rodentia,Ctenomyidae,217.0,,,,,,,1.0,-26.96,-65.36,Ctenomys tucumanus,612895,False
Ctenomys tulduco,Rodentia,Ctenomyidae,,,,,,,,1.0,,,Ctenomys tulduco,3609690,False
Ctenomys validus,Rodentia,Ctenomyidae,232.6,,,,,,,1.0,-33.37,-68.53,Ctenomys validus,3609700,False
Ctenomys viperinus,Rodentia,Ctenomyidae,,,,,,,,,,,Ctenomys viperinus,3609698,False
Ctenomys yolandae,Rodentia,Ctenomyidae,,,,,,,,1.0,,,Ctenomys yolandae,236496,False
Cuniculus paca,Rodentia,Cuniculidae,8172.55,116.24,1.01,,192.0,48.71,82.75,1.0,-3.86,-68.08,Cuniculus paca,296191,False
Cuniculus taczanowskii,Rodentia,Cuniculidae,8999.95,,1.0,,,,,1.0,-2.36,-74.54,Cuniculus taczanowskii,67355,False
Cuon alpinus,Carnivora,Canidae,15800.0,61.5,4.3,33.64,192.0,0.55,57.33,3.0,23.37,106.52,Cuon alpinus,313163,False
Cuscomys ashaninka,Rodentia,Abrocomidae,,,,,,,,,,,Cuscomys ashaninka,3609761,False
Cuscomys oblativa,Rodentia,Abrocomidae,,,,,,,,,,,Cuscomys oblativa,3609760,False
Cyclopes didactylus,Pilosa,Cyclopedidae,263.95,160.0,1.0,0.03,27.6,32.4,,3.0,2.82,-66.28,Cyclopes didactylus,675099,False
Cynictis penicillata,Carnivora,Herpestidae,694.41,56.83,2.15,1.89,182.4,,41.76,3.0,-25.71,22.04,Cynictis penicillata,363578,False
Cynocephalus volans,Dermoptera,Cynocephalidae,1250.0,62.57,1.0,0.07,,,198.5,1.0,9.07,124.17,Cynocephalus volans,781510,False
Cynogale bennettii,Carnivora,Viverridae,4246.57,,2.3,,60.0,,,2.0,1.05,108.08,Cynogale bennettii,126631,False
Cynomops abrasus,Chiroptera,Molossidae,35.39,,0.98,,,,,3.0,-10.15,-56.92,Cynomops abrasus,1014495,False
Cynomops greenhalli,Chiroptera,Molossidae,15.87,,0.99,,,,,3.0,1.02,-57.45,Cynomops greenhalli,3613954,False
Cynomops mexicanus,Chiroptera,Molossidae,,,,,,,,,13.62,-92.7,Cynomops mexicanus,3613953,False
Cynomops paranus,Chiroptera,Molossidae,12.16,,,,,,,,-8.43,-57.86,Cynomops paranus,300974,False
Cynomops planirostris,Chiroptera,Molossidae,12.84,,1.0,,,,,3.0,-8.43,-57.86,Cynomops planirostris,130215,False
Cynomys gunnisoni,Rodentia,Sciuridae,797.93,29.64,4.48,0.007188295,,669.1,36.65,2.0,36.36,-108.93,Cynomys gunnisoni,1005030,False
Cynomys leucurus,Rodentia,Sciuridae,963.76,30.39,5.4,0.05,,546.43,31.76,1.0,41.59,-108.53,Cynomys leucurus,934740,False
Cynomys ludovicianus,Rodentia,Sciuridae,797.05,33.46,4.43,0.001787394,102.0,1830.0,45.57,1.0,39.25,-104.8,Cynomys ludovicianus,580345,False
Cynomys mexicanus,Rodentia,Sciuridae,899.98,30.41,4.18,,,,46.35,1.0,24.79,-100.69,Cynomys mexicanus,934744,False
Cynomys parvidens,Rodentia,Sciuridae,899.98,,4.89,,,3824.99,,1.0,38.49,-112.24,Cynomys parvidens,934742,False
Cynopterus brachyotis,Chiroptera,Pteropodidae,33.87,117.06,0.99,,96.0,,48.99,1.0,11.73,100.48,Cynopterus brachyotis,113380,False
Cynopterus horsfieldii,Chiroptera,Pteropodidae,56.01,,,,,,,1.0,2.88,106.46,Cynopterus horsfieldii,509297,False
Cynopterus luzoniensis,Chiroptera,Pteropodidae,,,,,,,,,-1.97,121.99,Cynopterus luzoniensis,3613467,False
Cynopterus minutus,Chiroptera,Pteropodidae,26.45,,,,,,,,-0.87,110.21,Cynopterus minutus,3613469,False
Cynopterus nusatenggara,Chiroptera,Pteropodidae,,,,,,,,,-8.93,120.63,Cynopterus nusatenggara,285031,False
Cynopterus sphinx,Chiroptera,Pteropodidae,44.71,120.0,1.5,,,,32.49,1.0,13.63,93.45,Cynopterus sphinx,813031,False
Cynopterus titthaecheilus,Chiroptera,Pteropodidae,58.33,,1.0,,,,,,-2.35,111.24,Cynopterus titthaecheilus,1072696,False
Cystophora cristata,Carnivora,Phocidae,278896.81,334.58,1.0,,420.0,0.004822132,9.5,2.0,,,Cystophora cristata,132779,False
Cyttarops alecto,Chiroptera,Emballonuridae,5.3,,,,,,,,3.66,-65.92,Cyttarops alecto,599540,False
Dacnomys millardi,Rodentia,Muridae,,,,,,,,,24.99,99.42,Dacnomys millardi,1085685,False
Dactylomys boliviensis,Rodentia,Echimyidae,728.8,,,,,,,,-13.31,-68.97,Dactylomys boliviensis,885715,False
Dactylomys dactylinus,Rodentia,Echimyidae,649.98,,,0.001669342,,,,2.0,-6.7,-66.42,Dactylomys dactylinus,885713,False
Dactylomys peruanus,Rodentia,Echimyidae,382.0,,,,,,,,-12.79,-72.24,Dactylomys peruanus,439338,False
Dactylopsila megalura,Diprotodontia,Petauridae,,,,,,,,2.0,-4.55,138.84,Dactylopsila megalura,3606956,False
Dactylopsila palpator,Diprotodontia,Petauridae,369.87,,1.02,,,,,2.0,-5.61,141.73,Dactylopsila palpator,837438,False
Dactylopsila tatei,Diprotodontia,Petauridae,252.0,,,,,,,2.0,-9.42,150.53,Dactylopsila tatei,3606957,False
Dactylopsila trivirgata,Diprotodontia,Petauridae,413.41,,1.54,0.09,115.0,4.0,,2.0,-9.5,140.54,Dactylopsila trivirgata,852211,False
Dama dama,Artiodactyla,Cervidae,57224.61,230.0,1.0,0.71,300.0,21.99,177.63,1.0,48.26,12.09,Dama dama,906310,False
Damaliscus korrigum,Artiodactyla,Bovidae,127194.87,,,,150.96,3.29,,,2.59,22.66,Damaliscus lunatus korrigum,540240,True
Damaliscus lunatus,Artiodactyla,Bovidae,136000.33,238.0,0.98,,216.0,2.74,,1.0,-16.46,24.85,Damaliscus lunatus,19010,False
Damaliscus pygargus,Artiodactyla,Bovidae,77784.55,240.54,1.41,,260.04,24.56,121.66,,-29.5,25.24,Damaliscus pygargus,540238,False
Damaliscus superstes,Artiodactyla,Bovidae,,,,,,,,,,,Damaliscus superstes,3611708,False
Dasycercus cristicauda,Dasyuromorphia,Dasyuridae,99.54,38.99,6.5,,84.0,,105.85,3.0,-25.02,127.2,Dasycercus cristicauda,379199,False
Dasykaluta rosamondae,Dasyuromorphia,Dasyuridae,32.17,49.69,6.64,,36.0,,113.0,,-22.58,118.79,Dasykaluta rosamondae,515017,False
Dasymys alleni,Rodentia,Muridae,,,,,,,,,,,Dasymys alleni,3608669,False
Dasymys cabrali,Rodentia,Muridae,,,,,,,,,,,Dasymys cabrali,3608664,False
Dasymys foxi,Rodentia,Muridae,,,,,,,,,9.58,9.03,Dasymys foxi,3608665,False
Dasymys incomtus,Rodentia,Muridae,127.75,,2.67,,,1718.4,30.0,,,,Dasymys incomtus,856138,False
Dasypus septemcinctus,Cingulata,Dasypodidae,1526.64,120.0,5.99,,,,,2.0,-15.07,-52.33,Dasypus septemcinctus,4119195,False
Dasypus yepesi,Cingulata,Dasypodidae,,,,,,,,2.0,,,Dasypus yepesi,4119192,False
Dasyuroides byrnei,Dasyuromorphia,Dasyuridae,109.47,32.49,5.14,,84.0,,118.11,3.0,-26.08,140.94,Dasyuroides byrnei,379189,False
Dasyurus albopunctatus,Dasyuromorphia,Dasyuridae,603.48,19.29,6.19,,36.0,,97.65,2.0,-5.69,141.78,Dasyurus albopunctatus,379186,False
Dasyurus geoffroii,Dasyuromorphia,Dasyuridae,1106.62,17.66,5.47,2.73,60.0,2.3,154.12,3.0,-33.17,118.37,Dasyurus geoffroii,820109,False
Dasyurus hallucatus,Dasyuromorphia,Dasyuridae,470.92,,6.39,0.02,34.8,16.24,141.89,,-18.0,133.98,Dasyurus hallucatus,74731,False
Dasyurus maculatus,Dasyuromorphia,Dasyuridae,3284.15,21.0,4.47,1.36,60.0,3.49,134.99,2.0,-28.9,147.28,Dasyurus maculatus,74729,False
Dasyurus spartacus,Dasyuromorphia,Dasyuridae,885.67,19.12,6.78,,,,97.65,2.0,-8.93,141.57,Dasyurus spartacus,379193,False
Dasyurus viverrinus,Dasyuromorphia,Dasyuridae,1101.49,20.5,4.7,0.33,81.6,19.0,156.6,2.0,-41.61,146.15,Dasyurus viverrinus,393372,False
Daubentonia madagascariensis,Primates,Daubentoniidae,2731.37,166.48,1.01,0.06,291.6,39.79,197.7,2.0,-18.79,47.2,Daubentonia madagascariensis,50727,False
Delanymys brooksi,Rodentia,Nesomyidae,4.99,,3.19,,24.0,872.48,,,-1.73,28.96,Delanymys brooksi,3610305,False
Eptesicus japonensis,Chiroptera,Vespertilionidae,,,,,,,,,36.07,138.22,Eptesicus japonensis,3613783,False
Dipodillus rupicola,Rodentia,Muridae,,,,,,,,,,,Dipodillus rupicola,3608918,False
Dipodillus simoni,Rodentia,Muridae,17.4,25.54,4.68,,,,,,31.07,19.89,Dipodillus simoni,809723,False
Dipodillus somalicus,Rodentia,Muridae,,,,,,,,,9.91,45.46,Dipodillus somalicus,3608913,False
Dipodillus stigmonyx,Rodentia,Muridae,,,,,,,,,14.81,29.03,Dipodillus stigmonyx,3608915,False
Dipodillus zakariai,Rodentia,Muridae,,,,,,,,,,,Dipodillus zakariai,3608914,False
Dipodomys agilis,Rodentia,Heteromyidae,60.21,,2.6,0.002396454,,687.9,,,34.64,-118.21,Dipodomys agilis,734898,False
Dipodomys californicus,Rodentia,Heteromyidae,84.95,,2.6,,,,,1.0,40.25,-122.05,Dipodomys californicus,342246,False
Dipodomys compactus,Rodentia,Heteromyidae,49.25,,1.94,,,,,,27.83,-98.28,Dipodomys compactus,844926,False
Dipodomys deserti,Rodentia,Heteromyidae,107.63,30.5,3.36,,,160.5,24.17,1.0,34.87,-115.68,Dipodomys deserti,921967,False
Dipodomys elator,Rodentia,Heteromyidae,105.82,,2.91,0.00073307,,1284.37,,2.0,33.89,-98.94,Dipodomys elator,241216,False
Dipodomys gravipes,Rodentia,Heteromyidae,83.96,,,,,,,,30.47,-115.92,Dipodomys gravipes,666006,False
Dipodomys heermanni,Rodentia,Heteromyidae,63.08,30.99,3.11,,28.8,1160.33,25.9,2.0,36.65,-120.54,Dipodomys heermanni,342226,False
Dipodomys ingens,Rodentia,Heteromyidae,113.61,,4.77,0.000314541,,3868.35,,2.0,35.87,-120.03,Dipodomys ingens,669947,False
Dipodomys merriami,Rodentia,Heteromyidae,37.91,30.77,2.39,0.001745298,24.0,373.61,20.42,1.0,30.82,-108.63,Dipodomys merriami,37456,False
Dipodomys microps,Rodentia,Heteromyidae,56.26,30.99,2.37,0.03,,1160.36,21.0,2.0,38.81,-116.2,Dipodomys microps,37449,False
Dipodomys nelsoni,Rodentia,Heteromyidae,87.93,,1.94,,,373.61,,1.0,26.43,-102.78,Dipodomys nelsoni,241218,False
Dipodomys nitratoides,Rodentia,Heteromyidae,41.59,32.89,2.14,,,,22.37,1.0,35.89,-119.78,Dipodomys nitratoides,666010,False
Dipodomys ordii,Rodentia,Heteromyidae,50.4,29.69,2.95,0.004440926,117.6,297.0,,2.0,34.94,-109.2,Dipodomys ordii,917328,False
Dipodomys panamintinus,Rodentia,Heteromyidae,73.67,29.44,3.78,0.003884943,,,27.89,,37.0,-117.65,Dipodomys panamintinus,342222,False
Dipodomys phillipsii,Rodentia,Heteromyidae,41.0,,2.59,,,,,1.0,21.42,-100.9,Dipodomys phillipsii,241220,False
Dipodomys simulans,Rodentia,Heteromyidae,,,,,,,,,29.58,-115.35,Dipodomys simulans,320775,False
Dipodomys spectabilis,Rodentia,Heteromyidae,124.61,23.5,2.67,0.000506179,36.0,397.71,23.47,2.0,29.4,-107.25,Dipodomys spectabilis,748116,False
Dipodomys stephensi,Rodentia,Heteromyidae,68.49,,2.68,0.000790491,,3379.99,19.86,1.0,33.55,-117.2,Dipodomys stephensi,844928,False
Dipodomys venustus,Rodentia,Heteromyidae,81.52,,1.73,,,,,1.0,36.48,-121.49,Dipodomys venustus,666013,False
Dipus sagitta,Rodentia,Dipodidae,89.0,27.5,3.49,,,,,2.0,42.49,83.92,Dipus sagitta,475308,False
Distoechurus pennatus,Diprotodontia,Acrobatidae,52.74,,1.31,,24.0,,,2.0,-5.55,141.84,Distoechurus pennatus,852215,False
Dobsonia anderseni,Chiroptera,Pteropodidae,233.99,,,,,,,,-3.72,149.6,Dobsonia anderseni,3613450,False
Dobsonia beauforti,Chiroptera,Pteropodidae,165.35,,0.99,,,,,,-0.66,132.83,Dobsonia beauforti,3613454,False
Dobsonia chapmani,Chiroptera,Pteropodidae,,,,,,,,,,,Dobsonia chapmani,3613453,False
Dobsonia crenulata,Chiroptera,Pteropodidae,218.21,,,,,,,,0.99,127.13,Dobsonia crenulata,3613457,False
Dobsonia emersa,Chiroptera,Pteropodidae,201.06,,,,,,,,-1.07,135.74,Dobsonia emersa,3613452,False
Dobsonia exoleta,Chiroptera,Pteropodidae,302.03,,,,,,,,-1.97,122.41,Dobsonia exoleta,3613456,False
Dobsonia inermis,Chiroptera,Pteropodidae,152.6,,0.99,,,,,,-8.42,158.45,Dobsonia inermis,48409,False
Dobsonia magna,Chiroptera,Pteropodidae,465.0,,,,,,165.0,,-8.92,141.1,Dobsonia magna,340690,False
Dobsonia minor,Chiroptera,Pteropodidae,85.95,,0.99,,,,,1.0,-5.12,133.56,Dobsonia minor,48408,False
Dobsonia moluccensis,Chiroptera,Pteropodidae,447.64,156.43,0.99,,,,166.2,1.0,-0.82,128.43,Dobsonia moluccensis,1032365,False
Dobsonia pannietensis,Chiroptera,Pteropodidae,239.19,,0.98,,,,,1.0,-10.03,152.18,Dobsonia pannietensis,48407,False
Dobsonia peronii,Chiroptera,Pteropodidae,226.51,,0.98,,,,,1.0,-8.96,122.14,Dobsonia peronii,3613451,False
Dobsonia praedatrix,Chiroptera,Pteropodidae,178.74,,1.0,,,,,1.0,-4.09,150.43,Dobsonia praedatrix,48403,False
Dobsonia viridis,Chiroptera,Pteropodidae,240.66,,,,,,,,-1.53,124.81,Dobsonia viridis,48402,False
Dolichotis patagonum,Rodentia,Caviidae,8000.0,97.97,1.75,0.69,168.0,,76.28,1.0,-36.67,-66.63,Dolichotis patagonum,754336,False
Dolichotis salinicola,Rodentia,Caviidae,1607.6,77.5,1.94,,,,,1.0,-25.7,-62.5,Dolichotis salinicola,484311,False
Dologale dybowskii,Carnivora,Herpestidae,361.92,,4.0,,,,,,2.78,28.71,Dologale dybowskii,3613299,False
Dorcatragus megalotis,Artiodactyla,Bovidae,10918.12,,1.0,,168.0,,,1.0,10.21,46.64,Dorcatragus megalotis,607102,False
Dorcopsis atrata,Diprotodontia,Macropodidae,6198.87,,1.01,,96.0,,362.93,2.0,-9.33,150.22,Dorcopsis atrata,3606989,False
Dorcopsis hageni,Diprotodontia,Macropodidae,5499.99,,1.01,,,,304.99,2.0,-4.86,142.39,Dorcopsis hageni,421009,False
Dorcopsis luctuosa,Diprotodontia,Macropodidae,4939.56,,1.01,,96.0,,300.95,1.0,-5.62,140.54,Dorcopsis luctuosa,3606990,False
Dorcopsis muelleri,Diprotodontia,Macropodidae,5370.79,,1.0,,91.2,,269.23,,-2.9,134.38,Dorcopsis muelleri,3606991,False
Dorcopsulus macleayi,Diprotodontia,Macropodidae,2780.54,,1.24,,,,,1.0,-8.04,146.18,Dorcopsulus macleayi,3606986,False
Dorcopsulus vanheurni,Diprotodontia,Macropodidae,1890.36,,1.18,,,,,1.0,-6.68,143.6,Dorcopsulus vanheurni,46393,False
Dremomys everetti,Rodentia,Sciuridae,129.78,,,,,,,2.0,4.71,115.75,Dremomys everetti,3609137,False
Dremomys gularis,Rodentia,Sciuridae,,,,,,,,,22.15,104.5,Dremomys gularis,319003,False
Dremomys lokriah,Rodentia,Sciuridae,226.99,,3.68,,85.2,,,,25.04,91.71,Dremomys lokriah,318993,False
Dremomys pernyi,Rodentia,Sciuridae,198.63,,,,,,,,26.24,108.43,Dremomys pernyi,966461,False
Dremomys pyrrhomerus,Rodentia,Sciuridae,,,,,,,,,24.68,111.06,Dremomys pyrrhomerus,318996,False
Dremomys rufigenis,Rodentia,Sciuridae,200.32,,,,,,,,14.51,101.75,Dremomys rufigenis,724390,False
Dromiciops gliroides,Microbiotheria,Microbiotheriidae,25.0,,3.0,,38.4,49.99,,2.0,-39.86,-72.65,Dromiciops gliroides,905267,False
Dryomys laniger,Rodentia,Gliridae,25.91,30.2,4.18,,,,31.32,2.0,37.08,32.25,Dryomys laniger,1038452,False
Dryomys niethammeri,Rodentia,Gliridae,,,,,,,,,,,Dryomys niethammeri,3608167,False
Dryomys nitedula,Rodentia,Gliridae,29.5,24.5,3.24,,48.0,,31.32,2.0,42.31,51.56,Dryomys nitedula,909552,False
Dugong dugon,Sirenia,Dugongidae,295000.0,372.52,1.0,47.17,840.0,,545.94,2.0,,,Dugong dugon,835324,False
Dusicyon australis,Carnivora,Canidae,,,,,,,,3.0,,,Dusicyon australis,408359,False
Dyacopterus brooksi,Chiroptera,Pteropodidae,,,,,,,,,-2.27,101.89,Dyacopterus brooksi,3613518,False
Dyacopterus spadiceus,Chiroptera,Pteropodidae,81.1,,,,,,,,10.01,112.6,Dyacopterus spadiceus,606019,False
Dymecodon pilirostris,Soricomorpha,Talpidae,15.46,40.0,3.0,,,4999.99,,3.0,36.61,136.37,Dymecodon pilirostris,375375,False
Echimys chrysurus,Rodentia,Echimyidae,609.99,,1.94,,,6.2,,1.0,0.23,-53.55,Echimys chrysurus,360967,False
Echimys saturnus,Rodentia,Echimyidae,626.89,,,,,,,,-1.3,-75.96,Echimys saturnus,3609812,False
Echimys semivillosus,Rodentia,Echimyidae,282.36,,,,,35.43,,1.0,8.71,-69.65,Pattonomys semivillosus,1002066,True
Echinoprocta rufescens,Rodentia,Erethizontidae,831.79,,,,,,,,-0.92,-77.15,Coendou rufescens,3609665,True
Echinops telfairi,Afrosoricida,Tenrecidae,152.25,62.54,5.49,,156.0,,31.18,3.0,-22.58,44.95,Echinops telfairi,222351,False
Echinosorex gymnura,Erinaceomorpha,Erinaceidae,756.53,37.74,1.9,,84.0,,,2.0,2.69,107.22,Echinosorex gymnura,1027567,False
Echiothrix centrosa,Rodentia,Muridae,,,,,,,,,,,Echiothrix centrosa,3609908,False
Echiothrix leucura,Rodentia,Muridae,,,,,,,,3.0,,,Echiothrix leucura,3610904,False
Echymipera clara,Peramelemorphia,Peramelidae,1204.61,,2.2,0.01,,,,2.0,-3.68,140.15,Echymipera clara,775062,False
Echymipera davidi,Peramelemorphia,Peramelidae,817.05,,,,,,,,-8.6,151.07,Echymipera davidi,3606655,False
Echymipera echinista,Peramelemorphia,Peramelidae,1204.61,,,,,,,,-7.16,142.58,Echymipera echinista,3606654,False
Echymipera kalubu,Peramelemorphia,Peramelidae,825.16,13.03,2.07,0.01,,,,2.0,-5.19,141.05,Echymipera kalubu,657605,False
Echymipera rufescens,Peramelemorphia,Peramelidae,1051.48,,2.18,,34.8,,,,-7.55,140.5,Echymipera rufescens,775055,False
Ectophylla alba,Chiroptera,Phyllostomidae,5.55,,0.99,,,,24.98,1.0,12.47,-84.06,Ectophylla alba,842061,False
Eidolon dupreanum,Chiroptera,Pteropodidae,297.58,131.32,1.22,,240.0,,,1.0,-18.77,46.85,Eidolon dupreanum,113376,False
Eidolon helvum,Chiroptera,Pteropodidae,254.61,164.36,1.08,,261.99,,60.83,1.0,-8.17,16.93,Eidolon helvum,610862,False
Eira barbara,Carnivora,Mustelidae,4134.99,66.74,2.14,11.4,216.0,1.77,94.46,2.0,-4.49,-72.54,Eira barbara,381140,False
Elaphodus cephalophus,Artiodactyla,Cervidae,23087.87,181.24,1.0,,,,,,27.88,109.18,Elaphodus cephalophus,57105,False
Elaphurus davidianus,Artiodactyla,Cervidae,165989.17,286.49,1.22,,279.6,,155.59,1.0,,,Elaphurus davidianus,1030869,False
Elasmodontomys obliquus,Rodentia,Heptaxodontidae,13700.0,,,,,,,,,,Elasmodontomys obliquus,3611121,False
Elephantulus brachyrhynchus,Macroscelidea,Macroscelididae,45.11,,1.54,,,33.09,,3.0,-12.52,26.13,Elephantulus brachyrhynchus,741348,False
Elephantulus edwardii,Macroscelidea,Macroscelididae,49.69,,1.8,,,1470.41,27.28,,-31.59,21.59,Elephantulus edwardii,604025,False
Elephantulus fuscipes,Macroscelidea,Macroscelididae,57.0,,0.96,,,,,,3.4,30.28,Elephantulus fuscipes,334238,False
Enhydra lutris,Carnivora,Mustelidae,27410.93,238.0,0.96,3.43,360.0,6.46,178.98,2.0,,,Enhydra lutris,949676,False
Eoglaucomys fimbriatus,Rodentia,Sciuridae,510.0,,3.74,,,,75.47,,33.0,73.9,Eoglaucomys fimbriatus,427317,False
Eolagurus luteus,Rodentia,Cricetidae,26.0,,7.5,,,,,,46.27,90.24,Eolagurus luteus,718975,False
Eolagurus przewalskii,Rodentia,Cricetidae,,,,,,,,,43.78,102.81,Eolagurus przewalskii,270179,False
Eonycteris major,Chiroptera,Pteropodidae,70.7,,1.0,,,,,1.0,2.05,113.96,Eonycteris major,505801,False
Eonycteris robusta,Chiroptera,Pteropodidae,78.36,,,,,,,,12.1,123.17,Eonycteris robusta,89715,False
Eonycteris spelaea,Chiroptera,Pteropodidae,58.7,152.18,1.0,,60.0,,59.95,2.0,10.04,101.56,Eonycteris spelaea,113372,False
Eospalax fontanierii,Rodentia,Spalacidae,256.76,,,,,,,,34.58,109.49,Eospalax fontanierii,45202,False
Eospalax rothschildi,Rodentia,Spalacidae,,,,,,,,,32.63,109.8,Eospalax rothschildi,45198,False
Eospalax smithii,Rodentia,Spalacidae,,,,,,,,,34.62,105.16,Eospalax smithii,459528,False
Eothenomys cachinus,Rodentia,Cricetidae,,,,,,,,,,,Eothenomys cachinus,155841,False
Eothenomys chinensis,Rodentia,Cricetidae,,,,,,,,,28.11,102.16,Eothenomys chinensis,1012597,False
Eothenomys custos,Rodentia,Cricetidae,,,,,,,,,27.57,100.01,Eothenomys custos,679210,False
Eothenomys melanogaster,Rodentia,Cricetidae,19.59,,1.8,,,,,,27.87,109.69,Eothenomys melanogaster,596085,False
Eothenomys miletus,Rodentia,Cricetidae,,,,,,,,,,,Eothenomys miletus,679219,False
Eothenomys olitor,Rodentia,Cricetidae,,,,,,,,,25.83,101.39,Eothenomys olitor,679208,False
Eothenomys proditor,Rodentia,Cricetidae,,,,,,,,,27.37,100.76,Eothenomys proditor,679215,False
Eothenomys wardi,Rodentia,Cricetidae,,,,,,,,,,,Eothenomys wardi,250920,False
Eozapus setchuanus,Rodentia,Dipodidae,,,,,,,,,32.52,103.63,Eozapus setchuanus,379324,False
Episoriculus caudatus,Soricomorpha,Soricidae,,,4.77,,,,,,29.86,91.17,Episoriculus caudatus,634073,False
Episoriculus fumidus,Soricomorpha,Soricidae,6.95,,3.42,,,,,,23.6,121.02,Episoriculus fumidus,250788,False
Episoriculus leucops,Soricomorpha,Soricidae,,,,,,,,,25.38,95.19,Episoriculus leucops,803082,False
Episoriculus macrurus,Soricomorpha,Soricidae,,,,,,,,,26.27,94.62,Episoriculus macrurus,64854,False
Epixerus ebii,Rodentia,Sciuridae,520.96,,2.0,,,,,1.0,7.13,-6.38,Epixerus ebii,3609043,False
Epomophorus angolensis,Chiroptera,Pteropodidae,,,1.0,,,,,,-12.53,14.88,Epomophorus angolensis,3613513,False
Epomophorus crypturus,Chiroptera,Pteropodidae,95.04,91.24,0.99,,,,60.83,1.0,-18.1,29.36,Epomophorus crypturus,15293,False
Epomophorus gambianus,Chiroptera,Pteropodidae,134.59,156.43,0.98,,,,59.99,1.0,9.79,10.97,Epomophorus gambianus,790965,False
Epomophorus grandis,Chiroptera,Pteropodidae,49.42,,,,,,,1.0,-5.85,16.39,Epomophorus grandis,3613514,False
Epomophorus labiatus,Chiroptera,Pteropodidae,69.65,156.43,0.99,,,,,1.0,1.16,26.66,Epomophorus labiatus,1004006,False
Epomophorus minimus,Chiroptera,Pteropodidae,,,,,,,,,-2.44,35.94,Epomophorus minimus,3613516,False
Epomophorus minor,Chiroptera,Pteropodidae,44.76,,,,,,,1.0,,,Epomophorus minor,787381,False
Epomophorus wahlbergi,Chiroptera,Pteropodidae,93.59,156.43,0.99,,,,668.8,1.0,-14.48,28.34,Epomophorus wahlbergi,113368,False
Epomops buettikoferi,Chiroptera,Pteropodidae,135.67,139.92,0.98,,,,55.65,1.0,7.47,-1.79,Epomops buettikoferi,3613510,False
Epomops dobsonii,Chiroptera,Pteropodidae,122.08,,,,,,,,-9.67,24.7,Epomops dobsonii,3613509,False
Epomops franqueti,Chiroptera,Pteropodidae,118.99,161.77,1.0,,,,,,-1.48,14.76,Epomops franqueti,558417,False
Eptesicus andinus,Chiroptera,Vespertilionidae,,,,,,,,,-0.85,-65.42,Eptesicus andinus,3613786,False
Eptesicus bobrinskoi,Chiroptera,Vespertilionidae,7.54,,,,,,,,46.82,66.26,Eptesicus bobrinskoi,873668,False
Eptesicus bottae,Chiroptera,Vespertilionidae,15.66,,,,,,,,30.42,54.39,Eptesicus bottae,1055363,False
Eptesicus brasiliensis,Chiroptera,Vespertilionidae,9.2,,1.46,,,,,3.0,-8.02,-66.01,Eptesicus brasiliensis,176332,False
Eptesicus chiriquinus,Chiroptera,Vespertilionidae,,,,,,,,,0.52,-67.23,Eptesicus chiriquinus,314000,False
Eptesicus diminutus,Chiroptera,Vespertilionidae,5.99,,,,,,,,-22.04,-52.95,Eptesicus diminutus,353890,False
Eptesicus dimissus,Chiroptera,Vespertilionidae,13.03,,,,,,,,9.42,99.19,Cassistrellus dimissus,1059877,True
Eptesicus floweri,Chiroptera,Vespertilionidae,,,,,,,,,13.53,32.34,Eptesicus floweri,3613787,False
Eptesicus furinalis,Chiroptera,Vespertilionidae,7.7,92.54,1.86,,,,,3.0,-6.32,-70.23,Eptesicus furinalis,842474,False
Eptesicus fuscus,Chiroptera,Vespertilionidae,17.49,52.14,1.85,,240.0,,34.18,3.0,31.15,-93.0,Eptesicus fuscus,10737,False
Eptesicus gobiensis,Chiroptera,Vespertilionidae,,,,,,,,,31.61,83.57,Eptesicus gobiensis,400030,False
Eptesicus guadeloupensis,Chiroptera,Vespertilionidae,,,,,,,,,16.23,-61.48,Eptesicus guadeloupensis,3613781,False
Eptesicus hottentotus,Chiroptera,Vespertilionidae,30.33,,,,,,,,-16.72,25.89,Eptesicus hottentotus,716071,False
Eptesicus innoxius,Chiroptera,Vespertilionidae,,,,,,,,,-4.21,-79.47,Eptesicus innoxius,3613782,False
Genetta servalina,Carnivora,Viverridae,1175.84,,1.5,,,,,2.0,-1.88,24.13,Genetta servalina,159587,False
Genetta thierryi,Carnivora,Viverridae,1400.0,,,,,,,,11.31,-1.18,Genetta thierryi,159586,False
Genetta tigrina,Carnivora,Viverridae,2066.57,71.48,2.76,0.04,180.0,,87.77,2.0,-28.48,25.37,Genetta tigrina,350016,False
Genetta victoriae,Carnivora,Viverridae,2743.69,,,,,,,,0.24,23.91,Genetta victoriae,45847,False
Geocapromys brownii,Rodentia,Capromyidae,1497.48,120.0,1.73,,99.6,,2.17,1.0,18.11,-77.27,Geocapromys brownii,3609730,False
Geocapromys ingrahami,Rodentia,Capromyidae,733.52,109.21,1.04,,72.0,3000.0,5.84,1.0,22.6,-73.5,Geocapromys ingrahami,3609731,False
Geocapromys thoracatus,Rodentia,Capromyidae,1500.0,,,,,,,1.0,,,Geocapromys thoracatus,3609724,False
Geogale aurita,Afrosoricida,Tenrecidae,6.69,57.64,3.4,,,,34.86,3.0,-22.55,45.06,Geogale aurita,922733,False
Geomys arenarius,Rodentia,Geomyidae,206.0,,4.71,,,,,1.0,32.24,-105.54,Geomys arenarius,834817,False
Geomys attwateri,Rodentia,Geomyidae,144.06,,1.89,0.000214131,,2024.94,,1.0,29.51,-97.29,Geomys attwateri,719911,False
Geomys breviceps,Rodentia,Geomyidae,136.47,,2.53,,,51.76,,1.0,32.75,-94.69,Geomys breviceps,229556,False
Geomys bursarius,Rodentia,Geomyidae,203.75,18.5,3.14,,86.4,1250.0,34.9,1.0,40.52,-96.1,Geomys bursarius,451265,False
Geomys knoxjonesi,Rodentia,Geomyidae,172.49,23.98,,,,,24.36,1.0,32.45,-102.99,Geomys knoxjonesi,451267,False
Geomys personatus,Rodentia,Geomyidae,397.0,,3.09,,,,,1.0,27.82,-99.13,Geomys personatus,653624,False
Geomys pinetis,Rodentia,Geomyidae,201.15,,1.68,,,,,1.0,30.12,-84.2,Geomys pinetis,883161,False
Geomys texensis,Rodentia,Geomyidae,,,,,,,,,30.67,-99.23,Geomys texensis,719912,False
Geomys tropicalis,Rodentia,Geomyidae,349.99,,4.0,,84.0,,30.24,1.0,22.45,-97.9,Geomys tropicalis,834821,False
Georychus capensis,Rodentia,Bathyergidae,188.36,43.74,5.94,0.000212281,36.0,1100.0,21.83,2.0,-30.12,24.44,Georychus capensis,118556,False
Geoxus valdivianus,Rodentia,Cricetidae,30.8,,3.4,,,39.85,,2.0,-42.36,-72.34,Geoxus valdivianus,885387,False
Gerbilliscus afra,Rodentia,Muridae,92.13,23.3,3.92,,,,,,-32.78,20.36,Gerbilliscus afra,630494,False
Gerbilliscus boehmi,Rodentia,Muridae,,,4.06,,,,,,-15.11,26.51,Gerbilliscus boehmi,3608905,False
Gerbilliscus brantsii,Rodentia,Muridae,89.41,22.64,2.74,0.000541371,,,28.78,,-24.39,23.69,Gerbilliscus brantsii,630497,False
Gerbilliscus guineae,Rodentia,Muridae,102.5,,,,,,,,10.42,-7.34,Gerbilliscus guineae,240714,False
Gerbilliscus inclusus,Rodentia,Muridae,118.5,23.15,,,,,21.99,,-14.1,37.22,Gerbilliscus inclusus,3608907,False
Gerbilliscus kempi,Rodentia,Muridae,100.83,25.33,4.0,,,642.18,,,10.61,-1.17,Gerbilliscus kempi,240719,False
Gerbilliscus leucogaster,Rodentia,Muridae,73.75,28.37,4.5,,,165.34,27.89,,-19.25,23.92,Gerbilliscus leucogaster,240724,False
Gerbilliscus nigricaudus,Rodentia,Muridae,123.0,,4.44,,,,,,-1.55,38.07,Gerbilliscus nigricaudus,240732,False
Gerbilliscus phillipsi,Rodentia,Muridae,127.07,,,,,,,,5.02,41.14,Gerbilliscus phillipsi,3608908,False
Gerbilliscus robustus,Rodentia,Muridae,95.99,,5.26,,,,,,4.15,21.21,Gerbilliscus robustus,240728,False
Gerbilliscus validus,Rodentia,Muridae,121.0,25.0,3.94,,,,,,-2.82,24.77,Gerbilliscus validus,240735,False
Gerbillurus paeba,Rodentia,Muridae,25.91,26.0,3.64,0.01,,866.8,22.84,2.0,-24.89,22.75,Gerbillurus paeba,818708,False
Gerbillurus setzeri,Rodentia,Muridae,38.29,,,,,,25.35,2.0,-22.16,14.03,Gerbillurus setzeri,818709,False
Gerbillurus tytonis,Rodentia,Muridae,29.79,,4.4,,,1700.0,29.0,,-24.78,15.47,Gerbillurus tytonis,504758,False
Gerbillurus vallinus,Rodentia,Muridae,35.24,,3.87,,,,25.35,,-27.61,18.82,Gerbillurus vallinus,756674,False
Gerbillus acticola,Rodentia,Muridae,,,,,,,,,9.94,45.49,Gerbillus acticola,3608987,False
Gerbillus agag,Rodentia,Muridae,,,,,,,,,11.9,16.56,Gerbillus agag,3608938,False
Gerbillus amoenus,Rodentia,Muridae,13.2,,,,,,,,30.61,12.01,Gerbillus amoenus,3608949,False
Gerbillus andersoni,Rodentia,Muridae,27.5,,3.89,,,,,1.0,30.82,32.48,Gerbillus andersoni,3608937,False
Gerbillus aquilus,Rodentia,Muridae,,,,,,,,,30.15,61.41,Gerbillus aquilus,3608976,False
Gerbillus brockmani,Rodentia,Muridae,,,,,,,,,9.5,45.48,Gerbillus brockmani,3608971,False
Gerbillus burtoni,Rodentia,Muridae,,,,,,,,,13.7,24.47,Gerbillus burtoni,3608965,False
Gerbillus cheesmani,Rodentia,Muridae,28.0,,8.0,,,,,,24.25,48.28,Gerbillus cheesmani,3608985,False
Gerbillus dongolanus,Rodentia,Muridae,,,,,,,,,19.3,30.34,Gerbillus dongolanus,3608982,False
Gerbillus dunni,Rodentia,Muridae,,,,,,,,,6.61,45.46,Gerbillus dunni,3608970,False
Gerbillus famulus,Rodentia,Muridae,,,,,,,,,13.93,44.43,Gerbillus famulus,3608948,False
Gerbillus floweri,Rodentia,Muridae,,,,,,,,,31.11,33.8,Gerbillus floweri,3608959,False
Gerbillus garamantis,Rodentia,Muridae,,,,,,,,,28.83,3.71,Gerbillus garamantis,3608942,False
Eschrichtius robustus,Cetacea,Eschrichtiidae,27324024.19,379.9,1.0,,924.0,4.9,211.71,2.0,,,Eschrichtius robustus,800320,False
Eubalaena australis,Cetacea,Balaenidae,22999999.91,361.98,,,,,296.33,3.0,,,Eubalaena australis,699249,False
Eubalaena glacialis,Cetacea,Balaenidae,22999999.91,345.96,1.0,,,,333.63,3.0,,,Eubalaena glacialis,397247,False
Eubalaena japonica,Cetacea,Balaenidae,,,,,,,,,,,Eubalaena japonica,1072344,False
Euchoreutes naso,Rodentia,Dipodidae,,,,,,,,,40.38,93.57,Euchoreutes naso,752189,False
Euderma maculatum,Chiroptera,Vespertilionidae,16.17,,1.0,,,,,3.0,36.6,-110.91,Euderma maculatum,76925,False
Eudiscopus denticulus,Chiroptera,Vespertilionidae,,,,,,,,,19.67,99.0,Eudiscopus denticulus,388462,False
Eudorcas rufifrons,Artiodactyla,Bovidae,26999.77,174.73,1.0,,162.0,1.56,,,13.8,10.73,Eudorcas rufifrons,702506,False
Eumops auripendulus,Chiroptera,Molossidae,28.49,,0.98,,,,,,-5.14,-65.37,Eumops auripendulus,842476,False
Eumops bonariensis,Chiroptera,Molossidae,12.22,,0.99,,,,48.99,3.0,-7.11,-65.46,Eumops bonariensis,781186,False
Eumops dabbenei,Chiroptera,Molossidae,67.27,,,,,,,,-8.75,-65.86,Eumops dabbenei,779246,False
Eumops glaucinus,Chiroptera,Molossidae,36.2,,1.04,,,,38.49,3.0,0.14,-72.62,Eumops glaucinus,548118,False
Eumops hansae,Chiroptera,Molossidae,15.47,,,,,,,,-1.64,-70.25,Eumops hansae,599542,False
Eumops maurus,Chiroptera,Molossidae,,,,,,,,,4.64,-56.76,Eumops maurus,633528,False
Exilisciurus exilis,Rodentia,Sciuridae,21.75,,2.46,,,,,,0.57,112.82,Exilisciurus exilis,724374,False
Exilisciurus whiteheadi,Rodentia,Sciuridae,24.91,,1.94,,,,,,3.45,114.0,Exilisciurus whiteheadi,3609136,False
Falsistrellus affinis,Chiroptera,Vespertilionidae,,,,,,,,,18.48,89.49,Falsistrellus affinis,3613838,False
Falsistrellus mackenziei,Chiroptera,Vespertilionidae,23.0,,,,,,,,-33.21,115.98,Falsistrellus mackenziei,3614164,False
Falsistrellus mordax,Chiroptera,Vespertilionidae,,,,,,,,,-7.32,109.9,Falsistrellus mordax,3613841,False
Falsistrellus petersi,Chiroptera,Vespertilionidae,,,,,,,,,6.47,118.59,Hypsugo petersi,3614193,True
Falsistrellus tasmaniensis,Chiroptera,Vespertilionidae,22.54,,,,,,,3.0,-35.07,147.42,Falsistrellus tasmaniensis,3613842,False
Felis bieti,Carnivora,Felidae,5486.95,,,,,,,,37.08,100.3,Felis silvestris bieti,54743,True
Felis catus,Carnivora,Felidae,2884.8,62.99,,1.41,408.0,3.47,,,,,Felis catus,563166,False
Felis chaus,Carnivora,Felidae,7157.99,62.88,2.94,,144.0,,95.49,3.0,26.78,68.28,Felis chaus,983181,False
Felis manul,Carnivora,Felidae,3050.0,76.08,4.83,,,,,3.0,40.56,84.32,Otocolobus manul,86183,True
Felis margarita,Carnivora,Felidae,2823.36,63.61,4.12,,,,,3.0,30.41,26.61,Felis margarita,983177,False
Felis nigripes,Carnivora,Felidae,1362.77,67.5,1.78,,144.0,,67.23,3.0,-24.65,22.29,Felis nigripes,983179,False
Graphiurus ocularis,Rodentia,Gliridae,68.8,,4.99,0.09,,,,2.0,-30.24,22.49,Graphiurus ocularis,1038438,False
Graphiurus platyops,Rodentia,Gliridae,46.1,,5.17,,,,,2.0,-17.92,29.04,Graphiurus platyops,1038440,False
Graphiurus rupicola,Rodentia,Gliridae,,,,,,,,,-23.03,15.84,Graphiurus rupicola,3608144,False
Graphiurus surdus,Rodentia,Gliridae,,,4.99,,,,,2.0,2.64,10.83,Graphiurus surdus,3608139,False
Gulo gulo,Carnivora,Mustelidae,12792.49,161.73,2.84,343.27,216.0,0.007916144,83.64,3.0,60.67,5.93,Gulo gulo,178247,False
Gymnobelideus leadbeateri,Diprotodontia,Petauridae,137.32,18.43,1.54,0.01,132.0,258.26,119.32,2.0,-37.49,145.54,Gymnobelideus leadbeateri,852208,False
Gymnuromys roberti,Rodentia,Nesomyidae,97.5,,1.94,,,,,1.0,-20.64,47.88,Gymnuromys roberti,441617,False
Habromys chinanteco,Rodentia,Cricetidae,40.0,,,,,,,,17.92,-96.15,Habromys chinanteco,567289,False
Habromys delicatulus,Rodentia,Cricetidae,,,,,,,,,,,Habromys delicatulus,1093792,False
Habromys ixtlani,Rodentia,Cricetidae,,,,,,,,,,,Habromys ixtlani,567291,False
Habromys lepturus,Rodentia,Cricetidae,84.99,,1.9,,,,,,,,Habromys lepturus,703288,False
Habromys lophurus,Rodentia,Cricetidae,40.0,,,,,,,,15.39,-90.89,Habromys lophurus,1065597,False
Habromys simulatus,Rodentia,Cricetidae,40.0,,,,,,,,19.84,-97.72,Habromys simulatus,1093794,False
Hadromys humei,Rodentia,Muridae,,,,,,,,,,,Hadromys humei,3610528,False
Hadromys yunnanensis,Rodentia,Muridae,,,,,,,,,,,Hadromys yunnanensis,3610279,False
Haeromys margarettae,Rodentia,Muridae,,,,,,,,,1.1,110.21,Haeromys margarettae,3610609,False
Haeromys minahassae,Rodentia,Muridae,,,,,,,,,-0.24,121.5,Haeromys minahassae,3611193,False
Haeromys pusillus,Rodentia,Muridae,,,,,,,,1.0,4.71,116.24,Haeromys pusillus,6520509,False
Halichoerus grypus,Carnivora,Phocidae,197570.01,349.79,0.96,,560.07,,18.37,3.0,,,Halichoerus grypus,1040694,False
Handleyomys fuscatus,Rodentia,Cricetidae,49.5,,,,,,,,5.14,-75.6,Handleyomys fuscatus,3608227,False
Handleyomys intectus,Rodentia,Cricetidae,60.5,,,,,,,,7.1,-75.36,Handleyomys intectus,621037,False
Hapalemur alaotrensis,Primates,Lemuridae,1616.83,,,,,,,,-17.5,48.42,Hapalemur alaotrensis,3607542,False
Hapalemur aureus,Primates,Lemuridae,1562.41,142.5,1.01,0.21,,,,1.0,-21.66,47.28,Hapalemur aureus,671260,False
Hapalemur griseus,Primates,Lemuridae,916.0,141.24,1.5,0.01,205.2,62.0,136.29,1.0,-19.45,48.53,Hapalemur griseus,789630,False
Hapalemur occidentalis,Primates,Lemuridae,,,,,,,,,-16.32,46.64,Hapalemur occidentalis,311692,False
Hapalomys delacouri,Rodentia,Muridae,,,,,,,,,19.18,106.45,Hapalomys delacouri,996976,False
Hapalomys longicaudatus,Rodentia,Muridae,70.0,,,,,,,1.0,10.71,99.39,Hapalomys longicaudatus,3608819,False
Haplonycteris fischeri,Chiroptera,Pteropodidae,18.25,174.73,1.0,,120.0,,76.04,1.0,12.1,121.88,Haplonycteris fischeri,767030,False
Harpiocephalus harpia,Chiroptera,Vespertilionidae,13.65,,,,,,,3.0,9.41,101.85,Harpiocephalus harpia,842480,False
Harpiocephalus mordax,Chiroptera,Vespertilionidae,,,,,,,,,14.33,106.56,Harpiocephalus mordax,1053245,False
Harpyionycteris celebensis,Chiroptera,Pteropodidae,116.77,,0.98,,,,,,-1.05,121.99,Harpyionycteris celebensis,695394,False
Harpyionycteris whiteheadi,Chiroptera,Pteropodidae,135.48,132.74,1.0,,,,111.6,1.0,12.1,123.17,Harpyionycteris whiteheadi,300431,False
Heimyscus fumosus,Rodentia,Muridae,17.2,,,,,,,,1.88,13.6,Heimyscus fumosus,194430,False
Helarctos malayanus,Carnivora,Ursidae,57075.78,98.34,1.1,,297.6,,90.36,1.0,9.67,108.18,Helarctos malayanus,679701,False
Heliophobius argenteocinereus,Rodentia,Bathyergidae,159.46,87.0,2.46,0.000134237,37.2,5800.0,,1.0,-9.69,32.96,Heliophobius argenteocinereus,118526,False
Herpestes fuscus,Carnivora,Herpestidae,,,,,,,,,10.17,78.62,Herpestes fuscus,650599,False
Herpestes ichneumon,Carnivora,Herpestidae,2980.02,75.87,3.0,2.18,240.0,,58.09,2.0,2.37,14.68,Herpestes ichneumon,749636,False
Herpestes javanicus,Carnivora,Herpestidae,750.0,48.48,2.21,0.22,120.0,39.59,43.59,2.0,14.29,78.4,Urva javanica,815154,True
Herpestes naso,Carnivora,Herpestidae,3002.08,,,0.4,,,,3.0,-2.46,17.58,Herpestes naso,858555,False
Herpestes semitorquatus,Carnivora,Herpestidae,,,,,,,,,0.32,109.16,Herpestes semitorquatus,3613295,False
Herpestes smithii,Carnivora,Herpestidae,1702.5,,2.5,,,,,2.0,15.21,80.19,Herpestes smithii,650603,False
Herpestes urva,Carnivora,Herpestidae,2384.19,65.7,3.0,,160.0,,,2.0,17.26,103.99,Herpestes urva,121160,False
Felis silvestris,Carnivora,Felidae,4573.08,65.49,3.59,1.29,336.0,0.36,76.01,3.0,8.59,47.3,Felis silvestris,563163,False
Felovia vae,Rodentia,Ctenodactylidae,205.0,,1.0,,,,,1.0,15.53,-12.09,Felovia vae,3609364,False
Feresa attenuata,Cetacea,Delphinidae,170000.0,,1.0,,,,,,,,Feresa attenuata,336240,False
Feroculus feroculus,Soricomorpha,Soricidae,35.99,,,,,,,,7.16,80.75,Feroculus feroculus,3614650,False
Fossa fossana,Carnivora,Eupleridae,1853.98,88.38,1.0,0.75,132.0,3.41,66.84,2.0,-18.81,48.5,Fossa fossana,342738,False
Funambulus layardi,Rodentia,Sciuridae,,,2.43,,,,,,8.47,79.16,Funambulus layardi,926932,False
Funambulus palmarum,Rodentia,Sciuridae,136.4,34.0,2.62,,,,,,16.15,80.71,Funambulus palmarum,319616,False
Funambulus pennantii,Rodentia,Sciuridae,102.49,41.77,2.95,0.001374507,,,56.0,,24.6,76.9,Funambulus pennantii,659094,False
Funambulus sublineatus,Rodentia,Sciuridae,70.93,,2.0,,,,,,9.14,78.95,Funambulus sublineatus,926930,False
Funambulus tristriatus,Rodentia,Sciuridae,134.62,,2.64,,,,125.69,,13.63,75.63,Funambulus tristriatus,3609135,False
Funisciurus anerythrus,Rodentia,Sciuridae,223.54,,1.32,,,,,1.0,1.28,16.6,Funisciurus anerythrus,879579,False
Funisciurus bayonii,Rodentia,Sciuridae,134.99,,,,,,,,-6.77,18.43,Funisciurus bayonii,3609128,False
Funisciurus carruthersi,Rodentia,Sciuridae,276.85,,,,,,,,-1.4,29.44,Funisciurus carruthersi,524854,False
Funisciurus congicus,Rodentia,Sciuridae,112.0,54.23,2.44,0.003290498,114.0,1000.0,49.99,2.0,-8.79,19.59,Funisciurus congicus,3609134,False
Funisciurus isabella,Rodentia,Sciuridae,109.31,,0.98,,,,,1.0,2.09,12.41,Funisciurus isabella,3609131,False
Funisciurus lemniscatus,Rodentia,Sciuridae,140.99,,1.8,,,,,2.0,0.02,13.9,Funisciurus lemniscatus,3609129,False
Funisciurus leucogenys,Rodentia,Sciuridae,250.0,,0.97,,,,,,4.46,7.51,Funisciurus leucogenys,3609133,False
Funisciurus pyrropus,Rodentia,Sciuridae,243.18,,1.26,,,,,1.0,2.62,8.96,Funisciurus pyrropus,152106,False
Funisciurus substriatus,Rodentia,Sciuridae,185.73,,,,,,,,6.08,3.17,Funisciurus substriatus,3609130,False
Furipterus horrens,Chiroptera,Furipteridae,3.15,,1.0,,,,,3.0,-7.02,-59.57,Furipterus horrens,1060469,False
Galago alleni,Primates,Galagidae,266.03,133.0,1.29,0.18,144.0,16.47,,1.0,3.49,8.68,Galago alleni,173071,False
Galago cameronensis,Primates,Galagidae,,,,,,,,,5.21,8.65,Galago gabonensis,323060,False
Galago demidoff,Primates,Galagidae,66.04,111.0,1.29,0.01,168.0,57.57,43.47,2.0,-0.14,12.44,Galagoides demidoff,653041,True
Galago gabonensis,Primates,Galagidae,,,,,,,,,-0.58,11.64,Galago gabonensis,323060,False
Galago gallarum,Primates,Galagidae,250.0,,,,,,,,3.26,41.53,Galago gallarum,552578,False
Galago granti,Primates,Galagidae,,,,,,,,,-13.25,37.43,Galago granti,323055,False
Galago matschiei,Primates,Galagidae,211.61,,0.99,,,,,,-0.33,31.11,Galago matschiei,271531,False
Galago moholi,Primates,Galagidae,191.96,122.29,1.6,0.04,198.0,172.04,90.46,1.0,-13.46,26.28,Galago moholi,311214,False
Galago nyasae,Primates,Galagidae,,,,,,,,,-15.97,35.16,Galago granti,323055,True
Galago orinus,Primates,Galagidae,,,,,,,,,-7.48,36.37,Galagoides orinus,679563,True
Galago rondoensis,Primates,Galagidae,,,,,,,,,-10.2,39.32,Galagoides rondoensis,3607491,True
Galago senegalensis,Primates,Galagidae,215.2,126.98,1.5,0.08,204.0,89.77,93.93,2.0,1.95,14.48,Galago senegalensis,863751,False
Gerbillus henleyi,Rodentia,Muridae,8.0,,4.0,,,,,,26.63,13.0,Gerbillus henleyi,263040,False
Gerbillus hesperinus,Rodentia,Muridae,,,,,,,,,33.61,-7.51,Gerbillus hesperinus,135787,False
Gerbillus hoogstraali,Rodentia,Muridae,,,,,,,,,30.48,-8.87,Gerbillus hoogstraali,3608957,False
Gerbillus latastei,Rodentia,Muridae,,,4.86,,,,,,32.71,12.76,Gerbillus latastei,453946,False
Gerbillus mauritaniae,Rodentia,Muridae,,,,,,,,,20.7,-12.14,Gerbillus mauritaniae,3608946,False
Gerbillus mesopotamiae,Rodentia,Muridae,,,,,,,,,33.47,46.32,Gerbillus mesopotamiae,3608958,False
Gerbillus muriculus,Rodentia,Muridae,,,,,,,,,14.46,26.57,Gerbillus muriculus,3608961,False
Gerbillus nancillus,Rodentia,Muridae,,,,,,,,,13.97,25.65,Gerbillus nancillus,3608943,False
Gerbillus nanus,Rodentia,Muridae,25.5,20.97,3.16,,,,27.79,,21.7,33.72,Gerbillus nanus,404777,False
Gerbillus nigeriae,Rodentia,Muridae,29.7,,,,,,,,13.97,4.38,Gerbillus nigeriae,426509,False
Gerbillus occiduus,Rodentia,Muridae,,,,,,,,,28.73,-10.82,Gerbillus occiduus,549416,False
Gerbillus perpallidus,Rodentia,Muridae,52.22,20.22,4.65,,,,,,30.22,27.89,Gerbillus perpallidus,718288,False
Gerbillus poecilops,Rodentia,Muridae,,,,,,,,,17.22,42.47,Gerbillus poecilops,302093,False
Gerbillus principulus,Rodentia,Muridae,,,,,,,,,15.4,26.68,Gerbillus principulus,3608960,False
Gerbillus pulvinatus,Rodentia,Muridae,,,,,,,,,7.1,38.45,Gerbillus pulvinatus,3608973,False
Gerbillus pusillus,Rodentia,Muridae,12.55,,,,,,,,0.57,39.06,Gerbillus pusillus,3608950,False
Gerbillus pyramidum,Rodentia,Muridae,42.8,22.14,3.3,,98.4,,27.5,1.0,25.0,30.62,Gerbillus pyramidum,404782,False
Gerbillus rosalinda,Rodentia,Muridae,,,,,,,,,12.51,29.45,Gerbillus rosalinda,3608936,False
Gerbillus syrticus,Rodentia,Muridae,,,,,,,,,30.75,17.75,Gerbillus syrticus,3608941,False
Gerbillus tarabuli,Rodentia,Muridae,,,,,,,,,22.21,0.61,Gerbillus tarabuli,809720,False
Gerbillus vivax,Rodentia,Muridae,,,,,,,,,26.0,14.6,Gerbillus vivax,3608968,False
Gerbillus watersi,Rodentia,Muridae,,,,,,,,,10.94,38.0,Gerbillus watersi,3608944,False
Giraffa camelopardalis,Artiodactyla,Giraffidae,964654.73,455.25,1.29,81.52,435.6,1.23,212.91,1.0,-4.62,20.88,Giraffa camelopardalis,768674,False
Glaucomys sabrinus,Rodentia,Sciuridae,137.53,40.0,3.0,0.05,156.0,85.93,65.0,2.0,51.45,-105.1,Glaucomys sabrinus,580342,False
Glaucomys volans,Rodentia,Sciuridae,71.9,39.49,3.13,0.005345752,144.0,447.59,57.23,2.0,30.9,-84.83,Glaucomys volans,659102,False
Glauconycteris alboguttata,Chiroptera,Vespertilionidae,,,,,,,,,0.89,21.07,Glauconycteris alboguttata,3613630,False
Glauconycteris argentata,Chiroptera,Vespertilionidae,9.3,,,,,,,,-2.99,24.27,Glauconycteris argentata,235402,False
Glauconycteris beatrix,Chiroptera,Vespertilionidae,7.5,,,,,,,,3.33,2.88,Glauconycteris beatrix,176329,False
Glauconycteris curryae,Chiroptera,Vespertilionidae,,,,,,,,,2.22,14.92,Glauconycteris curryae,3613634,False
Glauconycteris egeria,Chiroptera,Vespertilionidae,,,,,,,,,5.12,15.25,Glauconycteris egeria,235416,False
Glauconycteris gleni,Chiroptera,Vespertilionidae,10.81,,,,,,,,3.4,22.56,Glauconycteris gleni,3613629,False
Glauconycteris humeralis,Chiroptera,Vespertilionidae,5.49,,,,,,,,0.27,31.19,Glauconycteris humeralis,3613635,False
Glauconycteris kenyacola,Chiroptera,Vespertilionidae,7.17,,,,,,,,-2.21,40.12,Glauconycteris kenyacola,3613627,False
Glauconycteris machadoi,Chiroptera,Vespertilionidae,,,,,,,,,-11.73,20.81,Glauconycteris machadoi,3613632,False
Glauconycteris poensis,Chiroptera,Vespertilionidae,6.91,,,,,,,,5.66,6.51,Glauconycteris poensis,582931,False
Glauconycteris superba,Chiroptera,Vespertilionidae,,,,,,,,,3.99,12.42,Glauconycteris superba,7067860,False
Glauconycteris variegata,Chiroptera,Vespertilionidae,11.25,,1.12,,,,,3.0,-8.2,12.23,Glauconycteris variegata,62950,False
Glironia venusta,Didelphimorphia,Didelphidae,114.0,,,,,,,2.0,-8.81,-67.29,Glironia venusta,606428,False
Glirulus japonicus,Rodentia,Gliridae,,31.4,4.0,,,,38.0,2.0,34.25,135.21,Glirulus japonicus,909549,False
Glis glis,Rodentia,Gliridae,128.09,28.19,5.17,0.001479636,108.0,3000.0,27.84,,45.93,24.98,Glis glis,185345,False
Glischropus javanus,Chiroptera,Vespertilionidae,,,,,,,,,-6.76,106.76,Glischropus javanus,3613900,False
Glischropus tylopus,Chiroptera,Vespertilionidae,4.59,,1.0,,,,,3.0,8.06,111.54,Glischropus tylopus,505803,False
Globicephala macrorhynchus,Cetacea,Delphinidae,725999.99,452.0,0.97,,756.0,,729.99,3.0,,,Globicephala macrorhynchus,535886,False
Globicephala melas,Cetacea,Delphinidae,800000.0,479.06,1.0,,540.0,,608.33,3.0,,,Globicephala melas,124212,False
Glossophaga commissarisi,Chiroptera,Phyllostomidae,9.15,,0.98,,,,,2.0,5.21,-84.14,Glossophaga commissarisi,801225,False
Glossophaga leachii,Chiroptera,Phyllostomidae,10.24,,0.98,,,,,2.0,14.85,-92.66,Glossophaga leachii,227303,False
Glossophaga longirostris,Chiroptera,Phyllostomidae,13.32,,0.98,,,,,2.0,7.43,-67.14,Glossophaga longirostris,227307,False
Glossophaga morenoi,Chiroptera,Phyllostomidae,8.54,,1.0,,,,,2.0,17.76,-98.42,Glossophaga morenoi,227308,False
Glossophaga soricina,Chiroptera,Phyllostomidae,9.97,107.97,1.0,,120.0,,32.3,2.0,-2.61,-72.76,Glossophaga soricina,876514,False
Glyphonycteris behnii,Chiroptera,Phyllostomidae,,,,,,,,2.0,-13.67,-62.5,Glyphonycteris behnii,3613571,False
Glyphonycteris daviesi,Chiroptera,Phyllostomidae,18.61,,0.98,,,,,2.0,-0.31,-66.83,Glyphonycteris daviesi,201779,False
Glyphonycteris sylvestris,Chiroptera,Phyllostomidae,8.91,,,,,,,2.0,-0.89,-70.79,Glyphonycteris sylvestris,599548,False
Glyphotes simus,Rodentia,Sciuridae,,,,,,,,,4.32,115.2,Glyphotes simus,97818,False
Golunda ellioti,Rodentia,Muridae,60.73,,4.83,,,,,1.0,19.9,75.2,Golunda ellioti,170591,False
Gorilla beringei,Primates,Hominidae,149325.19,,,,,,,,-1.78,28.47,Gorilla beringei,351685,False
Gorilla gorilla,Primates,Hominidae,112588.99,257.0,1.05,4.03,648.0,0.59,920.35,2.0,0.88,12.87,Gorilla gorilla,417965,False
Gracilinanus aceramarcae,Didelphimorphia,Didelphidae,20.5,,,,,,,,-16.47,-67.6,Gracilinanus aceramarcae,972310,False
Gracilinanus agilis,Didelphimorphia,Didelphidae,22.03,,12.0,,,,,,-18.71,-57.39,Gracilinanus agilis,594366,False
Gracilinanus agricolai,Didelphimorphia,Didelphidae,,,,,,,,,,,Cryptonanus agricolai,3606702,True
Gracilinanus dryas,Didelphimorphia,Didelphidae,18.53,,,,,,,,7.46,-71.53,Gracilinanus dryas,3606695,False
Gracilinanus emiliae,Didelphimorphia,Didelphidae,7.59,,,,,,,,0.007042408,-52.17,Gracilinanus emiliae,336660,False
Gracilinanus formosus,Didelphimorphia,Didelphidae,,,,,,,,,,,Gracilinanus formosus,3606699,False
Gracilinanus ignitus,Didelphimorphia,Didelphidae,,,,,,,,,,,Gracilinanus ignitus,3606698,False
Gracilinanus marica,Didelphimorphia,Didelphidae,23.8,,5.99,,,,,,8.12,-68.19,Gracilinanus marica,3606700,False
Grammomys gigas,Rodentia,Muridae,,,,,,,,,0.17,36.87,Grammomys gigas,3608644,False
Grammomys ibeanus,Rodentia,Muridae,41.19,,,,,,,,-2.73,34.67,Grammomys ibeanus,695715,False
Grammomys kuru,Rodentia,Muridae,,,,,,,,,,,Grammomys kuru,3608645,False
Grammomys macmillani,Rodentia,Muridae,37.01,,,,,,,,-4.39,32.17,Grammomys macmillani,565390,False
Grammomys minnae,Rodentia,Muridae,35.99,,,,,,,,6.46,37.96,Grammomys minnae,3608643,False
Grammomys poensis,Rodentia,Muridae,50.03,24.65,1.97,0.001024808,,,,,,,Grammomys poensis,3608638,False
Grampus griseus,Cetacea,Delphinidae,387500.0,365.0,0.97,,240.0,,,3.0,,,Grampus griseus,154711,False
Graomys centralis,Rodentia,Cricetidae,,,,,,,,,,,Graomys centralis,594074,False
Graomys domorum,Rodentia,Cricetidae,102.0,,,,,,,,-22.41,-65.15,Graomys domorum,84868,False
Graomys edithae,Rodentia,Cricetidae,40.4,,,,,,,,-28.81,-66.38,Graomys edithae,3608234,False
Graomys griseoflavus,Rodentia,Cricetidae,68.32,,6.97,,,,,,-30.38,-62.15,Graomys griseoflavus,84870,False
Graphiurus angolensis,Rodentia,Gliridae,,,,,,,,,,,Graphiurus angolensis,3608142,False
Graphiurus christyi,Rodentia,Gliridae,,,4.99,,,,,2.0,1.45,20.09,Graphiurus christyi,3608141,False
Graphiurus crassicaudatus,Rodentia,Gliridae,,,3.16,,,,,2.0,5.07,0.94,Graphiurus crassicaudatus,3608143,False
Graphiurus johnstoni,Rodentia,Gliridae,,,,,,,,,,,Graphiurus johnstoni,3608146,False
Graphiurus kelleni,Rodentia,Gliridae,10.5,,4.41,,,,,2.0,1.45,15.28,Graphiurus kelleni,1038454,False
Graphiurus lorraineus,Rodentia,Gliridae,,,4.99,,,,,2.0,0.9,10.74,Graphiurus lorraineus,461433,False
Graphiurus microtis,Rodentia,Gliridae,,,,,,,,,-8.35,32.39,Graphiurus microtis,645179,False
Graphiurus monardi,Rodentia,Gliridae,,,,,,,,,-12.02,23.04,Graphiurus monardi,3608147,False
Graphiurus murinus,Rodentia,Gliridae,20.07,23.99,3.0,,69.6,54.41,,2.0,-10.12,28.14,Graphiurus murinus,159164,False
Graphiurus nagtglasii,Rodentia,Gliridae,30.0,,3.11,,,,,2.0,7.54,3.01,Graphiurus nagtglasii,3608137,False
Gracilinanus microtarsus,Didelphimorphia,Didelphidae,29.3,,,,,,,,-24.9,-46.63,Gracilinanus microtarsus,608036,False
Grammomys aridulus,Rodentia,Muridae,,,,,,,,,12.85,23.93,Grammomys aridulus,3608639,False
Grammomys buntingi,Rodentia,Muridae,,,,,,,,,7.8,-9.26,Grammomys buntingi,3608646,False
Grammomys caniceps,Rodentia,Muridae,,,,,,,,,2.14,44.71,Grammomys caniceps,3608642,False
Grammomys cometes,Rodentia,Muridae,45.0,,2.9,,,,22.5,,-22.27,33.28,Grammomys cometes,695709,False
Grammomys dolichurus,Rodentia,Muridae,41.85,23.99,3.11,,52.8,206.68,23.87,,-11.3,24.29,Grammomys dolichurus,695712,False
Isthmomys flavidus,Rodentia,Cricetidae,,,,,,,,1.0,8.21,-81.44,Isthmomys flavidus,3608411,False
Isthmomys pirrensis,Rodentia,Cricetidae,137.71,,2.43,,,,,2.0,7.86,-77.64,Isthmomys pirrensis,489149,False
Jaculus blanfordi,Rodentia,Dipodidae,,,3.88,,,,,,34.89,60.36,Jaculus blanfordi,910640,False
Jaculus jaculus,Rodentia,Dipodidae,59.8,33.54,3.24,,72.0,,66.86,,24.04,21.36,Jaculus jaculus,886091,False
Jaculus orientalis,Rodentia,Dipodidae,138.26,40.0,2.41,,,,,,29.53,12.46,Jaculus orientalis,437594,False
Juliomys pictipes,Rodentia,Cricetidae,22.9,,,,,,,,-24.14,-50.89,Juliomys pictipes,621033,False
Juliomys rimofrons,Rodentia,Cricetidae,,,,,,,,,,,Juliomys rimofrons,35454,False
Juscelinomys candango,Rodentia,Cricetidae,97.29,,,,,,,2.0,-15.76,-47.63,Juscelinomys candango,3608232,False
Juscelinomys guaporensis,Rodentia,Cricetidae,,,,,,,,,,,Juscelinomys guaporensis,3608231,False
Juscelinomys huanchacae,Rodentia,Cricetidae,,,,,,,,,,,Juscelinomys huanchacae,672108,False
Kadarsanomys sodyi,Rodentia,Muridae,,,4.0,,,,,,-6.71,107.04,Kadarsanomys sodyi,3609944,False
Kannabateomys amblyonyx,Rodentia,Echimyidae,599.99,,1.0,,19.2,,,1.0,-25.02,-49.27,Kannabateomys amblyonyx,473598,False
Kerivoula africana,Chiroptera,Vespertilionidae,,,,,,,,,,,Kerivoula africana,3613763,False
Kerivoula agnella,Chiroptera,Vespertilionidae,,,,,,,,,-10.32,152.09,Kerivoula agnella,3613760,False
Kerivoula argentata,Chiroptera,Vespertilionidae,10.11,,,,,,,,-15.86,26.62,Kerivoula argentata,3613753,False
Kerivoula cuprosa,Chiroptera,Vespertilionidae,,,0.98,,,,,,1.59,24.41,Kerivoula cuprosa,3613756,False
Grammomys dryas,Rodentia,Muridae,,,,,,,,,-2.98,28.49,Grammomys dryas,6520510,False
Heliosciurus gambianus,Rodentia,Sciuridae,248.36,,2.91,,,,,,-0.5,10.52,Heliosciurus gambianus,879576,False
Heliosciurus mutabilis,Rodentia,Sciuridae,390.0,,,,,,,2.0,-15.89,34.03,Heliosciurus mutabilis,3609044,False
Heliosciurus punctatus,Rodentia,Sciuridae,173.85,,,,,,,,6.73,-5.6,Heliosciurus punctatus,3609045,False
Heliosciurus rufobrachium,Rodentia,Sciuridae,332.88,,2.0,,106.8,,,1.0,3.98,10.35,Heliosciurus rufobrachium,706192,False
Heliosciurus ruwenzorii,Rodentia,Sciuridae,291.0,,2.91,,,,,,-0.7,29.46,Heliosciurus ruwenzorii,152101,False
Heliosciurus undulatus,Rodentia,Sciuridae,347.33,,,,,,,,-4.38,38.49,Heliosciurus undulatus,524856,False
Helogale hirtula,Carnivora,Herpestidae,484.63,,,,,,,3.0,1.75,42.13,Helogale hirtula,645182,False
Helogale parvula,Carnivora,Herpestidae,281.83,54.08,3.49,0.21,131.0,,21.0,3.0,-7.04,31.73,Helogale parvula,6940,False
Hemibelideus lemuroides,Diprotodontia,Pseudocheiridae,993.59,,1.0,,48.0,700.0,,,-17.81,145.17,Hemibelideus lemuroides,1092098,False
Hemicentetes nigriceps,Afrosoricida,Tenrecidae,102.99,55.32,2.84,,31.2,,22.71,3.0,-22.17,47.02,Hemicentetes nigriceps,3607192,False
Hemicentetes semispinosus,Afrosoricida,Tenrecidae,134.0,53.07,5.32,,32.4,,21.5,3.0,-19.31,48.44,Hemicentetes semispinosus,542054,False
Hemiechinus auritus,Erinaceomorpha,Erinaceidae,322.04,37.18,3.74,0.03,81.6,,39.7,2.0,37.74,65.94,Hemiechinus auritus,968064,False
Hemiechinus collaris,Erinaceomorpha,Erinaceidae,,38.49,3.87,,,,,3.0,25.87,73.04,Hemiechinus collaris,3614701,False
Hemigalus derbyanus,Carnivora,Viverridae,1262.7,,1.73,,144.0,,69.6,2.0,4.74,107.22,Hemigalus derbyanus,194340,False
Hemitragus hylocrius,Artiodactyla,Bovidae,74186.41,186.35,1.41,,207.0,,27.28,1.0,9.95,76.99,Hemitragus hylocrius,203064,False
Hemitragus jayakari,Artiodactyla,Bovidae,22210.18,164.31,1.0,,168.0,,,1.0,24.28,57.76,Arabitragus jayakari,1068706,True
Hemitragus jemlahicus,Artiodactyla,Bovidae,68616.43,195.76,1.01,,261.6,,,1.0,30.09,82.76,Hemitragus jemlahicus,123276,False
Herpestes brachyurus,Carnivora,Herpestidae,1396.16,,3.49,,,,,3.0,3.19,107.76,Herpestes brachyurus,650601,False
Herpestes edwardsi,Carnivora,Herpestidae,1304.67,63.09,2.0,,,,34.8,2.0,19.99,69.16,Herpestes edwardsi,5835568,False
Heteropsomys antillensis,Rodentia,Echimyidae,,,,,,,,,,,Heteropsomys antillensis,3609969,False
Heteropsomys insulans,Rodentia,Echimyidae,,,,,,,,,,,Heteropsomys insulans,3609967,False
Hexaprotodon liberiensis,Artiodactyla,Hippopotamidae,235001.16,200.0,1.0,0.72,525.6,,211.71,1.0,8.28,-4.13,Hexaprotodon liberiensis,662806,False
Hexolobodon phenax,Rodentia,Capromyidae,,,,,,,,,,,Hexolobodon phenax,3609720,False
Hippocamelus antisensis,Artiodactyla,Cervidae,68599.35,235.72,1.0,,127.2,1.2,,1.0,-13.36,-72.11,Hippocamelus antisensis,665508,False
Hippocamelus bisulcus,Artiodactyla,Cervidae,69240.81,212.91,1.0,0.86,,1.12,,1.0,-43.63,-73.28,Hippocamelus bisulcus,1063454,False
Hippopotamus amphibius,Artiodactyla,Hippopotamidae,1536310.4,235.37,1.0,,654.0,4.86,319.01,2.0,-6.86,13.85,Hippopotamus amphibius,510762,False
Hipposideros abae,Chiroptera,Hipposideridae,,91.24,1.5,,,,,,3.53,9.48,Hipposideros abae,648861,False
Hipposideros armiger,Chiroptera,Hipposideridae,49.99,,,,,,,3.0,17.13,100.01,Hipposideros armiger,316920,False
Hipposideros ater,Chiroptera,Hipposideridae,5.86,195.0,0.99,,,,79.2,3.0,1.76,111.78,Hipposideros ater,221208,False
Hipposideros beatus,Chiroptera,Hipposideridae,6.7,,,,,,,,4.44,8.44,Hipposideros beatus,828837,False
Hipposideros bicolor,Chiroptera,Hipposideridae,8.39,42.1,0.99,,,,,3.0,3.85,111.24,Hipposideros bicolor,1004816,False
Hipposideros breviceps,Chiroptera,Hipposideridae,,,,,,,,3.0,-2.68,100.08,Hipposideros breviceps,3614054,False
Hipposideros caffer,Chiroptera,Hipposideridae,9.46,139.92,0.99,,,,73.48,3.0,1.47,17.34,Hipposideros caffer,787376,False
Hipposideros calcaratus,Chiroptera,Hipposideridae,,,,,,,,,-6.33,148.16,Hipposideros calcaratus,67611,False
Hipposideros camerunensis,Chiroptera,Hipposideridae,,,,,,,,,2.03,22.49,Hipposideros camerunensis,3614055,False
Hipposideros cervinus,Chiroptera,Hipposideridae,8.51,,,,,,,3.0,-4.0,131.89,Hipposideros cervinus,99589,False
Hipposideros cineraceus,Chiroptera,Hipposideridae,3.84,,0.98,,,,,3.0,12.73,96.41,Hipposideros cineraceus,295293,False
Hipposideros commersoni,Chiroptera,Hipposideridae,89.99,150.34,0.99,,,,151.03,3.0,-4.54,16.82,Hipposideros commersoni,156174,False
Hipposideros coronatus,Chiroptera,Hipposideridae,,,,,,,,3.0,9.6,125.54,Hipposideros coronatus,553022,False
Hipposideros corynophyllus,Chiroptera,Hipposideridae,15.07,,,,,,,,-4.99,141.7,Hipposideros corynophyllus,3614064,False
Hipposideros coxi,Chiroptera,Hipposideridae,,,,,,,,,1.16,110.5,Hipposideros coxi,221203,False
Hipposideros crumeniferus,Chiroptera,Hipposideridae,,,,,,,,,-9.37,124.8,Hipposideros crumeniferus,3614057,False
Hipposideros curtus,Chiroptera,Hipposideridae,,,,,,,,,3.75,9.64,Hipposideros curtus,3614074,False
Hipposideros cyclops,Chiroptera,Hipposideridae,32.92,106.45,1.0,,,,116.92,,3.52,9.47,Hipposideros cyclops,648859,False
Hipposideros demissus,Chiroptera,Hipposideridae,,,,,,,,,-10.51,161.82,Hipposideros demissus,3614072,False
Hipposideros diadema,Chiroptera,Hipposideridae,46.9,,1.0,,,,,3.0,-0.12,127.42,Hipposideros diadema,493731,False
Hipposideros dinops,Chiroptera,Hipposideridae,,,,,,,,3.0,-7.98,158.26,Hipposideros dinops,70231,False
Hipposideros doriae,Chiroptera,Hipposideridae,4.24,,,,,,,3.0,3.38,114.34,Hipposideros doriae,486451,False
Hipposideros durgadasi,Chiroptera,Hipposideridae,,,,,,,,,22.85,79.69,Hipposideros durgadasi,3614076,False
Hipposideros dyacorum,Chiroptera,Hipposideridae,,,,,,,,3.0,2.69,109.81,Hipposideros dyacorum,221205,False
Hipposideros edwardshilli,Chiroptera,Hipposideridae,,,,,,,,,-3.16,141.2,Hipposideros edwardshilli,3614053,False
Hipposideros fuliginosus,Chiroptera,Hipposideridae,,,,,,,,,4.98,13.31,Hipposideros fuliginosus,690301,False
Hipposideros fulvus,Chiroptera,Hipposideridae,8.83,161.65,1.0,,144.0,,36.58,3.0,20.45,76.22,Hipposideros fulvus,732289,False
Hipposideros galeritus,Chiroptera,Hipposideridae,10.17,,0.99,,,,,2.0,8.43,98.41,Hipposideros galeritus,672834,False
Hipposideros gigas,Chiroptera,Hipposideridae,115.42,,1.0,,,,,,-3.12,13.51,Hipposideros gigas,690299,False
Hipposideros grandis,Chiroptera,Hipposideridae,,,,,,,,,20.68,100.29,Hipposideros grandis,566106,False
Hipposideros halophyllus,Chiroptera,Hipposideridae,4.0,,,,,,,3.0,13.18,100.39,Hipposideros halophyllus,445749,False
Hipposideros hypophyllus,Chiroptera,Hipposideridae,,,,,,,,,12.76,77.72,Hipposideros hypophyllus,3614058,False
Hipposideros inexpectatus,Chiroptera,Hipposideridae,,,,,,,,3.0,-1.4,121.46,Hipposideros inexpectatus,3614065,False
Hipposideros inornatus,Chiroptera,Hipposideridae,25.9,,,,,,,,-12.97,131.9,Hipposideros inornatus,3614061,False
Hipposideros jonesi,Chiroptera,Hipposideridae,5.49,,,,,,,,8.39,-3.98,Hipposideros jonesi,690296,False
Hipposideros lamottei,Chiroptera,Hipposideridae,,,,,,,,,7.8,-6.17,Hipposideros lamottei,3614069,False
Hipposideros lankadiva,Chiroptera,Hipposideridae,44.76,257.02,0.99,,,,82.72,3.0,16.67,81.66,Hipposideros lankadiva,485282,False
Hipposideros larvatus,Chiroptera,Hipposideridae,19.95,,0.98,,,,,3.0,8.55,107.62,Hipposideros larvatus,1073067,False
Hipposideros lekaguli,Chiroptera,Hipposideridae,31.08,,,,,,,3.0,11.85,111.34,Hipposideros lekaguli,553025,False
Hipposideros lylei,Chiroptera,Hipposideridae,40.0,,,,,,,3.0,12.21,99.9,Hipposideros lylei,445736,False
Hipposideros macrobullatus,Chiroptera,Hipposideridae,,,,,,,,3.0,-4.92,122.39,Hipposideros macrobullatus,3614060,False
Hipposideros madurae,Chiroptera,Hipposideridae,,,,,,,,,-7.52,110.87,Hipposideros madurae,3614068,False
Hipposideros maggietaylorae,Chiroptera,Hipposideridae,16.1,,,,,,,,-5.39,141.44,Hipposideros maggietaylorae,3614062,False
Hipposideros marisae,Chiroptera,Hipposideridae,,,,,,,,,7.43,-8.54,Hipposideros marisae,3614084,False
Hipposideros megalotis,Chiroptera,Hipposideridae,,,,,,,,,7.48,37.89,Hipposideros megalotis,3614080,False
Hipposideros muscinus,Chiroptera,Hipposideridae,,,,,,,,,-7.28,143.17,Hipposideros muscinus,3614071,False
Hipposideros nequam,Chiroptera,Hipposideridae,,,,,,,,,3.03,101.45,Hipposideros nequam,3614070,False
Hipposideros obscurus,Chiroptera,Hipposideridae,9.6,,,,,,,3.0,12.1,123.17,Hipposideros obscurus,1066860,False
Hipposideros orbiculus,Chiroptera,Hipposideridae,,,,,,,,,1.15,101.53,Hipposideros orbiculus,3614052,False
Hipposideros papua,Chiroptera,Hipposideridae,,,,,,,,3.0,0.28,131.83,Hipposideros papua,3614083,False
Hipposideros pelingensis,Chiroptera,Hipposideridae,,,,,,,,,-3.14,121.56,Hipposideros pelingensis,1066864,False
Hipposideros pomona,Chiroptera,Hipposideridae,6.2,,,,,,,3.0,16.49,98.62,Hipposideros pomona,905428,False
Hipposideros pratti,Chiroptera,Hipposideridae,,,,,,,,3.0,18.13,109.28,Hipposideros pratti,791907,False
Hipposideros pygmaeus,Chiroptera,Hipposideridae,3.53,,,,,,,3.0,13.84,122.17,Hipposideros pygmaeus,31957,False
Hipposideros ridleyi,Chiroptera,Hipposideridae,9.59,,0.98,,,,,3.0,3.38,110.17,Hipposideros ridleyi,221199,False
Hipposideros rotalis,Chiroptera,Hipposideridae,,,,,,,,,18.47,103.72,Hipposideros rotalis,324664,False
Hipposideros ruber,Chiroptera,Hipposideridae,10.61,92.54,1.0,,,,,,0.65,13.45,Hipposideros ruber,432538,False
Hipposideros scutinares,Chiroptera,Hipposideridae,,,,,,,,,,,Hipposideros scutinares,1066867,False
Hipposideros semoni,Chiroptera,Hipposideridae,14.0,,,,,,,,-15.58,147.08,Hipposideros semoni,3614077,False
Hipposideros sorenseni,Chiroptera,Hipposideridae,,,,,,,,,-7.0,108.33,Hipposideros sorenseni,3614079,False
Hipposideros speoris,Chiroptera,Hipposideridae,10.39,139.13,0.99,,,,48.38,3.0,18.18,79.24,Hipposideros speoris,73398,False
Hipposideros stenotis,Chiroptera,Hipposideridae,12.0,,,,,,,,-15.4,131.33,Hipposideros stenotis,3614075,False
Hipposideros sumbae,Chiroptera,Hipposideridae,,,,,,,,,-9.5,120.1,Hipposideros sumbae,3614067,False
Hipposideros thomensis,Chiroptera,Hipposideridae,,,,,,,,,0.22,6.61,Hipposideros thomensis,3614066,False
Hipposideros turpis,Chiroptera,Hipposideridae,33.31,,1.0,,,,,3.0,16.21,111.49,Hipposideros turpis,1076845,False
Hipposideros vittatus,Chiroptera,Hipposideridae,,,,,,,,,-3.12,13.51,Hipposideros vittatus,3614059,False
Hipposideros wollastoni,Chiroptera,Hipposideridae,6.93,,,,,,,,-5.21,140.74,Hipposideros wollastoni,3614073,False
Hippotragus equinus,Artiodactyla,Bovidae,264173.96,278.23,0.98,,240.0,0.96,119.27,1.0,-4.58,10.45,Hippotragus equinus,860772,False
Hippotragus leucophaeus,Artiodactyla,Bovidae,149999.99,,,,,,,,,,Hippotragus leucophaeus,860776,False
Hippotragus niger,Artiodactyla,Bovidae,236405.9,272.87,1.0,,267.0,1.3,210.73,1.0,-13.63,28.54,Hippotragus niger,860770,False
Histiotus alienus,Chiroptera,Vespertilionidae,,,,,,,,3.0,-30.01,-52.89,Histiotus alienus,3613721,False
Histiotus humboldti,Chiroptera,Vespertilionidae,,,,,,,,,,,Histiotus humboldti,3613719,False
Histiotus laephotis,Chiroptera,Vespertilionidae,,,,,,,,,-17.51,-70.87,Histiotus laephotis,3613724,False
Histiotus macrotus,Chiroptera,Vespertilionidae,11.0,,0.98,,,,,3.0,-34.61,-68.63,Histiotus macrotus,10323,False
Histiotus magellanicus,Chiroptera,Vespertilionidae,,,,,,,,,-44.88,-68.91,Histiotus magellanicus,235397,False
Histiotus montanus,Chiroptera,Vespertilionidae,,,,,,,,3.0,-13.69,-68.81,Histiotus montanus,3613723,False
Histiotus velatus,Chiroptera,Vespertilionidae,11.32,,,,,,,3.0,-21.31,-49.19,Histiotus velatus,3613722,False
Histriophoca fasciata,Carnivora,Phocidae,90000.0,299.18,1.0,,372.0,,24.5,2.0,,,Phoca fasciata,664065,True
Hodomys alleni,Rodentia,Cricetidae,367.59,,1.39,,,,,,19.94,-101.46,Hodomys alleni,578692,False
Holochilus brasiliensis,Rodentia,Cricetidae,155.0,28.4,3.88,,,,21.0,1.0,-28.77,-57.21,Holochilus brasiliensis,883804,False
Holochilus chacarius,Rodentia,Cricetidae,204.0,,,,,,,1.0,-25.74,-57.8,Holochilus chacarius,621034,False
Holochilus sciureus,Rodentia,Cricetidae,120.42,,3.12,,,,,2.0,-5.56,-57.84,Holochilus sciureus,469040,False
Homo sapiens,Primates,Hominidae,58540.63,274.78,1.0,,1470.0,,725.86,,,,Homo sapiens,770315,False
Hoplomys gymnurus,Rodentia,Echimyidae,281.42,59.99,2.1,,,,20.88,1.0,6.39,-81.28,Hoplomys gymnurus,473596,False
Hyaena brunnea,Carnivora,Hyaenidae,42977.93,95.8,2.3,67.3,204.0,0.01,302.44,2.0,-24.3,22.39,Parahyaena brunnea,742313,True
Hyaena hyaena,Carnivora,Hyaenidae,35070.51,90.5,2.44,45.19,288.0,,118.93,2.0,16.93,34.64,Hyaena hyaena,383901,False
Hybomys badius,Rodentia,Muridae,,,,,,,,,5.91,10.32,Hybomys badius,3608672,False
Hybomys basilii,Rodentia,Muridae,,,,,,,,,3.49,8.68,Hybomys basilii,3608674,False
Hybomys lunaris,Rodentia,Muridae,,,,,,,,,-1.12,28.14,Hybomys lunaris,154793,False
Hybomys planifrons,Rodentia,Muridae,49.6,,,,,,,,7.49,-9.97,Hybomys planifrons,3608671,False
Hybomys trivirgatus,Rodentia,Muridae,60.08,,2.72,,,80.6,,,6.96,-2.99,Hybomys trivirgatus,3608670,False
Hybomys univittatus,Rodentia,Muridae,54.46,30.0,2.3,0.002104427,,,,,-2.76,20.32,Hybomys univittatus,666961,False
Hydrictis maculicollis,Carnivora,Mustelidae,4180.53,59.6,2.0,,,,60.48,3.0,-8.13,13.37,Hydrictis maculicollis,310493,False
Hydrochoerus hydrochaeris,Rodentia,Caviidae,48144.91,150.73,3.49,0.07,144.0,125.34,109.75,1.0,-14.16,-56.29,Hydrochoerus hydrochaeris,744018,False
Hydrochoerus isthmius,Rodentia,Caviidae,21267.32,108.21,4.99,,,,112.0,,6.59,-75.28,Hydrochoerus isthmius,4940750,False
Hydrodamalis gigas,Sirenia,Dugongidae,4000000.0,365.0,1.0,,,,,,,,Hydrodamalis gigas,307874,False
Hydromys chrysogaster,Rodentia,Muridae,626.17,36.6,3.51,,74.0,,30.0,3.0,-22.13,133.34,Hydromys chrysogaster,989544,False
Hydromys habbema,Rodentia,Muridae,,,,,,,,,-4.29,138.63,Baiyankamys habbema,3608609,True
Hydromys hussoni,Rodentia,Muridae,,,,,,,,,-3.82,139.74,Hydromys hussoni,3608612,False
Hydromys neobritannicus,Rodentia,Muridae,,,,,,,,,-5.22,150.35,Hydromys neobritannicus,3608610,False
Hydromys shawmayeri,Rodentia,Muridae,,,,,,,,3.0,-7.19,146.42,Baiyankamys shawmayeri,3608614,True
Hydropotes inermis,Artiodactyla,Cervidae,12760.04,175.49,3.0,,144.0,,,,28.91,114.47,Hydropotes inermis,194504,False
Hydrurga leptonyx,Carnivora,Phocidae,352675.48,272.79,0.96,,312.0,0.11,30.41,2.0,,,Hydrurga leptonyx,180388,False
Hyemoschus aquaticus,Artiodactyla,Tragulidae,10850.0,173.52,1.22,0.2,168.0,15.85,136.87,1.0,1.1,9.15,Hyemoschus aquaticus,456395,False
Hyladelphys kalinowskii,Didelphimorphia,Didelphidae,,,,,,,,,,,Hyladelphys kalinowskii,844767,False
Hylobates agilis,Primates,Hylobatidae,5829.08,,1.02,0.19,528.0,11.73,,2.0,0.16,102.22,Hylobates agilis,166550,False
Hylobates albibarbis,Primates,Hylobatidae,,,,,,,,,-1.63,111.94,Hylobates albibarbis,96942,False
Hylobates klossii,Primates,Hylobatidae,5822.29,207.59,1.01,0.14,,16.62,,2.0,-2.13,99.52,Hylobates klossii,995047,False
Hylobates lar,Primates,Hylobatidae,5578.61,212.91,1.01,0.32,480.0,6.6,725.86,2.0,13.68,99.63,Hylobates lar,995038,False
Herpestes vitticollis,Carnivora,Herpestidae,2380.0,,2.73,,,,,,10.47,78.28,Herpestes vitticollis,650605,False
Hesperoptenus blanfordi,Chiroptera,Vespertilionidae,6.91,,,,,,,,10.0,108.09,Hesperoptenus blanfordi,445745,False
Heteromys gaumeri,Rodentia,Heteromyidae,63.59,,2.95,,,,,1.0,19.24,-89.23,Heteromys gaumeri,797294,False
Heteromys nelsoni,Rodentia,Heteromyidae,67.55,,,,,,,1.0,15.31,-92.34,Heteromys nelsoni,849645,False
Heteromys oasicus,Rodentia,Heteromyidae,,,,,,,,,,,Heteromys oasicus,3609613,False
Heteromys oresterus,Rodentia,Heteromyidae,74.8,,3.41,,,,,1.0,9.6,-83.79,Heteromys oresterus,48903,False
Heteromys teleus,Rodentia,Heteromyidae,,,,,,,,,,,Heteromys teleus,3609614,False
Lagostomus crassus,Rodentia,Chinchillidae,,,,,,,,,,,Lagostomus maximus,169719,False
Lampronycteris brachyotis,Chiroptera,Phyllostomidae,10.39,,0.98,,,,,2.0,4.26,-70.85,Micronycteris brachyotis,201782,True
Lariscus hosei,Rodentia,Sciuridae,180.0,,1.94,,,,,,4.68,115.66,Lariscus hosei,3609140,False
Lariscus insignis,Rodentia,Sciuridae,174.41,,,0.008112981,,,,1.0,-0.76,106.41,Lariscus insignis,201068,False
Lariscus niobe,Rodentia,Sciuridae,,,,,,,,,-1.56,104.89,Lariscus niobe,3609141,False
Lariscus obscurus,Rodentia,Sciuridae,241.19,,,,,,,2.0,-2.13,99.52,Lariscus obscurus,3609139,False
Lasionycteris noctivagans,Chiroptera,Vespertilionidae,11.02,53.55,1.77,,144.0,,35.99,3.0,43.21,-104.72,Lasionycteris noctivagans,401283,False
Lasiurus borealis,Chiroptera,Vespertilionidae,12.33,84.21,3.12,,,,38.0,3.0,36.39,-77.18,Lasiurus borealis,61860,False
Lasiurus castaneus,Chiroptera,Vespertilionidae,12.51,,,,,,,3.0,8.04,-77.62,Lasiurus castaneus,3613712,False
Lasiurus cinereus,Chiroptera,Vespertilionidae,27.06,57.18,1.96,,25.2,,36.41,3.0,12.6,-100.84,Aeorestes cinereus,369537,True
Lasiurus degelidus,Chiroptera,Vespertilionidae,,,,,,,,,18.11,-77.27,Lasiurus degelidus,3613715,False
Lasiurus ebenus,Chiroptera,Vespertilionidae,14.0,,,,,,,,-25.13,-48.01,Lasiurus ebenus,3613706,False
Lasiurus ega,Chiroptera,Vespertilionidae,12.2,96.22,2.14,,,,,3.0,-2.08,-77.08,Dasypterus ega,635119,True
Lasiurus egregius,Chiroptera,Vespertilionidae,,,,,,,,,-10.41,-63.27,Aeorestes egregius,297963,True
Lasiurus insularis,Chiroptera,Vespertilionidae,,,,,,,,,21.51,-79.54,Dasypterus insularis,3613711,True
Lasiurus intermedius,Chiroptera,Vespertilionidae,22.96,,2.97,,,,,,27.01,-90.45,Dasypterus intermedius,170073,True
Lasiurus minor,Chiroptera,Vespertilionidae,,,,,,,,,18.77,-70.03,Lasiurus minor,3613710,False
Lasiurus pfeifferi,Chiroptera,Vespertilionidae,,,,,,,,,21.51,-79.54,Lasiurus pfeifferi,3613709,False
Lasiurus salinae,Chiroptera,Vespertilionidae,,,,,,,,,,,Lasiurus salinae,3613713,False
Lasiurus seminolus,Chiroptera,Vespertilionidae,9.88,,2.68,,,,,3.0,34.34,-81.83,Lasiurus seminolus,635121,False
Lasiurus varius,Chiroptera,Vespertilionidae,,,,,,,,,,,Lasiurus varius,3613714,False
Lasiurus xanthinus,Chiroptera,Vespertilionidae,,,,,,,,,25.3,-106.93,Dasypterus xanthinus,447957,True
Latidens salimalii,Chiroptera,Pteropodidae,,,,,,,,,10.46,77.51,Latidens salimalii,417528,False
Lavia frons,Chiroptera,Megadermatidae,23.8,93.86,0.99,,,,53.48,3.0,2.32,16.11,Lavia frons,3613568,False
Leggadina forresti,Rodentia,Muridae,23.88,,,,,,30.0,,-24.02,136.49,Leggadina forresti,50172,False
Leggadina lakedownensis,Rodentia,Muridae,17.5,32.99,,,,,30.0,,-18.0,130.11,Leggadina lakedownensis,50168,False
Leimacomys buettneri,Rodentia,Muridae,54.99,,,,,,,,8.36,0.59,Leimacomys buettneri,3609993,False
Lemmiscus curtatus,Rodentia,Cricetidae,28.27,25.16,5.11,,,589.92,21.0,1.0,44.1,-111.89,Lemmiscus curtatus,380665,False
Margaretamys elegans,Rodentia,Muridae,,,,,,,,,-1.22,120.12,Margaretamys elegans,3610863,False
Margaretamys parvus,Rodentia,Muridae,,,,,,,,,-1.22,120.12,Margaretamys parvus,3609947,False
Marmosa andersoni,Didelphimorphia,Didelphidae,47.4,,,,,,,,-13.52,-72.58,Marmosa andersoni,3606693,False
Marmosa lepida,Didelphimorphia,Didelphidae,14.0,,4.99,,,,,,-5.41,-65.83,Marmosa lepida,86714,False
Marmosa mexicana,Didelphimorphia,Didelphidae,49.06,,11.6,,84.0,,,2.0,15.53,-89.77,Marmosa mexicana,137244,False
Marmosa murina,Didelphimorphia,Didelphidae,36.28,13.27,8.4,,,55.8,62.0,2.0,-5.88,-56.28,Marmosa murina,86716,False
Marmosa quichua,Didelphimorphia,Didelphidae,,,,,,,,,,,Marmosa quichua,3606694,False
Marmosa robinsoni,Didelphimorphia,Didelphidae,60.57,13.83,9.5,0.00155313,24.0,189.03,64.63,2.0,7.11,-75.32,Marmosa robinsoni,512835,False
Marmosa rubra,Didelphimorphia,Didelphidae,62.99,,,,,,,,-4.12,-75.52,Marmosa rubra,606424,False
Marmosa tyleriana,Didelphimorphia,Didelphidae,32.4,,3.0,,,,,,3.8,-64.28,Marmosa tyleriana,1065277,False
Marmosa xerophila,Didelphimorphia,Didelphidae,46.2,,,,,,,,11.07,-70.47,Marmosa xerophila,1065280,False
Marmosops bishopi,Didelphimorphia,Didelphidae,,,,,,,,,,,Marmosops bishopi,3606669,False
Marmosops cracens,Didelphimorphia,Didelphidae,26.26,,,,,,,,10.99,-68.97,Marmosops cracens,3606684,False
Marmosops dorothea,Didelphimorphia,Didelphidae,37.5,,,,,,,,-16.54,-63.67,Marmosops dorothea,512837,False
Marmosops fuscatus,Didelphimorphia,Didelphidae,45.15,,5.47,,,88.57,,2.0,8.31,-66.91,Marmosops fuscatus,3606670,False
Marmosops handleyi,Didelphimorphia,Didelphidae,30.7,,,,,,,,7.1,-75.46,Marmosops handleyi,3606683,False
Marmosops impavidus,Didelphimorphia,Didelphidae,41.71,,,,,,,,-1.03,-72.52,Marmosops impavidus,84818,False
Marmosops incanus,Didelphimorphia,Didelphidae,59.88,,,,,,64.63,2.0,,,Marmosops incanus,505495,False
Marmosops invictus,Didelphimorphia,Didelphidae,29.19,,,,,,,2.0,8.18,-80.0,Marmosops invictus,297968,False
Marmosops juninensis,Didelphimorphia,Didelphidae,,,,,,,,,,,Marmosops juninensis,3606675,False
Marmosops neblina,Didelphimorphia,Didelphidae,,,,,,,,,,,Marmosops neblina,3606671,False
Hylobates moloch,Primates,Hylobatidae,5860.81,241.2,1.0,0.12,,6.18,,2.0,-7.0,108.51,Hylobates moloch,732213,False
Hylobates muelleri,Primates,Hylobatidae,5909.81,206.7,1.02,0.26,,10.2,,2.0,1.13,114.05,Hylobates muelleri,995050,False
Hylobates pileatus,Primates,Hylobatidae,5542.37,200.16,1.0,0.23,432.0,23.7,635.13,2.0,12.92,103.67,Hylobates pileatus,995054,False
Hylochoerus meinertzhageni,Artiodactyla,Suidae,198130.47,151.0,4.0,,216.0,1.5,62.82,1.0,3.65,13.31,Hylochoerus meinertzhageni,1077367,False
Hylomys megalotis,Erinaceomorpha,Erinaceidae,,,,,,,,,,,Hylomys megalotis,3614706,False
Hylomys parvus,Erinaceomorpha,Erinaceidae,,,,,,,,,-1.69,101.26,Hylomys parvus,935425,False
Hylomys suillus,Erinaceomorpha,Erinaceidae,57.61,32.71,2.29,0.001894621,,156.67,,2.0,8.46,106.42,Hylomys suillus,17267,False
Hylomyscus aeta,Rodentia,Muridae,22.13,,4.18,,,,,,0.29,20.03,Hylomyscus aeta,169550,False
Hylomyscus alleni,Rodentia,Muridae,19.94,29.0,3.0,,,,,,5.77,1.49,Hylomyscus alleni,844520,False
Hylomyscus baeri,Rodentia,Muridae,,,,,,,,,6.19,-2.55,Hylomyscus baeri,169552,False
Hylomyscus carillus,Rodentia,Muridae,,,,,,,,,-10.46,17.2,Hylomyscus carillus,3608636,False
Hylomyscus denniae,Rodentia,Muridae,35.99,,4.61,,,,,,-6.02,31.34,Hylomyscus denniae,565395,False
Hylomyscus grandis,Rodentia,Muridae,,,,,,,,,,,Hylomyscus grandis,541011,False
Hylomyscus parvus,Rodentia,Muridae,14.49,,,,,,,,2.57,17.67,Hylomyscus parvus,143561,False
Hylomyscus stella,Rodentia,Muridae,18.99,29.49,3.11,,,,,,0.73,19.66,Hylomyscus stella,185338,False
Hylonycteris underwoodi,Chiroptera,Phyllostomidae,7.5,,0.99,,,,,,14.82,-93.89,Hylonycteris underwoodi,658357,False
Hylopetes alboniger,Rodentia,Sciuridae,255.38,,2.23,,,,,,20.24,98.32,Hylopetes alboniger,348565,False
Hylopetes bartelsi,Rodentia,Sciuridae,,,,,,,,,-6.88,107.46,Hylopetes bartelsi,3609033,False
Hylopetes lepidus,Rodentia,Sciuridae,63.28,40.0,2.0,,,,,2.0,-1.25,111.46,Hylopetes lepidus,348556,False
Hylopetes nigripes,Rodentia,Sciuridae,,,,,,,,2.0,9.81,118.39,Hylopetes nigripes,348558,False
Hylopetes phayrei,Rodentia,Sciuridae,226.99,,,,,,,,18.89,102.17,Hylopetes phayrei,43432,False
Hylopetes platyurus,Rodentia,Sciuridae,56.98,,,,,,,,0.09,101.01,Hylopetes platyurus,3609037,False
Hylopetes sipora,Rodentia,Sciuridae,,,,,,,,,-2.21,99.68,Hylopetes sipora,3609038,False
Hylopetes spadiceus,Rodentia,Sciuridae,118.1,,,,,,,,6.92,102.23,Hylopetes spadiceus,348577,False
Hylopetes winstoni,Rodentia,Sciuridae,,,,,,,,,4.73,96.72,Hylopetes winstoni,3609039,False
Hyomys dammermani,Rodentia,Muridae,932.5,,1.07,,,,,1.0,-3.37,138.04,Hyomys dammermani,3608735,False
Hyomys goliath,Rodentia,Muridae,866.74,,1.0,,,,,1.0,-7.66,146.63,Hyomys goliath,156338,False
Hyosciurus heinrichi,Rodentia,Sciuridae,,,,,,,,,-2.19,120.42,Hyosciurus heinrichi,97836,False
Hyosciurus ileile,Rodentia,Sciuridae,,,,,,,,,0.83,121.51,Hyosciurus ileile,3609138,False
Hyperacrius fertilis,Rodentia,Cricetidae,22.25,,2.5,,,,,,34.24,73.66,Hyperacrius fertilis,3610793,False
Hyperacrius wynnei,Rodentia,Cricetidae,52.6,,2.5,,,,,,34.24,73.66,Hyperacrius wynnei,3610789,False
Hyperoodon ampullatus,Cetacea,Ziphiidae,3393361.08,365.0,1.0,,444.0,,365.0,3.0,,,Hyperoodon ampullatus,1003913,False
Hyperoodon planifrons,Cetacea,Ziphiidae,3000000.01,,,,,,,3.0,,,Hyperoodon planifrons,1021371,False
Hypogeomys antimena,Rodentia,Nesomyidae,1175.93,,1.26,0.02,,63.33,,1.0,-20.06,44.81,Hypogeomys antimena,42,False
Hypsignathus monstrosus,Chiroptera,Pteropodidae,336.97,125.14,1.4,,,,,1.0,1.28,9.73,Hypsignathus monstrosus,265188,False
Hypsiprymnodon moschatus,Diprotodontia,Hypsiprymnodontidae,534.25,,2.04,,72.0,239.99,268.47,2.0,-17.54,145.65,Hypsiprymnodon moschatus,262996,False
Hypsugo alaschanicus,Chiroptera,Vespertilionidae,,,,,,,,,36.1,127.85,Hypsugo alaschanicus,709480,False
Hypsugo anchietae,Chiroptera,Vespertilionidae,,,,,,,,,-18.19,23.46,Hypsugo anchietae,450573,False
Hypsugo anthonyi,Chiroptera,Vespertilionidae,,,,,,,,,26.46,96.34,Hypsugo anthonyi,3613829,False
Hypsugo arabicus,Chiroptera,Vespertilionidae,3.17,,,,,,,,23.34,56.97,Hypsugo arabicus,3613869,False
Hypsugo ariel,Chiroptera,Vespertilionidae,,,,,,,,,22.04,33.37,Hypsugo ariel,743480,False
Hypsugo bodenheimeri,Chiroptera,Vespertilionidae,2.73,,,,,,,,22.22,39.46,Hypsugo bodenheimeri,3613837,False
Hypsugo cadornae,Chiroptera,Vespertilionidae,6.69,,,,,,,,22.59,94.02,Hypsugo cadornae,626354,False
Hypsugo crassulus,Chiroptera,Vespertilionidae,6.09,,,,,,,,-1.37,12.42,Parahypsugo crassulus,136222,True
Hypsugo eisentrauti,Chiroptera,Vespertilionidae,6.11,,,,,,,,1.62,25.97,Parahypsugo eisentrauti,635106,True
Hypsugo imbricatus,Chiroptera,Vespertilionidae,6.29,,,,,,,3.0,-1.96,114.05,Hypsugo imbricatus,3613840,False
Hypsugo joffrei,Chiroptera,Vespertilionidae,,,,,,,,,26.0,97.5,Hypsugo joffrei,3613846,False
Hypsugo kitcheneri,Chiroptera,Vespertilionidae,,,,,,,,,-0.93,115.74,Hypsugo kitcheneri,3613853,False
Hypsugo lophurus,Chiroptera,Vespertilionidae,,,,,,,,,10.23,98.63,Hypsugo lophurus,3613863,False
Hypsugo macrotis,Chiroptera,Vespertilionidae,,,,,,,,,-1.63,107.96,Hypsugo macrotis,3613831,False
Hypsugo musciculus,Chiroptera,Vespertilionidae,,,,,,,,,-1.5,19.83,Hypsugo musciculus,3613836,False
Hypsugo pulveratus,Chiroptera,Vespertilionidae,5.53,,,,,,,,25.99,109.28,Hypsugo pulveratus,1022374,False
Hypsugo savii,Chiroptera,Vespertilionidae,6.3,,2.0,,,,52.1,3.0,37.82,70.01,Hypsugo savii,1080298,False
Hypsugo vordermanni,Chiroptera,Vespertilionidae,,,,,,,,,-0.73,109.39,Hypsugo vordermanni,3613907,False
Hystrix africaeaustralis,Rodentia,Hystricidae,14936.02,93.49,1.51,1.31,240.0,,70.34,1.0,-17.01,24.88,Hystrix africaeaustralis,220335,False
Hystrix brachyura,Rodentia,Hystricidae,8000.0,112.0,1.41,,327.6,,,2.0,15.12,102.27,Hystrix brachyura,67361,False
Hystrix crassispinis,Rodentia,Hystricidae,4584.6,112.0,,,,,,2.0,0.33,113.38,Hystrix crassispinis,3609877,False
Hystrix cristata,Rodentia,Hystricidae,13406.27,79.19,1.73,0.74,,,,2.0,16.46,16.93,Hystrix cristata,220326,False
Hystrix indica,Rodentia,Hystricidae,14298.6,112.0,1.73,1.05,,5.11,,2.0,24.7,56.38,Hystrix indica,276719,False
Hystrix javanica,Rodentia,Hystricidae,,112.0,,,,,,2.0,-7.49,114.1,Hystrix javanica,3609873,False
Hystrix pumila,Rodentia,Hystricidae,3544.26,112.0,,,114.0,,,2.0,10.06,118.63,Hystrix pumila,3609872,False
Hystrix sumatrae,Rodentia,Hystricidae,,112.0,,,,,,2.0,1.42,100.61,Hystrix sumatrae,3609870,False
Ia io,Chiroptera,Vespertilionidae,49.3,,,,,,,,24.68,98.75,Ia io,797470,False
Ichneumia albicauda,Carnivora,Herpestidae,3628.4,,2.35,0.5,144.0,3.7,,3.0,-3.69,21.15,Ichneumia albicauda,159576,False
Ichthyomys hydrobates,Rodentia,Cricetidae,66.39,,,,,,,3.0,4.4,-73.85,Ichthyomys hydrobates,3611175,False
Ichthyomys pittieri,Rodentia,Cricetidae,69.1,,,,,,,3.0,10.18,-67.48,Ichthyomys pittieri,3611176,False
Ichthyomys stolzmanni,Rodentia,Cricetidae,84.7,,,,,,,3.0,-6.96,-78.38,Ichthyomys stolzmanni,3611174,False
Ichthyomys tweedii,Rodentia,Cricetidae,118.5,,1.94,,,,,3.0,4.19,-79.23,Ichthyomys tweedii,3611168,False
Ictonyx libyca,Carnivora,Mustelidae,225.18,37.78,2.0,,60.0,,,2.0,23.09,10.19,Ictonyx libyca,1061038,False
Ictonyx striatus,Carnivora,Mustelidae,811.02,36.76,2.3,,160.0,,59.09,2.0,-6.1,15.42,Ictonyx striatus,111024,False
Idionycteris phyllotis,Chiroptera,Vespertilionidae,12.13,,0.99,,38.0,,,,26.79,-104.98,Idionycteris phyllotis,401287,False
Idiurus macrotis,Rodentia,Anomaluridae,27.23,,0.97,,,374.23,,1.0,2.26,8.92,Idiurus macrotis,530207,False
Idiurus zenkeri,Rodentia,Anomaluridae,100.0,,1.0,,,,,,0.02,19.8,Idiurus zenkeri,3609278,False
Indopacetus pacificus,Cetacea,Ziphiidae,2200000.0,,,,,,,,,,Indopacetus pacificus,575100,False
Indri indri,Primates,Indriidae,8565.48,136.5,1.01,0.12,,10.62,331.34,1.0,-17.23,48.86,Indri indri,696022,False
Inia geoffrensis,Cetacea,Iniidae,121430.76,314.25,1.0,,360.0,,,3.0,,,Inia geoffrensis,698411,False
Iomys horsfieldii,Rodentia,Sciuridae,155.5,,2.64,,,,,,-0.85,106.17,Iomys horsfieldii,5852589,False
Iomys sipora,Rodentia,Sciuridae,,,,,,,,,-2.44,99.86,Iomys sipora,3609215,False
Irenomys tarsalis,Rodentia,Cricetidae,43.15,,3.85,,,287.87,,2.0,-41.63,-72.73,Irenomys tarsalis,913850,False
Isolobodon montanus,Rodentia,Capromyidae,,,,,,,,,,,Isolobodon montanus,3609735,False
Isolobodon portoricensis,Rodentia,Capromyidae,,,,,,,,,,,Isolobodon portoricensis,3609732,False
Isoodon auratus,Peramelemorphia,Peramelidae,425.0,12.0,2.6,0.12,,173.2,,2.0,-17.58,121.03,Isoodon auratus,603694,False
Isoodon macrourus,Peramelemorphia,Peramelidae,1505.77,12.51,3.13,0.02,36.0,70.0,62.99,2.0,-21.13,138.53,Isoodon macrourus,306792,False
Isoodon obesulus,Peramelemorphia,Peramelidae,824.76,15.0,2.33,0.01,45.0,40.0,59.99,2.0,-27.16,132.56,Isoodon obesulus,775066,False
Isothrix bistriata,Rodentia,Echimyidae,444.99,,0.97,,,,,,-5.43,-67.56,Isothrix bistriata,360974,False
Isothrix negrensis,Rodentia,Echimyidae,,,,,,,,,,,Isothrix negrensis,439340,False
Isothrix pagurus,Rodentia,Echimyidae,210.0,,,,,,,,-2.49,-57.5,Isothrix pagurus,360977,False
Isothrix sinnamariensis,Rodentia,Echimyidae,291.73,,,,,,,,,,Isothrix sinnamariensis,403299,False
Kerivoula eriophora,Chiroptera,Vespertilionidae,,,,,,,,,12.82,38.28,Kerivoula eriophora,3613754,False
Kerivoula flora,Chiroptera,Vespertilionidae,6.01,,1.0,,,,,,-1.87,118.72,Kerivoula flora,3613752,False
Kerivoula hardwickii,Chiroptera,Vespertilionidae,4.55,,1.0,,,,,,11.4,100.85,Kerivoula hardwickii,6790,False
Kerivoula intermedia,Chiroptera,Vespertilionidae,,,,,,,,,4.56,109.78,Kerivoula intermedia,183380,False
Kerivoula lanosa,Chiroptera,Vespertilionidae,6.66,,0.98,,,,,,-12.87,16.21,Kerivoula lanosa,3613757,False
Kerivoula lenis,Chiroptera,Vespertilionidae,,,,,,,,,,,Kerivoula lenis,183383,False
Kerivoula minuta,Chiroptera,Vespertilionidae,2.03,,,,,,,,6.1,107.95,Kerivoula minuta,1025538,False
Kerivoula muscina,Chiroptera,Vespertilionidae,5.29,,,,,,,,-6.67,145.51,Kerivoula muscina,3613759,False
Kerivoula myrella,Chiroptera,Vespertilionidae,,,,,,,,,-3.98,149.49,Kerivoula myrella,3613761,False
Kerivoula papillosa,Chiroptera,Vespertilionidae,10.21,,0.98,,,,,3.0,6.3,110.13,Kerivoula papillosa,493736,False
Kerivoula pellucida,Chiroptera,Vespertilionidae,4.14,,,,,,,,2.37,110.89,Kerivoula pellucida,11586,False
Kerivoula phalaena,Chiroptera,Vespertilionidae,3.03,,,,,,,,3.54,4.22,Kerivoula phalaena,3613764,False
Kerivoula picta,Chiroptera,Vespertilionidae,4.5,,1.0,,,,,,9.45,100.82,Kerivoula picta,1022368,False
Kerivoula smithii,Chiroptera,Vespertilionidae,,,0.98,,,,,,2.65,14.94,Kerivoula smithii,3613766,False
Kerivoula whiteheadi,Chiroptera,Vespertilionidae,3.29,,,,,,,,10.45,112.94,Kerivoula whiteheadi,183386,False
Kerodon acrobata,Rodentia,Caviidae,,,,,,,,,,,Kerodon acrobata,452270,False
Kerodon rupestris,Rodentia,Caviidae,799.15,75.89,1.52,,132.0,,34.9,1.0,-9.78,-42.32,Kerodon rupestris,1010509,False
Kobus ellipsiprymnus,Artiodactyla,Bovidae,204393.48,270.0,1.0,1.28,239.04,2.46,212.91,1.0,-6.47,14.41,Kobus ellipsiprymnus,122645,False
Kobus kob,Artiodactyla,Bovidae,80035.21,254.76,1.0,99.57,263.04,2.6,188.64,1.0,6.17,9.5,Kobus kob,938445,False
Kobus leche,Artiodactyla,Bovidae,88645.04,229.8,1.0,,222.96,31.0,133.45,1.0,-14.22,24.61,Kobus leche,938443,False
Kobus megaceros,Artiodactyla,Bovidae,85805.93,,,,224.04,0.34,,,8.02,31.9,Kobus megaceros,938441,False
Kobus vardonii,Artiodactyla,Bovidae,71462.72,258.09,1.0,,,4.78,212.91,1.0,-10.68,27.43,Kobus vardonii,938437,False
Kogia breviceps,Cetacea,Physeteridae,431500.0,,0.97,,204.0,,,3.0,,,Kogia breviceps,825964,False
Kogia sima,Cetacea,Physeteridae,183066.66,273.75,1.0,,,,,3.0,,,Kogia sima,276857,False
Komodomys rintjanus,Rodentia,Muridae,,,,,,,,,-8.7,119.67,Komodomys rintjanus,3610864,False
Kunsia fronto,Rodentia,Cricetidae,167.99,,,,,,,1.0,-23.28,-51.6,Kunsia fronto,3608221,False
Kunsia tomentosus,Rodentia,Cricetidae,115.6,,,,,,,,-14.14,-62.02,Kunsia tomentosus,822517,False
Laephotis angolensis,Chiroptera,Vespertilionidae,,,,,,,,,-11.77,24.21,Laephotis angolensis,3613725,False
Laephotis botswanae,Chiroptera,Vespertilionidae,7.28,,,,,,,,-18.2,28.56,Laephotis botswanae,286110,False
Laephotis namibensis,Chiroptera,Vespertilionidae,,,,,,,,,-25.02,16.07,Laephotis namibensis,11548,False
Laephotis wintoni,Chiroptera,Vespertilionidae,6.1,,,,,,,,-15.15,27.59,Laephotis wintoni,1053237,False
Lagenodelphis hosei,Cetacea,Delphinidae,164000.0,,1.0,,,,,,,,Lagenodelphis hosei,336237,False
Lagenorhynchus acutus,Cetacea,Delphinidae,186517.55,319.37,1.22,,324.0,,547.5,3.0,,,Lagenorhynchus acutus,701486,False
Lagenorhynchus albirostris,Cetacea,Delphinidae,186634.86,365.0,1.0,,,,,3.0,,,Lagenorhynchus albirostris,825969,False
Lagenorhynchus australis,Cetacea,Delphinidae,119999.99,,,,,,,,,,Lagenorhynchus australis,1094080,False
Lagenorhynchus cruciger,Cetacea,Delphinidae,109999.99,,,,,,,,,,Lagenorhynchus cruciger,763851,False
Lagenorhynchus obliquidens,Cetacea,Delphinidae,109694.46,319.01,1.0,,300.0,,,3.0,,,Lagenorhynchus obliquidens,701489,False
Lagenorhynchus obscurus,Cetacea,Delphinidae,127499.99,,,,,,,3.0,,,Lagenorhynchus obscurus,548145,False
Lagidium peruanum,Rodentia,Chinchillidae,1220.0,140.0,1.0,,234.0,1.6,40.71,1.0,-12.2,-73.89,Lagidium peruanum,1009362,False
Lagidium viscacia,Rodentia,Chinchillidae,1539.99,129.99,1.0,,,,1.94,,-28.74,-67.67,Lagidium viscacia,109652,False
Lagidium wolffsohni,Rodentia,Chinchillidae,2682.0,,,,,,,,-49.94,-71.53,Lagidium wolffsohni,316297,False
Lagorchestes asomatus,Diprotodontia,Macropodidae,1500.0,,1.0,,,,,,,,Lagorchestes asomatus,3606983,False
Lagorchestes conspicillatus,Diprotodontia,Macropodidae,2821.01,31.09,1.0,,72.0,41.99,204.0,,-19.24,133.08,Lagorchestes conspicillatus,317154,False
Lagorchestes hirsutus,Diprotodontia,Macropodidae,1407.14,,1.0,,96.0,18.13,150.0,1.0,-25.01,113.11,Lagorchestes hirsutus,467069,False
Lagorchestes leporides,Diprotodontia,Macropodidae,3000.0,,1.0,,,,,,,,Lagorchestes leporides,3606984,False
Manis gigantea,Pholidota,Manidae,32999.7,,,,,,,,3.01,9.25,Manis gigantea,3613427,False
Manis javanica,Pholidota,Manidae,4861.71,,1.0,,,,,3.0,6.31,106.7,Manis javanica,644245,False
Manis pentadactyla,Pholidota,Manidae,4675.0,,1.0,,,,85.51,3.0,24.57,104.32,Manis pentadactyla,588292,False
Manis temminckii,Pholidota,Manidae,11943.74,139.0,1.0,10.22,,,59.27,3.0,-6.24,26.28,Manis temminckii,263949,False
Manis tetradactyla,Pholidota,Manidae,2749.98,,1.05,,,,,,1.42,8.06,Manis tetradactyla,849634,False
Manis tricuspis,Pholidota,Manidae,1539.31,126.85,1.0,,,44.28,177.82,,-0.23,9.54,Manis tricuspis,1079387,False
Margaretamys beccarii,Rodentia,Muridae,,,,,,,,,-0.95,121.29,Margaretamys beccarii,3610862,False
Meriones meridianus,Rodentia,Muridae,,23.95,5.64,,,,20.84,,39.67,81.19,Meriones meridianus,473225,False
Meriones persicus,Rodentia,Muridae,107.52,28.0,5.83,,,132.86,19.0,,33.27,56.0,Meriones persicus,3608993,False
Meriones rex,Rodentia,Muridae,,,,,,,,,18.22,45.36,Meriones rex,404784,False
Meriones sacramenti,Rodentia,Muridae,,,5.99,,,,,,31.46,34.62,Meriones sacramenti,3608990,False
Meriones shawi,Rodentia,Muridae,90.6,24.8,5.84,,,,29.31,,32.95,10.75,Meriones shawi,600710,False
Meriones tamariscinus,Rodentia,Muridae,,,4.04,,,,17.44,,43.78,70.63,Meriones tamariscinus,79088,False
Meriones tristrami,Rodentia,Muridae,111.62,23.99,5.8,,,,,,33.07,38.87,Meriones tristrami,438468,False
Meriones unguiculatus,Rodentia,Muridae,57.75,25.09,5.01,,24.0,,23.95,,45.12,108.49,Meriones unguiculatus,764841,False
Meriones vinogradovi,Rodentia,Muridae,117.0,21.89,7.48,,40.0,,,,37.35,45.2,Meriones vinogradovi,3608992,False
Meriones zarudnyi,Rodentia,Muridae,,,,,,,,,36.1,62.0,Meriones zarudnyi,3608988,False
Mesechinus dauuricus,Erinaceomorpha,Erinaceidae,,,,,,,,3.0,44.34,112.23,Mesechinus dauuricus,389123,False
Mesechinus hughi,Erinaceomorpha,Erinaceidae,,,,,,,,3.0,33.32,109.37,Mesechinus hughi,141852,False
Mesembriomys gouldii,Rodentia,Muridae,716.49,44.03,1.87,,46.8,,48.99,,-15.87,135.74,Mesembriomys gouldii,156332,False
Mesembriomys macrurus,Rodentia,Muridae,294.28,,2.0,,,,,,-14.63,129.12,Mesembriomys macrurus,875159,False
Megaerops kusnotoi,Chiroptera,Pteropodidae,,,,,,,,,-7.41,110.19,Megaerops kusnotoi,375229,False
Megaerops niphanae,Chiroptera,Pteropodidae,32.59,,,,,,,,20.07,98.77,Megaerops niphanae,558420,False
Megaerops wetmorei,Chiroptera,Pteropodidae,18.7,,,,,,,,5.01,113.29,Megaerops wetmorei,146346,False
Megaloglossus woermanni,Chiroptera,Pteropodidae,16.71,,1.0,,,,,,-1.12,10.62,Megaloglossus woermanni,687496,False
Molossus pretiosus,Chiroptera,Molossidae,98.0,,0.98,,,,,,8.35,-79.65,Molossus pretiosus,3614002,False
Molossus rufus,Chiroptera,Molossidae,,,,,,,,,-1.59,-71.52,Molossus rufus,267993,False
Molossus sinaloae,Chiroptera,Molossidae,21.09,,1.03,,,,47.25,3.0,12.5,-79.9,Molossus sinaloae,687490,False
Monachus monachus,Carnivora,Phocidae,294881.33,334.58,1.0,,284.4,,42.75,2.0,,,Monachus monachus,759722,False
Monachus schauinslandi,Carnivora,Phocidae,222999.99,344.15,1.0,,360.0,,37.13,2.0,,,Neomonachus schauinslandi,180367,True
Monachus tropicalis,Carnivora,Phocidae,197758.36,,1.0,,,,,3.0,,,Neomonachus tropicalis,3612943,True
Monodelphis adusta,Didelphimorphia,Didelphidae,36.04,,,,,,,2.0,-2.24,-73.86,Monodelphis adusta,84829,False
Monodelphis americana,Didelphimorphia,Didelphidae,19.5,,,0.000536788,,,,3.0,-12.19,-42.02,Monodelphis americana,446727,False
Monodelphis brevicaudata,Didelphimorphia,Didelphidae,78.84,,7.24,,12.0,49.81,,2.0,,,Monodelphis brevicaudata,553039,False
Monodelphis dimidiata,Didelphimorphia,Didelphidae,44.56,,12.0,,12.0,200.0,55.68,2.0,-30.53,-56.72,Monodelphis dimidiata,842010,False
Monodelphis domestica,Didelphimorphia,Didelphidae,93.45,14.55,7.29,,72.0,400.0,49.49,3.0,-14.13,-49.15,Monodelphis domestica,122362,False
Monodelphis emiliae,Didelphimorphia,Didelphidae,52.33,,,,,,,3.0,-6.87,-61.66,Monodelphis emiliae,86712,False
Monodelphis glirina,Didelphimorphia,Didelphidae,,,,,,,,,,,Monodelphis glirina,697788,False
Monodelphis iheringi,Didelphimorphia,Didelphidae,112.0,,,,,,,3.0,-25.8,-48.26,Monodelphis iheringi,1053505,False
Monodelphis kunsi,Didelphimorphia,Didelphidae,11.3,,,,,,,3.0,-17.92,-56.55,Monodelphis kunsi,553037,False
Monodelphis maraxina,Didelphimorphia,Didelphidae,,,,,,,,3.0,-0.95,-49.56,Monodelphis maraxina,3606705,False
Monodelphis osgoodi,Didelphimorphia,Didelphidae,112.0,,,,,,,3.0,-17.61,-65.71,Monodelphis osgoodi,391587,False
Monodelphis palliolata,Didelphimorphia,Didelphidae,,,,,,,,,,,Monodelphis palliolata,3606707,False
Megalomys desmarestii,Rodentia,Cricetidae,,,,,,,,,,,Megalomys desmarestii,3611100,False
Megalomys luciae,Rodentia,Cricetidae,,,,,,,,,,,Megalomys luciae,3610763,False
Megaoryzomys curioi,Rodentia,Cricetidae,,,,,,,,,,,Megaoryzomys curioi,4940996,False
Megaptera novaeangliae,Cetacea,Balaenopteridae,30000000.01,349.79,1.0,,1140.0,,318.46,3.0,,,Megaptera novaeangliae,226198,False
Megasorex gigas,Soricomorpha,Soricidae,11.71,,,,,,,,18.5,-101.32,Megasorex gigas,638166,False
Melanomys caliginosus,Rodentia,Cricetidae,41.0,,1.45,,,,,,6.22,-78.87,Melanomys caliginosus,48259,False
Melanomys robustulus,Rodentia,Cricetidae,53.5,,,,,,,,-4.04,-79.2,Melanomys robustulus,3608225,False
Melanomys zunigae,Rodentia,Cricetidae,53.5,,,,,,,,-9.56,-77.42,Melanomys zunigae,3608224,False
Melasmothrix naso,Rodentia,Muridae,,,,,,,,,-1.92,120.64,Melasmothrix naso,993024,False
Meles anakuma,Carnivora,Mustelidae,,,,,,,,,,,Meles anakuma,135341,False
Meles leucurus,Carnivora,Mustelidae,,,,,,,,,,,Meles leucurus,822221,False
Meles meles,Carnivora,Mustelidae,11884.03,48.6,3.11,1.2,194.4,2.52,91.3,3.0,,,Meles meles,923113,False
Mellivora capensis,Carnivora,Mustelidae,8999.99,181.46,2.35,,318.0,,23.86,2.0,4.13,35.1,Mellivora capensis,923109,False
Miopithecus talapoin,Primates,Cercopithecidae,1248.86,164.38,1.01,0.8,370.8,42.07,178.98,2.0,-7.68,15.01,Miopithecus talapoin,975092,False
Mirounga angustirostris,Carnivora,Phocidae,1112390.81,290.63,1.0,,243.5,,27.37,2.0,,,Mirounga angustirostris,175268,False
Mirounga leonina,Carnivora,Phocidae,1600000.0,243.33,1.0,,276.0,,22.93,3.0,,,Mirounga leonina,175270,False
Mirza coquereli,Primates,Cheirogaleidae,326.5,88.58,1.71,0.03,183.6,107.17,136.0,2.0,-18.34,46.41,Mirza coquereli,16910,False
Mogera imaizumii,Soricomorpha,Talpidae,65.53,,3.25,,42.0,,,2.0,37.63,136.47,Mogera imaizumii,201757,False
Mogera insularis,Soricomorpha,Talpidae,,,,,,,,3.0,25.23,111.71,Mogera insularis,201749,False
Mogera tokudae,Soricomorpha,Talpidae,133.48,40.0,3.26,,,,,2.0,37.9,138.72,Mogera tokudae,767008,False
Mogera uchidai,Soricomorpha,Talpidae,,,,,,,,3.0,25.74,123.48,Mogera uchidai,3614249,False
Mogera wogura,Soricomorpha,Talpidae,96.88,40.0,3.78,,42.0,4999.99,,2.0,40.18,131.95,Mogera wogura,634080,False
Molossops aequatorianus,Chiroptera,Molossidae,,,,,,,,3.0,-1.05,-79.38,Molossops aequatorianus,3613956,False
Molossops mattogrossensis,Chiroptera,Molossidae,7.48,,,,,,,3.0,-3.12,-51.69,Molossops mattogrossensis,132211,False
Molossops neglectus,Chiroptera,Molossidae,,,,,,,,3.0,-10.23,-61.4,Molossops neglectus,856222,False
Molossops temminckii,Chiroptera,Molossidae,5.86,,0.98,,,,,3.0,-15.27,-55.7,Molossops temminckii,633522,False
Molossus aztecus,Chiroptera,Molossidae,14.86,,,,,,,,16.04,-94.89,Molossus aztecus,3614005,False
Molossus barnesi,Chiroptera,Molossidae,,,,,,,,,4.99,-52.7,Molossus barnesi,3614006,False
Molossus coibensis,Chiroptera,Molossidae,,,,,,,,,-0.47,-73.63,Molossus coibensis,485768,False
Molossus currentium,Chiroptera,Molossidae,17.79,,0.99,,,,,,3.75,-72.48,Molossus currentium,3614007,False
Molossus molossus,Chiroptera,Molossidae,13.7,107.97,0.99,,,,60.45,3.0,-5.16,-71.68,Molossus molossus,301603,False
Monodelphis rubida,Didelphimorphia,Didelphidae,45.5,,,,,,,3.0,-21.05,-48.84,Monodelphis rubida,3606706,False
Monodelphis scalops,Didelphimorphia,Didelphidae,763.19,,,,,,,3.0,-25.0,-48.76,Monodelphis scalops,697784,False
Monodelphis sorex,Didelphimorphia,Didelphidae,48.0,,,,,,,3.0,-24.35,-48.74,Monodelphis sorex,80082,False
Monodelphis theresa,Didelphimorphia,Didelphidae,112.0,,,,,,,3.0,-15.26,-58.84,Monodelphis theresa,849320,False
Monodelphis umbristriata,Didelphimorphia,Didelphidae,,,,,,,,,,,Monodelphis umbristriata,356001,False
Monodelphis unistriata,Didelphimorphia,Didelphidae,55.3,,,,,,,3.0,-24.11,-49.32,Monodelphis unistriata,3606709,False
Monodon monoceros,Cetacea,Monodontidae,938126.44,441.04,1.0,,480.0,,608.33,3.0,,,Monodon monoceros,306757,False
Monophyllus plethodon,Chiroptera,Phyllostomidae,15.33,,0.99,,,,,,15.66,-61.29,Monophyllus plethodon,227309,False
Monophyllus redmani,Chiroptera,Phyllostomidae,8.79,,0.99,,,,,2.0,20.39,-75.27,Monophyllus redmani,658352,False
Monticolomys koopmani,Rodentia,Nesomyidae,25.0,,,,,,,,,,Monticolomys koopmani,277070,False
Mops brachypterus,Chiroptera,Molossidae,16.0,,0.99,,,,,,1.43,13.12,Mops brachypterus,3613976,False
Mops condylurus,Chiroptera,Molossidae,26.59,88.64,1.0,,,,49.99,3.0,-5.77,16.93,Mops condylurus,1015438,False
Mops congicus,Chiroptera,Molossidae,42.84,,0.99,,,,,,5.23,14.52,Mops congicus,3613985,False
Mops demonstrator,Chiroptera,Molossidae,,,1.0,,,,,,7.32,31.61,Mops demonstrator,3613977,False
Mops leucostigma,Chiroptera,Molossidae,26.79,,,,,,,3.0,-18.57,46.85,Mops leucostigma,956751,False
Mops midas,Chiroptera,Molossidae,45.5,,1.22,,,,,3.0,-3.44,16.47,Mops midas,956753,False
Mops mops,Chiroptera,Molossidae,31.12,,,,,,,3.0,0.38,105.68,Mops mops,598195,False
Mops nanulus,Chiroptera,Molossidae,,,1.0,,,,,,1.89,11.86,Mops nanulus,3613983,False
Mops niangarae,Chiroptera,Molossidae,,,,,,,,,3.66,27.84,Mops niangarae,3613981,False
Mops niveiventer,Chiroptera,Molossidae,21.82,,1.0,,,,,3.0,-15.7,26.61,Mops niveiventer,3613975,False
Mops petersoni,Chiroptera,Molossidae,,,,,,,,,4.7,5.33,Mops petersoni,3613946,False
Mops sarasinorum,Chiroptera,Molossidae,,,,,,,,3.0,6.47,121.88,Mops sarasinorum,3613980,False
Mops spurrelli,Chiroptera,Molossidae,8.08,,,,,,,,5.57,3.37,Mops spurrelli,3613984,False
Mops thersites,Chiroptera,Molossidae,21.99,,1.0,,,,,,1.39,10.34,Mops thersites,3613979,False
Mops trevori,Chiroptera,Molossidae,,,0.98,,,,,,3.58,30.5,Mops trevori,3613982,False
Mormoops blainvillei,Chiroptera,Mormoopidae,8.69,,,,,,,3.0,20.39,-75.27,Mormoops blainvillei,554248,False
Mormoops magna,Chiroptera,Mormoopidae,,,,,,,,,,,Mormoops magna,3614026,False
Mormoops megalophylla,Chiroptera,Mormoopidae,16.09,,0.99,,,,,3.0,13.01,-87.94,Mormoops megalophylla,342713,False
Mormopterus acetabulosus,Chiroptera,Molossidae,,,,,,,,,-10.65,43.72,Mormopterus acetabulosus,131230,False
Mormopterus beccarii,Chiroptera,Molossidae,14.3,,,,,,,3.0,-12.96,133.37,Mormopterus beccarii,1066068,False
Mormopterus doriae,Chiroptera,Molossidae,,,,,,,,3.0,3.32,98.26,Mormopterus doriae,3613995,False
Mormopterus jugularis,Chiroptera,Molossidae,11.56,,,,,,,3.0,-20.8,46.74,Mormopterus jugularis,435177,False
Mormopterus kalinowskii,Chiroptera,Molossidae,,,,,,,,,-13.38,-74.36,Mormopterus kalinowskii,301610,False
Mormopterus loriae,Chiroptera,Molossidae,7.0,,,,,,,,-15.51,131.57,Mormopterus loriae,3613996,False
Mormopterus minutus,Chiroptera,Molossidae,,,,,,,,,21.51,-79.54,Mormopterus minutus,3613994,False
Mormopterus norfolkensis,Chiroptera,Molossidae,8.0,,1.0,,,,,,-31.02,159.13,Mormopterus norfolkensis,3613993,False
Mormopterus phrudus,Chiroptera,Molossidae,,,,,,,,,-12.03,-73.52,Mormopterus phrudus,3614001,False
Mormopterus planiceps,Chiroptera,Molossidae,9.24,106.86,0.99,,,,,,-30.64,133.65,Mormopterus planiceps,171158,False
Moschiola meminna,Artiodactyla,Tragulidae,3130.95,153.53,1.5,,,2.74,,,14.97,80.28,Moschiola meminna,612931,False
Moschus anhuiensis,Artiodactyla,Moschidae,,,,,,,,,,,Moschus anhuiensis,667404,False
Moschus berezovskii,Artiodactyla,Moschidae,12477.41,184.24,1.2,0.13,,,47.14,1.0,28.85,104.43,Moschus berezovskii,807545,False
Moschus chrysogaster,Artiodactyla,Moschidae,13697.9,188.0,1.2,0.13,,,47.14,1.0,32.72,95.86,Moschus chrysogaster,233508,False
Moschus cupreus,Artiodactyla,Moschidae,,,,,,,,,,,Moschus cupreus,3611576,False
Moschus fuscus,Artiodactyla,Moschidae,13697.9,,,0.13,,,47.14,1.0,28.75,94.12,Moschus fuscus,233511,False
Moschus leucogaster,Artiodactyla,Moschidae,,,,,,,,,,,Moschus leucogaster,233513,False
Moschus moschiferus,Artiodactyla,Moschidae,13315.57,175.92,1.74,0.13,,,47.14,1.0,53.39,124.87,Moschus moschiferus,233514,False
Mosia nigrescens,Chiroptera,Emballonuridae,3.33,,0.98,,,,,,-4.1,140.57,Mosia nigrescens,464407,False
Mungos gambianus,Carnivora,Herpestidae,1644.98,,,,,,,2.0,9.06,-1.11,Mungos gambianus,3613278,False
Mungos mungo,Carnivora,Herpestidae,1260.0,60.91,2.68,1.66,144.0,16.98,20.88,3.0,-8.34,16.93,Mungos mungo,333729,False
Mungotictis decemlineata,Carnivora,Eupleridae,657.03,100.83,0.99,1.19,,7.33,45.1,3.0,-20.79,44.45,Mungotictis decemlineata,995905,False
Muntiacus atherodes,Artiodactyla,Cervidae,18939.1,,,,,,,1.0,1.16,116.24,Muntiacus atherodes,3611946,False
Muntiacus crinifrons,Artiodactyla,Cervidae,18590.01,195.57,1.0,,,,,2.0,29.44,118.63,Muntiacus crinifrons,418001,False
Marmosops noctivagus,Didelphimorphia,Didelphidae,39.77,,,,,13.28,,,-7.69,-67.21,Marmosops noctivagus,86718,False
Marmosops parvidens,Didelphimorphia,Didelphidae,15.0,,4.05,,,14.4,,2.0,,,Marmosops parvidens,86710,False
Marmosops paulensis,Didelphimorphia,Didelphidae,38.89,,,,,,,,,,Marmosops paulensis,3606668,False
Marmosops pinheiroi,Didelphimorphia,Didelphidae,,,,,,,,,,,Marmosops pinheiroi,81820,False
Marmota baibacina,Rodentia,Sciuridae,,40.0,5.99,,,,,,48.67,82.68,Marmota baibacina,491812,False
Marmota bobak,Rodentia,Sciuridae,,40.49,6.2,,180.0,,37.5,,51.45,57.48,Marmota bobak,531857,False
Marmota broweri,Rodentia,Sciuridae,,,,,,,,,68.5,-150.78,Marmota broweri,531855,False
Marmota caligata,Rodentia,Sciuridae,2253.71,30.0,4.67,,,,24.36,,57.58,-139.43,Marmota caligata,10477,False
Marmota camtschatica,Rodentia,Sciuridae,,,4.99,,,,,,61.26,137.61,Marmota camtschatica,10479,False
Marmota caudata,Rodentia,Sciuridae,4350.0,30.74,3.65,0.03,,,34.8,,37.7,72.14,Marmota caudata,957478,False
Marmota flaviventris,Rodentia,Sciuridae,3709.73,30.39,4.66,0.01,96.0,6.9,25.0,1.0,42.67,-111.9,Marmota flaviventris,63459,False
Marmota himalayana,Rodentia,Sciuridae,,,,,,,,,34.36,89.05,Marmota himalayana,10475,False
Marmota marmota,Rodentia,Sciuridae,4059.15,35.22,4.0,0.01,216.0,583.5,49.18,1.0,46.15,9.96,Marmota marmota,630991,False
Marmota menzbieri,Rodentia,Sciuridae,,,2.73,,180.0,,,2.0,41.81,70.73,Marmota menzbieri,10486,False
Marmota monax,Rodentia,Sciuridae,3880.93,31.5,4.1,0.01,120.0,136.7,43.83,2.0,48.68,-102.92,Marmota monax,630994,False
Marmota olympus,Rodentia,Sciuridae,6299.99,,4.0,,,,34.73,,47.66,-123.64,Marmota olympus,10488,False
Marmota sibirica,Rodentia,Sciuridae,,41.0,4.5,,,,,,47.66,107.02,Marmota sibirica,63467,False
Lemmus amurensis,Rodentia,Cricetidae,,,,,,,,,57.91,135.3,Lemmus amurensis,398215,False
Lemmus lemmus,Rodentia,Cricetidae,67.62,20.11,5.1,,24.0,,20.15,,67.92,31.27,Lemmus lemmus,934731,False
Lemmus portenkoi,Rodentia,Cricetidae,,,,,,,,,71.18,0.0,Lemmus portenkoi,3608476,False
Lemmus sibiricus,Rodentia,Cricetidae,53.81,20.74,6.39,0.006494881,,,,,70.7,102.28,Lemmus sibiricus,1024554,False
Lemmus trimucronatus,Rodentia,Cricetidae,69.82,20.77,6.86,0.005384903,,1784.72,,,62.92,-115.83,Lemmus trimucronatus,498753,False
Lemniscomys barbarus,Rodentia,Muridae,26.15,,4.61,,,,,,,,Lemniscomys barbarus,771874,False
Lemniscomys bellieri,Rodentia,Muridae,,,,,,,,,8.38,-5.88,Lemniscomys bellieri,686845,False
Lemniscomys griselda,Rodentia,Muridae,55.87,,3.68,,,342.79,,,-12.14,17.1,Lemniscomys griselda,167551,False
Lemniscomys hoogstraali,Rodentia,Muridae,,,,,,,,,10.62,32.12,Lemniscomys hoogstraali,3608760,False
Lasiopodomys brandtii,Rodentia,Cricetidae,,,,,,,,,47.06,108.77,Lasiopodomys brandtii,427965,False
Lasiopodomys fuscus,Rodentia,Cricetidae,,,,,,,,,34.14,95.97,Neodon fuscus,818953,True
Lasiopodomys mandarinus,Rodentia,Cricetidae,,,,,,,,,41.46,115.72,Lasiopodomys mandarinus,662395,False
Lasiorhinus krefftii,Diprotodontia,Vombatidae,31849.99,,1.0,0.05,360.0,21.99,362.93,1.0,-23.09,147.27,Lasiorhinus krefftii,577469,False
Lasiorhinus latifrons,Diprotodontia,Vombatidae,26163.8,20.74,1.0,,294.0,67.99,326.07,1.0,-32.27,133.28,Lasiorhinus latifrons,461135,False
Lasiurus atratus,Chiroptera,Vespertilionidae,,,,,,,,,,,Lasiurus atratus,61857,False
Lasiurus blossevillii,Chiroptera,Vespertilionidae,,,,,,,,,8.3,-86.56,Lasiurus blossevillii,362948,False
Lemniscomys linulus,Rodentia,Muridae,,,,,,,,,11.47,-8.52,Lemniscomys linulus,3608761,False
Lemniscomys macculus,Rodentia,Muridae,26.5,,,,,,,,2.82,30.24,Lemniscomys macculus,911464,False
Lemniscomys mittendorfi,Rodentia,Muridae,41.85,,,,,,,,6.49,10.46,Lemniscomys mittendorfi,3608759,False
Lemniscomys rosalia,Rodentia,Muridae,49.92,,,,,,,,-15.23,25.24,Lemniscomys rosalia,1071848,False
Lemniscomys roseveari,Rodentia,Muridae,,,,,,,,,-12.99,25.13,Lemniscomys roseveari,3608758,False
Lemniscomys striatus,Rodentia,Muridae,43.65,25.15,4.64,,30.0,688.24,27.28,,0.99,11.84,Lemniscomys striatus,911461,False
Lemniscomys zebra,Rodentia,Muridae,,,,,,,,,6.01,11.62,Lemniscomys zebra,911453,False
Lemur catta,Primates,Lemuridae,2626.48,134.74,1.18,0.05,360.0,215.0,126.51,2.0,-23.05,45.14,Lemur catta,913930,False
Lenomys meyeri,Rodentia,Muridae,,,,,,,,,-1.97,121.99,Lenomys meyeri,3610594,False
Lenothrix canus,Rodentia,Muridae,150.0,,2.91,,45.6,,,,2.57,109.14,Lenothrix canus,3610962,False
Lenoxus apicalis,Rodentia,Cricetidae,53.6,,,,,,,,-14.62,-69.65,Lenoxus apicalis,913878,False
Leontopithecus caissara,Primates,Cebidae,604.01,,,,,,,,-25.68,-48.68,Leontopithecus caissara,3607559,False
Leontopithecus chrysomelas,Primates,Cebidae,572.8,,2.04,0.24,,8.76,,,-15.01,-39.77,Leontopithecus chrysomelas,341890,False
Leontopithecus chrysopygus,Primates,Cebidae,656.12,,,0.83,,,,2.0,-21.99,-49.76,Leontopithecus chrysopygus,566865,False
Leontopithecus rosalia,Primates,Cebidae,592.52,134.0,1.94,0.26,297.6,4.07,75.69,2.0,-22.1,-42.04,Leontopithecus rosalia,921451,False
Leopardus braccatus,Carnivora,Felidae,,,,,,,,,-24.26,-54.78,Leopardus braccatus,3613208,False
Leopardus colocolo,Carnivora,Felidae,,,,,,,,,-25.46,-69.95,Leopardus colocolo,86175,False
Leopardus geoffroyi,Carnivora,Felidae,,,,,,,,,-33.21,-61.27,Leopardus geoffroyi,774303,False
Leopardus guigna,Carnivora,Felidae,,,,,,,,,-39.4,-72.53,Leopardus guigna,507542,False
Leopardus jacobitus,Carnivora,Felidae,8133.78,,,,,,,3.0,-20.56,-69.36,Leopardus jacobita,904397,True
Leopardus pajeros,Carnivora,Felidae,,,,,,,,,-26.41,-70.23,Leopardus pajeros,3613206,False
Leopardus pardalis,Carnivora,Felidae,11880.0,81.99,1.66,5.08,243.6,0.42,106.18,3.0,-0.41,-74.28,Leopardus pardalis,752746,False
Leopardus tigrinus,Carnivora,Felidae,,,,,,,,,-9.35,-59.58,Leopardus tigrinus,774309,False
Leopardus wiedii,Carnivora,Felidae,3270.81,82.2,1.5,8.54,240.0,,93.4,3.0,-3.38,-74.15,Leopardus wiedii,507553,False
Leopoldamys ciliatus,Rodentia,Muridae,,,,,,,,,0.28,100.25,Leopoldamys ciliatus,3608708,False
Leopoldamys edwardsi,Rodentia,Muridae,308.82,,1.94,,,,,,21.49,103.96,Leopoldamys edwardsi,366048,False
Leopoldamys milleti,Rodentia,Muridae,,,,,,,,,11.96,108.6,Leopoldamys milleti,283432,False
Leopoldamys neilli,Rodentia,Muridae,,,,,,,,,14.61,100.36,Leopoldamys neilli,455741,False
Leopoldamys sabanus,Rodentia,Muridae,347.61,,3.33,,24.0,,,,7.38,107.22,Leopoldamys sabanus,106790,False
Leopoldamys siporanus,Rodentia,Muridae,,,,,,,,,-2.13,99.52,Leopoldamys siporanus,3608707,False
Lepilemur ankaranensis,Primates,Lepilemuridae,,,,,,,,,-12.86,49.35,Lepilemur ankaranensis,414211,False
Lepilemur dorsalis,Primates,Lepilemuridae,503.85,,1.01,,,,,1.0,-13.79,48.46,Lepilemur dorsalis,231275,False
Lepilemur edwardsi,Primates,Lepilemuridae,821.58,,,0.008338038,,70.98,,2.0,-17.31,45.75,Lepilemur edwardsi,148503,False
Lepilemur leucopus,Primates,Lepilemuridae,599.99,135.92,1.01,0.001998666,103.0,504.99,121.66,1.0,-24.5,45.09,Lepilemur leucopus,274698,False
Lepilemur microdon,Primates,Lepilemuridae,952.33,,,,,36.05,,2.0,-21.5,47.88,Lepilemur microdon,1094522,False
Lepilemur mustelinus,Primates,Lepilemuridae,669.03,133.45,1.0,0.002734203,144.0,255.1,76.21,1.0,-15.86,49.48,Lepilemur mustelinus,388426,False
Lepilemur ruficaudatus,Primates,Lepilemuridae,763.36,135.92,1.02,,,260.0,119.32,1.0,-21.58,44.22,Lepilemur ruficaudatus,230531,False
Lepilemur septentrionalis,Primates,Lepilemuridae,755.77,134.99,1.0,0.007059681,,154.26,120.97,1.0,,,Lepilemur septentrionalis,231273,False
Leporillus apicalis,Rodentia,Muridae,150.0,,,,,,,,,,Leporillus apicalis,3608764,False
Leporillus conditor,Rodentia,Muridae,328.82,43.49,2.95,,,,40.87,1.0,-30.53,125.0,Leporillus conditor,38119,False
Leptailurus serval,Carnivora,Felidae,11999.96,73.74,2.35,1.84,276.0,,104.68,3.0,1.48,15.05,Leptailurus serval,86170,False
Leptomys elegans,Rodentia,Muridae,83.52,,1.88,,,,,3.0,-5.59,141.63,Leptomys elegans,692532,False
Leptomys ernstmayri,Rodentia,Muridae,42.85,,,,,,,3.0,-8.06,146.94,Leptomys ernstmayri,3608701,False
Leptomys signatus,Rodentia,Muridae,,,,,,,,3.0,-8.22,142.25,Leptomys signatus,3608702,False
Leptonychotes weddellii,Carnivora,Phocidae,400000.0,314.99,1.0,,300.0,0.12,43.35,2.0,,,Leptonychotes weddellii,175259,False
Leptonycteris curasoae,Chiroptera,Phyllostomidae,25.27,121.66,0.99,,,,41.99,2.0,8.44,-69.14,Leptonycteris curasoae,111030,False
Leptonycteris nivalis,Chiroptera,Phyllostomidae,24.26,121.66,1.0,,,,,2.0,22.15,-98.01,Leptonycteris nivalis,493740,False
Leptonycteris yerbabuenae,Chiroptera,Phyllostomidae,22.24,,0.99,,120.0,,41.99,,23.54,-101.71,Leptonycteris yerbabuenae,626271,False
Lepus alleni,Lagomorpha,Leporidae,3930.0,41.99,1.96,4.53,,16.06,,1.0,27.64,-109.08,Lepus alleni,638208,False
Lepus americanus,Lagomorpha,Leporidae,1568.42,36.57,3.54,0.04,96.0,100.0,22.98,1.0,52.03,-110.38,Lepus americanus,923734,False
Lepus arcticus,Lagomorpha,Leporidae,4412.73,51.99,5.62,2.26,84.0,,,1.0,65.57,-71.37,Lepus arcticus,638196,False
Lepus brachyurus,Lagomorpha,Leporidae,2519.45,38.49,2.13,,,40.0,,,36.26,135.81,Lepus brachyurus,673130,False
Lepus californicus,Lagomorpha,Leporidae,2422.48,41.77,2.68,0.56,81.6,12.0,19.85,1.0,33.7,-108.3,Lepus californicus,923732,False
Lepus callotis,Lagomorpha,Leporidae,2608.16,,2.48,,,3.89,,1.0,24.64,-102.71,Lepus callotis,638198,False
Lepus capensis,Lagomorpha,Leporidae,2047.11,41.99,2.44,0.41,,14.75,27.63,1.0,1.25,17.0,Lepus capensis,864613,False
Lepus castroviejoi,Lagomorpha,Leporidae,2822.41,,1.95,,,,,,42.95,-5.6,Lepus castroviejoi,264104,False
Lepus comus,Lagomorpha,Leporidae,2015.56,,2.44,,,,,1.0,25.47,103.25,Lepus comus,542002,False
Lepus coreanus,Lagomorpha,Leporidae,,,,,,49.99,,,38.4,127.48,Lepus coreanus,575440,False
Lepus corsicanus,Lagomorpha,Leporidae,,,,,,,,,39.61,14.66,Lepus corsicanus,29165,False
Lepus europaeus,Lagomorpha,Leporidae,3816.43,41.99,2.14,0.31,144.0,,,,49.96,46.61,Lepus europaeus,864607,False
Lepus fagani,Lagomorpha,Leporidae,,,,,,,,,9.11,35.87,Lepus fagani,3611222,False
Lepus flavigularis,Lagomorpha,Leporidae,2999.98,,,,,,,1.0,16.3,-94.48,Lepus flavigularis,836256,False
Lepus granatensis,Lagomorpha,Leporidae,2323.94,,1.46,,,,,,39.9,-2.91,Lepus granatensis,29167,False
Lepus habessinicus,Lagomorpha,Leporidae,2015.56,,,,,,,,7.05,45.66,Lepus habessinicus,29169,False
Lepus hainanus,Lagomorpha,Leporidae,1511.67,,,,,,,,19.25,109.63,Lepus hainanus,426408,False
Lepus insularis,Lagomorpha,Leporidae,,,,,,,,,24.46,-110.34,Lepus insularis,90802,False
Lepus mandshuricus,Lagomorpha,Leporidae,1834.05,,2.39,,,,,,45.6,128.08,Lepus mandshuricus,525087,False
Lepus microtis,Lagomorpha,Leporidae,1763.61,,1.56,,,95.0,,1.0,-1.26,11.65,Lepus microtis,5553964,False
Lepus nigricollis,Lagomorpha,Leporidae,2294.25,36.16,1.76,0.01,,89.46,,,20.77,82.24,Lepus nigricollis,3611220,False
Lepus oiostolus,Lagomorpha,Leporidae,2468.55,,3.06,,,,,1.0,33.86,89.53,Lepus oiostolus,114754,False
Lepus othus,Lagomorpha,Leporidae,4837.35,45.99,6.15,,,1.64,48.99,1.0,61.24,-166.05,Lepus othus,167569,False
Lepus peguensis,Lagomorpha,Leporidae,2267.5,,,,,,,,17.88,101.37,Lepus peguensis,3611221,False
Lepus saxatilis,Lagomorpha,Leporidae,2593.63,38.49,1.52,,,,,,-29.37,22.32,Lepus saxatilis,747873,False
Lepus sinensis,Lagomorpha,Leporidae,1607.41,,,,,,,,26.21,113.42,Lepus sinensis,636670,False
Lepus starcki,Lagomorpha,Leporidae,2760.67,,,,,,,,8.01,39.13,Lepus starcki,29157,False
Lepus tibetanus,Lagomorpha,Leporidae,,,,,,,,,35.7,85.38,Lepus tibetanus,3611223,False
Lepus timidus,Lagomorpha,Leporidae,3105.42,50.1,3.16,0.86,,,,,59.12,5.73e-06,Lepus timidus,167565,False
Lepus tolai,Lagomorpha,Leporidae,1589.0,,2.93,,,,,,44.67,66.98,Lepus tolai,426231,False
Lepus townsendii,Lagomorpha,Leporidae,3371.64,40.73,4.49,,96.0,5.17,29.23,1.0,45.35,-105.06,Lepus townsendii,747875,False
Lepus yarkandensis,Lagomorpha,Leporidae,1460.41,,3.9,,,,,1.0,39.25,84.87,Lepus yarkandensis,192736,False
Lestodelphys halli,Didelphimorphia,Didelphidae,78.27,,,,,,,2.0,-39.94,-68.24,Lestodelphys halli,86725,False
Lestoros inca,Paucituberculata,Caenolestidae,23.07,,,,,,,3.0,-13.38,-71.45,Lestoros inca,659164,False
Liberiictis kuhni,Carnivora,Herpestidae,1825.47,,,,,,,2.0,6.42,-9.34,Liberiictis kuhni,901613,False
Lichonycteris obscura,Chiroptera,Phyllostomidae,6.5,,0.98,,,,,2.0,0.32,-69.91,Lichonycteris obscura,633519,False
Limnogale mergulus,Afrosoricida,Tenrecidae,76.86,,2.73,,,,,3.0,-20.88,47.63,Limnogale mergulus,542051,False
Limnomys bryophilus,Rodentia,Muridae,,,,,,,,,,,Limnomys bryophilus,631028,False
Limnomys sibuanus,Rodentia,Muridae,,,,,,,,,7.59,124.44,Limnomys sibuanus,631027,False
Liomys adspersus,Rodentia,Heteromyidae,50.99,,3.2,0.004046269,21.0,741.61,,,8.25,-80.36,Liomys adspersus,536706,False
Liomys irroratus,Rodentia,Heteromyidae,48.95,,4.22,,,,,,21.89,-100.89,Liomys irroratus,844941,False
Liomys pictus,Rodentia,Heteromyidae,43.28,25.16,3.67,,,3922.95,25.9,1.0,23.37,-101.48,Liomys pictus,270497,False
Liomys salvini,Rodentia,Heteromyidae,41.99,27.68,3.69,0.001470548,,574.02,24.81,2.0,12.97,-88.91,Liomys salvini,536702,False
Liomys spectabilis,Rodentia,Heteromyidae,65.0,,,,,,,,19.46,-103.05,Liomys spectabilis,1004506,False
Lionycteris spurrelli,Chiroptera,Phyllostomidae,8.85,,0.98,,,,,1.0,-1.25,-63.04,Lionycteris spurrelli,534170,False
Lipotes vexillifer,Cetacea,Iniidae,112138.32,319.37,1.0,,,,,3.0,,,Lipotes vexillifer,5269,False
Lissodelphis borealis,Cetacea,Delphinidae,113000.0,,,,,,,,,,Lissodelphis borealis,1093944,False
Lissodelphis peronii,Cetacea,Delphinidae,116000.0,,,,,,,,,,Lissodelphis peronii,825966,False
Lissonycteris angolensis,Chiroptera,Pteropodidae,68.31,121.66,0.99,,,,,1.0,-4.05,12.38,Myonycteris angolensis,687492,True
Litocranius walleri,Artiodactyla,Bovidae,38804.37,204.15,1.0,,156.0,0.43,,1.0,2.96,43.14,Litocranius walleri,128285,False
Lobodon carcinophaga,Carnivora,Phocidae,224999.99,269.81,0.96,,468.0,1.01,31.32,3.0,,,Lobodon carcinophaga,492021,False
Lonchophylla bokermanni,Chiroptera,Phyllostomidae,,,,,,,,2.0,-20.1,-44.44,Lonchophylla bokermanni,3613608,False
Lonchophylla dekeyseri,Chiroptera,Phyllostomidae,,,,,,,,2.0,-15.64,-45.86,Lonchophylla dekeyseri,3613606,False
Lonchophylla handleyi,Chiroptera,Phyllostomidae,,,,,,,,2.0,-8.19,-75.47,Lonchophylla handleyi,248893,False
Lonchophylla hesperia,Chiroptera,Phyllostomidae,,,,,,,,2.0,-7.32,-78.42,Lonchophylla hesperia,3613607,False
Lonchophylla mordax,Chiroptera,Phyllostomidae,21.56,,0.98,,,,,2.0,-6.65,-59.4,Lonchophylla mordax,248895,False
Lonchophylla robusta,Chiroptera,Phyllostomidae,13.72,,0.98,,,,,2.0,4.21,-76.57,Lonchophylla robusta,248894,False
Lonchophylla thomasi,Chiroptera,Phyllostomidae,7.09,,0.98,,,,,2.0,-2.74,-62.43,Hsunycteris thomasi,546392,True
Lonchorhina aurita,Chiroptera,Phyllostomidae,15.38,,0.98,,,,,3.0,-2.7,-65.75,Lonchorhina aurita,218142,False
Lonchorhina fernandezi,Chiroptera,Phyllostomidae,,,,,,,,,3.92,-66.96,Lonchorhina fernandezi,3613578,False
Lonchorhina inusitata,Chiroptera,Phyllostomidae,,,,,,,,,3.15,-59.48,Lonchorhina inusitata,856227,False
Lonchorhina marinkellei,Chiroptera,Phyllostomidae,17.67,,,,,,,,1.68,-69.31,Lonchorhina marinkellei,3613577,False
Lonchorhina orinocensis,Chiroptera,Phyllostomidae,9.04,,,,,,,,3.92,-69.91,Lonchorhina orinocensis,295631,False
Lonchothrix emiliae,Rodentia,Echimyidae,138.2,,,,,,,,-3.94,-55.6,Lonchothrix emiliae,264046,False
Lontra canadensis,Carnivora,Mustelidae,8087.42,58.4,2.67,14.18,300.0,1.12,121.66,3.0,47.6,-110.38,Lontra canadensis,656961,False
Lontra felina,Carnivora,Mustelidae,11195.36,75.97,2.54,,,,,3.0,,,Lontra felina,656972,False
Lontra longicaudis,Carnivora,Mustelidae,6554.97,,3.69,,,,,3.0,-6.0,-72.98,Lontra longicaudis,1088406,False
Lontra provocax,Carnivora,Mustelidae,7499.98,,,,,,,3.0,-47.02,-69.24,Lontra provocax,399808,False
Lophiomys imhausi,Rodentia,Cricetidae,755.0,,1.58,,90.0,,39.7,,6.84,40.49,Lophiomys imhausi,565388,False
Lophocebus albigena,Primates,Cercopithecidae,7418.71,182.64,1.01,1.98,392.4,14.86,211.71,2.0,0.22,20.61,Lophocebus albigena,554556,False
Lophocebus aterrimus,Primates,Cercopithecidae,6510.37,,,0.34,321.6,,,,-1.65,21.03,Lophocebus aterrimus,554550,False
Lophocebus opdenboschi,Primates,Cercopithecidae,,,,,,,,,-4.7,18.63,Lophocebus aterrimus,554550,True
Lophostoma brasiliense,Chiroptera,Phyllostomidae,9.76,,0.98,,,,,2.0,0.05,-64.74,Lophostoma brasiliense,78017,False
Lophostoma carrikeri,Chiroptera,Phyllostomidae,22.35,,,,,,,2.0,-1.63,-63.37,Lophostoma carrikeri,856239,False
Lophostoma evotis,Chiroptera,Phyllostomidae,20.58,,1.0,,,,,2.0,17.52,-88.95,Lophostoma evotis,375137,False
Lophostoma schulzi,Chiroptera,Phyllostomidae,18.02,,,,,,,2.0,2.47,-55.21,Lophostoma schulzi,78020,False
Lophostoma silvicolum,Chiroptera,Phyllostomidae,32.29,,0.99,,,,,2.0,-5.65,-60.54,Lophostoma silvicolum,951266,False
Lophuromys angolensis,Rodentia,Muridae,,,,,,,,,,,Lophuromys angolensis,3608600,False
Lophuromys ansorgei,Rodentia,Muridae,,,,,,,,,,,Lophuromys ansorgei,3608593,False
Lophuromys aquilus,Rodentia,Muridae,,,,,,,,,-6.37,26.68,Lophuromys aquilus,3608587,False
Lophuromys brevicaudus,Rodentia,Muridae,,,,,,,,,,,Lophuromys brevicaudus,669915,False
Lophuromys brunneus,Rodentia,Muridae,,,,,,,,,,,Lophuromys brunneus,3608596,False
Lophuromys chrysopus,Rodentia,Muridae,,,,,,,,,8.93,39.68,Lophuromys chrysopus,669923,False
Lophuromys dieterleni,Rodentia,Muridae,,,,,,,,,,,Lophuromys dieterleni,3608591,False
Lophuromys dudui,Rodentia,Muridae,,,,,,,,,,,Lophuromys dudui,3608597,False
Lophuromys eisentrauti,Rodentia,Muridae,,,,,,,,,,,Lophuromys eisentrauti,3608590,False
Lophuromys flavopunctatus,Rodentia,Muridae,57.07,30.7,2.3,,,835.93,42.72,,,,Lophuromys flavopunctatus,159153,False
Lophuromys huttereri,Rodentia,Muridae,,,,,,,,,,,Lophuromys huttereri,3608594,False
Lophuromys luteogaster,Rodentia,Muridae,,,1.0,,,,,,0.14,28.43,Lophuromys luteogaster,3608585,False
Lophuromys medicaudatus,Rodentia,Muridae,,,,,,,,,-3.11,29.07,Lophuromys medicaudatus,3608588,False
Lophuromys melanonyx,Rodentia,Muridae,10.2,,,,,,,,6.96,39.52,Lophuromys melanonyx,669916,False
Lophuromys nudicaudus,Rodentia,Muridae,32.59,,1.55,,,,,,0.43,11.45,Lophuromys nudicaudus,3608586,False
Lophuromys rahmi,Rodentia,Muridae,,,1.94,,,,,,-3.02,28.95,Lophuromys rahmi,3608589,False
Lophuromys roseveari,Rodentia,Muridae,,,,,,,,,,,Lophuromys roseveari,3608595,False
Lophuromys sikapusi,Rodentia,Muridae,62.72,,3.0,0.001594146,,213.0,13.67,,,,Lophuromys sikapusi,173086,False
Lophuromys verhageni,Rodentia,Muridae,,,,,,,,,,,Lophuromys verhageni,3608599,False
Lophuromys woosnami,Rodentia,Muridae,42.14,32.0,1.97,,,,,,-1.71,30.02,Lophuromys woosnami,154782,False
Lophuromys zena,Rodentia,Muridae,,,,,,,,,,,Lophuromys zena,3608592,False
Lorentzimys nouhuysi,Rodentia,Muridae,14.44,,2.75,,,,,2.0,-6.84,143.95,Lorentzimys nouhuysi,692526,False
Loris lydekkerianus,Primates,Lorisidae,254.06,,,,,,,,13.75,77.46,Loris lydekkerianus,673378,False
Loris tardigradus,Primates,Lorisidae,249.22,165.99,1.44,0.007059681,196.8,72.29,167.49,2.0,6.75,80.4,Loris tardigradus,152022,False
Loxodonta africana,Proboscidea,Elephantidae,3824539.93,660.0,0.84,587.53,960.0,6.72,1088.8,1.0,-8.6,14.01,Loxodonta africana,541936,False
Loxodonta cyclotis,Proboscidea,Elephantidae,4750000.01,,,,,,,1.0,0.86,9.48,Loxodonta cyclotis,418570,False
Loxodontomys micropus,Rodentia,Cricetidae,70.76,,4.16,,,227.64,,2.0,-42.96,-71.91,Auliscomys micropus,784312,True
Loxodontomys pikumche,Rodentia,Cricetidae,,,,,,,,,,,Loxodontomys pikumche,4941024,False
Lundomys molitor,Rodentia,Cricetidae,238.49,,2.91,,,,,,-33.89,-56.54,Lundomys molitor,48257,False
Lutra lutra,Carnivora,Mustelidae,8868.69,64.27,2.01,21.31,264.0,0.85,100.8,3.0,27.69,72.5,Lutra lutra,348036,False
Lutra nippon,Carnivora,Mustelidae,,,,,,,,,39.47,138.34,Lutra nippon,3612690,False
Lutra sumatrana,Carnivora,Mustelidae,5970.68,,,,,,,3.0,2.88,107.22,Lutra sumatrana,310491,False
Lutreolina crassicaudata,Didelphimorphia,Didelphidae,554.77,14.0,7.71,0.001430339,36.0,,,3.0,-14.37,-58.27,Lutreolina crassicaudata,327618,False
Lutrogale perspicillata,Carnivora,Mustelidae,8912.49,63.31,3.24,5.31,180.0,4.42,72.53,3.0,11.88,82.79,Lutrogale perspicillata,310488,False
Lycalopex culpaeus,Carnivora,Canidae,8616.24,58.72,4.88,5.05,,1.01,48.22,3.0,-26.69,-71.61,Lycalopex culpaeus,776077,False
Lycalopex fulvipes,Carnivora,Canidae,,,,,,,,,-40.4,-73.68,Lycalopex fulvipes,996573,False
Lycalopex griseus,Carnivora,Canidae,,,,,,,,,-38.9,-68.23,Lycalopex griseus,776070,False
Lycalopex gymnocercus,Carnivora,Canidae,4542.67,59.23,3.09,,164.4,,,2.0,-26.27,-59.02,Lycalopex gymnocercus,839340,False
Lycalopex sechurae,Carnivora,Canidae,4234.0,,,,,,,2.0,-8.14,-78.77,Lycalopex sechurae,313143,False
Lycalopex vetulus,Carnivora,Canidae,4233.47,,3.0,,,,,2.0,-14.56,-45.67,Lycalopex vetulus,313153,False
Lycaon pictus,Carnivora,Canidae,21999.99,71.18,8.1,395.88,132.0,0.01,27.28,3.0,-2.74,18.43,Lycaon pictus,821953,False
Lyncodon patagonicus,Carnivora,Mustelidae,225.0,,,,,,,,-38.91,-69.04,Lyncodon patagonicus,901933,False
Lynx canadensis,Carnivora,Felidae,9682.82,62.5,2.73,30.6,321.0,0.05,111.36,3.0,53.82,-107.79,Lynx canadensis,507549,False
Lynx lynx,Carnivora,Felidae,19300.0,66.99,2.3,136.35,321.6,0.02,81.85,3.0,48.95,91.58,Lynx lynx,886829,False
Lynx pardinus,Carnivora,Felidae,11050.0,69.44,2.5,7.19,,0.32,,3.0,39.94,-2.91,Lynx pardinus,442049,False
Lynx rufus,Carnivora,Felidae,6374.47,59.99,2.76,31.2,388.0,0.1,59.99,3.0,37.75,-94.33,Lynx rufus,507545,False
Macaca arctoides,Primates,Cercopithecidae,9358.04,176.6,1.01,,360.0,,377.66,1.0,17.16,102.07,Macaca arctoides,689665,False
Macaca assamensis,Primates,Cercopithecidae,8546.89,,,,,,,,23.01,97.19,Macaca assamensis,115440,False
Macaca cyclopis,Primates,Cercopithecidae,5748.94,161.06,1.0,,,,205.24,,23.91,121.04,Macaca cyclopis,1067495,False
Macaca fascicularis,Primates,Cercopithecidae,4569.32,164.69,1.0,0.46,456.0,49.99,283.53,2.0,4.13,111.24,Macaca fascicularis,689668,False
Macaca fuscata,Primates,Cercopithecidae,10114.76,172.99,1.02,1.43,396.0,30.19,265.04,2.0,35.88,135.51,Macaca fuscata,689660,False
Macaca hecki,Primates,Cercopithecidae,,,,,,,,,0.64,121.37,Macaca hecki,575296,False
Macaca leonina,Primates,Cercopithecidae,,,,,,,,,17.59,101.18,Macaca leonina,115044,False
Macaca maura,Primates,Cercopithecidae,7290.3,167.19,1.01,,,20.0,497.16,,-4.98,119.9,Macaca maura,169928,False
Macaca mulatta,Primates,Cercopithecidae,6455.19,166.07,1.01,5.91,432.0,11.1,304.16,1.0,25.07,96.67,Macaca mulatta,689650,False
Macaca nemestrina,Primates,Cercopithecidae,7820.78,171.0,1.01,1.75,411.6,18.92,292.6,1.0,3.04,108.07,Macaca nemestrina,689656,False
Macaca nigra,Primates,Cercopithecidae,7359.39,172.43,1.01,,216.0,55.63,365.0,1.0,1.01,124.26,Macaca nigra,111862,False
Macaca nigrescens,Primates,Cercopithecidae,,,,,,,,,0.61,123.49,Macaca nigrescens,169927,False
Macaca ochreata,Primates,Cercopithecidae,2745.5,,,,,15.0,,,-4.7,122.15,Macaca ochreata,575293,False
Macaca pagensis,Primates,Cercopithecidae,4534.66,,1.0,,360.0,,272.2,2.0,-2.68,99.99,Macaca pagensis,825636,False
Macaca radiata,Primates,Cercopithecidae,4999.99,161.56,1.01,0.88,360.0,8.3,332.25,,14.59,77.06,Macaca radiata,837392,False
Macaca siberu,Primates,Cercopithecidae,,,,,,,,,-1.36,98.94,Macaca siberu,311720,False
Macaca silenus,Primates,Cercopithecidae,5995.25,172.0,1.01,0.88,480.0,1.01,362.93,2.0,13.19,76.12,Macaca silenus,111864,False
Macaca sinica,Primates,Cercopithecidae,4655.99,180.9,1.01,0.4,420.0,30.0,,1.0,7.87,80.78,Macaca sinica,115446,False
Macaca sylvanus,Primates,Cercopithecidae,11471.53,164.84,1.02,2.63,264.0,12.5,210.25,2.0,34.21,-0.62,Macaca sylvanus,689645,False
Macaca thibetana,Primates,Cercopithecidae,10593.06,169.02,1.01,,,,451.79,,28.38,109.29,Macaca thibetana,111859,False
Macaca tonkeana,Primates,Cercopithecidae,10035.53,,,,,10.0,,,-1.1,121.1,Macaca tonkeana,407753,False
Macroderma gigas,Chiroptera,Megadermatidae,124.37,,1.0,,,,,3.0,-17.6,133.75,Macroderma gigas,289141,False
Macrogalidia musschenbroekii,Carnivora,Viverridae,5148.86,,,,,,,2.0,-0.85,122.28,Macrogalidia musschenbroekii,220532,False
Meriones dahli,Rodentia,Muridae,,,,,,,,,40.16,45.74,Meriones dahli,3608991,False
Meriones grandis,Rodentia,Muridae,,,,,,,,,,,Meriones grandis,3608995,False
Meriones hurrianae,Rodentia,Muridae,71.02,29.19,4.1,0.000103565,,,19.85,,27.18,64.47,Meriones hurrianae,3608994,False
Meriones libycus,Rodentia,Muridae,91.33,25.43,4.54,,,,30.18,,34.37,37.81,Meriones libycus,404790,False
Mesocapromys angelcabrerai,Rodentia,Capromyidae,,,,,,,,2.0,21.55,-78.76,Mesocapromys angelcabrerai,3609716,False
Mesocapromys auritus,Rodentia,Capromyidae,,,,,,,,2.0,22.7,-79.47,Mesocapromys auritus,3609722,False
Mesocapromys melanurus,Rodentia,Capromyidae,,,1.75,,,,6.22,2.0,20.58,-76.6,Mesocapromys melanurus,3609727,False
Mesocapromys nanus,Rodentia,Capromyidae,,,1.0,,,,,2.0,22.34,-81.64,Mesocapromys nanus,3609713,False
Mesocapromys sanfelipensis,Rodentia,Capromyidae,,,,,,,,2.0,,,Mesocapromys sanfelipensis,3609721,False
Mesocricetus auratus,Rodentia,Cricetidae,98.6,15.49,8.79,,120.0,,18.65,2.0,36.76,40.3,Mesocricetus auratus,391631,False
Mesocricetus brandti,Rodentia,Cricetidae,198.0,15.0,9.01,,,,20.0,,38.08,41.67,Mesocricetus brandti,391628,False
Mesocricetus newtoni,Rodentia,Cricetidae,97.5,,,,,,,,43.76,26.64,Mesocricetus newtoni,904706,False
Mesocricetus raddei,Rodentia,Cricetidae,,,8.99,,,,,,45.04,43.02,Mesocricetus raddei,904716,False
Mesomys hispidus,Rodentia,Echimyidae,175.0,,0.97,,,,,2.0,-4.94,-62.81,Mesomys hispidus,360972,False
Mesomys leniceps,Rodentia,Echimyidae,108.0,,,,,,,,,,Mesomys leniceps,3609802,False
Mesomys occultus,Rodentia,Echimyidae,,,,,,,,,,,Mesomys occultus,264063,False
Mesomys stimulax,Rodentia,Echimyidae,108.0,,,,,,,,-1.29,-52.59,Mesomys stimulax,360959,False
Mesophylla macconnelli,Chiroptera,Phyllostomidae,6.86,,0.99,,,,,1.0,-3.31,-65.06,Mesophylla macconnelli,534178,False
Mesoplodon bidens,Cetacea,Ziphiidae,3400000.0,365.0,1.0,,,,365.0,,,,Mesoplodon bidens,1003915,False
Mesoplodon bowdoini,Cetacea,Ziphiidae,2599999.99,,,,,,,,,,Mesoplodon bowdoini,1021373,False
Mesoplodon carlhubbsi,Cetacea,Ziphiidae,3400000.0,365.0,0.97,,,,,,,,Mesoplodon carlhubbsi,276866,False
Mesoplodon densirostris,Cetacea,Ziphiidae,2299999.99,,,,324.0,,,,,,Mesoplodon densirostris,6470,False
Mesoplodon europaeus,Cetacea,Ziphiidae,5600000.02,,,,,,,,,,Mesoplodon europaeus,825961,False
Mesoplodon ginkgodens,Cetacea,Ziphiidae,1500000.0,,,,,,,,,,Mesoplodon ginkgodens,654357,False
Mesoplodon grayi,Cetacea,Ziphiidae,2899999.98,,,,,,,3.0,,,Mesoplodon grayi,1021367,False
Mesoplodon hectori,Cetacea,Ziphiidae,1000000.0,,,,,,,,,,Mesoplodon hectori,319477,False
Macroglossus minimus,Chiroptera,Pteropodidae,16.3,125.14,0.99,,,,65.0,1.0,-1.28,128.79,Macroglossus minimus,10730,False
Macroglossus sobrinus,Chiroptera,Pteropodidae,21.8,,1.0,,,,,1.0,9.61,102.36,Macroglossus sobrinus,606018,False
Macrophyllum macrophyllum,Chiroptera,Phyllostomidae,8.02,,1.0,,,,,3.0,-5.26,-63.92,Macrophyllum macrophyllum,201785,False
Macropus agilis,Diprotodontia,Macropodidae,11815.75,30.51,1.01,,144.0,17.71,321.74,1.0,-15.14,137.63,Notamacropus agilis,42493,True
Macropus antilopinus,Diprotodontia,Macropodidae,27250.1,34.0,1.0,0.5,192.0,21.21,424.79,,-14.24,134.0,Osphranter antilopinus,398453,True
Macropus bernardus,Diprotodontia,Macropodidae,17000.0,,1.0,,,,,,-13.19,133.17,Osphranter bernardus,3606973,True
Macropus dorsalis,Diprotodontia,Macropodidae,11249.96,34.98,1.0,0.71,180.0,110.0,,,-25.38,148.95,Notamacropus dorsalis,939162,True
Macropus eugenii,Diprotodontia,Macropodidae,5278.48,29.89,1.01,,168.0,73.86,315.0,,-32.25,125.9,Notamacropus eugenii,539171,True
Macropus fuliginosus,Diprotodontia,Macropodidae,25564.7,30.8,1.0,2.52,240.0,56.0,518.67,,-32.5,131.51,Macropus fuliginosus,42481,False
Macropus giganteus,Diprotodontia,Macropodidae,33409.89,36.56,1.0,0.41,288.0,41.95,510.82,1.0,-28.22,146.48,Macropus giganteus,597239,False
Macropus greyi,Diprotodontia,Macropodidae,10000.0,,1.0,,,,,,,,Macropus greyi,3606971,False
Macropus irma,Diprotodontia,Macropodidae,8000.0,,1.0,,,26.7,,,-31.5,118.52,Notamacropus irma,367278,True
Macropus parma,Diprotodontia,Macropodidae,4156.62,34.66,0.9,,120.0,,292.33,1.0,-31.52,151.29,Notamacropus parma,983286,True
Macropus parryi,Diprotodontia,Macropodidae,12629.83,37.14,1.0,,168.0,40.29,443.42,1.0,-24.07,149.44,Notamacropus parryi,372371,True
Macropus robustus,Diprotodontia,Macropodidae,25978.92,34.59,1.0,0.98,288.0,40.0,366.19,1.0,-23.95,133.39,Osphranter robustus,372367,True
Macropus rufogriseus,Diprotodontia,Macropodidae,16850.0,30.0,1.01,0.12,228.0,46.47,426.22,,-32.51,146.87,Notamacropus rufogriseus,897692,True
Macropus rufus,Diprotodontia,Macropodidae,38968.39,33.99,1.0,4.08,360.0,3.14,359.99,1.0,-26.58,131.89,Osphranter rufus,897696,True
Macroscelides proboscideus,Macroscelidea,Macroscelididae,38.64,58.49,1.93,0.7,,,4.99,2.0,-26.24,19.64,Macroscelides proboscideus,180378,False
Macrotarsomys bastardi,Rodentia,Nesomyidae,28.45,23.99,2.5,,,,,2.0,-20.58,45.4,Macrotarsomys bastardi,611279,False
Macrotarsomys ingens,Rodentia,Nesomyidae,54.99,,,,,,,,-16.36,47.08,Macrotarsomys ingens,463472,False
Macrotis lagotis,Peramelemorphia,Thylacomyidae,1229.58,14.6,1.5,,120.0,8.0,93.73,2.0,-22.16,129.28,Macrotis lagotis,940704,False
Macrotis leucura,Peramelemorphia,Thylacomyidae,364.17,,2.0,,,,,2.0,,,Macrotis leucura,4943686,False
Macrotus californicus,Chiroptera,Phyllostomidae,11.83,250.29,1.0,,124.8,,35.51,2.0,29.76,-112.13,Macrotus californicus,289162,False
Macrotus waterhousii,Chiroptera,Phyllostomidae,16.27,,0.98,,125.0,,,,25.86,-92.87,Macrotus waterhousii,267994,False
Macruromys elegans,Rodentia,Muridae,,,,,,,,1.0,-3.92,135.58,Macruromys elegans,3608697,False
Macruromys major,Rodentia,Muridae,357.25,,,,,,,1.0,-5.89,143.03,Macruromys major,692534,False
Madoqua guentheri,Artiodactyla,Bovidae,4623.7,175.0,0.98,0.03,168.0,14.01,74.25,1.0,4.34,40.98,Madoqua guentheri,40168,False
Madoqua kirkii,Artiodactyla,Bovidae,4833.4,171.49,0.98,,198.0,19.0,42.58,1.0,-6.58,31.14,Madoqua kirkii,40128,False
Madoqua piacentinii,Artiodactyla,Bovidae,2500.0,,1.0,,168.0,,,1.0,4.13,47.29,Madoqua piacentinii,3611682,False
Madoqua saltiana,Artiodactyla,Bovidae,3424.47,,1.0,,168.0,,41.99,1.0,9.77,43.68,Madoqua saltiana,1055459,False
Madromys blanfordi,Rodentia,Muridae,,,2.5,,,,68.66,,15.62,79.51,Madromys blanfordi,3608766,False
Makalata didelphoides,Rodentia,Echimyidae,398.66,,1.0,,37.2,155.01,,,-2.52,-60.68,Makalata didelphoides,360961,False
Makalata grandis,Rodentia,Echimyidae,584.0,,,,,,,,-2.42,-55.58,Toromys grandis,439346,True
Makalata macrura,Rodentia,Echimyidae,439.0,,,,,,,,-9.51,-72.98,Makalata macrura,264064,False
Makalata obscura,Rodentia,Echimyidae,108.0,,,,,,,,,,Makalata obscura,3609804,False
Makalata occasius,Rodentia,Echimyidae,,,,,,,,,,,Pattonomys occasius,3609823,True
Makalata rhipidura,Rodentia,Echimyidae,315.0,,,,,,,,-3.89,-73.59,Toromys rhipidurus,3609806,True
Malacomys cansdalei,Rodentia,Muridae,,,,,,,,,6.15,-2.79,Malacomys cansdalei,685881,False
Malacomys edwardsi,Rodentia,Muridae,63.78,,2.46,0.002848797,,155.03,,,6.94,-3.6,Malacomys edwardsi,371840,False
Malacomys longipes,Rodentia,Muridae,95.64,,2.91,,,,,,-1.55,11.89,Malacomys longipes,782347,False
Malacothrix typica,Rodentia,Nesomyidae,17.02,26.37,4.04,,,,31.81,2.0,-21.23,20.87,Malacothrix typica,600700,False
Mallomys aroaensis,Rodentia,Muridae,1663.99,,1.02,,,,,1.0,-5.63,141.81,Mallomys aroaensis,3608696,False
Mallomys gunung,Rodentia,Muridae,2041.47,,,,,,,1.0,-3.89,138.31,Mallomys gunung,3608694,False
Mallomys istapantap,Rodentia,Muridae,1990.43,,1.07,,,,,1.0,-6.32,142.28,Mallomys istapantap,3608695,False
Mallomys rothschildi,Rodentia,Muridae,1157.5,,1.02,,,,,1.0,-6.18,141.41,Mallomys rothschildi,66771,False
Malpaisomys insularis,Rodentia,Muridae,,,,,,,,,,,Malpaisomys insularis,3611197,False
Mammelomys lanosus,Rodentia,Muridae,117.1,,2.68,,,,20.0,1.0,-4.55,140.08,Mammelomys lanosus,66775,False
Mammelomys rattoides,Rodentia,Muridae,209.49,,1.69,,,,20.0,1.0,-4.54,141.44,Mammelomys rattoides,66765,False
Mandrillus leucophaeus,Primates,Cercopithecidae,14253.3,179.22,1.01,,400.8,,486.66,2.0,5.21,9.67,Mandrillus leucophaeus,741057,False
Mandrillus sphinx,Primates,Cercopithecidae,16685.06,173.99,1.02,26.34,555.96,21.4,348.01,2.0,-0.76,11.17,Mandrillus sphinx,741047,False
Manis crassicaudata,Pholidota,Manidae,8017.56,67.5,1.0,,162.0,,,3.0,19.57,79.0,Manis crassicaudata,3613429,False
Manis culionensis,Pholidota,Manidae,,,,,,,,,10.15,118.62,Manis culionensis,3613428,False
Marmota vancouverensis,Rodentia,Sciuridae,5232.43,31.65,3.59,,,,,1.0,48.95,-124.55,Marmota vancouverensis,10484,False
Martes americana,Carnivora,Mustelidae,873.69,27.63,2.6,3.66,228.0,0.67,45.73,3.0,52.85,-107.58,Martes americana,923116,False
Martes flavigula,Carnivora,Mustelidae,2504.64,149.65,3.53,,168.0,,89.49,3.0,20.7,104.18,Martes flavigula,213517,False
Martes foina,Carnivora,Mustelidae,1675.0,29.86,3.78,2.15,217.2,,74.11,3.0,40.18,53.26,Martes foina,348047,False
Martes gwatkinsii,Carnivora,Mustelidae,2038.49,,,,,,90.73,2.0,9.88,76.88,Martes gwatkinsii,3612688,False
Martes martes,Carnivora,Mustelidae,1299.99,30.63,3.49,2.15,204.0,0.44,54.19,3.0,53.35,37.01,Martes martes,532122,False
Martes melampus,Carnivora,Mustelidae,1000.0,,,,,,,,36.26,134.09,Martes melampus,681181,False
Martes pennanti,Carnivora,Mustelidae,3750.0,31.28,3.02,14.89,121.76,0.17,76.76,3.0,48.74,-97.45,Martes pennanti,4697,False
Martes zibellina,Carnivora,Mustelidae,1173.91,30.8,3.13,12.71,180.0,0.07,52.23,2.0,55.69,116.98,Martes zibellina,681187,False
Massoutiera mzabi,Rodentia,Ctenodactylidae,194.0,55.72,2.04,,,,,1.0,25.82,10.18,Massoutiera mzabi,506983,False
Mastacomys fuscus,Rodentia,Muridae,125.72,35.46,1.41,0.000491678,,,43.54,,-37.76,146.94,Mastacomys fuscus,156341,False
Mastomys awashensis,Rodentia,Muridae,,,,,,,,,,,Mastomys awashensis,445489,False
Mastomys coucha,Rodentia,Muridae,53.81,,7.96,,,,,,-26.07,24.85,Mastomys coucha,216878,False
Mastomys erythroleucus,Rodentia,Muridae,64.07,21.13,11.23,,,775.93,,,19.19,9.73,Mastomys erythroleucus,185326,False
Mastomys huberti,Rodentia,Muridae,,,,,,,,,5.61,16.93,Mastomys huberti,911452,False
Mastomys kollmannspergeri,Rodentia,Muridae,,,,,,,,,11.37,14.88,Mastomys kollmannspergeri,481169,False
Mastomys natalensis,Rodentia,Muridae,41.85,23.64,9.23,0.000918251,,1305.24,20.0,2.0,-9.72,12.32,Mastomys natalensis,271584,False
Mastomys pernanus,Rodentia,Muridae,,,,,,,,,-1.98,32.96,Mastomys pernanus,143562,False
Mastomys shortridgei,Rodentia,Muridae,46.5,,,,,,,,-18.06,20.3,Mastomys shortridgei,3608621,False
Maxomys alticola,Rodentia,Muridae,158.96,,,,,,,,5.8,116.52,Maxomys alticola,3608776,False
Maxomys baeodon,Rodentia,Muridae,158.96,,,,,,,,4.7,116.23,Maxomys baeodon,3608778,False
Maxomys bartelsii,Rodentia,Muridae,88.46,,,,,,,,-6.96,108.02,Maxomys bartelsii,976849,False
Maxomys dollmani,Rodentia,Muridae,,,,,,,,,-3.26,120.7,Maxomys dollmani,3608779,False
Maxomys hellwaldii,Rodentia,Muridae,,,,,,,,,-1.97,121.99,Maxomys hellwaldii,995490,False
Maxomys hylomyoides,Rodentia,Muridae,,,,,,,,,-0.5,100.64,Maxomys hylomyoides,3608773,False
Maxomys inas,Rodentia,Muridae,89.99,,2.91,,,,,,4.54,101.58,Maxomys inas,3608777,False
Maxomys inflatus,Rodentia,Muridae,,,,,,,,,-0.43,101.03,Maxomys inflatus,3608774,False
Maxomys moi,Rodentia,Muridae,,,,,,,,,13.23,108.12,Maxomys moi,771546,False
Maxomys musschenbroekii,Rodentia,Muridae,,,,,,,,,-1.97,121.99,Maxomys musschenbroekii,629668,False
Maxomys ochraceiventer,Rodentia,Muridae,158.96,,,,,,,,3.54,115.66,Maxomys ochraceiventer,629665,False
Maxomys pagensis,Rodentia,Muridae,,,,,,,,,-2.13,99.52,Maxomys pagensis,629659,False
Maxomys panglima,Rodentia,Muridae,158.96,,,,,,,,10.06,118.63,Maxomys panglima,3608780,False
Maxomys rajah,Rodentia,Muridae,150.0,,3.29,,,,,,0.65,107.22,Maxomys rajah,629662,False
Maxomys surifer,Rodentia,Muridae,150.48,,3.54,,,,,,6.29,106.73,Maxomys surifer,474763,False
Maxomys wattsi,Rodentia,Muridae,,,,,,,,,-1.64,121.4,Maxomys wattsi,629671,False
Maxomys whiteheadi,Rodentia,Muridae,54.33,,3.0,,,44.28,,,1.02,107.22,Maxomys whiteheadi,606407,False
Mazama americana,Artiodactyla,Cervidae,20546.86,225.0,1.22,,165.6,9.3,,1.0,-9.86,-56.41,Mazama americana,1030860,False
Mazama bororo,Artiodactyla,Cervidae,,,,,,,,,-24.65,-48.65,Mazama bororo,1063456,False
Mazama bricenii,Artiodactyla,Cervidae,16499.85,,,,,,,,6.18,-72.57,Mazama bricenii,3611952,False
Mazama chunyi,Artiodactyla,Cervidae,16071.74,243.33,1.5,,,,,,-14.26,-70.01,Mazama chunyi,3611953,False
Mazama gouazoubira,Artiodactyla,Cervidae,16633.17,219.86,1.0,,144.0,9.21,,1.0,-10.9,-56.96,Mazama gouazoupira,15447,True
Mazama nana,Artiodactyla,Cervidae,16499.85,,,,,,,,-24.8,-48.86,Mazama nana,1063460,False
Mazama pandora,Artiodactyla,Cervidae,,,,,,,,,20.26,-89.43,Odocoileus pandora,3611954,True
Mazama rufina,Artiodactyla,Cervidae,21099.25,231.64,1.22,,,,,,-0.43,-78.05,Mazama rufina,716968,False
Mazama temama,Artiodactyla,Cervidae,,,,,,,,,9.53,-85.54,Mazama temama,3611950,False
Megadendromus nikolausi,Rodentia,Nesomyidae,52.0,,,,,,,,6.58,39.58,Dendromus nikolausi,3610450,True
Megaderma lyra,Chiroptera,Megadermatidae,39.27,152.08,1.0,,168.0,,44.58,3.0,18.01,93.48,Megaderma lyra,289146,False
Megaderma spasma,Chiroptera,Megadermatidae,24.71,80.0,1.41,,,,31.5,3.0,9.75,99.24,Megaderma spasma,289149,False
Megadontomys cryophilus,Rodentia,Cricetidae,,,,,,,,,17.39,-96.62,Megadontomys cryophilus,653904,False
Megadontomys nelsoni,Rodentia,Cricetidae,,,,,,,,,19.71,-97.11,Megadontomys nelsoni,61050,False
Megadontomys thomasi,Rodentia,Cricetidae,110.52,,2.6,,,,29.88,,17.66,-99.6,Megadontomys thomasi,22152,False
Megaerops ecaudatus,Chiroptera,Pteropodidae,26.29,,,,,,,1.0,6.73,107.22,Megaerops ecaudatus,1035548,False
Melogale everetti,Carnivora,Mustelidae,,,2.0,,,,,2.0,6.08,116.54,Melogale everetti,3612676,False
Melogale moschata,Carnivora,Mustelidae,938.5,,2.0,,126.0,,,2.0,25.77,107.91,Melogale moschata,381134,False
Melogale orientalis,Carnivora,Mustelidae,,,,,,,,,-7.52,110.97,Melogale orientalis,3612677,False
Melogale personata,Carnivora,Mustelidae,1845.26,,2.5,,,,,2.0,18.19,97.95,Melogale personata,486046,False
Melomys aerosus,Rodentia,Muridae,,,,,,,,,-3.28,129.52,Melomys aerosus,3608800,False
Melomys arcium,Rodentia,Muridae,,,,,,,,,-11.35,154.12,Melomys arcium,3608812,False
Melomys bannisteri,Rodentia,Muridae,,,,,,,,,,,Melomys bannisteri,3608817,False
Melomys bougainville,Rodentia,Muridae,85.99,,,,,,,,-6.21,156.03,Melomys bougainville,3608808,False
Melomys burtoni,Rodentia,Muridae,71.29,,2.5,,,,,,-22.08,138.53,Melomys burtoni,260133,False
Melomys capensis,Rodentia,Muridae,70.0,,,,,,,,-12.44,142.6,Melomys capensis,66763,False
Melomys caurinus,Rodentia,Muridae,,,,,,,,,,,Melomys caurinus,6520517,False
Melomys cervinipes,Rodentia,Muridae,71.2,35.83,2.2,,,590.81,38.47,,-21.9,149.09,Melomys cervinipes,260136,False
Melomys cooperae,Rodentia,Muridae,,,,,,,,,,,Melomys cooperae,3608798,False
Melomys dollmani,Rodentia,Muridae,,,,,,,,,-6.97,145.04,Melomys dollmani,3608797,False
Melomys fraterculus,Rodentia,Muridae,,,,,,,,,-3.14,129.49,Melomys fraterculus,3608794,False
Melomys frigicola,Rodentia,Muridae,,,,,,,,,,,Melomys frigicola,3608799,False
Melomys fulgens,Rodentia,Muridae,,,,,,,,,,,Melomys fulgens,3608795,False
Melomys howi,Rodentia,Muridae,,,,,,,,,,,Melomys howi,3608816,False
Melomys leucogaster,Rodentia,Muridae,104.17,,2.15,,,,20.0,1.0,-7.38,143.27,Melomys leucogaster,968844,False
Melomys lutillus,Rodentia,Muridae,,,2.5,,,,20.0,1.0,,,Melomys lutillus,621098,False
Melomys matambuai,Rodentia,Muridae,144.99,,,,,,,,,,Melomys matambuai,3608814,False
Melomys obiensis,Rodentia,Muridae,71.0,,,,,,,,-1.45,127.76,Melomys obiensis,3608805,False
Melomys paveli,Rodentia,Muridae,,,,,,,,,,,Melomys paveli,3608813,False
Melomys rubicola,Rodentia,Muridae,100.0,,,,,,,,-9.13,143.86,Melomys rubicola,66769,False
Melomys rufescens,Rodentia,Muridae,60.1,,2.17,,,,20.0,1.0,-5.35,141.66,Melomys rufescens,66767,False
Melomys spechti,Rodentia,Muridae,,,,,,,,,,,Melomys spechti,3608804,False
Melomys talaudium,Rodentia,Muridae,,,,,,,,,,,Melomys talaudium,3608815,False
Melonycteris fardoulisi,Chiroptera,Pteropodidae,,,,,,,,,-9.21,159.44,Melonycteris fardoulisi,687487,False
Melonycteris melanops,Chiroptera,Pteropodidae,47.59,,,,,,,1.0,-4.33,150.05,Melonycteris melanops,610865,False
Melonycteris woodfordi,Chiroptera,Pteropodidae,36.2,,0.98,,,,,1.0,-7.11,157.45,Melonycteris woodfordi,201391,False
Melursus ursinus,Carnivora,Ursidae,99999.99,203.36,1.54,7.69,480.0,0.13,194.67,2.0,18.25,85.13,Melursus ursinus,297463,False
Menetes berdmorei,Rodentia,Sciuridae,,,,,51.6,,,,15.26,102.39,Menetes berdmorei,800180,False
Mephitis macroura,Carnivora,Mephitidae,1097.76,58.2,4.68,,,,,3.0,23.58,-99.25,Mephitis macroura,231604,False
Mephitis mephitis,Carnivora,Mephitidae,2399.99,63.29,5.7,2.32,155.0,8.15,55.15,2.0,43.15,-94.89,Mephitis mephitis,231602,False
Meriones arimalius,Rodentia,Muridae,,,,,,,,,23.03,50.78,Meriones arimalius,3608989,False
Meriones chengi,Rodentia,Muridae,,,,,,,,,44.61,89.65,Meriones chengi,197974,False
Meriones crassus,Rodentia,Muridae,69.94,23.5,4.21,,67.2,,30.24,1.0,26.76,26.67,Meriones crassus,404788,False
Microtus lusitanicus,Rodentia,Cricetidae,,20.0,2.09,,,,19.85,,40.41,-5.22,Microtus lusitanicus,509533,False
Microtus majori,Rodentia,Cricetidae,,,3.6,,,,,,41.59,37.0,Microtus majori,610970,False
Microtus maximowiczii,Rodentia,Cricetidae,,,6.8,,,,,,51.65,124.43,Microtus maximowiczii,789256,False
Microtus mexicanus,Rodentia,Cricetidae,34.88,,2.33,0.000876185,,1483.67,,,23.6,-102.58,Microtus mexicanus,927229,False
Microtus middendorffii,Rodentia,Cricetidae,,,5.49,,,,,,68.73,115.22,Alexandromys middendorffii,1040390,True
Microtus miurus,Rodentia,Cricetidae,41.0,21.0,3.89,0.000871042,,,,,64.64,-146.2,Microtus miurus,269522,False
Microtus mongolicus,Rodentia,Cricetidae,,,,,,,,,49.39,116.09,Alexandromys mongolicus,839865,True
Microtus montanus,Rodentia,Cricetidae,42.85,21.13,5.54,0.000118315,,3160.0,15.0,,42.95,-113.63,Microtus montanus,1035816,False
Microtus montebelli,Rodentia,Cricetidae,29.49,22.24,4.3,,,,17.25,,37.43,138.24,Microtus montebelli,930591,False
Microtus mujanensis,Rodentia,Cricetidae,,,,,,,,,56.4,115.61,Microtus mujanensis,422794,False
Microtus multiplex,Rodentia,Cricetidae,23.16,,3.0,,,,,,,,Microtus multiplex,965604,False
Microtus oaxacensis,Rodentia,Cricetidae,36.52,,1.2,,,,,,17.73,-96.26,Microtus oaxacensis,755191,False
Microtus ochrogaster,Rodentia,Cricetidae,42.5,21.5,3.87,0.000255014,,8990.59,21.0,2.0,42.53,-98.63,Microtus ochrogaster,927240,False
Microtus oeconomus,Rodentia,Cricetidae,33.1,21.51,5.62,0.001176411,21.6,3985.97,20.0,,58.24,-0.000100351,Microtus oeconomus,1051081,False
Microtus oregoni,Rodentia,Cricetidae,20.35,23.83,3.32,0.000533681,15.0,551.7,13.91,1.0,44.26,-122.44,Microtus oregoni,269491,False
Microtus paradoxus,Rodentia,Cricetidae,,,,,,,,,,,Microtus paradoxus,3608492,False
Microtus pennsylvanicus,Rodentia,Cricetidae,42.53,21.24,5.16,0.000277446,11.0,2537.98,12.92,2.0,51.44,-108.29,Microtus pennsylvanicus,340973,False
Microtus pinetorum,Rodentia,Cricetidae,25.95,23.99,2.47,0.001048491,33.6,1460.0,20.08,1.0,37.42,-84.91,Microtus pinetorum,269493,False
Microtus qazvinensis,Rodentia,Cricetidae,,,,,,,,,,,Microtus qazvinensis,3608493,False
Microtus quasiater,Rodentia,Cricetidae,40.0,,1.4,,,,,,19.76,-97.98,Microtus quasiater,131164,False
Microtus richardsoni,Rodentia,Cricetidae,85.5,22.29,5.93,0.000285368,18.0,620.0,,1.0,45.98,-115.22,Microtus richardsoni,803869,False
Microtus sachalinensis,Rodentia,Cricetidae,,,7.89,,,,,,49.02,143.18,Microtus sachalinensis,839862,False
Microtus savii,Rodentia,Cricetidae,20.0,,,,,,,,,,Microtus savii,509535,False
Microtus schelkovnikovi,Rodentia,Cricetidae,,,,,,,,,37.39,51.27,Microtus schelkovnikovi,404168,False
Microtus schidlovskii,Rodentia,Cricetidae,,,,,,,,,,,Microtus schidlovskii,3608494,False
Microtus socialis,Rodentia,Cricetidae,48.0,19.5,5.51,,,,24.11,,42.28,61.29,Microtus socialis,803141,False
Microtus subterraneus,Rodentia,Cricetidae,17.74,21.0,2.46,,,,23.23,,50.81,18.72,Microtus subterraneus,965600,False
Microtus tatricus,Rodentia,Cricetidae,,,2.91,,,,,,48.37,22.02,Microtus tatricus,965599,False
Microtus thomasi,Rodentia,Cricetidae,,,4.32,,,,,,39.99,21.1,Microtus thomasi,1061324,False
Microtus townsendii,Rodentia,Cricetidae,52.02,23.2,5.06,0.000576965,,34348.94,15.44,1.0,45.56,-124.56,Microtus townsendii,803867,False
Microtus transcaspicus,Rodentia,Cricetidae,,,2.1,,,,,,33.53,56.75,Microtus transcaspicus,941091,False
Microtus umbrosus,Rodentia,Cricetidae,41.99,,,,,,,,16.99,-96.15,Microtus umbrosus,775312,False
Microtus xanthognathus,Rodentia,Cricetidae,92.65,,8.1,0.001022511,,1000.0,30.41,1.0,61.45,-124.28,Microtus xanthognathus,241402,False
Millardia gleadowi,Rodentia,Muridae,,,2.3,,48.0,,,,27.15,69.27,Millardia gleadowi,6520511,False
Millardia kathleenae,Rodentia,Muridae,,,,,,,,,22.58,95.39,Millardia kathleenae,481167,False
Millardia kondana,Rodentia,Muridae,,,,,,,,,18.24,73.8,Millardia kondana,3608651,False
Millardia meltada,Rodentia,Muridae,67.17,20.0,5.72,0.000926123,,,,,20.1,76.1,Millardia meltada,170600,False
Mimetillus moloneyi,Chiroptera,Vespertilionidae,8.89,,0.98,,,,,,-4.39,13.83,Mimetillus moloneyi,3614209,False
Mimon bennettii,Chiroptera,Phyllostomidae,12.9,,,,,,,2.0,-10.92,-46.87,Mimon bennettii,780064,False
Mimon cozumelae,Chiroptera,Phyllostomidae,,,0.98,,,,,,12.47,-84.65,Mimon cozumelae,860220,False
Mimon crenulatum,Chiroptera,Phyllostomidae,13.91,,0.99,,,,,2.0,2.36,-62.43,Gardnerycteris crenulatum,792611,True
Mimon koepckeae,Chiroptera,Phyllostomidae,,,,,,,,,-10.99,-74.81,Gardnerycteris koepckeae,3613579,True
Miniopterus africanus,Chiroptera,Vespertilionidae,,,,,,,,,-2.79,30.31,Miniopterus africanus,996932,False
Miniopterus australis,Chiroptera,Vespertilionidae,7.4,132.74,0.99,,,,,3.0,-6.73,-3.15,Miniopterus australis,1002681,False
Miniopterus fraterculus,Chiroptera,Vespertilionidae,7.38,155.09,1.0,,,,,,-24.05,32.9,Miniopterus fraterculus,61862,False
Miniopterus fuscus,Chiroptera,Vespertilionidae,,,,,,,,,26.38,126.69,Miniopterus fuscus,1011491,False
Miniopterus gleni,Chiroptera,Vespertilionidae,,,,,,,,,-18.77,47.05,Miniopterus gleni,350062,False
Miniopterus inflatus,Chiroptera,Vespertilionidae,14.9,91.24,0.99,,,,,3.0,-5.68,24.32,Miniopterus inflatus,306577,False
Miniopterus macrocneme,Chiroptera,Vespertilionidae,7.53,,1.0,,,,,,-12.17,150.29,Miniopterus macrocneme,18885,False
Miniopterus magnater,Chiroptera,Vespertilionidae,14.14,,,,,,,,7.21,121.82,Miniopterus magnater,829941,False
Miniopterus majori,Chiroptera,Vespertilionidae,,,,,,,,3.0,-18.77,47.03,Miniopterus majori,350060,False
Miniopterus manavi,Chiroptera,Vespertilionidae,,,,,,,,3.0,-18.48,46.84,Miniopterus manavi,18883,False
Miniopterus medius,Chiroptera,Vespertilionidae,11.4,,1.0,,,,,,-0.68,125.57,Miniopterus medius,598189,False
Miniopterus minor,Chiroptera,Vespertilionidae,,,,,,,,,-5.62,23.31,Miniopterus minor,306579,False
Miniopterus natalensis,Chiroptera,Vespertilionidae,10.43,126.88,1.0,,,,58.59,3.0,,,Miniopterus natalensis,18887,False
Miniopterus paululus,Chiroptera,Vespertilionidae,,,,,,,,,,,Miniopterus paululus,3613702,False
Miniopterus pusillus,Chiroptera,Vespertilionidae,8.95,,,,,,,,8.91,102.85,Miniopterus pusillus,61867,False
Miniopterus robustior,Chiroptera,Vespertilionidae,,,,,,,,,-21.16,167.56,Miniopterus robustior,3613704,False
Miniopterus schreibersii,Chiroptera,Vespertilionidae,11.46,182.5,0.99,,168.0,,60.19,3.0,5.87,72.43,Miniopterus schreibersii,238425,False
Miniopterus shortridgei,Chiroptera,Vespertilionidae,,,,,,,,,,,Miniopterus shortridgei,3613705,False
Miniopterus tristis,Chiroptera,Vespertilionidae,15.17,,,,,,,,4.18,134.4,Miniopterus tristis,306583,False
Miopithecus ogouensis,Primates,Cercopithecidae,,,,,,,,,-0.62,12.04,Miopithecus ogouensis,949834,False
Muntiacus feae,Artiodactyla,Cervidae,21999.99,195.57,1.22,,,,,2.0,15.02,98.37,Muntiacus feae,418003,False
Muntiacus gongshanensis,Artiodactyla,Cervidae,18590.01,,,,,,,2.0,28.59,97.55,Muntiacus gongshanensis,615938,False
Muntiacus muntjak,Artiodactyla,Cervidae,17611.59,210.0,1.0,,211.2,3.12,,1.0,11.79,95.86,Muntiacus muntjak,194523,False
Muntiacus puhoatensis,Artiodactyla,Cervidae,,,,,,,,,19.46,104.86,Muntiacus puhoatensis,3611948,False
Muntiacus putaoensis,Artiodactyla,Cervidae,,,,,,,,,26.72,97.29,Muntiacus putaoensis,57126,False
Muntiacus reevesi,Artiodactyla,Cervidae,13499.94,214.24,0.98,0.12,,0.67,,1.0,27.17,113.4,Muntiacus reevesi,59206,False
Muntiacus rooseveltorum,Artiodactyla,Cervidae,10762.64,212.49,1.0,,,,,,19.4,103.91,Muntiacus rooseveltorum,57125,False
Muntiacus truongsonensis,Artiodactyla,Cervidae,,,,,,,,,15.77,107.26,Muntiacus truongsonensis,418000,False
Muntiacus vuquangensis,Artiodactyla,Cervidae,36690.82,,,,,,,,15.99,105.96,Muntiacus vuquangensis,57121,False
Murexechinus melanurus,Dasyuromorphia,Dasyuridae,38.02,,3.49,,,150.0,,3.0,-5.66,141.74,Murexia melanurus,303997,True
Murexia longicaudata,Dasyuromorphia,Dasyuridae,126.79,,,,,,,3.0,-5.67,141.56,Murexia longicaudata,631445,False
Necromys punctulatus,Rodentia,Cricetidae,37.3,,,,,,,,,,Necromys punctulatus,3608374,False
Necromys temchuki,Rodentia,Cricetidae,47.2,,,,,,,,-26.69,-57.62,Bolomys temchuki,817135,True
Necromys urichi,Rodentia,Cricetidae,44.84,,5.18,,,304.58,,2.0,6.04,-66.74,Bolomys urichi,435931,True
Nectogale elegans,Soricomorpha,Soricidae,38.82,,,,,,,3.0,30.59,98.83,Nectogale elegans,690666,False
Nectomys apicalis,Rodentia,Cricetidae,,,,,,,,,,,Nectomys apicalis,806766,False
Nectomys magdalenae,Rodentia,Cricetidae,,,,,,,,,,,Nectomys magdalenae,3608238,False
Nectomys palmipes,Rodentia,Cricetidae,,,,,,,,,7.67,-62.26,Nectomys palmipes,3608235,False
Nectomys rattus,Rodentia,Cricetidae,248.8,,,,,,,2.0,4.59,-52.44,Nectomys rattus,3608236,False
Nectomys squamipes,Rodentia,Cricetidae,184.98,,4.5,0.00155313,,212.58,,2.0,,,Nectomys squamipes,885389,False
Muriculus imberbis,Rodentia,Muridae,18.5,,,,,,,,10.65,38.37,Muriculus imberbis,3610601,False
Murina aenea,Chiroptera,Vespertilionidae,7.5,,,,,,,,4.19,109.3,Murina aenea,448968,False
Murina aurata,Chiroptera,Vespertilionidae,,,,,,,,,28.41,94.23,Murina aurata,45655,False
Murina cyclotis,Chiroptera,Vespertilionidae,9.35,,1.98,,,,,,9.65,101.83,Murina cyclotis,176327,False
Murina florium,Chiroptera,Vespertilionidae,4.41,,,,,,,,-9.28,132.4,Murina florium,434676,False
Murina fusca,Chiroptera,Vespertilionidae,,,,,,,,,39.72,111.74,Murina fusca,3613776,False
Murina grisea,Chiroptera,Vespertilionidae,,,,,,,,,30.27,78.09,Harpiola grisea,3613626,True
Murina hilgendorfi,Chiroptera,Vespertilionidae,,,,,,,,,44.36,115.64,Murina hilgendorfi,448966,False
Murina huttoni,Chiroptera,Vespertilionidae,7.56,,,,,,,,20.17,93.03,Murina huttoni,61865,False
Murina leucogaster,Chiroptera,Vespertilionidae,7.54,,,,,,,,24.46,102.38,Murina leucogaster,434674,False
Murina puta,Chiroptera,Vespertilionidae,,,,,,,,,23.6,121.02,Murina puta,434682,False
Murina rozendaali,Chiroptera,Vespertilionidae,,,,,,,,,3.83,109.37,Murina rozendaali,505794,False
Murina ryukyuana,Chiroptera,Vespertilionidae,,,,,,,,,26.47,127.98,Murina ryukyuana,3613778,False
Murina silvatica,Chiroptera,Vespertilionidae,,,,,,,,,39.47,138.34,Murina silvatica,3613779,False
Murina suilla,Chiroptera,Vespertilionidae,4.0,,,,,,,,-0.88,107.76,Murina suilla,190903,False
Murina tenebrosa,Chiroptera,Vespertilionidae,,,,,,,,,34.49,129.36,Murina tenebrosa,3613773,False
Mesoplodon layardii,Cetacea,Ziphiidae,1500000.0,,,,,,,,,,Mesoplodon layardii,1021369,False
Mesoplodon mirus,Cetacea,Ziphiidae,2099999.99,,0.97,,,,,,,,Mesoplodon mirus,319479,False
Mesoplodon perrini,Cetacea,Ziphiidae,,,,,,,,,,,Mesoplodon perrini,276883,False
Mesoplodon peruvianus,Cetacea,Ziphiidae,,,,,,,,,,,Mesoplodon peruvianus,825958,False
Mesoplodon stejnegeri,Cetacea,Ziphiidae,4800000.02,,,,,,,,,,Mesoplodon stejnegeri,319467,False
Mesoplodon traversii,Cetacea,Ziphiidae,,,,,,,,,,,Mesoplodon traversii,346599,False
Metachirus nudicaudatus,Didelphimorphia,Didelphidae,363.77,,3.87,,48.0,25.59,,2.0,-5.33,-64.76,Metachirus nudicaudatus,502628,False
Micaelamys granti,Rodentia,Muridae,40.0,,,,,,,,-31.57,22.49,Micaelamys granti,3608713,False
Micaelamys namaquensis,Rodentia,Muridae,57.1,21.99,3.49,,,1378.9,27.5,,-23.16,26.01,Micaelamys namaquensis,742036,False
Micoureus alstoni,Didelphimorphia,Didelphidae,132.3,,,,,,,,13.29,-86.0,Micoureus alstoni,29033,False
Micoureus constantiae,Didelphimorphia,Didelphidae,92.69,,8.0,,,,,,-20.47,-59.57,Micoureus constantiae,913354,False
Micoureus demerarae,Didelphimorphia,Didelphidae,102.28,,6.29,,,26.38,,3.0,-8.52,-56.36,Micoureus demerarae,606436,False
Micoureus paraguayanus,Didelphimorphia,Didelphidae,112.43,,5.56,,,30.82,,3.0,,,Micoureus paraguayanus,392321,False
Micoureus phaeus,Didelphimorphia,Didelphidae,,,,,,,,,,,Micoureus phaeus,3606666,False
Micoureus regina,Didelphimorphia,Didelphidae,118.6,,,,,,,,-4.64,-73.43,Micoureus regina,84822,False
Microakodontomys transitorius,Rodentia,Cricetidae,,,,,,,,,,,Microakodontomys transitorius,219592,False
Microcavia australis,Rodentia,Caviidae,261.49,54.91,2.48,0.002938105,,2116.99,20.86,1.0,-37.86,-67.21,Microcavia australis,484314,False
Microcavia niata,Rodentia,Caviidae,254.67,54.0,3.16,,,,20.88,1.0,-19.93,-67.0,Microcavia niata,535746,False
Microcavia shiptoni,Rodentia,Caviidae,185.0,54.0,3.16,,,,20.88,,-25.07,-65.52,Microcavia shiptoni,3609881,False
Microcebus berthae,Primates,Cheirogaleidae,33.45,,,,,,,,-20.07,44.67,Microcebus berthae,765353,False
Microcebus griseorufus,Primates,Cheirogaleidae,70.24,,,,,,,,-22.94,43.97,Microcebus griseorufus,765339,False
Microcebus murinus,Primates,Cheirogaleidae,69.0,60.34,2.0,0.01,186.0,461.0,40.45,2.0,-18.95,46.41,Microcebus murinus,311211,False
Microcebus myoxinus,Primates,Cheirogaleidae,31.23,59.99,2.0,,,,,2.0,-20.08,44.84,Microcebus myoxinus,67369,False
Microcebus ravelobensis,Primates,Cheirogaleidae,58.6,,,,,,,,-16.3,46.92,Microcebus ravelobensis,148505,False
Microcebus rufus,Primates,Cheirogaleidae,48.39,59.99,2.52,0.01,144.0,167.8,40.0,2.0,-19.32,48.52,Microcebus rufus,148500,False
Microcebus sambiranensis,Primates,Cheirogaleidae,49.06,,,,,,,,-14.05,48.27,Microcebus sambiranensis,765356,False
Microcebus tavaratra,Primates,Cheirogaleidae,68.01,,,,,,,,-13.06,49.06,Microcebus tavaratra,765352,False
Microdillus peeli,Rodentia,Muridae,,,,,,,,,7.14,45.93,Microdillus peeli,3611191,False
Microdipodops megacephalus,Rodentia,Heteromyidae,12.3,,3.94,0.004385806,65.0,,,2.0,40.82,-116.76,Microdipodops megacephalus,241226,False
Microdipodops pallidus,Rodentia,Heteromyidae,13.36,,3.89,,,,,2.0,38.57,-117.47,Microdipodops pallidus,844945,False
Microgale brevicaudata,Afrosoricida,Tenrecidae,8.99,,4.5,,,,,3.0,-18.37,47.15,Microgale brevicaudata,542046,False
Microgale cowani,Afrosoricida,Tenrecidae,12.27,,,,,,,,-18.37,48.63,Microgale cowani,544762,False
Microgale dobsoni,Afrosoricida,Tenrecidae,36.66,61.64,2.66,,67.2,,27.87,3.0,-18.56,48.58,Microgale dobsoni,82081,False
Microgale drouhardi,Afrosoricida,Tenrecidae,10.5,,,,,,,,-17.67,48.56,Microgale drouhardi,3607183,False
Microgale dryas,Afrosoricida,Tenrecidae,40.0,,,,,,,,-16.52,49.07,Microgale dryas,3607187,False
Microgale fotsifotsy,Afrosoricida,Tenrecidae,7.7,,,,,,,,-19.35,48.56,Microgale fotsifotsy,3607186,False
Microgale gracilis,Afrosoricida,Tenrecidae,23.3,,,,,,,,-21.84,47.2,Microgale gracilis,3607184,False
Microgale gymnorhyncha,Afrosoricida,Tenrecidae,18.2,,,,,,,,-18.54,48.58,Microgale gymnorhyncha,3607189,False
Microgale longicaudata,Afrosoricida,Tenrecidae,8.08,,,,,,,3.0,-17.68,48.57,Microgale longicaudata,792176,False
Microgale monticola,Afrosoricida,Tenrecidae,13.9,,,,,,,,-14.59,49.59,Microgale monticola,3607180,False
Microgale nasoloi,Afrosoricida,Tenrecidae,,,,,,,,,-22.63,44.53,Microgale nasoloi,3607188,False
Microgale parvula,Afrosoricida,Tenrecidae,3.53,,,,,,,,-18.67,48.49,Microgale parvula,3607182,False
Microgale principula,Afrosoricida,Tenrecidae,10.2,,,,,,,,-19.45,48.49,Microgale principula,351005,False
Microgale pusilla,Afrosoricida,Tenrecidae,3.4,,,,,,,,-20.83,46.55,Microgale pusilla,792174,False
Microgale soricoides,Afrosoricida,Tenrecidae,18.7,,,,,,,,-18.49,48.44,Microgale soricoides,3607185,False
Microgale taiva,Afrosoricida,Tenrecidae,12.4,,,,,,,,-21.81,47.33,Microgale taiva,1037946,False
Microgale talazaci,Afrosoricida,Tenrecidae,43.07,60.74,2.23,,70.0,,29.38,3.0,-17.69,48.57,Microgale talazaci,211383,False
Microgale thomasi,Afrosoricida,Tenrecidae,22.9,,,,,,,,-21.93,47.33,Microgale thomasi,3607179,False
Microhydromys musseri,Rodentia,Muridae,,,,,,,,3.0,-3.54,142.43,Neacomys musseri,48240,True
Microhydromys richardsoni,Rodentia,Muridae,10.25,,,,,,,3.0,-6.47,143.17,Microhydromys richardsoni,3608863,False
Micromurexia habbema,Dasyuromorphia,Dasyuridae,,,,,,,,,-5.23,141.56,Murexia habbema,304008,True
Micromys minutus,Rodentia,Muridae,6.99,21.0,4.92,,60.0,,15.0,,43.32,68.17,Micromys minutus,211375,False
Micronycteris brosseti,Chiroptera,Phyllostomidae,,,,,,,,,-10.7,-61.52,Micronycteris brosseti,989361,False
Micronycteris hirsuta,Chiroptera,Phyllostomidae,12.89,,0.99,,,,,2.0,0.63,-71.45,Micronycteris hirsuta,218141,False
Micronycteris homezi,Chiroptera,Phyllostomidae,,,,,,,,,4.01,-58.7,Micronycteris homezi,596437,False
Micronycteris matses,Chiroptera,Phyllostomidae,,,,,,,,,-5.29,-73.15,Micronycteris matses,456416,False
Micronycteris megalotis,Chiroptera,Phyllostomidae,6.4,121.66,0.98,,,,,2.0,-5.56,-58.07,Micronycteris megalotis,218140,False
Micronycteris microtis,Chiroptera,Phyllostomidae,,,,,,,,,11.59,-80.01,Micronycteris microtis,596443,False
Micronycteris minuta,Chiroptera,Phyllostomidae,6.9,,0.99,,,,,2.0,-7.5,-60.53,Micronycteris minuta,218139,False
Micronycteris sanborni,Chiroptera,Phyllostomidae,,,,,,,,,-12.46,-65.74,Micronycteris sanborni,3613581,False
Micronycteris schmidtorum,Chiroptera,Phyllostomidae,7.73,,,,,,,2.0,-4.76,-62.08,Micronycteris schmidtorum,218135,False
Microperoryctes longicauda,Peramelemorphia,Peramelidae,542.07,,1.03,,,,,2.0,-5.46,141.36,Microperoryctes longicauda,327632,False
Microperoryctes murina,Peramelemorphia,Peramelidae,,,,,,,,,-2.61,134.87,Microperoryctes murina,3606656,False
Microperoryctes papuensis,Peramelemorphia,Peramelidae,158.0,,1.01,,,,,,-9.02,148.23,Microperoryctes papuensis,775064,False
Micropotamogale lamottei,Afrosoricida,Tenrecidae,69.59,,3.86,,,,,3.0,7.03,-8.27,Micropotamogale lamottei,321803,False
Micropotamogale ruwenzorii,Afrosoricida,Tenrecidae,109.13,,1.86,,,,,3.0,-1.3,29.41,Micropotamogale ruwenzorii,3607191,False
Micropteropus intermedius,Chiroptera,Pteropodidae,,,,,,,,,-6.24,17.47,Micropteropus intermedius,3613512,False
Micropteropus pusillus,Chiroptera,Pteropodidae,25.38,161.77,0.99,,,,55.18,1.0,0.57,10.95,Micropteropus pusillus,558423,False
Microryzomys altissimus,Rodentia,Cricetidae,13.49,,,,,,,,-3.01,-76.43,Microryzomys altissimus,3608340,False
Microryzomys minutus,Rodentia,Cricetidae,13.49,,,,,,,,-3.34,-71.7,Microryzomys minutus,280102,False
Microsciurus alfari,Rodentia,Sciuridae,87.49,,,,,,,,9.16,-80.9,Microsciurus alfari,953171,False
Microsciurus flaviventer,Rodentia,Sciuridae,92.0,,,,,,,3.0,-7.18,-70.14,Microsciurus flaviventer,532340,False
Microsciurus mimulus,Rodentia,Sciuridae,120.0,,,,,,,3.0,4.84,-79.48,Microsciurus mimulus,3608997,False
Microsciurus santanderensis,Rodentia,Sciuridae,99.79,,,,,,,,6.97,-72.81,Microsciurus santanderensis,3608996,False
Microtus abbreviatus,Rodentia,Cricetidae,66.06,21.27,3.0,,,,14.88,,60.49,-172.66,Microtus abbreviatus,742229,False
Microtus agrestis,Rodentia,Cricetidae,35.87,20.72,4.65,0.000683908,39.6,1948.7,13.9,,54.77,60.64,Microtus agrestis,754333,False
Microtus anatolicus,Rodentia,Cricetidae,,,,,,,,,,,Microtus anatolicus,1077543,False
Microtus arvalis,Rodentia,Cricetidae,26.9,21.0,4.99,0.000531047,36.0,17600.0,17.18,,50.7,46.17,Microtus arvalis,449577,False
Microtus bavaricus,Rodentia,Cricetidae,,,,,,,,1.0,,,Microtus bavaricus,965605,False
Microtus brachycercus,Rodentia,Cricetidae,,,,,,,,,,,Microtus brachycercus,995351,False
Microtus breweri,Rodentia,Cricetidae,,21.0,4.5,,,,8.45,1.0,41.33,-70.31,Microtus breweri,988006,False
Microtus cabrerae,Rodentia,Cricetidae,52.5,,,,,,,,39.92,-4.73,Microtus cabrerae,713373,False
Microtus californicus,Rodentia,Cricetidae,57.42,21.18,4.41,6.67285e-05,,13127.21,17.36,,37.02,-119.72,Microtus californicus,742231,False
Microtus canicaudus,Rodentia,Cricetidae,29.93,22.97,4.62,8.42627e-05,,,18.0,,44.97,-122.91,Microtus canicaudus,742224,False
Microtus chrotorrhinus,Rodentia,Cricetidae,38.99,20.0,3.58,,,,,1.0,44.91,-74.57,Microtus chrotorrhinus,241400,False
Microtus clarkei,Rodentia,Cricetidae,,,,,,,,,25.61,101.26,Neodon clarkei,630916,True
Microtus daghestanicus,Rodentia,Cricetidae,,,,,,,,,41.88,45.06,Microtus daghestanicus,1049258,False
Microtus dogramacii,Rodentia,Cricetidae,,,,,,,,,,,Microtus dogramacii,1049260,False
Myotis rosseti,Chiroptera,Vespertilionidae,3.29,,,,,,,,13.66,102.18,Myotis rosseti,964601,False
Myotis ruber,Chiroptera,Vespertilionidae,4.99,,,,,,,,-23.34,-49.5,Myotis ruber,878678,False
Myotis schaubi,Chiroptera,Vespertilionidae,,,,,,,,,41.69,44.76,Myotis schaubi,878681,False
Myotis scotti,Chiroptera,Vespertilionidae,,,,,,,,,7.71,38.33,Myotis scotti,476752,False
Myotis septentrionalis,Chiroptera,Vespertilionidae,,,,,,,,,46.87,-89.98,Myotis septentrionalis,687557,False
Myotis sicarius,Chiroptera,Vespertilionidae,,,,,,,,,27.31,88.06,Myotis sicarius,476750,False
Myotis siligorensis,Chiroptera,Vespertilionidae,2.93,,0.98,,,,,,17.79,97.87,Myotis siligorensis,687555,False
Myotis simus,Chiroptera,Vespertilionidae,,,0.98,,,,,,-12.91,-56.59,Myotis simus,1066079,False
Myotis sodalis,Chiroptera,Vespertilionidae,7.15,,0.99,,240.0,,46.07,3.0,38.05,-83.66,Myotis sodalis,939110,False
Myotis stalkeri,Chiroptera,Vespertilionidae,,,,,,,,,-2.95,131.04,Myotis stalkeri,3613653,False
Myotis thysanodes,Chiroptera,Vespertilionidae,8.49,53.55,0.99,,219.6,,22.69,,34.16,-109.05,Myotis thysanodes,307132,False
Myotis tricolor,Chiroptera,Vespertilionidae,13.67,77.43,0.99,,,,41.88,,-11.68,29.74,Myotis tricolor,450621,False
Myotis velifer,Chiroptera,Vespertilionidae,9.82,63.77,0.99,,135.96,,43.0,3.0,27.11,-100.43,Myotis velifer,238420,False
Myotis vivesi,Chiroptera,Vespertilionidae,25.63,,0.99,,120.0,,,3.0,27.7,-112.6,Myotis vivesi,514767,False
Myotis volans,Chiroptera,Vespertilionidae,8.71,,0.99,,51.0,,,,39.96,-117.68,Myotis volans,878680,False
Myotis welwitschii,Chiroptera,Vespertilionidae,15.88,,,,,,,,-17.79,26.79,Myotis welwitschii,746782,False
Myotis yanbarensis,Chiroptera,Vespertilionidae,,,,,,,,,26.47,127.98,Myotis yanbarensis,434678,False
Myotis yesoensis,Chiroptera,Vespertilionidae,,,,,,,,,43.45,142.79,Myotis yesoensis,3613654,False
Myotis yumanensis,Chiroptera,Vespertilionidae,5.15,,0.99,,105.96,,,,37.19,-114.95,Myotis yumanensis,878682,False
Myotomys sloggetti,Rodentia,Muridae,106.25,38.0,1.44,,,,16.0,,-29.86,26.31,Myotomys sloggetti,433648,False
Myotomys unisulcatus,Rodentia,Muridae,102.5,36.57,1.42,,,,13.92,1.0,-31.59,22.07,Myotomys unisulcatus,647417,False
Myrmecobius fasciatus,Dasyuromorphia,Myrmecobiidae,511.44,14.0,3.68,0.24,72.0,5.3,269.23,3.0,-33.82,117.04,Myrmecobius fasciatus,70811,False
Myrmecophaga tridactyla,Pilosa,Myrmecophagidae,29531.83,182.74,1.0,4.0,312.0,1.1,79.96,3.0,-7.71,-62.79,Myrmecophaga tridactyla,490538,False
Mysateles garridoi,Rodentia,Capromyidae,,,,,,,,2.0,21.63,-81.59,Mysateles garridoi,3609740,False
Mysateles meridionalis,Rodentia,Capromyidae,,,,,,,,,21.69,-82.87,Mysateles meridionalis,3609736,False
Mysateles prehensilis,Rodentia,Capromyidae,,,2.0,,,,,2.0,22.03,-81.28,Mysateles prehensilis,3609728,False
Mystacina robusta,Chiroptera,Mystacinidae,27.41,,,,,,,2.0,,,Mystacina robusta,3613563,False
Mystacina tuberculata,Chiroptera,Mystacinidae,13.14,,0.99,,,,,2.0,-40.97,173.07,Mystacina tuberculata,604409,False
Mystromys albicaudatus,Rodentia,Nesomyidae,86.85,37.0,3.0,,72.0,,32.0,,-29.94,25.08,Mystromys albicaudatus,91072,False
Myzopoda aurita,Chiroptera,Myzopodidae,9.1,,,,,,,3.0,-19.64,48.38,Myzopoda aurita,6794,False
Naemorhedus baileyi,Artiodactyla,Bovidae,28863.45,212.91,1.5,,219.0,,,,26.94,98.47,Naemorhedus baileyi,869867,False
Naemorhedus caudatus,Artiodactyla,Bovidae,26999.99,,,,108.96,,,,42.04,124.22,Naemorhedus caudatus,385438,False
Naemorhedus goral,Artiodactyla,Bovidae,28796.51,212.91,1.0,,211.2,,59.27,1.0,31.24,83.92,Naemorhedus goral,274555,False
Naemorhedus griseus,Artiodactyla,Bovidae,,,,,207.96,,,,28.95,101.99,Naemorhedus griseus,134543,False
Nandinia binotata,Carnivora,Nandiniidae,2167.2,65.35,1.84,0.55,222.0,4.99,63.81,1.0,-3.92,11.45,Nandinia binotata,1088403,False
Microtus duodecimcostatus,Rodentia,Cricetidae,22.71,,2.51,,,,,,40.42,-5.2,Microtus duodecimcostatus,509531,False
Microtus evoronensis,Rodentia,Cricetidae,,,,,,,,,51.39,136.63,Microtus evoronensis,422778,False
Microtus felteni,Rodentia,Cricetidae,,,,,,,,,41.75,21.58,Microtus felteni,1049261,False
Microtus fortis,Rodentia,Cricetidae,,,5.34,,,,,,39.47,123.48,Microtus fortis,742226,False
Microtus gerbei,Rodentia,Cricetidae,,,,,,,,,44.67,0.68,Microtus gerbei,1049264,False
Microtus gregalis,Rodentia,Cricetidae,,,8.48,,,,19.48,,56.32,96.31,Lasiopodomys gregalis,50538,True
Microtus guatemalensis,Rodentia,Cricetidae,41.99,,,,,,,,15.7,-91.23,Microtus guatemalensis,131167,False
Microtus guentheri,Rodentia,Cricetidae,49.99,21.0,6.14,,46.8,,18.49,,36.91,45.07,Microtus guentheri,1049266,False
Microtus ilaeus,Rodentia,Cricetidae,,,,,,,,,42.68,69.78,Microtus ilaeus,3608495,False
Microtus irani,Rodentia,Cricetidae,,,,,,,,,,,Microtus irani,1077541,False
Microtus kikuchii,Rodentia,Cricetidae,46.3,,1.97,,,,,,23.66,121.14,Microtus kikuchii,742244,False
Microtus levis,Rodentia,Cricetidae,35.49,,,,,,,,50.04,41.49,Microtus levis,163267,False
Microtus liechtensteini,Rodentia,Cricetidae,,,,,,,,,,,Microtus liechtensteini,965607,False
Microtus limnophilus,Rodentia,Cricetidae,,,,,,,,,42.4,97.44,Microtus limnophilus,404170,False
Microtus longicaudus,Rodentia,Cricetidae,44.8,,4.73,,,1200.0,,1.0,50.17,-125.11,Microtus longicaudus,910200,False
Murina tubinaris,Chiroptera,Vespertilionidae,5.45,,1.37,,,,,,24.22,90.4,Murina tubinaris,233915,False
Murina ussuriensis,Chiroptera,Vespertilionidae,,,,,,,,,49.48,137.38,Murina ussuriensis,259900,False
Mus baoulei,Rodentia,Muridae,,,,,,,,,7.64,-6.12,Mus baoulei,369735,False
Mus booduga,Rodentia,Muridae,13.78,,5.96,0.000967874,,,,,19.75,80.71,Mus booduga,451263,False
Mus bufo,Rodentia,Muridae,8.88,,,,,336.59,,,-2.03,29.22,Mus bufo,844282,False
Mus callewaerti,Rodentia,Muridae,,,,,,,,,-9.3,21.27,Mus callewaerti,3608883,False
Mus caroli,Rodentia,Muridae,14.26,18.1,,,,,,,16.92,110.57,Mus caroli,922493,False
Mus cervicolor,Rodentia,Muridae,,17.6,4.4,,,,,,18.9,95.56,Mus cervicolor,542519,False
Mus cookii,Rodentia,Muridae,,,,,,,,,19.87,100.06,Mus cookii,542528,False
Mus crociduroides,Rodentia,Muridae,,,,,,,,,-1.83,101.4,Mus crociduroides,185328,False
Mus famulus,Rodentia,Muridae,,,,,,,,,11.22,76.71,Mus famulus,1027340,False
Mus fernandoni,Rodentia,Muridae,,,,,,,,,7.87,80.78,Mus fernandoni,3608886,False
Mus fragilicauda,Rodentia,Muridae,,,,,,,,,,,Mus fragilicauda,1010350,False
Mus goundae,Rodentia,Muridae,,,,,,,,,8.88,20.93,Mus goundae,3608881,False
Mus haussa,Rodentia,Muridae,,,,,,,,,9.98,-1.7,Mus haussa,1000702,False
Mus indutus,Rodentia,Muridae,6.15,,4.76,,,,,,-22.45,22.22,Mus indutus,1000695,False
Mus macedonicus,Rodentia,Muridae,,,,,,,,,35.41,33.73,Mus macedonicus,845973,False
Mus mahomet,Rodentia,Muridae,10.0,,,,,,,,7.01,38.04,Mus mahomet,5857435,False
Mus mattheyi,Rodentia,Muridae,,,,,,,,,5.59,-0.43,Mus mattheyi,759679,False
Mus mayori,Rodentia,Muridae,,,2.95,,,,,,7.87,80.78,Mus mayori,3608874,False
Mus minutoides,Rodentia,Muridae,6.43,20.71,4.18,,37.2,92.09,20.19,2.0,-24.47,26.99,Mus minutoides,845966,False
Mus musculoides,Rodentia,Muridae,8.23,23.5,3.49,,,619.15,23.82,,-8.63,17.3,Mus musculoides,996648,False
Mus musculus,Rodentia,Muridae,19.3,19.6,5.54,0.0005162,72.0,4981.53,21.5,3.0,,,Mus musculus,542509,False
Mus neavei,Rodentia,Muridae,,,,,,,,,-17.65,31.63,Mus neavei,3608901,False
Mus orangiae,Rodentia,Muridae,,,,,,,,,-26.53,27.44,Mus orangiae,3608904,False
Mus oubanguii,Rodentia,Muridae,,,,,,,,,5.62,21.97,Mus oubanguii,3608899,False
Mus pahari,Rodentia,Muridae,,,,,,,,,20.07,98.26,Mus pahari,542493,False
Mus phillipsi,Rodentia,Muridae,,,,,,,,,18.34,79.27,Mus phillipsi,3608880,False
Mus platythrix,Rodentia,Muridae,29.08,,6.93,,,,,,17.22,79.34,Mus platythrix,845970,False
Mus saxicola,Rodentia,Muridae,,,,,,,,,18.67,78.06,Mus saxicola,542525,False
Mus setulosus,Rodentia,Muridae,11.18,,3.92,,,,,,4.94,13.62,Mus setulosus,845980,False
Mus setzeri,Rodentia,Muridae,6.65,,,,,,,,-19.01,21.55,Mus setzeri,3608890,False
Mus shortridgei,Rodentia,Muridae,,,,,,,,,17.69,99.53,Mus shortridgei,887682,False
Mus sorella,Rodentia,Muridae,,,,,,,,,-1.41,26.32,Mus sorella,844274,False
Mus spicilegus,Rodentia,Muridae,,,6.69,0.000185212,,874.99,,1.0,46.26,27.77,Mus spicilegus,845976,False
Mus spretus,Rodentia,Muridae,16.67,,5.15,0.000203629,,,,,36.16,1.26,Mus spretus,542521,False
Mus tenellus,Rodentia,Muridae,,,1.94,,,,,,3.89,37.77,Mus tenellus,844277,False
Mus terricolor,Rodentia,Muridae,,,,,,,,,20.66,78.72,Mus terricolor,348560,False
Mus triton,Rodentia,Muridae,12.62,,4.4,,,814.02,27.5,,-7.36,26.48,Mus triton,289304,False
Mus vulcani,Rodentia,Muridae,,,,,,,,,-6.76,107.04,Mus vulcani,3608885,False
Muscardinus avellanarius,Rodentia,Gliridae,29.19,24.97,4.3,0.003271485,72.0,,37.61,2.0,47.96,23.21,Muscardinus avellanarius,664079,False
Musonycteris harrisoni,Chiroptera,Phyllostomidae,,,,,,,,,18.3,-102.18,Musonycteris harrisoni,658353,False
Mustela africana,Carnivora,Mustelidae,536.98,,,,,,,,-4.15,-60.71,Mustela africana,275125,False
Mustela altaica,Carnivora,Mustelidae,180.24,40.0,5.44,,,,56.0,3.0,41.08,103.12,Mustela altaica,69264,False
Mustela erminea,Carnivora,Mustelidae,284.5,66.35,6.74,0.11,85.23,6.25,60.93,3.0,50.89,-0.01,Mustela erminea,681184,False
Mustela eversmanii,Carnivora,Mustelidae,1684.21,40.14,7.82,,,,48.8,3.0,43.4,71.84,Mustela eversmanii,3612699,False
Mustela felipei,Carnivora,Mustelidae,211.3,,,,,,,,2.02,-76.59,Mustela felipei,275123,False
Mustela frenata,Carnivora,Mustelidae,190.03,24.5,6.5,0.21,85.23,0.76,34.23,3.0,19.52,-94.34,Mustela frenata,685101,False
Mustela itatsi,Carnivora,Mustelidae,,,,,,,,,38.25,137.69,Mustela itatsi,975082,False
Mustela kathiah,Carnivora,Mustelidae,263.74,,,,,,,3.0,24.93,100.49,Mustela kathiah,1075273,False
Mustela lutreola,Carnivora,Mustelidae,566.44,43.74,4.5,0.17,120.0,0.07,58.71,3.0,54.33,28.63,Mustela lutreola,923105,False
Mustela lutreolina,Carnivora,Mustelidae,466.25,,,,,,,3.0,-5.4,106.38,Mustela lutreolina,3612707,False
Mustela nigripes,Carnivora,Mustelidae,907.1,43.0,3.36,0.83,144.0,2.0,59.66,3.0,,,Mustela nigripes,541439,False
Mustela nivalis,Carnivora,Mustelidae,78.45,36.49,5.07,0.07,120.0,12.89,36.74,3.0,51.84,-6.45e-08,Mustela nivalis,354525,False
Mustela nudipes,Carnivora,Mustelidae,569.42,,4.0,,,,,,-0.87,107.22,Mustela nudipes,378004,False
Mustela putorius,Carnivora,Mustelidae,975.55,41.49,8.48,0.53,168.0,0.83,54.39,3.0,47.73,27.32,Mustela putorius,923126,False
Mustela sibirica,Carnivora,Mustelidae,530.85,30.12,6.48,3.41,106.0,,58.2,3.0,38.46,96.87,Mustela sibirica,549525,False
Mustela strigidorsa,Carnivora,Mustelidae,1500.0,,,,,,,,19.97,96.48,Mustela strigidorsa,273796,False
Mustela subpalmata,Carnivora,Mustelidae,,,,,,,,,30.53,30.54,Mustela subpalmata,3612703,False
Mydaus javanensis,Carnivora,Mephitidae,2500.0,,,,,,,2.0,-0.8,107.18,Mydaus javanensis,890077,False
Mydaus marchei,Carnivora,Mephitidae,2500.0,,,,,,,,10.33,118.75,Mydaus marchei,685108,False
Mylomys dybowskii,Rodentia,Muridae,110.96,,4.04,,,167.41,,,2.13,13.67,Mylomys dybowskii,170597,False
Mylomys rex,Rodentia,Muridae,,,,,,,,,,,Meriones rex,404784,True
Myocastor coypus,Rodentia,Myocastoridae,6361.55,131.86,5.34,0.02,144.0,226.26,52.83,2.0,-35.41,-61.89,Myocastor coypus,169715,False
Myodes andersoni,Rodentia,Cricetidae,,,,,,,,,37.79,138.9,Myodes andersoni,1012695,False
Myodes californicus,Rodentia,Cricetidae,18.3,18.0,3.1,0.001246353,,434.02,,,42.06,-122.57,Myodes californicus,179751,False
Myodes centralis,Rodentia,Cricetidae,,,4.83,,,,,,42.47,78.42,Myodes centralis,686201,False
Myodes gapperi,Rodentia,Cricetidae,19.83,18.0,5.37,0.000463061,20.0,1186.41,30.87,2.0,47.63,-94.16,Myodes gapperi,627111,False
Myodes glareolus,Rodentia,Cricetidae,20.73,19.74,4.31,0.000951778,58.8,3704.05,19.73,2.0,53.56,42.34,Myodes glareolus,1051603,False
Myodes imaizumii,Rodentia,Cricetidae,,,,,,,,,,,Myodes imaizumii,4940962,False
Myodes regulus,Rodentia,Cricetidae,,,,,,,,,38.44,127.25,Myodes regulus,596152,False
Myodes rex,Rodentia,Cricetidae,,,,,,,,,43.45,144.17,Myodes rex,490380,False
Myodes rufocanus,Rodentia,Cricetidae,36.43,,5.01,,,,,,53.95,-0.000227374,Myodes rufocanus,563745,False
Myodes rutilus,Rodentia,Cricetidae,19.94,23.98,5.6,,,4074.55,,2.0,55.73,3.99,Myodes rutilus,686197,False
Myodes shanseius,Rodentia,Cricetidae,,,,,,,,,39.33,114.6,Myodes shanseius,3608474,False
Myodes smithii,Rodentia,Cricetidae,34.94,19.0,4.1,,42.0,1426.09,27.34,,36.26,135.81,Eothenomys smithii,1012704,True
Myoictis melas,Dasyuromorphia,Dasyuridae,221.77,,,,,,,,-4.62,138.97,Myoictis melas,379181,False
Myoictis wallacii,Dasyuromorphia,Dasyuridae,,,,,,,,,-6.71,138.58,Myoictis wallacii,3607133,False
Myomimus personatus,Rodentia,Gliridae,,,,,,,,,36.05,59.37,Myomimus personatus,3608164,False
Myomimus roachi,Rodentia,Gliridae,,,,,,,,,41.06,26.77,Myomimus roachi,1038448,False
Myomimus setzeri,Rodentia,Gliridae,,,,,,,,,33.61,47.04,Myomimus setzeri,3608165,False
Myomyscus angolensis,Rodentia,Muridae,,,,,,,,,-10.43,15.83,Myomyscus angolensis,3608627,False
Myomyscus brockmani,Rodentia,Muridae,,,,,,,,,0.94,38.28,Myomyscus brockmani,1057562,False
Myomyscus verreauxii,Rodentia,Muridae,41.0,,,,,4016.24,,,-32.93,20.69,Myomyscus verreauxii,1057551,False
Myomyscus yemeni,Rodentia,Muridae,,,,,,,,,17.55,43.21,Myomyscus yemeni,1057554,False
Myonycteris brachycephala,Chiroptera,Pteropodidae,,,,,,,,,0.22,6.61,Myonycteris brachycephala,558427,False
Myonycteris relicta,Chiroptera,Pteropodidae,53.32,,,,,,,,-6.5,37.51,Myonycteris relicta,192015,False
Myonycteris torquata,Chiroptera,Pteropodidae,44.92,,1.0,,,,,,-0.04,10.21,Myonycteris torquata,192012,False
Myoprocta acouchy,Rodentia,Dasyproctidae,954.87,98.43,1.97,0.008591924,120.0,7.61,26.19,1.0,-0.5,-55.83,Myoprocta acouchy,484313,False
Myoprocta pratti,Rodentia,Dasyproctidae,966.73,99.65,1.77,,,4.69,48.63,,,,Myoprocta pratti,980454,False
Myopterus daubentonii,Chiroptera,Molossidae,,,,,,,,,7.9,7.48,Myopterus daubentonii,663933,False
Myopterus whitleyi,Chiroptera,Molossidae,11.55,,,,,,,,1.05,15.12,Myopterus whitleyi,3613990,False
Myopus schisticolor,Rodentia,Cricetidae,29.99,23.74,5.25,0.000766498,12.0,,19.86,,57.75,89.18,Myopus schisticolor,490530,False
Myosciurus pumilio,Rodentia,Sciuridae,16.44,,1.97,,,,,2.0,2.03,10.97,Myosciurus pumilio,152097,False
Myosorex babaulti,Soricomorpha,Soricidae,,,2.99,,,,,,-2.08,28.89,Myosorex babaulti,3614476,False
Myosorex blarina,Soricomorpha,Soricidae,,,,,,,,,0.37,29.89,Myosorex blarina,298127,False
Myosorex cafer,Soricomorpha,Soricidae,12.3,,2.99,,,,,2.0,-25.57,30.87,Myosorex cafer,27750,False
Myosorex eisentrauti,Soricomorpha,Soricidae,,,,,,,,,3.46,8.64,Myosorex eisentrauti,3614475,False
Myosorex geata,Soricomorpha,Soricidae,9.34,,4.0,,,,,,-7.12,37.65,Myosorex geata,543351,False
Myosorex kihaulei,Soricomorpha,Soricidae,,,,,,,,,,,Myosorex kihaulei,587041,False
Myosorex longicaudatus,Soricomorpha,Soricidae,,,,,,,,2.0,-33.98,23.13,Myosorex longicaudatus,298130,False
Myosorex okuensis,Soricomorpha,Soricidae,,,,,,,,,5.57,10.1,Myosorex okuensis,3614477,False
Myosorex rumpii,Soricomorpha,Soricidae,,,,,,,,,4.95,9.33,Myosorex rumpii,3614471,False
Myosorex schalleri,Soricomorpha,Soricidae,,,,,,,,,-3.16,28.54,Myosorex schalleri,3614472,False
Myosorex sclateri,Soricomorpha,Soricidae,,,,,,,,,-28.53,31.76,Myosorex sclateri,781778,False
Myosorex tenuis,Soricomorpha,Soricidae,,,,,,,,,-25.84,29.98,Myosorex tenuis,3614474,False
Myosorex varius,Soricomorpha,Soricidae,11.68,,2.9,,12.0,1693.63,21.0,3.0,-29.36,24.97,Myosorex varius,563474,False
Myosorex zinki,Soricomorpha,Soricidae,,,,,,,,,,,Myosorex zinki,464821,False
Myospalax aspalax,Rodentia,Spalacidae,,,,,,,,,47.51,116.72,Myospalax aspalax,996523,False
Myospalax myospalax,Rodentia,Spalacidae,225.0,,4.5,,,,,,52.28,83.69,Myospalax myospalax,3608556,False
Myospalax psilurus,Rodentia,Spalacidae,259.21,,3.11,,,,,,42.53,125.3,Myospalax psilurus,618100,False
Myotis abei,Chiroptera,Vespertilionidae,,,,,,,,,48.63,142.8,Myotis abei,3613659,False
Myotis adversus,Chiroptera,Vespertilionidae,10.41,,1.0,,,,56.28,3.0,4.84,133.62,Myotis adversus,342710,False
Myotis aelleni,Chiroptera,Vespertilionidae,,,,,,,,,-41.78,-71.27,Myotis aelleni,3613688,False
Myotis albescens,Chiroptera,Vespertilionidae,5.69,93.18,0.98,,,,30.2,,-9.59,-64.8,Myotis albescens,353889,False
Myotis alcathoe,Chiroptera,Vespertilionidae,,,,,,,,,,,Myotis alcathoe,620441,False
Myotis altarium,Chiroptera,Vespertilionidae,11.0,,,,,,,,25.43,108.8,Myotis altarium,379806,False
Myotis anjouanensis,Chiroptera,Vespertilionidae,,,,,,,,,-12.22,44.37,Myotis anjouanensis,434436,False
Myotis annamiticus,Chiroptera,Vespertilionidae,,,,,,,,,17.42,106.15,Myotis annamiticus,964597,False
Myotis annectans,Chiroptera,Vespertilionidae,9.75,,,,,,,,22.65,94.67,Myotis annectans,488513,False
Myotis atacamensis,Chiroptera,Vespertilionidae,,,,,,,,,-22.43,-71.75,Myotis atacamensis,175290,False
Myotis ater,Chiroptera,Vespertilionidae,,,,,,,,,4.05,114.73,Myotis ater,626682,False
Myotis auriculus,Chiroptera,Vespertilionidae,38.04,,1.0,,38.0,,,3.0,27.58,-104.91,Myotis auriculus,498123,False
Myotis australis,Chiroptera,Vespertilionidae,,,,,,,,,,,Myotis australis,3613644,False
Myotis austroriparius,Chiroptera,Vespertilionidae,7.35,,1.88,,72.0,,46.8,,33.14,-86.45,Myotis austroriparius,363026,False
Myotis bechsteinii,Chiroptera,Vespertilionidae,9.47,,1.0,,252.0,,,3.0,45.26,17.72,Myotis bechsteinii,342718,False
Myotis blythii,Chiroptera,Vespertilionidae,23.82,,0.98,,237.99,,,,38.55,75.86,Myotis blythii,1080286,False
Myotis bocagii,Chiroptera,Vespertilionidae,7.93,,0.99,,,,,3.0,-4.4,17.48,Myotis bocagii,307135,False
Myotis bombinus,Chiroptera,Vespertilionidae,,,,,,,,,39.6,134.89,Myotis bombinus,311767,False
Myotis brandtii,Chiroptera,Vespertilionidae,5.3,,,,,,,,51.02,67.22,Myotis brandtii,353460,False
Myotis bucharensis,Chiroptera,Vespertilionidae,,,,,,,,,,,Myotis bucharensis,3613664,False
Myotis californicus,Chiroptera,Vespertilionidae,4.39,,0.99,,180.0,,89.79,3.0,36.02,-111.65,Myotis californicus,235788,False
Myotis capaccinii,Chiroptera,Vespertilionidae,8.15,54.99,0.99,,,,,3.0,37.23,28.01,Myotis capaccinii,353431,False
Myotis chiloensis,Chiroptera,Vespertilionidae,,,0.98,,,,,3.0,-42.02,-72.07,Myotis chiloensis,175299,False
Myotis chinensis,Chiroptera,Vespertilionidae,41.99,,,,,,,,22.96,108.78,Myotis chinensis,535369,False
Myotis ciliolabrum,Chiroptera,Vespertilionidae,4.89,,,,,,,,,,Myotis ciliolabrum,586288,False
Myotis cobanensis,Chiroptera,Vespertilionidae,,,,,,,,,15.47,-90.36,Myotis cobanensis,3613685,False
Myotis csorbai,Chiroptera,Vespertilionidae,,,,,,,,,28.07,84.0,Myotis csorbai,964599,False
Myotis dasycneme,Chiroptera,Vespertilionidae,15.16,,1.0,,234.0,,,3.0,54.84,64.89,Myotis dasycneme,353897,False
Myotis daubentonii,Chiroptera,Vespertilionidae,7.63,55.14,1.21,,336.0,,35.33,3.0,44.87,67.67,Myotis daubentonii,407052,False
Myotis davidii,Chiroptera,Vespertilionidae,,,,,,,,,,,Myotis davidii,849319,False
Myotis dominicensis,Chiroptera,Vespertilionidae,,,,,,,,,15.85,-61.48,Myotis dominicensis,1022617,False
Myotis elegans,Chiroptera,Vespertilionidae,4.21,,0.98,,,,,,16.46,-91.59,Myotis elegans,61869,False
Myotis emarginatus,Chiroptera,Vespertilionidae,7.56,,0.99,,216.0,,41.61,,38.3,31.91,Myotis emarginatus,1080294,False
Myotis evotis,Chiroptera,Vespertilionidae,6.91,,0.98,,,,,,40.12,-115.21,Myotis evotis,235790,False
Myotis fimbriatus,Chiroptera,Vespertilionidae,,,,,,,,,24.53,116.06,Myotis fimbriatus,885003,False
Myotis findleyi,Chiroptera,Vespertilionidae,,,,,,,,,21.48,-106.43,Myotis findleyi,3613674,False
Myotis formosus,Chiroptera,Vespertilionidae,7.07,,,,,,,,22.74,97.94,Myotis formosus,505486,False
Myotis fortidens,Chiroptera,Vespertilionidae,4.37,,0.98,,,,,3.0,22.77,-101.21,Myotis fortidens,363081,False
Myotis frater,Chiroptera,Vespertilionidae,7.54,,1.0,,,,,,,,Myotis frater,434671,False
Myotis gomantongensis,Chiroptera,Vespertilionidae,,,,,,,,,1.42,114.05,Myotis gomantongensis,76756,False
Myotis goudoti,Chiroptera,Vespertilionidae,5.56,,,,,,,3.0,-18.84,46.85,Myotis goudoti,31985,False
Myotis grisescens,Chiroptera,Vespertilionidae,10.84,,0.99,,471.24,,42.35,3.0,35.76,-86.35,Myotis grisescens,213632,False
Myotis hajastanicus,Chiroptera,Vespertilionidae,,,,,,,,,40.39,45.35,Myotis hajastanicus,888165,False
Myotis hasseltii,Chiroptera,Vespertilionidae,8.7,,0.99,,,,,,7.61,99.7,Myotis hasseltii,353891,False
Myotis hermani,Chiroptera,Vespertilionidae,,,,,,,,,5.83,95.29,Myotis hermani,3613648,False
Myotis horsfieldii,Chiroptera,Vespertilionidae,6.05,,,,,,,,8.85,98.99,Myotis horsfieldii,249359,False
Myotis hosonoi,Chiroptera,Vespertilionidae,,,,,,,,,37.66,139.86,Myotis hosonoi,3613640,False
Myotis ikonnikovi,Chiroptera,Vespertilionidae,,,,,,,,,45.32,112.48,Myotis ikonnikovi,620439,False
Myotis insularum,Chiroptera,Vespertilionidae,,,,,,,,,-13.61,-172.48,Myotis insularum,3613641,False
Myotis keaysi,Chiroptera,Vespertilionidae,5.45,,0.98,,,,,,-2.23,-79.9,Myotis keaysi,353894,False
Myotis keenii,Chiroptera,Vespertilionidae,6.51,,0.99,,222.0,,38.93,,51.75,-125.27,Myotis keenii,586294,False
Myotis laniger,Chiroptera,Vespertilionidae,,,,,,,,,24.69,104.7,Myotis laniger,911474,False
Myotis leibii,Chiroptera,Vespertilionidae,5.22,,0.99,,,,,,40.89,-80.99,Myotis leibii,217241,False
Myotis levis,Chiroptera,Vespertilionidae,5.49,,,,,,,,-28.83,-57.95,Myotis levis,307134,False
Myotis longipes,Chiroptera,Vespertilionidae,,,,,,,,,30.18,79.56,Myotis longipes,860274,False
Myotis lucifugus,Chiroptera,Vespertilionidae,7.8,59.79,1.0,,408.0,,26.0,3.0,,,Myotis lucifugus,342715,False
Myotis macrodactylus,Chiroptera,Vespertilionidae,7.48,,1.0,,,,,,37.97,136.42,Myotis macrodactylus,434679,False
Myotis macropus,Chiroptera,Vespertilionidae,,,,,,,,,-24.91,146.45,Myotis macropus,249353,False
Myotis macrotarsus,Chiroptera,Vespertilionidae,12.64,,,,,,,,11.54,121.88,Myotis macrotarsus,353886,False
Myotis martiniquensis,Chiroptera,Vespertilionidae,,,,,,,,,13.95,-60.32,Myotis martiniquensis,939105,False
Myotis melanorhinus,Chiroptera,Vespertilionidae,,,,,,,,,37.3,-110.7,Myotis melanorhinus,3613687,False
Myotis moluccarum,Chiroptera,Vespertilionidae,,,,,,,,,-6.86,143.29,Myotis moluccarum,173223,False
Myotis montivagus,Chiroptera,Vespertilionidae,8.3,,,,,,,,16.4,95.46,Myotis montivagus,353888,False
Myotis morrisi,Chiroptera,Vespertilionidae,,,,,,,,,8.85,21.83,Myotis morrisi,3613643,False
Myotis muricola,Chiroptera,Vespertilionidae,4.8,,1.0,,,,,3.0,13.06,98.8,Myotis muricola,878677,False
Myotis myotis,Chiroptera,Vespertilionidae,25.59,73.0,1.5,,264.0,,41.99,3.0,47.44,12.33,Myotis myotis,966432,False
Myotis mystacinus,Chiroptera,Vespertilionidae,,,,,,,,,,,Myotis mystacinus,353458,False
Myotis nattereri,Chiroptera,Vespertilionidae,7.25,,0.99,,180.0,,60.41,3.0,46.05,28.97,Myotis nattereri,1008252,False
Myotis nesopolus,Chiroptera,Vespertilionidae,3.56,,,,,,,,11.08,-71.26,Myotis nesopolus,898241,False
Myotis nigricans,Chiroptera,Vespertilionidae,,,,,,,,,-2.93,-67.62,Myotis nigricans,307133,False
Myotis nipalensis,Chiroptera,Vespertilionidae,,,,,,,,,,,Myotis nipalensis,840250,False
Myotis occultus,Chiroptera,Vespertilionidae,8.79,,,,,,,,,,Myotis occultus,3613677,False
Myotis oreias,Chiroptera,Vespertilionidae,,,,,,,,,1.36,103.82,Myotis oreias,3613655,False
Myotis oxygnathus,Chiroptera,Vespertilionidae,21.23,,,,,,,,42.08,31.45,Myotis oxygnathus,743482,False
Myotis oxyotus,Chiroptera,Vespertilionidae,5.65,,0.98,,,,,,-2.53,-73.08,Myotis oxyotus,878679,False
Myotis ozensis,Chiroptera,Vespertilionidae,,,,,,,,,36.9,139.31,Myotis ozensis,3613658,False
Myotis peninsularis,Chiroptera,Vespertilionidae,,,,,,,,,23.68,-110.28,Myotis peninsularis,3613676,False
Myotis pequinius,Chiroptera,Vespertilionidae,,,,,,,,,36.2,118.62,Myotis pequinius,569191,False
Myotis planiceps,Chiroptera,Vespertilionidae,,,,,,,,,24.49,-101.17,Myotis planiceps,3613639,False
Myotis pruinosus,Chiroptera,Vespertilionidae,,,,,,,,,36.26,135.81,Myotis pruinosus,423040,False
Myotis punicus,Chiroptera,Vespertilionidae,,,,,,,,,34.4,2.86,Myotis punicus,1015040,False
Myotis ricketti,Chiroptera,Vespertilionidae,,,,,,,,,29.74,110.23,Myotis ricketti,31968,False
Myotis ridleyi,Chiroptera,Vespertilionidae,4.06,,,,,,,,4.68,107.77,Myotis ridleyi,363061,False
Myotis riparius,Chiroptera,Vespertilionidae,4.57,,0.98,,,,,3.0,-9.52,-60.81,Myotis riparius,267991,False
Nanger dama,Artiodactyla,Bovidae,71424.81,194.93,1.0,,207.96,0.18,,1.0,20.22,12.42,Nanger dama,924742,False
Nanger granti,Artiodactyla,Bovidae,55464.46,191.21,1.0,,152.04,3.92,,1.0,0.28,37.94,Nanger granti,346068,False
Nanger soemmerringii,Artiodactyla,Bovidae,41582.93,192.53,1.0,,186.0,5.47,,,9.81,42.44,Nanger soemmerringii,702501,False
Nannosciurus melanotis,Rodentia,Sciuridae,,,,,,,,,-1.56,105.96,Nannosciurus melanotis,672836,False
Nanonycteris veldkampii,Chiroptera,Pteropodidae,21.89,,0.98,,,,,,7.16,3.3,Nanonycteris veldkampii,553120,False
Napaeozapus insignis,Rodentia,Dipodidae,22.25,22.73,4.5,0.01,48.0,667.18,34.99,2.0,44.4,-76.22,Napaeozapus insignis,379305,False
Nasalis larvatus,Primates,Cercopithecidae,12265.65,165.04,1.02,1.4,252.0,8.99,211.75,1.0,1.42,114.05,Nasalis larvatus,860954,False
Nasua narica,Carnivora,Procyonidae,4578.43,76.82,4.0,0.78,212.0,6.07,132.63,2.0,21.26,-95.33,Nasua narica,736280,False
Nasua nasua,Carnivora,Procyonidae,3775.5,75.06,3.69,0.79,212.4,15.42,113.15,2.0,-11.55,-58.87,Nasua nasua,348031,False
Nasuella olivacea,Carnivora,Procyonidae,1339.99,,,,,,,2.0,3.91,-74.3,Nasuella olivacea,1030921,False
Natalus jamaicensis,Chiroptera,Natalidae,,,,,,,,,18.11,-77.27,Natalus jamaicensis,120212,False
Natalus major,Chiroptera,Natalidae,,,,,,,,,18.77,-71.39,Natalus major,120209,False
Natalus primus,Chiroptera,Natalidae,,,,,,,,,21.49,-78.66,Natalus primus,3614033,False
Natalus stramineus,Chiroptera,Natalidae,5.68,244.85,0.99,,57.96,,50.53,3.0,3.72,-73.41,Natalus stramineus,579474,False
Natalus tumidirostris,Chiroptera,Natalidae,6.3,,,,,,,3.0,6.82,-64.28,Natalus tumidirostris,190917,False
Neacomys dubosti,Rodentia,Cricetidae,,,,,,,,,,,Neacomys dubosti,678680,False
Neacomys guianae,Rodentia,Cricetidae,15.87,,,,,27.45,,2.0,2.88,-54.96,Neacomys guianae,297959,False
Neacomys minutus,Rodentia,Cricetidae,,,,,,,,,,,Neacomys minutus,48255,False
Neacomys musseri,Rodentia,Cricetidae,,,,,,,,,,,Neacomys musseri,48240,False
Neacomys paracou,Rodentia,Cricetidae,,,,,,,,,,,Neacomys paracou,297956,False
Neacomys pictus,Rodentia,Cricetidae,,,,,,,,2.0,8.01,-77.6,Neacomys pictus,3608342,False
Neacomys spinosus,Rodentia,Cricetidae,19.0,,,,,,,2.0,-9.16,-64.02,Neacomys spinosus,27304,False
Neacomys tenuipes,Rodentia,Cricetidae,19.0,,3.94,,,273.07,,2.0,4.1,-63.9,Neacomys tenuipes,3608341,False
Neamblysomus gunningi,Afrosoricida,Chrysochloridae,,,,,,,,3.0,-23.95,30.91,Neamblysomus gunningi,909649,False
Neamblysomus julianae,Afrosoricida,Chrysochloridae,21.99,,0.96,,,,,3.0,-25.06,29.93,Neamblysomus julianae,909638,False
Necromys amoenus,Rodentia,Cricetidae,27.09,,,,,1789.26,,,-17.4,-68.57,Bolomys amoenus,1068790,True
Necromys benefactus,Rodentia,Cricetidae,,,,,,,,,,,Necromys benefactus,4940982,False
Necromys lactens,Rodentia,Cricetidae,32.9,,,,,,,,-21.74,-64.87,Necromys lactens,39189,False
Necromys lasiurus,Rodentia,Cricetidae,39.93,21.97,4.5,,,,,2.0,,,Bolomys lasiurus,936613,True
Necromys lenguarum,Rodentia,Cricetidae,,,,,,,,,,,Necromys lenguarum,115476,False
Necromys obscurus,Rodentia,Cricetidae,40.69,,4.86,,,,,2.0,-36.06,-58.74,Necromys obscurus,536360,False
Nelsonia goldmani,Rodentia,Cricetidae,,,,,,,,,19.5,-102.29,Nelsonia goldmani,3608417,False
Nelsonia neotomodon,Rodentia,Cricetidae,80.0,,,,,,,,21.83,-104.1,Nelsonia neotomodon,612161,False
Neodon forresti,Rodentia,Cricetidae,,,,,,,,,,,Neodon forresti,4940959,False
Neodon irene,Rodentia,Cricetidae,,,,,,,,,31.11,99.45,Neodon irene,544111,False
Neodon juldaschi,Rodentia,Cricetidae,,,3.52,,,,,,37.01,71.76,Neodon juldaschi,624833,False
Neodon sikimensis,Rodentia,Cricetidae,,,2.25,,,,,,28.93,96.19,Neodon sikimensis,48249,False
Neofelis nebulosa,Carnivora,Felidae,14945.05,93.44,2.25,,204.0,,111.67,3.0,11.57,103.26,Neofelis nebulosa,763016,False
Neofiber alleni,Rodentia,Cricetidae,265.38,28.26,2.33,3.79558e-05,,14515.71,20.92,1.0,28.09,-82.6,Neofiber alleni,404165,False
Neohylomys hainanensis,Erinaceomorpha,Erinaceidae,52.21,,,,,,,3.0,19.02,109.48,Neohylomys hainanensis,736215,False
Neomys anomalus,Soricomorpha,Soricidae,13.19,26.0,7.1,,24.0,,27.84,,45.32,16.18,Neomys anomalus,276756,False
Neomys fodiens,Soricomorpha,Soricidae,15.26,21.38,6.39,0.000156744,36.0,320.0,35.34,2.0,55.58,67.73,Neomys fodiens,112409,False
Neomys teres,Soricomorpha,Soricidae,,,,,,,,,42.2,43.16,Neomys teres,1086292,False
Neonycteris pusilla,Chiroptera,Phyllostomidae,,,,,,,,2.0,1.01,-68.89,Neonycteris pusilla,3613584,False
Neophascogale lorentzi,Dasyuromorphia,Dasyuridae,212.0,,,,,,,,-4.95,141.1,Neophascogale lorentzii,1029247,True
Neophoca cinerea,Carnivora,Otariidae,189274.99,265.94,1.35,,192.0,,542.19,2.0,,,Neophoca cinerea,273179,False
Neophocaena phocaenoides,Cetacea,Phocoenidae,32500.0,319.01,0.97,,276.0,,319.37,,,,Neophocaena phocaenoides,423949,False
Neopteryx frosti,Chiroptera,Pteropodidae,,,0.98,,,,,,-0.65,121.33,Neopteryx frosti,3613536,False
Neoromicia brunneus,Chiroptera,Vespertilionidae,,,,,,,,,2.41,4.98,Neoromicia brunneus,176321,False
Neoromicia capensis,Chiroptera,Vespertilionidae,5.96,,1.96,,,,,3.0,-9.25,13.59,Neoromicia capensis,781533,False
Neoromicia flavescens,Chiroptera,Vespertilionidae,10.5,,,,,,,,-12.13,25.04,Neoromicia flavescens,3613788,False
Neoromicia guineensis,Chiroptera,Vespertilionidae,,,,,,,,,8.94,15.74,Neoromicia guineensis,3613785,False
Neoromicia helios,Chiroptera,Vespertilionidae,3.56,,,,,,,,5.21,39.36,Neoromicia helios,3613811,False
Neoromicia melckorum,Chiroptera,Vespertilionidae,,,1.98,,,,,3.0,-25.02,24.51,Neoromicia melckorum,7067901,False
Neoromicia nanus,Chiroptera,Vespertilionidae,3.88,75.56,1.86,,,,,3.0,-8.82,16.84,Neoromicia nanus,286103,False
Neoromicia rendalli,Chiroptera,Vespertilionidae,6.42,,,,,,,,-1.33,13.32,Neoromicia rendalli,687562,False
Neoromicia somalicus,Chiroptera,Vespertilionidae,3.53,,2.0,,,,,,-3.5,22.01,Neoromicia somalicus,826854,False
Neoromicia tenuipinnis,Chiroptera,Vespertilionidae,5.35,,,,,,,,0.91,12.18,Neoromicia tenuipinnis,450792,False
Neoromicia zuluensis,Chiroptera,Vespertilionidae,4.14,,,,,,,3.0,-22.81,23.1,Neoromicia zuluensis,450569,False
Neotetracus sinensis,Erinaceomorpha,Erinaceidae,,,4.28,,,,,3.0,26.22,101.47,Neotetracus sinensis,223813,False
Neotoma albigula,Rodentia,Cricetidae,208.18,37.0,2.14,0.000197477,92.4,610.11,33.5,1.0,29.26,-107.63,Neotoma albigula,156843,False
Neotoma angustapalata,Rodentia,Cricetidae,198.0,,,,,,,,23.01,-99.33,Neotoma angustapalata,319387,False
Neotoma anthonyi,Rodentia,Cricetidae,195.4,,,,,,,,31.81,-116.8,Neotoma anthonyi,3608396,False
Neotoma bryanti,Rodentia,Cricetidae,182.0,,,,,230.92,,,28.2,-115.25,Neotoma bryanti,540826,False
Neotoma bunkeri,Rodentia,Cricetidae,375.0,,,,,,,,26.1,-111.27,Neotoma bunkeri,3608385,False
Neotoma chrysomelas,Rodentia,Cricetidae,,,0.97,,,,,,13.76,-86.92,Neotoma chrysomelas,3608398,False
Neotoma cinerea,Rodentia,Cricetidae,285.89,29.69,3.45,0.03,,,26.35,1.0,50.09,-119.56,Neotoma cinerea,690529,False
Neotoma devia,Rodentia,Cricetidae,200.0,,,,,,,,34.26,-113.08,Neotoma devia,15637,False
Neotoma floridana,Rodentia,Cricetidae,249.16,34.84,3.11,0.001763588,36.0,273.98,37.31,1.0,,,Neotoma floridana,114348,False
Neotoma fuscipes,Rodentia,Cricetidae,213.26,33.21,2.79,0.001759369,,1700.0,27.49,,,,Neotoma fuscipes,503776,False
Neotoma goldmani,Rodentia,Cricetidae,198.0,,1.29,,,,,,24.98,-102.12,Neotoma goldmani,690543,False
Neotoma lepida,Rodentia,Cricetidae,143.88,32.99,2.7,0.001105651,,674.58,33.24,1.0,33.5,-114.79,Neotoma lepida,39195,False
Neotoma leucodon,Rodentia,Cricetidae,,,,,,,,,,,Neotoma leucodon,83673,False
Neotoma macrotis,Rodentia,Cricetidae,225.74,,,,,,,,,,Neotoma macrotis,435503,False
Neotoma magister,Rodentia,Cricetidae,447.0,33.43,2.0,,,,25.8,,,,Neotoma magister,381420,False
Neotoma martinensis,Rodentia,Cricetidae,240.16,,,,,,,,30.48,-116.11,Neotoma martinensis,3608389,False
Neotoma mexicana,Rodentia,Cricetidae,203.0,33.21,2.59,,,132.62,,1.0,27.3,-100.45,Neotoma mexicana,690541,False
Nyctophilus nebulosus,Chiroptera,Vespertilionidae,,,,,,,,,-22.13,166.53,Nyctophilus nebulosus,3613746,False
Nyctophilus timoriensis,Chiroptera,Vespertilionidae,11.02,,2.0,,,,,3.0,-25.07,133.47,Nyctophilus timoriensis,3613741,False
Nyctophilus walkeri,Chiroptera,Vespertilionidae,4.44,,,,,,,,-14.72,132.15,Nyctophilus walkeri,3613749,False
Ochotona alpina,Lagomorpha,Ochotonidae,150.0,28.98,3.07,,36.0,812.4,21.0,,46.28,103.82,Ochotona alpina,747635,False
Ochotona argentata,Lagomorpha,Ochotonidae,,,,,,,,,38.77,105.83,Ochotona argentata,3611325,False
Ochotona cansus,Lagomorpha,Ochotonidae,68.75,24.49,3.65,0.000567109,60.0,,18.0,1.0,34.43,103.0,Ochotona cansus,832826,False
Ochotona collaris,Lagomorpha,Ochotonidae,129.0,,3.35,0.001003006,72.0,733.17,,1.0,64.37,-139.97,Ochotona collaris,335092,False
Ochotona curzoniae,Lagomorpha,Ochotonidae,159.47,22.5,4.39,0.001073894,,19000.0,,1.0,34.06,90.08,Ochotona curzoniae,832831,False
Ochotona dauurica,Lagomorpha,Ochotonidae,131.01,30.0,5.91,,,5490.9,,1.0,42.78,104.26,Ochotona dauurica,832836,False
Ochotona erythrotis,Lagomorpha,Ochotonidae,,,,,,,,,36.25,94.54,Ochotona erythrotis,439625,False
Ochotona forresti,Lagomorpha,Ochotonidae,,,,,,,,,27.57,94.04,Ochotona forresti,439623,False
Ochotona gaoligongensis,Lagomorpha,Ochotonidae,,,,,,,,,27.74,98.46,Ochotona gaoligongensis,3611327,False
Ochotona gloveri,Lagomorpha,Ochotonidae,,,,,,,,,30.11,98.72,Ochotona gloveri,691100,False
Ochotona himalayana,Lagomorpha,Ochotonidae,,,3.42,,,,,,29.16,90.72,Ochotona himalayana,258383,False
Ochotona hoffmanni,Lagomorpha,Ochotonidae,,,,,,,,,50.2,105.74,Ochotona hoffmanni,50370,False
Ochotona huangensis,Lagomorpha,Ochotonidae,105.33,,,,,,,,33.28,105.76,Ochotona huangensis,258381,False
Ochotona hyperborea,Lagomorpha,Ochotonidae,120.0,28.0,3.02,0.002148301,,3376.38,,,56.94,120.45,Ochotona hyperborea,258378,False
Ochotona iliensis,Lagomorpha,Ochotonidae,,,,,,,,,43.89,84.39,Ochotona iliensis,435706,False
Ochotona koslowi,Lagomorpha,Ochotonidae,,,1.0,,,,,,37.65,88.97,Ochotona koslowi,258376,False
Ochotona ladacensis,Lagomorpha,Ochotonidae,,,,,,,,1.0,35.97,86.47,Ochotona ladacensis,439610,False
Ochotona macrotis,Lagomorpha,Ochotonidae,204.75,,4.23,,,1200.0,,,34.72,87.83,Ochotona macrotis,439598,False
Ochotona muliensis,Lagomorpha,Ochotonidae,,,,,,,,,26.82,101.43,Ochotona muliensis,899308,False
Ochotona nigritia,Lagomorpha,Ochotonidae,,,,,,,,,26.0,98.62,Ochotona nigritia,3611323,False
Ochotona nubrica,Lagomorpha,Ochotonidae,,,,,,,,,31.49,86.28,Ochotona nubrica,258392,False
Ochotona pallasi,Lagomorpha,Ochotonidae,,25.0,7.45,0.001754244,48.0,10000.0,19.44,,45.2,92.28,Ochotona pallasi,258390,False
Ochotona princeps,Lagomorpha,Ochotonidae,157.63,30.44,2.88,0.001114724,84.0,774.59,26.45,1.0,44.92,-115.68,Ochotona princeps,644261,False
Ochotona pusilla,Lagomorpha,Ochotonidae,142.5,21.99,8.59,,48.0,3279.99,21.0,1.0,50.53,68.69,Ochotona pusilla,444057,False
Ochotona roylei,Lagomorpha,Ochotonidae,260.0,,3.0,,,1172.6,21.0,,32.34,80.38,Ochotona roylei,289789,False
Pelea capreolus,Artiodactyla,Bovidae,22731.33,260.99,1.0,,147.96,18.71,,1.0,-28.71,24.34,Pelea capreolus,1090940,False
Pelomys campanae,Rodentia,Muridae,,,,,,,,,-8.59,14.02,Pelomys campanae,386290,False
Pelomys fallax,Rodentia,Muridae,120.46,,4.0,,,983.2,,,-11.66,26.28,Pelomys fallax,386292,False
Pelomys hopkinsi,Rodentia,Muridae,,,,,,,,,-1.6,32.15,Pelomys hopkinsi,3608656,False
Pelomys isseli,Rodentia,Muridae,59.99,,,,,,,,-0.36,32.54,Pelomys isseli,3608655,False
Pelomys minor,Rodentia,Muridae,49.99,,2.5,,,,,,-7.74,25.87,Pelomys minor,3608654,False
Pentalagus furnessi,Lagomorpha,Leporidae,,,2.44,,,,,1.0,28.08,129.3,Pentalagus furnessi,673127,False
Oecomys concolor,Rodentia,Cricetidae,46.33,,2.95,,,135.08,,,-7.81,-61.86,Oecomys concolor,89851,False
Oecomys flavicans,Rodentia,Cricetidae,73.4,,,,,,,,9.46,-69.53,Oecomys flavicans,3608215,False
Oecomys mamorae,Rodentia,Cricetidae,62.5,,,,,,,,-15.95,-63.99,Oecomys mamorae,558724,False
Oecomys paricola,Rodentia,Cricetidae,73.4,,,,,,,,,,Oecomys paricola,496547,False
Oecomys phaeotis,Rodentia,Cricetidae,73.4,,,,,,,,-11.68,-72.43,Oecomys phaeotis,3608214,False
Oecomys rex,Rodentia,Cricetidae,73.4,,,,,,,,3.75,-55.54,Oecomys rex,79972,False
Oecomys roberti,Rodentia,Cricetidae,73.4,,,,,,,,-3.0,-62.72,Oecomys roberti,548599,False
Oecomys rutilus,Rodentia,Cricetidae,73.4,,,,,,,,4.86,-56.51,Oecomys rutilus,795076,False
Oecomys speciosus,Rodentia,Cricetidae,73.4,,,,,,,,7.4,-61.2,Oecomys speciosus,3608216,False
Oecomys superans,Rodentia,Cricetidae,73.4,,,,,,,,-6.81,-73.34,Oecomys superans,548601,False
Oecomys trinitatis,Rodentia,Cricetidae,73.4,,,,,,,,,,Oecomys trinitatis,548609,False
Oenomys hypoxanthus,Rodentia,Muridae,89.84,,2.81,,,3737.96,30.0,,-2.01,21.53,Oenomys hypoxanthus,976856,False
Oenomys ornatus,Rodentia,Muridae,85.5,,,,,,,,7.62,-6.58,Oenomys ornatus,3608749,False
Okapia johnstoni,Artiodactyla,Giraffidae,230001.14,442.99,0.98,4.63,396.0,1.02,181.46,1.0,-1.57,24.43,Okapia johnstoni,207426,False
Olallamys albicauda,Rodentia,Echimyidae,273.5,,,,,,,,7.5,-74.46,Olallamys albicauda,3611204,False
Olallamys edax,Rodentia,Echimyidae,206.4,,,,,,,,8.31,-71.75,Olallamys edax,3611042,False
Oligoryzomys andinus,Rodentia,Cricetidae,25.2,,,,,,,,-12.48,-71.79,Oligoryzomys andinus,752849,False
Oligoryzomys arenalis,Rodentia,Cricetidae,25.2,,,,,,,,-8.76,-78.63,Oligoryzomys arenalis,3608339,False
Oligoryzomys brendae,Rodentia,Cricetidae,,,,,,,,,,,Oligoryzomys brendae,3608336,False
Oligoryzomys chacoensis,Rodentia,Cricetidae,23.0,,,,,,,2.0,-21.06,-60.33,Oligoryzomys chacoensis,752851,False
Oligoryzomys delticola,Rodentia,Cricetidae,29.39,,3.3,,,,,2.0,-30.49,-56.37,Oligoryzomys delticola,893845,False
Oligoryzomys destructor,Rodentia,Cricetidae,25.2,,,,,,,,-11.62,-71.16,Oligoryzomys destructor,1094796,False
Oligoryzomys eliurus,Rodentia,Cricetidae,34.58,,,,,930.06,,,-16.84,-46.38,Oligoryzomys eliurus,705863,False
Oligoryzomys flavescens,Rodentia,Cricetidae,21.3,,4.95,,,,,2.0,-30.24,-55.26,Oligoryzomys flavescens,558735,False
Oligoryzomys fornesi,Rodentia,Cricetidae,,,,,,,,,,,Oligoryzomys fornesi,630252,False
Oligoryzomys fulvescens,Rodentia,Cricetidae,25.0,,3.64,,,,,,9.53,-77.78,Oligoryzomys fulvescens,558730,False
Oligoryzomys griseolus,Rodentia,Cricetidae,25.2,,,,,,,,7.45,-72.35,Oligoryzomys griseolus,3608337,False
Oligoryzomys longicaudatus,Rodentia,Cricetidae,27.54,,4.77,0.000641437,,361.16,,2.0,-33.71,-69.02,Oligoryzomys longicaudatus,264360,False
Oligoryzomys magellanicus,Rodentia,Cricetidae,25.2,,,,,,,,-53.75,-68.19,Oligoryzomys magellanicus,71110,False
Oligoryzomys microtis,Rodentia,Cricetidae,22.5,,,,,,,2.0,-15.12,-64.07,Oligoryzomys microtis,27292,False
Oligoryzomys nigripes,Rodentia,Cricetidae,20.33,,3.59,,,2174.57,14.44,2.0,-30.21,-57.62,Oligoryzomys nigripes,752853,False
Oligoryzomys stramineus,Rodentia,Cricetidae,,,,,,,,,,,Oligoryzomys stramineus,558729,False
Oligoryzomys vegetus,Rodentia,Cricetidae,,,,,,,,,9.47,-83.26,Oligoryzomys vegetus,767747,False
Oligoryzomys victus,Rodentia,Cricetidae,,,,,,,,,,,Oligoryzomys victus,3608338,False
Ommatophoca rossii,Carnivora,Phocidae,208252.12,349.79,0.96,,252.0,0.16,27.84,3.0,,,Ommatophoca rossii,539106,False
Ondatra zibethicus,Rodentia,Cricetidae,991.31,27.86,6.55,0.003209364,120.0,,27.84,2.0,48.69,-110.38,Ondatra zibethicus,816252,False
Onychogalea fraenata,Diprotodontia,Macropodidae,4952.05,23.0,1.0,0.33,60.0,20.0,164.53,1.0,-23.89,148.52,Onychogalea fraenata,234941,False
Onychogalea lunata,Diprotodontia,Macropodidae,3499.99,,1.0,,,,,,,,Onychogalea lunata,3606985,False
Onychogalea unguifera,Diprotodontia,Macropodidae,6494.73,,1.0,,,,,,-15.35,133.09,Onychogalea unguifera,317158,False
Onychomys arenicola,Rodentia,Cricetidae,30.0,,,,,,,,29.95,-104.32,Onychomys arenicola,1004147,False
Oryzomys curasoae,Rodentia,Cricetidae,,,,,,,,,,,Oryzomys curasoae,3608290,False
Oryzomys devius,Rodentia,Cricetidae,,,,,,,,,9.49,-83.48,Nephelomys devius,3608322,True
Oryzomys dimidiatus,Rodentia,Cricetidae,,,,,,,,,11.85,-84.12,Oryzomys dimidiatus,3608305,False
Oryzomys emmonsae,Rodentia,Cricetidae,,,,,,,,,,,Euryoryzomys emmonsae,744,True
Oryzomys galapagoensis,Rodentia,Cricetidae,63.51,,,,20.0,2290.0,,,-0.81,-90.05,Aegialomys galapagoensis,509361,True
Oryzomys gorgasi,Rodentia,Cricetidae,60.5,,,,,,,,7.76,-76.99,Oryzomys gorgasi,3608331,False
Oryzomys hammondi,Rodentia,Cricetidae,60.5,,,,,,,,-0.22,-78.6,Mindomys hammondi,770632,True
Oryzomys keaysi,Rodentia,Cricetidae,58.29,,,,,,,,-14.16,-69.93,Nephelomys keaysi,3608301,True
Oryzomys lamia,Rodentia,Cricetidae,60.5,,,,,,,,-18.74,-48.06,Euryoryzomys lamia,634758,True
Oryzomys laticeps,Rodentia,Cricetidae,49.11,,,,,177.15,,,-8.62,-37.8,Hylaeamys laticeps,874893,True
Oryzomys legatus,Rodentia,Cricetidae,61.5,,,,,,,,-21.04,-63.53,Euryoryzomys legatus,3608302,True
Oryzomys levipes,Rodentia,Cricetidae,60.5,,,,,,,,-15.39,-68.14,Nephelomys levipes,775473,True
Oryzomys macconnelli,Rodentia,Cricetidae,66.49,,,,,52.08,,2.0,-3.73,-61.43,Euryoryzomys macconnelli,27308,True
Oryzomys maracajuensis,Rodentia,Cricetidae,,,,,,,,,,,Cerradomys maracajuensis,315208,True
Oryzomys marinhus,Rodentia,Cricetidae,,,,,,,,,,,Cerradomys marinhus,315202,True
Oryzomys megacephalus,Rodentia,Cricetidae,57.0,27.28,3.72,0.006039781,45.0,320.0,,2.0,,,Hylaeamys megacephalus,469034,True
Oryzomys melanotis,Rodentia,Cricetidae,49.99,,3.88,,,1023.95,,,19.74,-101.16,Handleyomys melanotis,4940983,True
Oryzomys meridensis,Rodentia,Cricetidae,,,,,,,,,,,Nephelomys meridensis,3608311,True
Oryzomys nelsoni,Rodentia,Cricetidae,,,,,,,,,,,Megadontomys nelsoni,61050,True
Oryzomys nitidus,Rodentia,Cricetidae,55.19,,,,,,,2.0,-9.8,-67.51,Euryoryzomys nitidus,27289,True
Oryzomys palustris,Rodentia,Cricetidae,53.26,24.74,4.08,0.002784913,28.5,534.88,11.44,2.0,33.11,-86.22,Oryzomys palustris,812026,False
Oryzomys perenensis,Rodentia,Cricetidae,,,,,,,,,,,Hylaeamys perenensis,634762,True
Oryzomys polius,Rodentia,Cricetidae,60.5,,,,,,,,-9.25,-74.61,Eremoryzomys polius,1035611,True
Oryzomys rhabdops,Rodentia,Cricetidae,,,,,,,,,15.46,-91.82,Handleyomys rhabdops,3608293,True
Oryzomys rostratus,Rodentia,Cricetidae,,,,,,,,,18.76,-93.28,Handleyomys rostratus,509355,True
Oryzomys russatus,Rodentia,Cricetidae,60.5,,,,,,,2.0,-21.52,-43.61,Euryoryzomys russatus,739,True
Oryzomys saturatior,Rodentia,Cricetidae,,,,,,,,,15.51,-89.66,Handleyomys saturatior,509359,True
Oryzomys scotti,Rodentia,Cricetidae,,,,,,,,,,,Cerradomys scotti,315211,True
Neotoma micropus,Rodentia,Cricetidae,255.14,34.0,2.5,0.000200287,27.0,2520.91,29.83,1.0,29.86,-102.85,Neotoma micropus,994834,False
Neotoma nelsoni,Rodentia,Cricetidae,198.0,,,,,,,,19.34,-97.28,Neotoma nelsoni,3608403,False
Neotoma palatina,Rodentia,Cricetidae,198.0,,,,,,,,22.19,-103.79,Neotoma palatina,3608388,False
Neotoma phenax,Rodentia,Cricetidae,227.49,,2.0,,,,,1.0,26.29,-109.4,Neotoma phenax,3608384,False
Neotoma stephensi,Rodentia,Cricetidae,149.22,31.65,1.06,,,,36.6,2.0,34.85,-110.43,Neotoma stephensi,15638,False
Neotomodon alstoni,Rodentia,Cricetidae,44.64,27.29,3.2,0.001524967,,3379.42,,,19.37,-99.68,Neotomodon alstoni,191279,False
Neotomys ebriosus,Rodentia,Cricetidae,64.5,,,,,,,,-18.58,-71.08,Neotomys ebriosus,300340,False
Neotragus batesi,Artiodactyla,Bovidae,2967.45,181.24,1.0,,168.0,,,1.0,1.99,18.47,Neotragus batesi,869854,False
Neotragus moschatus,Artiodactyla,Bovidae,5639.01,180.0,1.0,,168.0,17.32,,1.0,-13.29,35.53,Neotragus moschatus,561124,False
Neotragus pygmaeus,Artiodactyla,Bovidae,3913.68,180.0,1.0,,168.0,,,1.0,6.81,-6.59,Neotragus pygmaeus,3611683,False
Neovison macrodon,Carnivora,Mustelidae,,,,,,,,,,,Neovison macrodon,3612712,False
Neovison vison,Carnivora,Mustelidae,,,,,,,,,48.16,-111.87,Neovison vison,310482,False
Nesiotites hidalgo,Soricomorpha,Soricidae,,,,,,,,,,,Nesiotites hidalgo,3614666,False
Nesiotites similis,Soricomorpha,Soricidae,,,,,,,,,,,Nesiotites similis,3614624,False
Nesokia bunnii,Rodentia,Muridae,,,,,,,,,31.65,46.65,Nesokia bunnii,3608734,False
Nesokia indica,Rodentia,Muridae,178.08,17.0,4.18,,,,,1.0,33.44,71.18,Nesokia indica,784789,False
Nesolagus netscheri,Lagomorpha,Leporidae,1511.67,,,,,,,1.0,-0.84,101.03,Nesolagus netscheri,152814,False
Nesolagus timminsi,Lagomorpha,Leporidae,,,,,,,,,18.37,105.22,Nesolagus timminsi,667750,False
Nesomys audeberti,Rodentia,Nesomyidae,214.04,,,0.007414147,,,,1.0,,,Nesomys audeberti,350331,False
Nesomys lambertoni,Rodentia,Nesomyidae,155.0,,,,,,,,,,Nesomys lambertoni,3608555,False
Nesomys rufus,Rodentia,Nesomyidae,163.96,,,0.003902215,,,,1.0,-18.21,48.43,Nesomys rufus,276752,False
Nesophontes edithae,Soricomorpha,Nesophontidae,,,,,,,,,,,Nesophontes edithae,3616144,False
Nesophontes hypomicrus,Soricomorpha,Nesophontidae,,,,,,,,,,,Nesophontes hypomicrus,3616394,False
Nesophontes longirostris,Soricomorpha,Nesophontidae,,,,,,,,,,,Nesophontes longirostris,3616802,False
Nesophontes major,Soricomorpha,Nesophontidae,,,,,,,,,,,Nesophontes major,3616395,False
Nesophontes micrus,Soricomorpha,Nesophontidae,,,,,,,,,,,Nesophontes micrus,3616392,False
Nesophontes paramicrus,Soricomorpha,Nesophontidae,,,,,,,,,,,Nesophontes paramicrus,3616397,False
Nesophontes submicrus,Soricomorpha,Nesophontidae,,,,,,,,,,,Nesophontes submicrus,3617170,False
Nesophontes superstes,Soricomorpha,Nesophontidae,,,,,,,,,,,Nesophontes superstes,3616393,False
Nesophontes zamicrus,Soricomorpha,Nesophontidae,,,,,,,,,,,Nesophontes zamicrus,3616146,False
Nesoromys ceramicus,Rodentia,Muridae,,,,,,,,,-3.11,129.49,Nesoromys ceramicus,3610221,False
Nesoryzomys darwini,Rodentia,Cricetidae,,,,,,,,,,,Nesoryzomys darwini,3608220,False
Nesoryzomys fernandinae,Rodentia,Cricetidae,,,,,,,,,-0.37,-91.51,Nesoryzomys fernandinae,822525,False
Nesoryzomys indefessus,Rodentia,Cricetidae,,,,,,,,,-0.37,-90.95,Nesoryzomys indefessus,3608219,False
Nesoryzomys swarthi,Rodentia,Cricetidae,,,,,,,,,-0.25,-90.7,Nesoryzomys swarthi,445091,False
Neurotrichus gibbsii,Soricomorpha,Talpidae,9.56,21.27,2.99,0.002858953,,1413.5,,2.0,43.25,-122.63,Neurotrichus gibbsii,799585,False
Neusticomys monticolus,Rodentia,Cricetidae,39.5,,1.94,,,,,,-1.31,-78.53,Neusticomys monticolus,794269,False
Neusticomys mussoi,Rodentia,Cricetidae,40.0,,,,,,,,8.06,-71.62,Neusticomys mussoi,3608200,False
Neusticomys oyapocki,Rodentia,Cricetidae,47.0,,,,,,,3.0,2.98,-52.55,Neusticomys oyapocki,3608202,False
Neusticomys peruviensis,Rodentia,Cricetidae,40.0,,,,,,,3.0,-10.67,-71.42,Neusticomys peruviensis,3608199,False
Neusticomys venezuelae,Rodentia,Cricetidae,47.1,,,,,,,3.0,6.87,-63.89,Neusticomys venezuelae,3608201,False
Nilopegamys plumbeus,Rodentia,Muridae,,,,,,,,,,,Nilopegamys plumbeus,3610995,False
Ningaui ridei,Dasyuromorphia,Dasyuridae,9.42,13.49,5.99,,24.0,,90.74,,-23.98,134.17,Ningaui ridei,904316,False
Ningaui timealeyi,Dasyuromorphia,Dasyuridae,6.37,,5.7,,24.0,,,,-22.36,116.45,Ningaui timealeyi,1031360,False
Ningaui yvonnae,Dasyuromorphia,Dasyuridae,9.3,,7.0,,,,,,-31.98,132.89,Ningaui yvonnae,904312,False
Niviventer andersoni,Rodentia,Muridae,,,,,,,,,30.88,101.86,Niviventer andersoni,323393,False
Niviventer brahma,Rodentia,Muridae,,,,,,,,,27.11,97.62,Niviventer brahma,323397,False
Niviventer cameroni,Rodentia,Muridae,,,,,,,,,4.62,101.39,Niviventer cameroni,3608768,False
Niviventer confucianus,Rodentia,Muridae,,,,,,,,,29.83,109.82,Niviventer confucianus,612748,False
Niviventer coninga,Rodentia,Muridae,80.65,,2.37,,,,,,23.6,121.02,Niviventer coninga,165538,False
Niviventer cremoriventer,Rodentia,Muridae,71.54,,3.7,,,23.91,,,0.96,108.7,Niviventer cremoriventer,474768,False
Niviventer culturatus,Rodentia,Muridae,81.17,,,,,,,,23.6,121.02,Niviventer culturatus,976845,False
Niviventer eha,Rodentia,Muridae,,,4.86,,,,,,27.03,92.52,Niviventer eha,323395,False
Niviventer excelsior,Rodentia,Muridae,,,,,,,,,31.43,103.14,Niviventer excelsior,631031,False
Niviventer fraternus,Rodentia,Muridae,,,,,,,,,1.9,99.29,Niviventer fraternus,3608772,False
Niviventer fulvescens,Rodentia,Muridae,81.79,,4.41,,,,,,13.1,97.21,Niviventer fulvescens,751173,False
Niviventer hinpoon,Rodentia,Muridae,,,,,,,,,14.43,101.44,Niviventer hinpoon,3608770,False
Niviventer langbianis,Rodentia,Muridae,,,,,,,,,18.74,101.26,Chiromyscus langbianis,887565,True
Niviventer lepturus,Rodentia,Muridae,,,,,,,,,-7.09,108.66,Niviventer lepturus,3608767,False
Niviventer niviventer,Rodentia,Muridae,100.0,,,,,,,,31.19,81.14,Niviventer niviventer,977036,False
Niviventer rapit,Rodentia,Muridae,79.73,,,,,,,,5.06,116.94,Niviventer rapit,109408,False
Niviventer tenaster,Rodentia,Muridae,,,,,,,,,20.82,99.22,Niviventer tenaster,871751,False
Noctilio albiventris,Chiroptera,Noctilionidae,31.46,,0.99,,,,77.56,2.0,-7.11,-64.06,Noctilio albiventris,604407,False
Noctilio leporinus,Chiroptera,Noctilionidae,29.93,,,,,,,,-3.78,-72.0,Noctilio leporinus,604404,False
Nomascus concolor,Primates,Hylobatidae,6410.47,205.81,1.01,1.05,529.2,6.17,635.13,2.0,22.7,103.47,Nomascus concolor,180370,False
Nomascus gabriellae,Primates,Hylobatidae,,,,,,,,,11.75,107.7,Nomascus gabriellae,847446,False
Nomascus hainanus,Primates,Hylobatidae,,,,,,,,,20.63,107.66,Nomascus hainanus,492226,False
Nomascus leucogenys,Primates,Hylobatidae,7320.0,,,,,,,,20.91,102.78,Nomascus leucogenys,1029454,False
Nomascus siki,Primates,Hylobatidae,,,,,,,,,17.56,106.66,Nomascus siki,995043,False
Noronhomys vespuccii,Rodentia,Cricetidae,,,,,,,,,,,Noronhomys vespuccii,4941006,False
Notiomys edwardsii,Rodentia,Cricetidae,21.3,,,,,,,3.0,-45.77,-70.0,Notiomys edwardsii,913813,False
Notiosorex cockrumi,Soricomorpha,Soricidae,,,,,,,,,,,Notiosorex cockrumi,495634,False
Notiosorex crawfordi,Soricomorpha,Soricidae,4.79,,3.69,,15.0,2399.99,39.7,3.0,,,Notiosorex crawfordi,638163,False
Notiosorex evotis,Soricomorpha,Soricidae,5.28,,,,,,,,,,Notiosorex evotis,3614371,False
Notiosorex villai,Soricomorpha,Soricidae,,,,,,,,,,,Notiosorex villai,3614370,False
Notomys alexis,Rodentia,Muridae,32.34,32.67,4.01,,62.4,,30.0,,-25.59,127.54,Notomys alexis,136543,False
Notomys amplus,Rodentia,Muridae,89.99,,,,,,,,,,Notomys amplus,3608619,False
Notomys aquilo,Rodentia,Muridae,38.99,,,,,,,2.0,-12.6,138.25,Notomys aquilo,66761,False
Notomys cervinus,Rodentia,Muridae,34.79,41.54,2.95,,,,32.62,,-27.92,137.84,Notomys cervinus,66759,False
Notomys fuscus,Rodentia,Muridae,39.28,34.99,3.07,,,,30.0,2.0,-28.14,139.57,Notomys fuscus,156335,False
Notomys longicaudatus,Rodentia,Muridae,100.0,,,,,,,,,,Notomys longicaudatus,3608617,False
Notomys macrotis,Rodentia,Muridae,89.99,,,,,,,,,,Notomys macrotis,3608620,False
Notomys mitchellii,Rodentia,Muridae,42.8,35.97,3.28,,,,30.2,,-33.26,129.49,Notomys mitchellii,640019,False
Notomys mordax,Rodentia,Muridae,89.99,,,,,,,,,,Notomys mordax,3608618,False
Notopteris macdonaldi,Chiroptera,Pteropodidae,68.17,,0.99,,,,,,-17.2,0.0,Notopteris macdonaldi,687485,False
Notopteris neocaledonica,Chiroptera,Pteropodidae,,,1.0,,,,,,-20.93,164.97,Notopteris neocaledonica,3613449,False
Notoryctes caurinus,Notoryctemorphia,Notoryctidae,,,,,,,,,-21.1,125.33,Notoryctes caurinus,257243,False
Notoryctes typhlops,Notoryctemorphia,Notoryctidae,55.0,,1.0,,18.0,,,2.0,-24.48,127.56,Notoryctes typhlops,306795,False
Nyctalus aviator,Chiroptera,Vespertilionidae,,,1.91,,,,,,38.48,129.03,Nyctalus aviator,434673,False
Nyctalus azoreum,Chiroptera,Vespertilionidae,,,,,,,,,38.01,-26.92,Nyctalus azoreum,286039,False
Nyctalus furvus,Chiroptera,Vespertilionidae,,,,,,,,,39.85,141.79,Nyctalus furvus,3613717,False
Nyctalus lasiopterus,Chiroptera,Vespertilionidae,45.98,,1.82,,,,59.44,3.0,46.92,25.93,Nyctalus lasiopterus,342724,False
Nyctalus leisleri,Chiroptera,Vespertilionidae,12.47,,1.73,,,,,,42.4,36.18,Nyctalus leisleri,342721,False
Nyctalus montanus,Chiroptera,Vespertilionidae,,,,,,,,,31.2,75.68,Nyctalus montanus,3613718,False
Nyctalus noctula,Chiroptera,Vespertilionidae,28.48,72.24,1.33,,144.0,,47.89,3.0,39.16,48.38,Nyctalus noctula,261435,False
Nyctalus plancyi,Chiroptera,Vespertilionidae,,,,,,,,,28.85,118.25,Nyctalus plancyi,835354,False
Nyctereutes procyonoides,Carnivora,Canidae,4214.99,61.84,6.36,1.15,168.0,12.02,49.69,2.0,38.26,109.24,Nyctereutes procyonoides,949680,False
Nycteris arge,Chiroptera,Nycteridae,10.79,,0.98,,,,58.26,,0.2,11.32,Nycteris arge,648835,False
Nycteris aurita,Chiroptera,Nycteridae,,,,,,,,,-3.29,32.28,Nycteris aurita,3614047,False
Nycteris gambiensis,Chiroptera,Nycteridae,7.13,,,,,,,,9.31,-7.96,Nycteris gambiensis,3614041,False
Nycteris grandis,Chiroptera,Nycteridae,29.8,,1.0,,,,,3.0,-6.69,12.02,Nycteris grandis,215195,False
Nycteris hispida,Chiroptera,Nycteridae,7.98,91.24,0.99,,,,,,-6.39,16.93,Nycteris hispida,539628,False
Nycteris intermedia,Chiroptera,Nycteridae,,,,,,,,,-1.06,10.31,Nycteris intermedia,3614042,False
Nycteris javanica,Chiroptera,Nycteridae,17.78,,1.0,,,,,3.0,-7.36,110.46,Nycteris javanica,787378,False
Nycteris macrotis,Chiroptera,Nycteridae,14.49,78.21,0.99,,,,60.41,3.0,-3.48,11.83,Nycteris macrotis,1073070,False
Nycteris madagascariensis,Chiroptera,Nycteridae,17.69,,,,,,,3.0,-13.97,49.17,Nycteris madagascariensis,3614040,False
Nycteris major,Chiroptera,Nycteridae,,,,,,,,,-2.55,9.36,Nycteris major,3614043,False
Nycteris nana,Chiroptera,Nycteridae,6.98,107.97,1.0,,,,52.5,,-0.26,12.09,Nycteris nana,3614045,False
Nycteris parisii,Chiroptera,Nycteridae,,,,,,,,,3.85,29.55,Nycteris parisii,3614046,False
Nycteris thebaica,Chiroptera,Nycteridae,9.2,114.95,1.0,,,,60.83,3.0,1.28,17.25,Nycteris thebaica,342726,False
Nycteris tragata,Chiroptera,Nycteridae,14.4,,,,,,,3.0,4.0,106.46,Nycteris tragata,498178,False
Nycteris vinsoni,Chiroptera,Nycteridae,,,,,,,,,-21.43,33.85,Nycteris vinsoni,3614039,False
Nycteris woodi,Chiroptera,Nycteridae,7.6,,,,,,,,-17.04,31.96,Nycteris woodi,3614044,False
Nycticebus bengalensis,Primates,Lorisidae,1137.36,,,,,,,,17.86,98.89,Nycticebus bengalensis,1049687,False
Nycticebus coucang,Primates,Lorisidae,924.55,191.09,1.12,,318.0,20.0,181.21,2.0,0.27,107.72,Nycticebus coucang,339043,False
Nycticebus pygmaeus,Primates,Lorisidae,342.32,185.42,1.75,,,,,,16.94,106.12,Nycticebus pygmaeus,101793,False
Nycticeinops schlieffeni,Chiroptera,Vespertilionidae,5.05,78.63,2.54,,,,,3.0,2.02,15.03,Nycticeinops schlieffeni,598495,False
Nycticeius aenobarbus,Chiroptera,Vespertilionidae,,,,,,,,,,,Nycticeius aenobarbus,3613889,False
Nycticeius cubanus,Chiroptera,Vespertilionidae,,,,,,,,,21.51,-79.54,Nycticeius cubanus,3613888,False
Nycticeius humeralis,Chiroptera,Vespertilionidae,9.12,,1.94,,60.0,,28.28,,32.33,-87.75,Nycticeius humeralis,977396,False
Nyctiellus lepidus,Chiroptera,Natalidae,,,,,,,,3.0,23.39,-79.97,Nyctiellus lepidus,120203,False
Nyctimene aello,Chiroptera,Pteropodidae,85.26,,0.98,,,,,,-4.23,139.13,Nyctimene aello,798255,False
Nyctimene albiventer,Chiroptera,Pteropodidae,29.95,,0.98,,,,,1.0,-4.02,140.19,Nyctimene albiventer,611443,False
Nyctimene cephalotes,Chiroptera,Pteropodidae,44.92,,0.98,,,,,,-4.3,133.07,Nyctimene cephalotes,621143,False
Nyctimene certans,Chiroptera,Pteropodidae,43.24,,,,,,,,-6.24,142.38,Nyctimene certans,48412,False
Nyctimene cyclotis,Chiroptera,Pteropodidae,48.83,,,,,,,,-5.66,142.37,Nyctimene cyclotis,3613464,False
Nyctimene draconilla,Chiroptera,Pteropodidae,30.15,,,,,,,2.0,-5.47,142.17,Nyctimene draconilla,3613465,False
Nyctimene keasti,Chiroptera,Pteropodidae,,,,,,,,,-6.66,131.39,Nyctimene keasti,3613459,False
Nyctimene major,Chiroptera,Pteropodidae,107.06,,,,,,,,-7.44,152.98,Nyctimene major,192010,False
Nyctimene malaitensis,Chiroptera,Pteropodidae,78.39,,,,,,,,-8.97,160.97,Nyctimene malaitensis,3613462,False
Nyctimene masalai,Chiroptera,Pteropodidae,53.2,,,,,,,,-3.7,151.9,Nyctimene masalai,3613458,False
Nyctimene minutus,Chiroptera,Pteropodidae,,,,,,,,,-1.97,124.81,Nyctimene minutus,3613461,False
Nyctimene rabori,Chiroptera,Pteropodidae,68.25,138.16,1.0,,,30.0,105.0,1.0,10.77,123.22,Nyctimene rabori,3613466,False
Nyctimene robinsoni,Chiroptera,Pteropodidae,48.83,,0.99,,,,,1.0,-20.74,147.61,Nyctimene robinsoni,687483,False
Nyctimene sanctacrucis,Chiroptera,Pteropodidae,,,,,,,,,-10.77,165.89,Nyctimene sanctacrucis,3613460,False
Nyctimene vizcaccia,Chiroptera,Pteropodidae,41.96,,,,,,,,-5.95,153.94,Nyctimene vizcaccia,48411,False
Nyctinomops aurispinosus,Chiroptera,Molossidae,18.43,,1.0,,,,,3.0,1.94,-72.13,Nyctinomops aurispinosus,705003,False
Nyctinomops femorosaccus,Chiroptera,Molossidae,15.04,,0.99,,,,,3.0,26.21,-109.3,Nyctinomops femorosaccus,171156,False
Nyctinomops laticaudatus,Chiroptera,Molossidae,13.12,,0.99,,,,,,-3.34,-67.68,Nyctinomops laticaudatus,301608,False
Nyctinomops macrotis,Chiroptera,Molossidae,16.38,,0.99,,,,,3.0,2.18,-76.03,Nyctinomops macrotis,267989,False
Nyctomys sumichrasti,Rodentia,Cricetidae,59.99,33.98,2.0,,62.4,,24.85,1.0,13.49,-92.33,Nyctomys sumichrasti,612157,False
Nyctophilus arnhemensis,Chiroptera,Vespertilionidae,6.83,,,,,,,,-16.8,126.4,Nyctophilus arnhemensis,1066077,False
Nyctophilus bifax,Chiroptera,Vespertilionidae,9.89,,2.0,,,,,,-16.48,134.34,Nyctophilus bifax,3613743,False
Nyctophilus geoffroyi,Chiroptera,Vespertilionidae,,,,,,,,,-27.37,133.39,Nyctophilus geoffroyi,687566,False
Nyctophilus gouldi,Chiroptera,Vespertilionidae,11.32,22.94,1.54,,,,44.34,3.0,-33.54,134.3,Nyctophilus gouldi,867402,False
Nyctophilus heran,Chiroptera,Vespertilionidae,,,,,,,,,-8.38,123.55,Nyctophilus heran,3613744,False
Nyctophilus howensis,Chiroptera,Vespertilionidae,,,,,,,,,,,Nyctophilus howensis,3613748,False
Nyctophilus microdon,Chiroptera,Vespertilionidae,,,,,,,,,-5.69,143.9,Nyctophilus microdon,3613742,False
Nyctophilus microtis,Chiroptera,Vespertilionidae,7.29,,,,,,,,-5.29,139.57,Nyctophilus microtis,3613745,False
Ochotona rufescens,Lagomorpha,Ochotonidae,250.0,25.75,6.05,,,5999.99,19.09,,32.16,59.07,Ochotona rufescens,132953,False
Ochotona rutila,Lagomorpha,Ochotonidae,,,4.1,,,726.63,,1.0,40.96,73.46,Ochotona rutila,691099,False
Ochotona thibetana,Lagomorpha,Ochotonidae,,,2.93,,,,,,30.43,99.0,Ochotona thibetana,289793,False
Ochotona thomasi,Lagomorpha,Ochotonidae,,,,,,,,,35.66,99.71,Ochotona thomasi,781525,False
Ochotona turuchanensis,Lagomorpha,Ochotonidae,,,,,,,,,,,Ochotona turuchanensis,511397,False
Ochrotomys nuttalli,Rodentia,Cricetidae,22.81,29.1,2.62,0.003362546,30.0,302.33,20.84,2.0,33.05,-85.93,Ochrotomys nuttalli,612152,False
Octodon bridgesi,Rodentia,Octodontidae,162.25,,,,,,,1.0,-36.85,-71.72,Octodon bridgesi,620801,False
Octodon degus,Rodentia,Octodontidae,203.27,90.59,5.31,,85.2,1166.23,31.12,2.0,-31.83,-71.19,Octodon degus,692698,False
Octodon lunatus,Rodentia,Octodontidae,200.55,,,,,,,1.0,-32.54,-71.36,Octodon lunatus,964569,False
Octodon pacificus,Rodentia,Octodontidae,,,,,,,,,,,Octodon pacificus,3609860,False
Octodontomys gliroides,Rodentia,Octodontidae,155.77,104.5,2.04,,88.0,,,1.0,-23.54,-67.05,Octodontomys gliroides,743021,False
Octomys mimax,Rodentia,Octodontidae,124.43,,,,,,,1.0,-29.37,-68.52,Octomys mimax,940752,False
Odobenus rosmarus,Carnivora,Odobenidae,1042996.25,357.39,1.22,,480.0,1.27,591.36,2.0,,,Odobenus rosmarus,749644,False
Odocoileus hemionus,Artiodactyla,Cervidae,84560.57,203.49,1.61,2.01,264.0,16.0,73.49,1.0,41.77,-122.98,Odocoileus hemionus,410149,False
Odocoileus virginianus,Artiodactyla,Cervidae,75901.25,201.39,1.57,1.99,276.0,17.32,79.92,1.0,21.89,-90.39,Odocoileus virginianus,410145,False
Oecomys auyantepui,Rodentia,Cricetidae,,,,,,,,,,,Oecomys auyantepui,496559,False
Oecomys bicolor,Rodentia,Cricetidae,40.74,,3.15,,,44.46,,1.0,-5.34,-64.2,Oecomys bicolor,548604,False
Oecomys catherinae,Rodentia,Cricetidae,,,,,,,,,,,Oecomys catherinae,715812,False
Oecomys cleberi,Rodentia,Cricetidae,73.4,,,,,,,,-15.82,-46.05,Oecomys cleberi,55029,False
Onychomys leucogaster,Rodentia,Cricetidae,27.92,31.63,3.84,0.02,60.0,,22.82,2.0,38.2,-108.18,Onychomys leucogaster,427266,False
Onychomys torridus,Rodentia,Cricetidae,21.68,28.37,3.3,0.01,55.2,158.55,19.86,3.0,33.55,-114.24,Onychomys torridus,1004154,False
Orcaella brevirostris,Cetacea,Delphinidae,189999.99,425.83,1.0,,,37.36,,3.0,,,Orcaella brevirostris,1003911,False
Orcinus orca,Cetacea,Delphinidae,5628758.66,456.25,1.0,79244.72,1200.0,,415.76,3.0,,,Orcinus orca,124215,False
Oreamnos americanus,Artiodactyla,Bovidae,72105.4,181.24,1.4,18.17,230.04,,84.86,1.0,54.06,-131.08,Oreamnos americanus,274550,False
Oreonax flavicauda,Primates,Atelidae,8229.12,225.0,1.0,,,6.46,,1.0,-7.89,-77.0,Lagothrix flavicauda,3607554,True
Oreotragus oreotragus,Artiodactyla,Bovidae,13486.55,214.0,0.98,,213.96,2.62,136.87,1.0,-7.77,29.26,Oreotragus oreotragus,561128,False
Ornithorhynchus anatinus,Monotremata,Ornithorhynchidae,1484.25,12.48,2.0,0.07,264.0,,120.97,3.0,-29.96,145.08,Ornithorhynchus anatinus,962377,False
Orthogeomys cavator,Rodentia,Geomyidae,650.0,,,,,,,1.0,9.12,-83.17,Orthogeomys cavator,791955,False
Orthogeomys cherriei,Rodentia,Geomyidae,,,,,,,,1.0,10.17,-84.0,Orthogeomys cherriei,791953,False
Orthogeomys cuniculus,Rodentia,Geomyidae,499.99,,,,,,,1.0,16.5,-94.3,Orthogeomys cuniculus,3609393,False
Orthogeomys dariensis,Rodentia,Geomyidae,437.99,,,,,,,1.0,7.85,-77.74,Orthogeomys dariensis,3609396,False
Orthogeomys grandis,Rodentia,Geomyidae,499.99,,,,,,,1.0,16.35,-95.08,Orthogeomys grandis,372804,False
Orthogeomys heterodus,Rodentia,Geomyidae,615.0,,,,,,,1.0,9.97,-84.02,Orthogeomys heterodus,791945,False
Orthogeomys hispidus,Rodentia,Geomyidae,499.99,,1.97,,,,,1.0,18.82,-93.36,Orthogeomys hispidus,791943,False
Orthogeomys lanius,Rodentia,Geomyidae,499.99,,,,,,,1.0,19.23,-97.15,Orthogeomys lanius,3609395,False
Orthogeomys matagalpae,Rodentia,Geomyidae,,,,,,,,1.0,13.13,-85.67,Orthogeomys matagalpae,3609397,False
Orthogeomys thaeleri,Rodentia,Geomyidae,,,,,,,,1.0,6.15,-77.4,Orthogeomys thaeleri,3609401,False
Orthogeomys underwoodi,Rodentia,Geomyidae,250.0,,,,,,,1.0,9.12,-83.97,Orthogeomys underwoodi,791948,False
Orycteropus afer,Tubulidentata,Orycteropodidae,56175.2,222.05,1.1,,288.0,,40.92,3.0,-5.68,16.93,Orycteropus afer,561087,False
Oryctolagus cuniculus,Lagomorpha,Leporidae,1590.57,30.45,5.24,0.04,216.0,357.9,26.3,1.0,44.2,9.17,Oryctolagus cuniculus,864596,False
Oryx beisa,Artiodactyla,Bovidae,200576.52,,,,240.0,1.38,,,6.35,42.26,Oryx beisa,98208,False
Oryx dammah,Artiodactyla,Bovidae,199798.95,248.0,1.0,,245.04,,,1.0,16.24,15.28,Oryx dammah,938435,False
Oryx gazella,Artiodactyla,Bovidae,188404.45,273.75,1.0,,240.0,9.88,,1.0,-8.27,31.41,Oryx gazella,591985,False
Oryx leucoryx,Artiodactyla,Bovidae,75788.24,239.99,1.0,,240.0,,58.46,1.0,,,Oryx leucoryx,376064,False
Oryzomys albigularis,Rodentia,Cricetidae,60.5,,3.4,,,,,,2.33,-72.44,Nephelomys albigularis,509370,True
Oryzomys alfaroi,Rodentia,Cricetidae,33.3,,3.59,,,,,,10.0,-85.94,Handleyomys alfaroi,509365,True
Oryzomys angouya,Rodentia,Cricetidae,120.17,,,,,,,,-23.1,-50.75,Sooretamys angouya,1039661,True
Oryzomys auriventer,Rodentia,Cricetidae,60.5,,,,,,,,-2.77,-78.13,Nephelomys auriventer,3608332,True
Oryzomys balneator,Rodentia,Cricetidae,60.5,,,,,,,,-2.37,-78.69,Oreoryzomys balneator,541877,True
Oryzomys bolivaris,Rodentia,Cricetidae,60.5,,3.23,,,,,2.0,7.24,-79.39,Transandinomys bolivaris,781352,True
Oryzomys caracolus,Rodentia,Cricetidae,,,,,,,,,,,Nephelomys caracolus,3608289,True
Oryzomys chapmani,Rodentia,Cricetidae,49.99,,,,,,,,19.55,-97.54,Oryzomys chapmani,3608294,False
Oryzomys couesi,Rodentia,Cricetidae,69.29,,3.63,,,221.39,,,17.87,-94.88,Oryzomys couesi,577260,False
Oryzomys seuanezi,Rodentia,Cricetidae,,,,,,,,,,,Hylaeamys laticeps,874893,True
Oryzomys subflavus,Rodentia,Cricetidae,49.91,,4.37,,,88.57,28.0,1.0,-14.1,-51.65,Cerradomys subflavus,570191,True
Oryzomys talamancae,Rodentia,Cricetidae,54.99,,,,,,,2.0,4.71,-74.97,Transandinomys talamancae,1039733,True
Oryzomys tatei,Rodentia,Cricetidae,,,,,,,,,,,Hylaeamys tatei,4940967,True
Oryzomys xanthaeolus,Rodentia,Cricetidae,79.79,,,,,,,,-8.42,-76.2,Aegialomys xanthaeolus,282364,True
Oryzomys yunganus,Rodentia,Cricetidae,60.5,,,,,,,,-4.95,-64.95,Hylaeamys yunganus,509347,True
Oryzorictes hova,Afrosoricida,Tenrecidae,35.74,,,,,,,,-16.96,49.29,Oryzorictes hova,542048,False
Oryzorictes tetradactylus,Afrosoricida,Tenrecidae,35.99,,,,,,,,-21.59,47.27,Oryzorictes tetradactylus,3607190,False
Osgoodomys banderanus,Rodentia,Cricetidae,49.99,,1.68,,,504.14,,,19.22,-101.85,Osgoodomys banderanus,1024550,False
Otaria flavescens,Carnivora,Otariidae,193670.53,311.55,1.0,,297.6,,363.96,2.0,,,Otaria byronia,273182,True
Otocyon megalotis,Carnivora,Canidae,4098.12,67.54,4.0,1.13,165.6,1.18,42.46,3.0,-12.59,31.54,Otocyon megalotis,821973,False
Otolemur crassicaudatus,Primates,Galagidae,1206.61,131.04,1.14,0.06,225.6,87.99,124.62,2.0,-14.71,29.55,Otolemur crassicaudatus,863763,False
Otolemur garnettii,Primates,Galagidae,811.17,132.24,1.02,0.12,204.0,38.0,139.2,2.0,-4.61,39.17,Otolemur garnettii,885705,False
Otolemur monteiri,Primates,Galagidae,1577.16,,2.1,,,,,,-8.8,23.68,Otolemur monteiri,679564,False
Otomops formosus,Chiroptera,Molossidae,,,,,,,,3.0,-7.32,109.9,Otomops formosus,3613987,False
Otomops johnstonei,Chiroptera,Molossidae,,,,,,,,,-8.25,124.72,Otomops johnstonei,3613986,False
Otomops madagascariensis,Chiroptera,Molossidae,,,,,,,,,-18.77,46.62,Otomops madagascariensis,205258,False
Otomops martiensseni,Chiroptera,Molossidae,34.92,92.54,0.99,,,,,2.0,-13.73,28.03,Otomops martiensseni,171153,False
Otomops papuensis,Chiroptera,Molossidae,,,,,,,,,-8.77,147.18,Otomops papuensis,3613989,False
Otomops secundus,Chiroptera,Molossidae,,,,,,,,,-7.35,146.37,Otomops secundus,3613988,False
Otomops wroughtoni,Chiroptera,Molossidae,,,1.0,,,,,3.0,15.25,74.21,Otomops wroughtoni,764470,False
Otomys anchietae,Rodentia,Muridae,,,,,,,,,-8.93,19.09,Otomys anchietae,125769,False
Otomys angoniensis,Rodentia,Muridae,100.64,,2.86,,,2630.74,15.9,1.0,-15.42,31.14,Otomys angoniensis,486273,False
Otomys barbouri,Rodentia,Muridae,,,,,,,,,,,Otomys barbouri,981164,False
Otomys burtoni,Rodentia,Muridae,,,,,,,,,4.98,9.54,Otomys burtoni,981157,False
Otomys cuanzensis,Rodentia,Muridae,,,,,,,,,,,Otomys cuanzensis,3608824,False
Otomys dartmouthi,Rodentia,Muridae,,,,,,,,,-0.49,29.51,Otomys dartmouthi,389972,False
Otomys denti,Rodentia,Muridae,120.0,,1.59,,,,,,-4.63,33.59,Otomys denti,125765,False
Otomys dollmani,Rodentia,Muridae,,,,,,,,,,,Otomys dollmani,3608822,False
Otomys irroratus,Rodentia,Muridae,114.45,40.52,1.65,0.001303714,,3004.04,12.96,1.0,-25.97,25.61,Otomys irroratus,386295,False
Otomys jacksoni,Rodentia,Muridae,,,,,,,,,,,Otomys jacksoni,981150,False
Otomys lacustris,Rodentia,Muridae,,,,,,,,,-8.98,33.54,Otomys lacustris,860095,False
Otomys laminatus,Rodentia,Muridae,150.0,,,,,,,,-29.2,25.66,Otomys laminatus,125766,False
Otomys maximus,Rodentia,Muridae,192.0,,3.7,,,,,,-14.23,20.82,Otomys maximus,647413,False
Otomys occidentalis,Rodentia,Muridae,,,,,,,,,6.5,10.73,Otomys occidentalis,647412,False
Otomys orestes,Rodentia,Muridae,,,,,,,,,,,Otomys orestes,981154,False
Otomys saundersiae,Rodentia,Muridae,,,,,,,,,-31.62,22.91,Otomys saundersiae,433656,False
Otomys tropicalis,Rodentia,Muridae,,,1.29,,,,,,-0.02,33.43,Otomys tropicalis,647409,False
Otomys typus,Rodentia,Muridae,,,1.7,,,,,,9.71,38.29,Otomys typus,647408,False
Otomys uzungwensis,Rodentia,Muridae,,,,,,,,,-7.98,36.16,Otomys uzungwensis,3608823,False
Otonycteris hemprichii,Chiroptera,Vespertilionidae,21.98,,1.38,,,,,3.0,28.47,41.27,Otonycteris hemprichii,76928,False
Otonyctomys hatti,Rodentia,Cricetidae,36.2,,,,,,,,19.09,-88.76,Otonyctomys hatti,398349,False
Otopteropus cartilagonodus,Chiroptera,Pteropodidae,16.92,,0.99,,,,,,16.84,121.05,Otopteropus cartilagonodus,200154,False
Ototylomys phyllotis,Rodentia,Cricetidae,86.94,52.74,2.2,,,,67.72,1.0,15.45,-91.58,Ototylomys phyllotis,119008,False
Ourebia ourebi,Artiodactyla,Bovidae,17186.09,210.5,0.98,,189.96,2.43,136.87,1.0,-8.62,15.23,Ourebia ourebi,938432,False
Ovibos moschatus,Artiodactyla,Bovidae,312500.0,256.26,1.01,,288.0,0.31,254.48,1.0,71.68,-90.31,Ovibos moschatus,123197,False
Ovis ammon,Artiodactyla,Bovidae,113998.72,165.0,1.22,4.59,180.96,0.02,76.61,1.0,41.17,77.38,Ovis ammon,381162,False
Ovis aries,Artiodactyla,Bovidae,39097.89,152.54,1.19,,230.04,,182.5,1.0,,,Ovis aries,70819,False
Ovis canadensis,Artiodactyla,Bovidae,74644.87,177.49,1.16,18.94,288.0,1.48,130.8,1.0,40.48,-112.75,Ovis canadensis,123206,False
Ovis dalli,Artiodactyla,Bovidae,70194.13,172.49,1.22,10.15,192.0,,121.66,1.0,60.59,-141.47,Ovis dalli,70815,False
Ovis nivicola,Artiodactyla,Bovidae,90000.0,,1.0,,,,,,61.16,-0.000284268,Ovis nivicola,214602,False
Oxymycterus akodontius,Rodentia,Cricetidae,67.99,,,,,,,,-23.29,-65.59,Oxymycterus akodontius,3608278,False
Oxymycterus amazonicus,Rodentia,Cricetidae,,,,,,,,,,,Oxymycterus amazonicus,957198,False
Oxymycterus angularis,Rodentia,Cricetidae,67.99,,,,,,,3.0,-6.42,-39.42,Oxymycterus angularis,3608282,False
Oxymycterus caparoae,Rodentia,Cricetidae,,,,,,,,,,,Oxymycterus caparoae,3608285,False
Oxymycterus dasytrichus,Rodentia,Cricetidae,,,,,,,,,,,Oxymycterus dasytrichus,957220,False
Oxymycterus delator,Rodentia,Cricetidae,81.49,,,,,,,,-25.01,-56.35,Oxymycterus delator,310833,False
Oxymycterus hiska,Rodentia,Cricetidae,67.99,,,,,,,3.0,-14.87,-69.9,Oxymycterus hiska,310831,False
Oxymycterus hispidus,Rodentia,Cricetidae,36.75,,,,,,,3.0,-20.68,-46.96,Oxymycterus hispidus,3608279,False
Oxymycterus hucucha,Rodentia,Cricetidae,67.99,,,,,,,3.0,-17.61,-64.63,Oxymycterus hucucha,3608284,False
Oxymycterus inca,Rodentia,Cricetidae,34.99,,,,,,,3.0,-14.42,-68.02,Oxymycterus inca,3608283,False
Oxymycterus josei,Rodentia,Cricetidae,,,,,,,,,,,Oxymycterus josei,1034762,False
Oxymycterus nasutus,Rodentia,Cricetidae,67.99,,,,,,,3.0,-28.79,-53.09,Oxymycterus nasutus,1087650,False
Oxymycterus paramensis,Rodentia,Cricetidae,41.99,,,,,,,3.0,-22.87,-66.68,Oxymycterus paramensis,310829,False
Oxymycterus quaestor,Rodentia,Cricetidae,,,,,,,,,,,Oxymycterus quaestor,957195,False
Oxymycterus roberti,Rodentia,Cricetidae,83.71,,,,,266.61,,3.0,-17.57,-44.25,Oxymycterus roberti,3608286,False
Oxymycterus rufus,Rodentia,Cricetidae,82.01,,2.51,,31.2,549.17,13.94,2.0,,,Oxymycterus rufus,91082,False
Ozotoceros bezoarticus,Artiodactyla,Cervidae,34620.4,220.38,1.0,6.16,,,362.93,1.0,-21.88,-53.73,Ozotoceros bezoarticus,288443,False
Pachyuromys duprasi,Rodentia,Muridae,47.5,20.4,3.49,,52.8,,33.62,,32.87,10.03,Pachyuromys duprasi,981032,False
Pagophilus groenlandicus,Carnivora,Phocidae,132250.0,242.9,1.0,,504.0,0.09,11.45,2.0,,,Phoca groenlandica,664062,True
Paguma larvata,Carnivora,Viverridae,4300.0,,2.16,2.88,216.0,,109.13,2.0,15.3,96.38,Paguma larvata,397136,False
Palawanomys furvus,Rodentia,Muridae,,,,,,,,,8.82,117.67,Palawanomys furvus,3611196,False
Pan paniscus,Primates,Hominidae,35119.95,235.24,1.01,27.93,576.0,2.0,1081.31,2.0,-1.66,21.47,Pan paniscus,158484,False
Pan troglodytes,Primates,Hominidae,45000.0,231.49,1.05,10.85,720.0,1.63,1260.81,2.0,2.2,7.81,Pan troglodytes,417950,False
Panthera leo,Carnivora,Felidae,158623.93,108.74,2.75,55.19,360.0,0.11,197.86,3.0,-3.41,28.65,Panthera leo,563151,False
Panthera onca,Carnivora,Felidae,83943.09,102.49,1.96,52.55,276.0,0.05,156.6,3.0,-1.76,-73.43,Panthera onca,42322,False
Panthera pardus,Carnivora,Felidae,52399.99,96.74,2.14,18.78,276.0,0.07,123.54,3.0,6.76,58.94,Panthera pardus,42324,False
Panthera tigris,Carnivora,Felidae,161914.66,105.19,2.6,64.89,315.6,0.03,118.55,3.0,21.02,105.29,Panthera tigris,42314,False
Phocoena dioptrica,Cetacea,Phocoenidae,65000.0,,0.97,,,,,,,,Phocoena dioptrica,423943,False
Phocoena phocoena,Cetacea,Phocoenidae,52730.93,333.28,0.98,,180.0,0.03,258.09,3.0,,,Phocoena phocoena,851312,False
Phocoena sinus,Cetacea,Phocoenidae,43121.43,,0.97,,,,,3.0,,,Phocoena sinus,1089663,False
Phocoena spinipinnis,Cetacea,Phocoenidae,59999.99,,0.97,,,,,3.0,,,Phocoena spinipinnis,548141,False
Phocoenoides dalli,Cetacea,Phocoenidae,106042.53,346.74,0.98,,264.0,,91.24,3.0,,,Phocoenoides dalli,851304,False
Phodopus campbelli,Rodentia,Cricetidae,27.06,20.59,8.47,,21.5,20.0,,,44.64,103.32,Phodopus campbelli,136847,False
Phodopus roborovskii,Rodentia,Cricetidae,,21.9,6.28,,,275.0,,2.0,44.82,104.08,Phodopus roborovskii,9032,False
Phodopus sungorus,Rodentia,Cricetidae,30.43,21.0,5.48,,38.4,59.99,20.0,2.0,50.89,79.18,Phodopus sungorus,764831,False
Phoniscus aerosa,Chiroptera,Vespertilionidae,,,,,,,,,,,Phoniscus aerosa,3613694,False
Phoniscus atrox,Chiroptera,Vespertilionidae,4.81,,,,,,,,4.42,108.48,Phoniscus atrox,3613695,False
Phoniscus jagorii,Chiroptera,Vespertilionidae,4.7,125.14,1.0,,,,83.7,,1.81,115.88,Phoniscus jagorii,25394,False
Phoniscus papuensis,Chiroptera,Vespertilionidae,6.32,,,,,,,,-18.53,144.5,Phoniscus papuensis,3613696,False
Phylloderma stenops,Chiroptera,Phyllostomidae,55.82,,0.98,,,,,2.0,-5.75,-64.4,Phylloderma stenops,792612,False
Phyllomys blainvillii,Rodentia,Echimyidae,243.3,,,,,,,,-11.32,-40.75,Phyllomys blainvillii,739188,False
Phyllomys brasiliensis,Rodentia,Echimyidae,312.49,,,,,,,,-20.08,-43.14,Phyllomys brasiliensis,739184,False
Phyllomys dasythrix,Rodentia,Echimyidae,260.0,,,,,,,,-28.74,-52.12,Phyllomys dasythrix,215384,False
Pantholops hodgsonii,Artiodactyla,Bovidae,32733.12,212.91,1.0,,,,,,32.83,90.01,Pantholops hodgsonii,938450,False
Papagomys armandvillei,Rodentia,Muridae,,,,,,,,,-8.51,121.4,Papagomys armandvillei,3610767,False
Papagomys theodorverhoeveni,Rodentia,Muridae,,,,,,,,,,,Papagomys theodorverhoeveni,3610770,False
Papio anubis,Primates,Cercopithecidae,17728.56,178.96,1.01,4.83,302.4,10.8,596.6,,8.04,15.57,Papio anubis,115449,False
Papio cynocephalus,Primates,Cercopithecidae,15822.15,172.99,1.01,14.95,540.0,5.86,450.42,1.0,-5.96,29.79,Papio cynocephalus,115471,False
Papio hamadryas,Primates,Cercopithecidae,14007.08,180.0,1.01,17.37,450.0,2.1,363.96,1.0,12.72,42.06,Papio hamadryas,115463,False
Papio papio,Primates,Cercopithecidae,18026.05,184.42,1.01,,480.0,11.07,,,10.83,-13.74,Papio papio,513904,False
Papio ursinus,Primates,Cercopithecidae,17729.44,185.92,1.01,9.12,540.0,2.77,877.09,1.0,-24.42,23.88,Papio ursinus,203159,False
Pappogeomys alcorni,Rodentia,Geomyidae,150.0,,,,,,,1.0,19.93,-103.02,Pappogeomys alcorni,111919,False
Pappogeomys bulleri,Rodentia,Geomyidae,150.0,,0.97,,,,,1.0,20.3,-104.42,Pappogeomys bulleri,747786,False
Paracoelops megalotis,Chiroptera,Hipposideridae,,,,,,,,3.0,18.66,105.66,Hipposideros pomona,905428,True
Paracrocidura graueri,Soricomorpha,Soricidae,,,,,,,,,-3.89,28.94,Paracrocidura graueri,3614491,False
Paracrocidura maxima,Soricomorpha,Soricidae,,,,,,,,,-1.01,29.28,Paracrocidura maxima,1076520,False
Paracrocidura schoutedeni,Soricomorpha,Soricidae,12.18,,,,,,,,-0.71,15.99,Paracrocidura schoutedeni,500004,False
Paracynictis selousi,Carnivora,Herpestidae,1669.72,,2.0,,,,,3.0,-19.04,25.34,Paracynictis selousi,415266,False
Paradipus ctenodactylus,Rodentia,Dipodidae,,,3.4,,,,,1.0,40.81,59.28,Paradipus ctenodactylus,3608126,False
Paradoxurus hermaphroditus,Carnivora,Viverridae,3200.0,61.27,3.29,4.15,269.0,,,2.0,12.12,99.45,Paradoxurus hermaphroditus,1088400,False
Paradoxurus jerdoni,Carnivora,Viverridae,3530.33,,3.0,,144.0,,,2.0,10.64,76.76,Paradoxurus jerdoni,581994,False
Paradoxurus zeylonensis,Carnivora,Viverridae,2821.3,,2.5,,,,,2.0,6.93,80.63,Paradoxurus zeylonensis,650612,False
Paraechinus aethiopicus,Erinaceomorpha,Erinaceidae,352.4,36.7,3.49,,54.0,,67.27,3.0,21.78,21.36,Paraechinus aethiopicus,713042,False
Paraechinus hypomelas,Erinaceomorpha,Erinaceidae,213.0,,3.74,,,,,2.0,33.48,63.45,Paraechinus hypomelas,3614700,False
Paraechinus micropus,Erinaceomorpha,Erinaceidae,171.0,37.0,4.0,,,,45.05,3.0,24.47,73.33,Paraechinus micropus,3614698,False
Paraechinus nudiventris,Erinaceomorpha,Erinaceidae,,,,,,,,3.0,10.79,77.6,Paraechinus nudiventris,3614699,False
Parahydromys asper,Rodentia,Muridae,526.66,,,,,,,2.0,-5.25,140.9,Parahydromys asper,640015,False
Paraleptomys rufilatus,Rodentia,Muridae,54.99,,,,,,,,-3.0,141.52,Paraleptomys rufilatus,3609978,False
Paraleptomys wilhelmina,Rodentia,Muridae,33.68,,,,,,,,-4.48,140.15,Paraleptomys wilhelmina,3610992,False
Paralomys gerbillus,Rodentia,Cricetidae,17.4,,,,,,,,-14.62,-75.5,Phyllotis gerbillus,898077,True
Paramelomys gressitti,Rodentia,Muridae,,,,,,,,,,,Paramelomys gressitti,3608691,False
Paramelomys levipes,Rodentia,Muridae,82.81,,1.52,,,,20.0,1.0,-9.52,147.48,Paramelomys levipes,640011,False
Paramelomys lorentzii,Rodentia,Muridae,150.0,,1.07,,,,20.0,1.0,,,Paramelomys lorentzii,466617,False
Paramelomys mollis,Rodentia,Muridae,90.05,,1.69,,,,20.0,1.0,-5.67,141.82,Paramelomys mollis,3608693,False
Paramelomys moncktoni,Rodentia,Muridae,80.56,,2.15,,,,20.0,1.0,-6.12,143.07,Paramelomys moncktoni,581020,False
Paramelomys naso,Rodentia,Muridae,,,,,,,,,-5.77,138.1,Paramelomys naso,3608692,False
Paramelomys platyops,Rodentia,Muridae,85.6,,1.94,,,,20.0,1.0,-5.4,141.39,Paramelomys platyops,640013,False
Paramelomys rubex,Rodentia,Muridae,47.16,,2.0,0.007363214,,,20.0,1.0,-5.14,140.78,Paramelomys rubex,640008,False
Paramelomys steini,Rodentia,Muridae,,,,,,,,,,,Rattus steini,690684,True
Paramurexia rothschildi,Dasyuromorphia,Dasyuridae,53.77,,3.39,,,,,3.0,-5.14,140.06,Murexia rothschildi,929326,True
Parantechinus apicalis,Dasyuromorphia,Dasyuridae,71.31,48.5,7.5,,36.0,599.99,112.7,2.0,-34.22,119.38,Parantechinus apicalis,648429,False
Paranyctimene raptor,Chiroptera,Pteropodidae,24.94,,0.98,,,,,1.0,-5.79,140.72,Paranyctimene raptor,798258,False
Paranyctimene tenax,Chiroptera,Pteropodidae,,,,,,,,,,,Paranyctimene tenax,3613528,False
Parascalops breweri,Soricomorpha,Talpidae,51.11,35.46,4.49,4.15528e-05,60.0,900.0,30.24,2.0,41.23,-77.29,Parascalops breweri,680971,False
Parascaptor leucura,Soricomorpha,Talpidae,,,,,,,,3.0,24.8,96.15,Parascaptor leucura,3614309,False
Paraxerus alexandri,Rodentia,Sciuridae,50.73,,0.97,,,,,,1.12,29.75,Paraxerus alexandri,152109,False
Paraxerus boehmi,Rodentia,Sciuridae,70.24,,1.06,,,,,,-1.89,26.57,Paraxerus boehmi,3609124,False
Paraxerus cepapi,Rodentia,Sciuridae,222.85,56.87,2.02,0.004512132,,353.0,38.39,2.0,-13.98,25.21,Paraxerus cepapi,474587,False
Paraxerus cooperi,Rodentia,Sciuridae,250.0,,,,,,,,6.04,11.51,Paraxerus cooperi,3609126,False
Paraxerus flavovittis,Rodentia,Sciuridae,160.0,,1.22,,,,,,-10.05,37.93,Paraxerus flavovittis,3609122,False
Paraxerus lucifer,Rodentia,Sciuridae,692.45,,,,,,,,-7.01,36.17,Paraxerus lucifer,3609127,False
Paraxerus ochraceus,Rodentia,Sciuridae,104.3,,2.2,,,,24.36,,-1.09,38.15,Paraxerus ochraceus,628180,False
Paraxerus palliatus,Rodentia,Sciuridae,365.37,62.01,1.6,0.02,,389.55,52.5,2.0,-12.11,38.07,Paraxerus palliatus,3609123,False
Paraxerus poensis,Rodentia,Sciuridae,100.0,55.13,1.5,,,,,1.0,1.63,2.18,Paraxerus poensis,3609125,False
Paraxerus vexillarius,Rodentia,Sciuridae,675.0,,,,,,,,-4.79,38.33,Paraxerus vexillarius,628182,False
Paraxerus vincenti,Rodentia,Sciuridae,,,,,,,,,-15.43,37.52,Paraxerus vincenti,3609120,False
Pardofelis marmorata,Carnivora,Felidae,2826.68,,2.0,,,,,3.0,11.32,101.34,Pardofelis marmorata,660452,False
Parotomys brantsii,Rodentia,Muridae,129.5,37.56,2.04,,,,,,-28.85,20.83,Parotomys brantsii,386285,False
Parotomys littledalei,Rodentia,Muridae,126.99,,2.91,,,,,,-27.34,19.47,Parotomys littledalei,386287,False
Paruromys dominator,Rodentia,Muridae,325.31,,,,,,,,-1.97,121.99,Paruromys dominator,167547,False
Paulamys naso,Rodentia,Muridae,,,,,,,,,-8.75,120.89,Paulamys naso,3610566,False
Pearsonomys annectens,Rodentia,Cricetidae,,,,,,,,,,,Pearsonomys annectens,36152,False
Pecari tajacu,Artiodactyla,Tayassuidae,21133.69,144.88,1.56,1.37,296.4,7.92,47.25,1.0,0.14,-74.62,Pecari tajacu,1037242,False
Pectinator spekei,Rodentia,Ctenodactylidae,169.7,,1.17,,120.0,,,1.0,10.04,45.47,Pectinator spekei,3609373,False
Pedetes capensis,Rodentia,Pedetidae,2549.25,78.02,0.98,,174.0,,45.61,1.0,-20.93,23.85,Pedetes capensis,5281,False
Pedetes surdaster,Rodentia,Pedetidae,,,,,,,,,-2.58,34.93,Pedetes capensis surdaster,474589,True
Penthetor lucasi,Chiroptera,Pteropodidae,35.39,,1.0,,,,,1.0,1.43,109.71,Penthetor lucasi,1008968,False
Peponocephala electra,Cetacea,Delphinidae,206000.0,365.0,,,564.0,,,,,,Peponocephala electra,336234,False
Perameles bougainville,Peramelemorphia,Peramelidae,230.8,12.0,2.0,0.07,,34.0,,2.0,-25.01,113.11,Perameles bougainville,603691,False
Perameles eremiana,Peramelemorphia,Peramelidae,499.99,,2.0,,,,,2.0,,,Perameles eremiana,408534,False
Perameles gunnii,Peramelemorphia,Peramelidae,903.46,12.5,2.31,0.02,66.0,351.56,59.99,2.0,-40.28,144.94,Perameles gunnii,631442,False
Perameles nasuta,Peramelemorphia,Peramelidae,720.26,12.24,2.43,,,89.99,66.99,2.0,-27.82,148.03,Perameles nasuta,683258,False
Perodicticus potto,Primates,Lorisidae,1081.81,193.0,1.09,0.11,312.0,8.47,149.15,2.0,1.77,10.55,Perodicticus potto,339040,False
Perognathus alticolus,Rodentia,Heteromyidae,23.99,,,,,,,,34.7,-118.12,Perognathus alticolus,320778,False
Perognathus amplus,Rodentia,Heteromyidae,11.97,,,,,,,,33.01,-112.42,Perognathus amplus,73403,False
Perognathus fasciatus,Rodentia,Heteromyidae,11.29,29.8,5.48,,,225.41,,1.0,44.7,-104.73,Perognathus fasciatus,1004156,False
Perognathus flavescens,Rodentia,Heteromyidae,9.21,,4.37,0.000329061,,,,1.0,38.97,-101.34,Perognathus flavescens,1004152,False
Perognathus flavus,Rodentia,Heteromyidae,7.97,26.0,3.94,0.001896819,60.0,150.0,29.83,2.0,31.11,-105.38,Perognathus flavus,1024543,False
Perognathus inornatus,Rodentia,Heteromyidae,10.16,,4.0,0.000176546,,499.99,,2.0,37.37,-120.06,Perognathus inornatus,1052469,False
Perognathus longimembris,Rodentia,Heteromyidae,8.07,22.74,4.45,0.002322898,99.6,174.0,18.67,1.0,35.77,-116.17,Perognathus longimembris,427268,False
Perognathus merriami,Rodentia,Heteromyidae,6.94,,4.18,0.008251478,30.0,170.0,,2.0,29.3,-101.41,Perognathus merriami,1004160,False
Perognathus parvus,Rodentia,Heteromyidae,21.56,23.5,4.86,0.001580096,48.0,2738.17,21.0,2.0,43.39,-115.95,Perognathus parvus,1004158,False
Peromyscus attwateri,Rodentia,Cricetidae,27.9,,3.53,0.00180695,18.0,296.52,,2.0,33.25,-96.43,Peromyscus attwateri,983304,False
Peromyscus aztecus,Rodentia,Cricetidae,34.0,,3.49,,,899.99,,1.0,,,Peromyscus aztecus,162836,False
Peromyscus beatae,Rodentia,Cricetidae,,,,,,,,,,,Peromyscus beatae,644052,False
Peromyscus boylii,Rodentia,Cricetidae,23.9,23.3,3.18,0.002848598,18.0,521.08,,,32.94,-110.96,Peromyscus boylii,1065599,False
Peromyscus bullatus,Rodentia,Cricetidae,40.0,,,,,,,,19.71,-97.3,Peromyscus bullatus,3608433,False
Peromyscus californicus,Rodentia,Cricetidae,42.68,32.95,1.94,0.001126808,,3706.83,29.83,2.0,34.02,-118.61,Peromyscus californicus,24672,False
Peromyscus caniceps,Rodentia,Cricetidae,,,,,,,,,25.67,-111.04,Peromyscus caniceps,343212,False
Peromyscus crinitus,Rodentia,Cricetidae,16.32,25.33,3.08,0.003136673,,1198.07,23.91,2.0,36.88,-114.32,Peromyscus crinitus,693032,False
Peromyscus dickeyi,Rodentia,Cricetidae,28.6,,,,,,,,27.43,-111.86,Peromyscus dickeyi,343211,False
Peromyscus difficilis,Rodentia,Cricetidae,27.95,,3.88,,,162.09,25.9,,22.46,-102.25,Peromyscus difficilis,983302,False
Peromyscus eremicus,Rodentia,Cricetidae,22.73,27.35,2.52,0.002263355,,431.41,20.88,2.0,,,Peromyscus eremicus,576102,False
Peromyscus eva,Rodentia,Cricetidae,21.99,,,,,,,,25.68,-111.54,Peromyscus eva,693029,False
Peromyscus fraterculus,Rodentia,Cricetidae,,,,,,,,,,,Peromyscus fraterculus,693026,False
Peromyscus furvus,Rodentia,Cricetidae,32.99,,1.94,,,,,,19.75,-97.9,Peromyscus furvus,836465,False
Peromyscus gossypinus,Rodentia,Cricetidae,27.68,23.0,3.7,0.00396074,15.5,513.28,22.33,3.0,31.36,-86.16,Peromyscus gossypinus,576104,False
Peromyscus grandis,Rodentia,Cricetidae,71.0,,2.43,,,,,,15.34,-89.84,Peromyscus grandis,134806,False
Peromyscus gratus,Rodentia,Cricetidae,27.35,,,,,,,,25.87,-102.94,Peromyscus gratus,983313,False
Peromyscus guardia,Rodentia,Cricetidae,,,,,,,,,29.29,-113.36,Peromyscus guardia,3608425,False
Peromyscus guatemalensis,Rodentia,Cricetidae,40.0,,1.94,,,,,,15.28,-91.9,Peromyscus guatemalensis,599546,False
Peromyscus gymnotis,Rodentia,Cricetidae,40.0,,,,,,,,13.43,-89.55,Peromyscus gymnotis,313998,False
Peromyscus hooperi,Rodentia,Cricetidae,35.99,33.5,3.09,,,,22.67,,26.53,-102.05,Peromyscus hooperi,319357,False
Peromyscus hylocetes,Rodentia,Cricetidae,,,,,,,,,,,Peromyscus hylocetes,162828,False
Peromyscus interparietalis,Rodentia,Cricetidae,,,2.39,,,,18.43,,28.66,-112.87,Peromyscus interparietalis,343214,False
Peromyscus keeni,Rodentia,Cricetidae,28.25,,5.99,0.003267089,,1021.13,,,51.97,-128.33,Peromyscus keeni,1026151,False
Peromyscus leucopus,Rodentia,Cricetidae,18.07,23.17,4.27,0.000886749,38.0,1444.64,21.49,2.0,33.49,-87.53,Peromyscus leucopus,764828,False
Peromyscus levipes,Rodentia,Cricetidae,,,,,,,,,,,Peromyscus levipes,983311,False
Pteronotus parnellii,Chiroptera,Mormoopidae,19.59,107.97,0.99,,,,,3.0,6.41,-73.16,Pteronotus parnellii,867405,False
Pteronotus personatus,Chiroptera,Mormoopidae,7.99,,0.98,,,,,3.0,5.64,-72.6,Pteronotus personatus,554238,False
Pteronotus pristinus,Chiroptera,Mormoopidae,,,,,,,,,,,Pteronotus pristinus,3614025,False
Pteronotus quadridens,Chiroptera,Mormoopidae,5.64,156.43,1.21,,,,,3.0,20.39,-75.27,Pteronotus quadridens,554242,False
Pteronura brasiliensis,Carnivora,Mustelidae,26000.0,70.0,2.12,85.85,154.0,,120.48,3.0,-8.52,-57.02,Pteronura brasiliensis,397142,False
Pteropus admiralitatum,Chiroptera,Pteropodidae,306.46,,1.0,,,,,,-5.63,153.21,Pteropus admiralitatum,164528,False
Pteropus aldabrensis,Chiroptera,Pteropodidae,310.29,,,,,,,,-9.4,46.36,Pteropus aldabrensis,1034141,False
Pteropus alecto,Chiroptera,Pteropodidae,610.13,,1.0,,,,89.17,1.0,-18.45,133.1,Pteropus alecto,813028,False
Pteropus anetianus,Chiroptera,Pteropodidae,397.22,,0.98,,,,,,-16.93,168.21,Pteropus anetianus,673800,False
Pteropus aruensis,Chiroptera,Pteropodidae,,,,,,,,,-6.22,134.41,Pteropus aruensis,3613485,False
Pteropus banakrisi,Chiroptera,Pteropodidae,,,,,,,,,-10.18,142.26,Pteropus alecto,813028,True
Pteropus brunneus,Chiroptera,Pteropodidae,200.0,,,,,,,,,,Pteropus brunneus,3613470,False
Pteropus caniceps,Chiroptera,Pteropodidae,525.12,,,,,,,,0.07,127.11,Pteropus caniceps,3613500,False
Pteropus capistratus,Chiroptera,Pteropodidae,,,,,,,,,-4.75,150.34,Pteropus capistratus,609464,False
Peromyscus madrensis,Rodentia,Cricetidae,,,2.91,,,,,,21.53,-106.45,Peromyscus madrensis,407017,False
Peromyscus maniculatus,Rodentia,Cricetidae,19.98,26.68,4.76,0.002028926,,661.87,22.49,2.0,40.92,-97.65,Peromyscus maniculatus,377525,False
Peromyscus mayensis,Rodentia,Cricetidae,,,,,,,,,15.73,-91.44,Peromyscus mayensis,137746,False
Peromyscus megalops,Rodentia,Cricetidae,66.2,,2.0,,,,21.99,,16.95,-97.23,Peromyscus megalops,179902,False
Peromyscus mekisturus,Rodentia,Cricetidae,59.99,,,,,,,,18.83,-97.27,Peromyscus mekisturus,3608419,False
Peromyscus melanocarpus,Rodentia,Cricetidae,58.9,30.39,2.23,,,,25.8,,17.38,-96.31,Peromyscus melanocarpus,599544,False
Peromyscus melanophrys,Rodentia,Cricetidae,40.0,24.7,2.91,,,,26.0,,20.73,-98.56,Peromyscus melanophrys,801472,False
Peromyscus melanotis,Rodentia,Cricetidae,39.59,25.01,3.69,0.000513365,,2045.14,,,24.36,-102.82,Peromyscus melanotis,576106,False
Peromyscus melanurus,Rodentia,Cricetidae,40.0,,2.75,,,,,,16.07,-96.85,Peromyscus melanurus,3608423,False
Peromyscus merriami,Rodentia,Cricetidae,40.0,,3.4,,,,,,28.46,-109.98,Peromyscus merriami,693027,False
Peromyscus mexicanus,Rodentia,Cricetidae,42.58,30.19,2.56,,,,31.22,1.0,15.95,-91.75,Peromyscus mexicanus,1065601,False
Peromyscus nasutus,Rodentia,Cricetidae,,,,,,,,,33.4,-105.73,Peromyscus nasutus,407019,False
Peromyscus ochraventer,Rodentia,Cricetidae,40.0,,4.86,,,,,,22.72,-99.4,Peromyscus ochraventer,319361,False
Peromyscus pectoralis,Rodentia,Cricetidae,38.99,23.0,3.88,0.002436912,,,,1.0,26.94,-101.6,Peromyscus pectoralis,1077590,False
Peromyscus pembertoni,Rodentia,Cricetidae,,,,,,,,,,,Peromyscus pembertoni,3608424,False
Peromyscus perfulvus,Rodentia,Cricetidae,40.0,43.24,2.79,,,840.23,24.85,,19.47,-102.73,Peromyscus perfulvus,335011,False
Peromyscus polionotus,Rodentia,Cricetidae,14.27,23.8,3.59,0.003254633,,889.0,24.24,,30.55,-84.25,Peromyscus polionotus,576108,False
Peromyscus polius,Rodentia,Cricetidae,40.0,,,,,,,,29.43,-107.54,Peromyscus polius,407006,False
Peromyscus pseudocrinitus,Rodentia,Cricetidae,,,,,,,,,26.1,-111.27,Peromyscus pseudocrinitus,3608418,False
Peromyscus sagax,Rodentia,Cricetidae,,,,,,,,,,,Peromyscus sagax,253422,False
Peromyscus sejugis,Rodentia,Cricetidae,21.5,,,,,,,,25.26,-110.71,Peromyscus sejugis,259483,False
Peromyscus simulus,Rodentia,Cricetidae,40.0,,,,,,,,22.38,-105.8,Peromyscus simulus,644050,False
Peromyscus slevini,Rodentia,Cricetidae,,,,,,,,,25.64,-110.81,Peromyscus slevini,445496,False
Peromyscus spicilegus,Rodentia,Cricetidae,35.99,,,,,,,,23.11,-105.67,Peromyscus spicilegus,162832,False
Peromyscus stephani,Rodentia,Cricetidae,,,,,,,,,28.7,-112.57,Peromyscus stephani,407001,False
Peromyscus stirtoni,Rodentia,Cricetidae,29.19,,2.38,,,,,,13.6,-87.91,Peromyscus stirtoni,319359,False
Peromyscus truei,Rodentia,Cricetidae,27.0,32.37,3.49,0.009130385,,1419.62,32.28,2.0,31.77,-109.51,Peromyscus truei,770866,False
Peromyscus winkelmanni,Rodentia,Cricetidae,40.0,,,,,,,,18.61,-102.94,Peromyscus winkelmanni,162834,False
Peromyscus yucatanicus,Rodentia,Cricetidae,27.13,30.8,3.0,,,,,,19.73,-89.25,Peromyscus yucatanicus,524196,False
Peromyscus zarhynchus,Rodentia,Cricetidae,40.0,,1.94,,,,,,17.01,-92.65,Peromyscus zarhynchus,191277,False
Peropteryx kappleri,Chiroptera,Emballonuridae,9.85,137.96,1.0,,,,79.82,3.0,-2.46,-66.67,Peropteryx kappleri,75160,False
Peropteryx leucoptera,Chiroptera,Emballonuridae,,,,,,,,3.0,-5.04,-55.0,Peropteryx leucoptera,755426,False
Peropteryx macrotis,Chiroptera,Emballonuridae,5.68,129.27,0.99,,,,,3.0,-1.83,-65.9,Peropteryx macrotis,75163,False
Peropteryx trinitatis,Chiroptera,Emballonuridae,4.19,,,,,,,,9.94,-64.53,Peropteryx trinitatis,432533,False
Peroryctes broadbenti,Peramelemorphia,Peramelidae,4800.0,12.0,1.76,,,,,2.0,-9.12,148.41,Peroryctes broadbenti,408523,False
Peroryctes raffrayana,Peramelemorphia,Peramelidae,905.63,,1.27,,39.6,,,1.0,-5.39,141.19,Peroryctes raffrayana,786372,False
Petaurillus emiliae,Rodentia,Sciuridae,,,,,,,,,3.66,114.78,Petaurillus emiliae,3609019,False
Petaurillus hosei,Rodentia,Sciuridae,,,,,,,,,5.14,115.87,Petaurillus hosei,3609020,False
Petaurillus kinlochii,Rodentia,Sciuridae,30.93,,,,,,,,3.22,101.38,Petaurillus kinlochii,427311,False
Petaurista alborufus,Rodentia,Sciuridae,1501.95,,,,,,,,28.07,109.97,Petaurista alborufus,469017,False
Petaurista elegans,Rodentia,Sciuridae,1040.0,,1.0,,,,,2.0,11.31,98.27,Petaurista elegans,121141,False
Petaurista leucogenys,Rodentia,Sciuridae,,,,,,,,1.0,32.44,119.48,Petaurista leucogenys,384213,False
Petaurista magnificus,Rodentia,Sciuridae,1475.49,,0.97,,,,,,27.68,88.22,Petaurista magnificus,3609023,False
Petaurista nobilis,Rodentia,Sciuridae,,,,,,,,,27.34,88.05,Petaurista nobilis,3609021,False
Petaurista petaurista,Rodentia,Sciuridae,1533.84,45.0,1.0,,192.0,,68.43,2.0,13.68,94.75,Petaurista petaurista,384211,False
Petaurista philippensis,Rodentia,Sciuridae,1675.83,,,,,,,,17.6,97.42,Petaurista philippensis,469014,False
Petaurista xanthotis,Rodentia,Sciuridae,,,,,,,,,28.63,103.93,Petaurista xanthotis,472884,False
Petauroides volans,Diprotodontia,Pseudocheiridae,1257.17,,1.0,0.01,180.0,69.0,228.41,1.0,-27.39,149.07,Petauroides volans,1057268,False
Petaurus abidi,Diprotodontia,Petauridae,278.0,,1.02,,,,,2.0,-3.39,142.04,Petaurus abidi,532560,False
Petaurus australis,Diprotodontia,Petauridae,567.15,,1.24,0.36,192.0,14.0,148.07,2.0,-27.8,147.48,Petaurus australis,630919,False
Petaurus biacensis,Diprotodontia,Petauridae,90.98,,1.45,,,,,2.0,-0.95,135.87,Petaurus biacensis,3606955,False
Petaurus breviceps,Diprotodontia,Petauridae,120.76,16.68,1.82,0.01,168.0,432.14,118.65,2.0,-20.7,138.59,Petaurus breviceps,423936,False
Petaurus gracilis,Diprotodontia,Petauridae,360.63,,1.75,,,12.0,,2.0,-18.62,146.12,Petaurus gracilis,45643,False
Petaurus norfolcensis,Diprotodontia,Petauridae,230.0,,1.64,0.02,144.0,122.0,120.48,2.0,-27.31,147.81,Petaurus norfolcensis,45641,False
Petinomys crinitus,Rodentia,Sciuridae,,,,,,,,2.0,6.57,122.05,Petinomys crinitus,3609026,False
Petinomys fuscocapillus,Rodentia,Sciuridae,794.5,,2.0,,,,,,8.5,78.77,Petinomys fuscocapillus,3609025,False
Petinomys genibarbis,Rodentia,Sciuridae,108.81,,1.07,,,,,2.0,1.18,106.72,Petinomys genibarbis,3609028,False
Petinomys hageni,Rodentia,Sciuridae,,,,,,,,2.0,1.46,104.54,Petinomys hageni,3609032,False
Petinomys lugens,Rodentia,Sciuridae,,,,,,,,,-1.88,99.4,Petinomys lugens,3609030,False
Petinomys mindanensis,Rodentia,Sciuridae,,,,,,,,,8.01,124.24,Petinomys mindanensis,3609027,False
Petinomys sagitta,Rodentia,Sciuridae,49.99,,,,,,,,-7.32,109.9,Hylopetes lepidus,348556,True
Petinomys setosus,Rodentia,Sciuridae,43.85,,1.5,,,,,2.0,10.7,107.2,Petinomys setosus,43435,False
Petinomys vordermanni,Rodentia,Sciuridae,36.87,,2.0,,,,,2.0,9.31,105.56,Petinomys vordermanni,3609031,False
Petrodromus tetradactylus,Macroscelidea,Macroscelididae,201.0,,1.0,0.00980236,,186.01,,2.0,-13.25,28.01,Petrodromus tetradactylus,741350,False
Petrogale assimilis,Diprotodontia,Macropodidae,4618.88,30.99,1.0,0.09,156.0,76.64,294.19,,-20.53,144.5,Petrogale assimilis,450228,False
Petrogale brachyotis,Diprotodontia,Macropodidae,4012.01,,1.0,,,,,,-14.4,130.57,Petrogale brachyotis,793508,False
Petrogale burbidgei,Diprotodontia,Macropodidae,1258.0,,1.0,,,,,,-15.29,125.38,Petrogale burbidgei,65585,False
Petrogale coenensis,Diprotodontia,Macropodidae,,,,,,,,,-13.54,143.3,Petrogale coenensis,65588,False
Petrogale concinna,Diprotodontia,Macropodidae,1398.2,31.46,1.0,,204.0,,191.15,,-14.21,129.2,Petrogale concinna,119684,False
Petrogale godmani,Diprotodontia,Macropodidae,4750.0,,,,,,,,-15.56,144.2,Petrogale godmani,65589,False
Petrogale herberti,Diprotodontia,Macropodidae,,,,,,,,,-24.72,149.54,Petrogale herberti,65591,False
Petrogale inornata,Diprotodontia,Macropodidae,4555.52,30.99,1.0,,,,286.18,,-21.98,149.09,Petrogale inornata,65579,False
Petrogale lateralis,Diprotodontia,Macropodidae,4567.88,,1.0,,144.0,275.0,,,-26.28,125.46,Petrogale lateralis,65581,False
Petrogale mareeba,Diprotodontia,Macropodidae,,,,,,,,,-16.77,145.02,Petrogale mareeba,65584,False
Petrogale penicillata,Diprotodontia,Macropodidae,6931.6,30.99,1.0,,172.8,300.0,290.0,,-31.76,147.77,Petrogale penicillata,65593,False
Petrogale persephone,Diprotodontia,Macropodidae,5585.63,32.0,1.0,,,5.99,329.06,1.0,-20.73,148.3,Petrogale persephone,312918,False
Petrogale purpureicollis,Diprotodontia,Macropodidae,,,,,,,,,-20.44,139.3,Petrogale purpureicollis,822300,False
Petrogale rothschildi,Diprotodontia,Macropodidae,4546.31,,,,,,,,-22.87,117.92,Petrogale rothschildi,800950,False
Petrogale sharmani,Diprotodontia,Macropodidae,,,,,,,,,-18.55,145.66,Petrogale sharmani,65595,False
Petrogale xanthopus,Diprotodontia,Macropodidae,8499.99,33.16,1.02,,144.0,15.0,342.05,1.0,-29.39,139.33,Petrogale xanthopus,988902,False
Petromus typicus,Rodentia,Petromuridae,224.0,,1.5,,,,,1.0,-22.0,17.95,Petromus typicus,1048199,False
Petromyscus barbouri,Rodentia,Nesomyidae,,,,,,,,,-30.91,18.85,Petromyscus barbouri,3608548,False
Petromyscus collinus,Rodentia,Nesomyidae,20.0,,2.46,,,,31.5,,-24.17,17.36,Petromyscus collinus,441607,False
Petromyscus monticularis,Rodentia,Nesomyidae,20.72,,,,,,,,-27.37,18.5,Petromyscus monticularis,668842,False
Petromyscus shortridgei,Rodentia,Nesomyidae,,,,,,,,,-16.04,14.96,Petromyscus shortridgei,3608549,False
Petropseudes dahli,Diprotodontia,Pseudocheiridae,1877.03,,1.0,,,18.0,,1.0,-15.77,131.84,Petropseudes dahli,1092089,False
Phacochoerus aethiopicus,Artiodactyla,Suidae,75607.52,165.4,3.2,1.35,225.6,7.61,106.45,1.0,4.71,40.42,Phacochoerus aethiopicus,983664,False
Phacochoerus africanus,Artiodactyla,Suidae,82499.99,172.49,,1.55,180.0,,,1.0,-6.61,13.66,Phacochoerus africanus,1036755,False
Phaenomys ferrugineus,Rodentia,Cricetidae,93.8,,,,,,,,-22.66,-43.46,Phaenomys ferrugineus,3610354,False
Phaiomys leucurus,Rodentia,Cricetidae,,,1.94,,,,,,33.19,82.44,Neodon leucurus,662405,True
Phalanger alexandrae,Diprotodontia,Phalangeridae,,,,,,,,,-0.09,129.42,Phalanger alexandrae,3606941,False
Phalanger carmelitae,Diprotodontia,Phalangeridae,1820.88,,1.01,,,,,2.0,-6.84,143.62,Phalanger carmelitae,327616,False
Phalanger gymnotis,Diprotodontia,Phalangeridae,2597.89,12.99,1.01,,144.0,,270.0,2.0,-5.65,141.69,Phalanger gymnotis,312917,False
Phalanger intercastellanus,Diprotodontia,Phalangeridae,1747.5,,2.02,,,,,1.0,-8.99,150.16,Phalanger intercastellanus,3606944,False
Phalanger lullulae,Diprotodontia,Phalangeridae,1632.5,,1.75,,,,,1.0,-9.1,152.72,Phalanger lullulae,892512,False
Phalanger matabiru,Diprotodontia,Phalangeridae,,,,,,,,,0.74,127.36,Phalanger matabiru,3606946,False
Phalanger matanim,Diprotodontia,Phalangeridae,1442.38,,1.02,,,,,1.0,-5.11,141.54,Phalanger matanim,3606945,False
Phalanger mimicus,Diprotodontia,Phalangeridae,,,,,,,,,-8.93,140.14,Phalanger mimicus,3606943,False
Phalanger orientalis,Diprotodontia,Phalangeridae,2487.5,,1.71,,48.0,,,1.0,-5.19,134.94,Phalanger orientalis,524928,False
Phalanger ornatus,Diprotodontia,Phalangeridae,1787.5,,,,,,,1.0,0.86,128.09,Phalanger ornatus,3606942,False
Phalanger rothschildi,Diprotodontia,Phalangeridae,1365.0,,,,,,,1.0,-1.45,127.76,Phalanger rothschildi,3606939,False
Phalanger sericeus,Diprotodontia,Phalangeridae,2003.0,,1.02,,,,,1.0,-6.43,142.59,Phalanger sericeus,261876,False
Phalanger vestitus,Diprotodontia,Phalangeridae,1850.0,,1.01,,,,,1.0,-5.33,141.09,Phalanger vestitus,261871,False
Phaner electromontis,Primates,Cheirogaleidae,,,,,,,,,-12.69,49.26,Phaner electromontis,3607530,False
Phaner furcifer,Primates,Cheirogaleidae,409.87,174.46,1.01,0.02,144.0,500.24,,2.0,-15.35,50.02,Phaner furcifer,836057,False
Phaner pallescens,Primates,Cheirogaleidae,,,,,,,,,-19.15,45.41,Phaner pallescens,445040,False
Phaner parienti,Primates,Cheirogaleidae,,,,,,,,,-13.98,48.35,Phaner parienti,3607529,False
Pharotis imogene,Chiroptera,Vespertilionidae,,,,,,,,,-7.87,146.12,Pharotis imogene,3614131,False
Phascogale calura,Dasyuromorphia,Dasyuridae,43.03,29.49,7.5,0.03,36.0,,89.99,2.0,-32.64,118.68,Phascogale calura,831056,False
Phascogale tapoatafa,Dasyuromorphia,Dasyuridae,192.65,28.15,6.79,,60.0,111.0,149.57,,-24.57,134.3,Phascogale tapoatafa,648426,False
Phascolarctos cinereus,Diprotodontia,Phascolarctidae,6528.74,34.29,1.01,0.01,240.0,163.01,347.53,1.0,-28.2,145.92,Phascolarctos cinereus,327624,False
Phascolosorex doriae,Dasyuromorphia,Dasyuridae,,,,,,,,2.0,-2.49,136.52,Phascolosorex doriae,674371,False
Phascolosorex dorsalis,Dasyuromorphia,Dasyuridae,123.03,,3.39,,,,,2.0,-5.0,140.75,Phascolosorex dorsalis,648435,False
Phascomurexia naso,Dasyuromorphia,Dasyuridae,52.62,,3.68,,,150.0,,3.0,-4.98,140.47,Antechinus naso,470342,True
Phenacomys intermedius,Rodentia,Cricetidae,25.2,22.42,4.66,,,549.17,30.93,1.0,47.0,-120.31,Phenacomys intermedius,532489,False
Phenacomys ungava,Rodentia,Cricetidae,27.0,22.29,4.8,,,,17.86,,54.74,-95.6,Phenacomys ungava,176437,False
Philander andersoni,Didelphimorphia,Didelphidae,324.99,,,,,,,,,,Philander andersoni,553048,False
Philander frenatus,Didelphimorphia,Didelphidae,,,,,,,,,,,Philander frenatus,505491,False
Philander mcilhennyi,Didelphimorphia,Didelphidae,,,,,27.6,,,,,,Philander mcilhennyi,84809,False
Philander opossum,Didelphimorphia,Didelphidae,425.81,,4.75,0.003071815,42.0,58.77,79.77,2.0,,,Philander opossum,170433,False
Philantomba maxwellii,Artiodactyla,Bovidae,8557.69,205.0,1.0,,147.0,5.97,60.48,2.0,9.1,-5.01,Philantomba maxwellii,759981,False
Philantomba monticola,Artiodactyla,Bovidae,4896.05,205.0,0.98,,144.0,35.98,27.28,2.0,-12.45,23.22,Philantomba monticola,128388,False
Philetor brachypterus,Chiroptera,Vespertilionidae,12.0,,,,,,,,8.92,121.66,Philetor brachypterus,546477,False
Phloeomys cumingi,Rodentia,Muridae,1842.46,,1.0,,,,,,13.7,122.49,Phloeomys cumingi,1018294,False
Phloeomys pallidus,Rodentia,Muridae,1744.14,,,,,,,,16.84,121.13,Phloeomys pallidus,3608726,False
Phoca largha,Carnivora,Phocidae,98879.18,287.4,1.0,,426.13,,27.84,2.0,,,Phoca largha,89833,False
Phoca vitulina,Carnivora,Phocidae,87316.66,288.95,1.0,,480.0,5.68,30.74,3.0,,,Phoca vitulina,698422,False
Phocarctos hookeri,Carnivora,Otariidae,273499.99,365.0,1.0,,,,252.01,2.0,,,Phocarctos hookeri,949672,False
Phyllomys kerri,Rodentia,Echimyidae,,,,,,,,,,,Phyllomys kerri,3609828,False
Phyllomys lamarum,Rodentia,Echimyidae,215.19,,,,,,,,-15.64,-39.12,Phyllomys lamarum,215382,False
Phyllomys lundi,Rodentia,Echimyidae,,,,,,,,,,,Phyllomys lundi,215389,False
Phyllomys mantiqueirensis,Rodentia,Echimyidae,,,,,,,,,,,Phyllomys mantiqueirensis,739197,False
Phyllomys medius,Rodentia,Echimyidae,,,,,,,,,,,Phyllomys medius,3609826,False
Phyllomys nigrispinus,Rodentia,Echimyidae,224.3,,,,,,,,,,Phyllomys nigrispinus,215387,False
Phyllomys pattoni,Rodentia,Echimyidae,,,,,,,,,,,Phyllomys pattoni,215393,False
Phyllomys thomasi,Rodentia,Echimyidae,502.14,,,,,,,,-23.84,-45.33,Phyllomys thomasi,3609810,False
Phyllomys unicolor,Rodentia,Echimyidae,439.0,,,,,,,,,,Phyllomys unicolor,215391,False
Phyllonycteris aphylla,Chiroptera,Phyllostomidae,14.15,,0.99,,,,,2.0,18.11,-77.27,Phyllonycteris aphylla,546391,False
Phyllonycteris major,Chiroptera,Phyllostomidae,,,,,,,,,,,Phyllonycteris major,3613604,False
Phyllonycteris poeyi,Chiroptera,Phyllostomidae,,,0.98,,,,,,20.39,-76.63,Phyllonycteris poeyi,1066076,False
Phyllops falcatus,Chiroptera,Phyllostomidae,,,0.98,,,,,,20.39,-76.63,Phyllops falcatus,1066070,False
Phyllostomus discolor,Chiroptera,Phyllostomidae,36.7,107.97,0.99,,,,,2.0,-1.69,-65.94,Phyllostomus discolor,459982,False
Phyllostomus elongatus,Chiroptera,Phyllostomidae,41.75,,0.99,,,,,1.0,-5.62,-58.25,Phyllostomus elongatus,1011474,False
Phyllostomus hastatus,Chiroptera,Phyllostomidae,91.44,123.39,0.99,,120.0,,72.82,2.0,-4.05,-61.68,Phyllostomus hastatus,761775,False
Procyon pygmaeus,Carnivora,Procyonidae,2958.03,,,,,,,2.0,20.42,-86.87,Procyon pygmaeus,3612887,False
Proechimys brevicauda,Rodentia,Echimyidae,284.99,,,0.004969113,,,,2.0,-9.71,-68.56,Proechimys brevicauda,7067174,False
Proechimys canicollis,Rodentia,Echimyidae,312.57,,,,,,,,10.1,-73.54,Proechimys canicollis,3609837,False
Proechimys chrysaeolus,Rodentia,Echimyidae,284.99,,,,,,,,,,Proechimys chrysaeolus,3609832,False
Proechimys cuvieri,Rodentia,Echimyidae,339.85,,,0.004517324,,,,2.0,-1.22,-63.08,Proechimys cuvieri,581072,False
Proechimys decumanus,Rodentia,Echimyidae,284.99,,,,,,,,-1.8,-79.91,Proechimys decumanus,3609840,False
Proechimys echinothrix,Rodentia,Echimyidae,,,,,,,,,,,Proechimys echinothrix,3609849,False
Proechimys gardneri,Rodentia,Echimyidae,,,,,,,,,,,Proechimys gardneri,3609844,False
Proechimys goeldii,Rodentia,Echimyidae,284.99,,,,,,,,-7.07,-62.58,Proechimys goeldii,3609858,False
Proechimys guairae,Rodentia,Echimyidae,349.28,62.99,2.79,0.006001134,,389.74,10.21,1.0,8.95,-67.22,Proechimys guairae,692692,False
Proechimys guyannensis,Rodentia,Echimyidae,314.03,63.41,2.16,0.001047581,57.6,938.91,28.0,1.0,0.39,-55.83,Proechimys guyannensis,581081,False
Proechimys hoplomyoides,Rodentia,Echimyidae,284.99,,,,,,,,,,Proechimys hoplomyoides,873074,False
Proechimys kulinae,Rodentia,Echimyidae,,,,,,,,,,,Proechimys kulinae,3609841,False
Proechimys longicaudatus,Rodentia,Echimyidae,205.0,,,0.002439947,,261.53,,2.0,-14.14,-64.99,Proechimys longicaudatus,173063,False
Proechimys magdalenae,Rodentia,Echimyidae,284.99,,,,,,,,,,Proechimys magdalenae,3609845,False
Proechimys mincae,Rodentia,Echimyidae,284.99,,,,,,,,11.12,-74.07,Proechimys mincae,3609856,False
Proechimys oconnelli,Rodentia,Echimyidae,284.99,,,,,,,,3.94,-72.15,Proechimys oconnelli,3609830,False
Proechimys pattoni,Rodentia,Echimyidae,,,,,,,,,,,Proechimys pattoni,3609831,False
Proechimys poliopus,Rodentia,Echimyidae,284.99,,,,,,,,9.8,-72.91,Proechimys poliopus,3609835,False
Proechimys quadruplicatus,Rodentia,Echimyidae,284.99,,,,,,,,0.02,-70.4,Proechimys quadruplicatus,584906,False
Proechimys roberti,Rodentia,Echimyidae,284.99,,,,,,,,,,Proechimys roberti,472373,False
Proechimys semispinosus,Rodentia,Echimyidae,353.32,65.65,2.84,0.001730355,31.0,754.53,41.2,2.0,9.46,-81.02,Proechimys semispinosus,3609852,False
Proechimys simonsi,Rodentia,Echimyidae,284.99,,,0.00365992,,305.11,,2.0,-8.85,-71.0,Proechimys simonsi,945061,False
Proechimys steerei,Rodentia,Echimyidae,284.99,,,,,,,2.0,-7.94,-66.9,Proechimys steerei,873077,False
Proechimys trinitatus,Rodentia,Echimyidae,,,,,,,,,10.43,-61.41,Proechimys trinitatus,3609843,False
Proechimys urichi,Rodentia,Echimyidae,284.99,,,,,,,,,,Proechimys urichi,3609853,False
Proedromys bedfordi,Rodentia,Cricetidae,,,,,,,,,33.13,103.67,Proedromys bedfordi,708471,False
Profelis aurata,Carnivora,Felidae,11277.17,81.34,2.25,,,,119.32,3.0,2.48,10.96,Profelis aurata,660447,False
Prolagus sardus,Lagomorpha,Prolagidae,,,,,,,,,,,Prolagus sardus,3611382,False
Prolemur simus,Primates,Lemuridae,2030.41,140.0,1.0,0.62,144.0,,,2.0,-21.76,47.35,Prolemur simus,3607543,False
Prometheomys schaposchnikowi,Rodentia,Cricetidae,75.0,,3.4,,,,21.0,,42.91,42.95,Prometheomys schaposchnikowi,662401,False
Promops centralis,Chiroptera,Molossidae,29.8,,0.99,,,,41.99,,-3.53,-78.84,Promops centralis,301613,False
Promops nasutus,Chiroptera,Molossidae,15.5,,,,,,,3.0,-11.18,-61.6,Promops nasutus,3613991,False
Pronolagus crassicaudatus,Lagomorpha,Leporidae,2415.27,,1.5,,,,,1.0,-29.35,30.3,Pronolagus crassicaudatus,880862,False
Pronolagus randensis,Lagomorpha,Leporidae,2376.47,,1.05,,,,,1.0,-20.32,22.68,Pronolagus randensis,568360,False
Pronolagus rupestris,Lagomorpha,Leporidae,2249.99,,2.0,,,,,1.0,-16.77,25.92,Pronolagus rupestris,568267,False
Propithecus coquereli,Primates,Indriidae,4189.27,140.99,1.0,,,,180.96,,-15.49,47.65,Propithecus coquereli,402626,False
Propithecus deckenii,Primates,Indriidae,,,,,,,,,-17.67,45.32,Propithecus deckenii,729856,False
Propithecus diadema,Primates,Indriidae,6568.99,152.08,1.01,0.21,,5.65,256.27,1.0,-17.0,48.88,Propithecus diadema,979430,False
Propithecus edwardsi,Primates,Indriidae,6573.27,,,,,,,,-21.39,47.36,Propithecus edwardsi,571030,False
Propithecus perrieri,Primates,Indriidae,,,,,,,,,-12.84,49.49,Propithecus perrieri,799550,False
Propithecus tattersalli,Primates,Indriidae,3531.39,,,0.06,,65.0,152.13,1.0,-13.08,49.66,Propithecus tattersalli,311205,False
Propithecus verreauxi,Primates,Indriidae,3588.26,149.77,1.02,0.03,247.2,150.0,177.83,1.0,-22.63,44.95,Propithecus verreauxi,696018,False
Prosciurillus abstrusus,Rodentia,Sciuridae,,,,,,,,,-3.58,121.25,Prosciurillus abstrusus,3609143,False
Prosciurillus leucomus,Rodentia,Sciuridae,,,,,,,,,-2.01,121.1,Prosciurillus leucomus,3609145,False
Prosciurillus murinus,Rodentia,Sciuridae,,,,,,,,,-1.47,121.68,Prosciurillus murinus,672843,False
Prosciurillus rosenbergii,Rodentia,Sciuridae,,,,,,,,,,,Prosciurillus rosenbergii,3609144,False
Prosciurillus weberi,Rodentia,Sciuridae,,,,,,,,,-2.22,120.19,Prosciurillus weberi,3609142,False
Phyllostomus latifolius,Chiroptera,Phyllostomidae,134.0,,,,,,,,1.32,-63.47,Phyllostomus latifolius,860216,False
Phyllotis amicus,Rodentia,Cricetidae,20.19,,,,,,,,-10.63,-77.2,Phyllotis amicus,739495,False
Phyllotis andium,Rodentia,Cricetidae,53.0,,,,,,,,-7.46,-78.14,Phyllotis andium,739493,False
Phyllotis bonariensis,Rodentia,Cricetidae,42.5,,,,,,,,-37.87,-61.97,Phyllotis bonariensis,898083,False
Phyllotis caprinus,Rodentia,Cricetidae,50.8,,,,,,,,-22.2,-64.98,Phyllotis caprinus,3608343,False
Ptenochirus jagori,Chiroptera,Pteropodidae,79.18,125.14,1.0,,96.0,,89.99,1.0,12.0,123.16,Ptenochirus jagori,448931,False
Ptenochirus minor,Chiroptera,Pteropodidae,47.02,,,,,,,,8.63,124.24,Ptenochirus minor,200150,False
Pteralopex acrodonta,Chiroptera,Pteropodidae,257.53,,,,,,,,-16.84,2.84e-14,Mirimiri acrodonta,48401,True
Pteralopex anceps,Chiroptera,Pteropodidae,574.75,,1.0,,,,,,-6.27,156.07,Pteralopex anceps,3613527,False
Pteralopex atrata,Chiroptera,Pteropodidae,490.8,,,,,,,,-8.72,159.62,Pteralopex atrata,164526,False
Pteralopex pulchra,Chiroptera,Pteropodidae,291.15,,,,,,,,-9.68,160.04,Pteralopex pulchra,3613526,False
Pteralopex taki,Chiroptera,Pteropodidae,,,,,,,,,-8.36,157.65,Pteralopex taki,3613524,False
Pteromys momonga,Rodentia,Sciuridae,,,,,,,,,36.26,135.81,Pteromys momonga,659104,False
Pteromys volans,Rodentia,Sciuridae,143.09,28.18,2.5,0.05,45.6,,,2.0,54.53,97.64,Pteromys volans,384219,False
Pteromyscus pulverulentus,Rodentia,Sciuridae,251.3,,1.28,,,,,,1.22,106.86,Pteromyscus pulverulentus,427308,False
Pteronotus davyi,Chiroptera,Mormoopidae,9.52,,0.99,,,,,3.0,10.77,-86.23,Pteronotus davyi,759858,False
Pteronotus gymnonotus,Chiroptera,Mormoopidae,13.6,,0.98,,,,,3.0,1.13,-74.66,Pteronotus gymnonotus,554240,False
Pteronotus macleayii,Chiroptera,Mormoopidae,,,,,,,,3.0,20.44,-79.54,Pteronotus macleayii,554244,False
Pteropus chrysoproctus,Chiroptera,Pteropodidae,730.19,,,,,,,,-2.78,128.8,Pteropus chrysoproctus,3613473,False
Pteropus cognatus,Chiroptera,Pteropodidae,,,,,,,,,-10.51,161.82,Pteropus cognatus,673799,False
Pteropus conspicillatus,Chiroptera,Pteropodidae,760.71,,1.0,,,,139.51,1.0,-10.41,140.78,Pteropus conspicillatus,67622,False
Pteropus dasymallus,Chiroptera,Pteropodidae,491.86,,1.0,,372.0,,,2.0,25.33,126.23,Pteropus dasymallus,608040,False
Pteropus faunulus,Chiroptera,Pteropodidae,,,,,,,,,8.59,93.14,Pteropus faunulus,383385,False
Pteropus fundatus,Chiroptera,Pteropodidae,210.67,,,,,,,,-13.82,167.54,Pteropus fundatus,744668,False
Pteropus giganteus,Chiroptera,Pteropodidae,824.85,166.59,0.99,,376.8,,152.08,1.0,17.95,81.85,Pteropus giganteus,588290,False
Pteropus gilliardorum,Chiroptera,Pteropodidae,406.94,,,,,,,,-5.11,151.33,Pteropus gilliardorum,3613472,False
Pteropus griseus,Chiroptera,Pteropodidae,,,,,,,,,-2.62,122.17,Pteropus griseus,3613499,False
Rhogeessa io,Chiroptera,Vespertilionidae,,,,,,,,,-2.29,-60.83,Rhogeessa io,473223,False
Rhogeessa minutilla,Chiroptera,Vespertilionidae,3.75,,,,,,,,6.19,-68.16,Rhogeessa minutilla,3613895,False
Rhogeessa mira,Chiroptera,Vespertilionidae,,,,,,,,,18.29,-102.52,Rhogeessa mira,687550,False
Rhogeessa parvula,Chiroptera,Vespertilionidae,4.37,,1.98,,,,,3.0,22.58,-102.77,Rhogeessa parvula,76914,False
Rhogeessa tumida,Chiroptera,Vespertilionidae,4.58,,1.4,,,,,3.0,17.09,-91.43,Rhogeessa tumida,76917,False
Rhombomys opimus,Rodentia,Muridae,,27.5,4.59,,48.0,,23.15,,38.35,82.35,Rhombomys opimus,504792,False
Rhynchocyon chrysopygus,Macroscelidea,Macroscelididae,535.2,42.27,1.22,0.02,48.0,120.9,14.0,3.0,-2.65,40.57,Rhynchocyon chrysopygus,340418,False
Rhynchocyon cirnei,Macroscelidea,Macroscelididae,424.92,,1.93,,,,,3.0,-6.88,29.28,Rhynchocyon cirnei,627114,False
Rhynchocyon petersi,Macroscelidea,Macroscelididae,423.99,,1.93,,,,,,-5.91,38.67,Rhynchocyon petersi,940522,False
Rhynchogale melleri,Carnivora,Herpestidae,2240.33,,2.0,,,,,2.0,-14.93,30.73,Rhynchogale melleri,901607,False
Rhyncholestes raphanurus,Paucituberculata,Caenolestidae,21.94,,,,,,,2.0,-41.9,-73.06,Rhyncholestes raphanurus,44551,False
Rhynchomeles prattorum,Peramelemorphia,Peramelidae,,,,,,,,,-3.13,129.46,Rhynchomeles prattorum,1085791,False
Rhynchomys isarogensis,Rodentia,Muridae,122.29,,,,,332.33,,3.0,13.65,123.38,Rhynchomys isarogensis,359219,False
Rhynchomys soricoides,Rodentia,Muridae,,,,,,,,,16.85,120.86,Rhynchomys soricoides,121872,False
Rhynchonycteris naso,Chiroptera,Emballonuridae,4.14,,0.99,,,,70.86,3.0,-1.53,-65.84,Rhynchonycteris naso,75166,False
Romerolagus diazi,Lagomorpha,Leporidae,465.58,39.26,2.1,,,30.67,28.71,1.0,19.06,-99.12,Romerolagus diazi,923736,False
Rousettus aegyptiacus,Chiroptera,Pteropodidae,134.0,123.39,1.07,,274.8,,105.0,1.0,1.26,24.65,Rousettus aegyptiacus,813034,False
Rousettus amplexicaudatus,Chiroptera,Pteropodidae,74.37,101.38,0.99,,,,86.16,1.0,4.31,128.79,Rousettus amplexicaudatus,164530,False
Sorex minutus,Soricomorpha,Soricidae,4.32,23.81,6.04,0.001079653,24.0,849.99,23.5,2.0,49.56,52.25,Sorex minutus,112413,False
Sorex mirabilis,Soricomorpha,Soricidae,15.0,,,,,,,3.0,43.88,132.21,Sorex mirabilis,659258,False
Sorex monticolus,Soricomorpha,Soricidae,6.92,,5.74,0.001737053,16.0,1200.0,20.88,2.0,46.43,-134.27,Sorex monticolus,180334,False
Sorex nanus,Soricomorpha,Soricidae,2.57,,6.49,,,,,,40.72,-107.42,Sorex nanus,409322,False
Sorex neomexicanus,Soricomorpha,Soricidae,,,,,,,,,,,Sorex neomexicanus,742780,False
Sorex oreopolus,Soricomorpha,Soricidae,7.0,,,,,393.12,,,18.98,-101.83,Sorex oreopolus,3614406,False
Sorex orizabae,Soricomorpha,Soricidae,,,,,,,,,,,Sorex orizabae,3614432,False
Sorex ornatus,Soricomorpha,Soricidae,5.31,,4.99,,17.0,11100.0,,,31.46,-116.48,Sorex ornatus,219085,False
Sorex pacificus,Soricomorpha,Soricidae,10.56,,4.19,,,,,2.0,43.3,-122.47,Sorex pacificus,180320,False
Phyllotis darwini,Rodentia,Cricetidae,50.82,33.21,4.02,,,3622.81,,2.0,-30.74,-71.45,Phyllotis darwini,91085,False
Phyllotis definitus,Rodentia,Cricetidae,89.0,,,,,,,,-12.07,-73.66,Phyllotis definitus,3608349,False
Phyllotis haggardi,Rodentia,Cricetidae,42.5,,,,,,,,-1.73,-78.87,Phyllotis haggardi,3608346,False
Phyllotis limatus,Rodentia,Cricetidae,,,,,,,,,,,Phyllotis limatus,739492,False
Phyllotis magister,Rodentia,Cricetidae,68.49,,,,,,,2.0,-17.65,-71.52,Phyllotis magister,739490,False
Phyllotis osgoodi,Rodentia,Cricetidae,45.1,,,,,,,,-18.48,-69.53,Phyllotis osgoodi,739499,False
Phyllotis osilae,Rodentia,Cricetidae,43.64,,4.25,,,384.42,,2.0,-19.54,-68.01,Phyllotis osilae,739497,False
Phyllotis wolffsohni,Rodentia,Cricetidae,42.5,,,,,,,,-19.07,-65.67,Phyllotis wolffsohni,113707,False
Phyllotis xanthopygus,Rodentia,Cricetidae,52.43,,,,,,,2.0,-30.72,-70.2,Phyllotis xanthopygus,113710,False
Physeter catodon,Cetacea,Physeteridae,14540959.82,472.99,0.99,,924.0,,395.41,2.0,,,Physeter catodon,276851,False
Piliocolobus badius,Primates,Cercopithecidae,8430.4,151.41,1.0,0.42,,130.65,783.93,2.0,9.69,-8.07,Piliocolobus badius,640572,False
Piliocolobus foai,Primates,Cercopithecidae,,,,,,,,,-1.59,22.35,Piliocolobus foai,1013930,False
Piliocolobus gordonorum,Primates,Cercopithecidae,,,,,,,,,-8.49,36.15,Piliocolobus gordonorum,1013949,False
Pseudopotto martini,Primates,Lorisidae,,,,,,,,,,,Pseudopotto martini,4941439,False
Pseudorca crassidens,Cetacea,Delphinidae,1360000.0,462.0,0.97,,264.0,,547.5,3.0,,,Pseudorca crassidens,209644,False
Pseudoryx nghetinhensis,Artiodactyla,Bovidae,97842.2,,,,,,,1.0,17.64,105.89,Pseudoryx nghetinhensis,1054629,False
Pseudoryzomys simplex,Rodentia,Cricetidae,45.2,,,,,1505.81,,,-18.39,-54.02,Pseudoryzomys simplex,38050,False
Pteropus howensis,Chiroptera,Pteropodidae,232.92,,0.98,,,,,,-5.48,159.7,Pteropus howensis,3613475,False
Pteropus hypomelanus,Chiroptera,Pteropodidae,435.61,,1.0,,,,94.86,1.0,3.49,116.39,Pteropus hypomelanus,813040,False
Pteropus insularis,Chiroptera,Pteropodidae,,,,,,,,1.0,6.48,152.66,Pteropus insularis,3613489,False
Piliocolobus kirkii,Primates,Cercopithecidae,7158.29,165.0,1.01,0.42,,,,1.0,-6.09,39.38,Piliocolobus kirkii,1013935,False
Piliocolobus pennantii,Primates,Cercopithecidae,10896.0,,1.02,,,,,,0.95,11.18,Piliocolobus pennantii,437216,False
Piliocolobus preussi,Primates,Cercopithecidae,8865.71,195.0,1.01,0.39,,,,1.0,5.17,9.21,Piliocolobus preussi,437219,False
Piliocolobus rufomitratus,Primates,Cercopithecidae,8030.75,195.0,1.01,0.05,,186.44,,1.0,-2.58,39.75,Piliocolobus rufomitratus,1013945,False
Piliocolobus tephrosceles,Primates,Cercopithecidae,,,,3.93,,300.0,,,-2.87,30.46,Piliocolobus tephrosceles,1013938,False
Piliocolobus tholloni,Primates,Cercopithecidae,,,,,,,,,-1.09,20.84,Piliocolobus tholloni,1013942,False
Pipanacoctomys aureus,Rodentia,Octodontidae,,,,,,,,,,,Pipanacoctomys aureus,260940,False
Pipistrellus abramus,Chiroptera,Vespertilionidae,5.87,,2.1,,,,,,29.91,122.2,Pipistrellus abramus,570453,False
Pipistrellus adamsi,Chiroptera,Vespertilionidae,,,,,,,,,-13.8,136.67,Pipistrellus adamsi,3613865,False
Pipistrellus aero,Chiroptera,Vespertilionidae,,,,,,,,,0.47,37.1,Pipistrellus aero,3613867,False
Pipistrellus angulatus,Chiroptera,Vespertilionidae,3.35,,,,,,,,-6.14,150.73,Pipistrellus angulatus,3613860,False
Pipistrellus ceylonicus,Chiroptera,Vespertilionidae,8.05,52.32,1.98,,,,27.5,3.0,18.76,93.22,Pipistrellus ceylonicus,743848,False
Pipistrellus collinus,Chiroptera,Vespertilionidae,6.75,,,,,,,,-7.14,144.21,Pipistrellus collinus,3613862,False
Pipistrellus coromandra,Chiroptera,Vespertilionidae,4.59,,1.4,,,,,,21.43,83.26,Pipistrellus coromandra,687569,False
Pipistrellus deserti,Chiroptera,Vespertilionidae,,,,,,,,,12.62,18.29,Pipistrellus deserti,169165,False
Pipistrellus endoi,Chiroptera,Vespertilionidae,,,,,,,,,37.48,136.46,Pipistrellus endoi,3613870,False
Pipistrellus hesperidus,Chiroptera,Vespertilionidae,,,,,,,,,2.52,14.19,Pipistrellus hesperidus,1053242,False
Pipistrellus hesperus,Chiroptera,Vespertilionidae,3.56,,1.86,,72.99,,,,31.41,-110.28,Parastrellus hesperus,1034632,True
Pipistrellus inexspectatus,Chiroptera,Vespertilionidae,,,,,,,,,4.39,19.4,Pipistrellus inexspectatus,3613839,False
Pipistrellus javanicus,Chiroptera,Vespertilionidae,4.92,71.48,2.29,,,,,,12.72,97.81,Pipistrellus javanicus,826863,False
Pipistrellus kuhlii,Chiroptera,Vespertilionidae,6.07,,1.21,,,,60.41,,30.29,32.14,Pipistrellus kuhlii,867394,False
Pipistrellus maderensis,Chiroptera,Vespertilionidae,,,,,,,,,30.25,-17.14,Pipistrellus maderensis,924729,False
Pipistrellus minahassae,Chiroptera,Vespertilionidae,,,,,,,,,1.31,124.8,Pipistrellus minahassae,3613874,False
Pipistrellus nanulus,Chiroptera,Vespertilionidae,2.51,,1.96,,,,,,1.13,18.97,Pipistrellus nanulus,685877,False
Pipistrellus nathusii,Chiroptera,Vespertilionidae,7.44,,1.73,,96.0,,,,47.8,19.94,Pipistrellus nathusii,867399,False
Pipistrellus papuanus,Chiroptera,Vespertilionidae,,,,,,,,,-5.62,142.93,Pipistrellus papuanus,3613877,False
Pipistrellus paterculus,Chiroptera,Vespertilionidae,,,,,,,,,23.71,91.72,Pipistrellus paterculus,703412,False
Pipistrellus permixtus,Chiroptera,Vespertilionidae,,,,,,,,,-6.87,39.2,Pipistrellus permixtus,3613827,False
Pipistrellus pipistrellus,Chiroptera,Vespertilionidae,5.3,44.0,1.37,,200.4,,33.44,3.0,43.44,43.74,Pipistrellus pipistrellus,867410,False
Pipistrellus pygmaeus,Chiroptera,Vespertilionidae,,,,,,,,,48.75,18.85,Pipistrellus pygmaeus,366823,False
Pipistrellus rueppellii,Chiroptera,Vespertilionidae,7.07,,1.96,,,,,3.0,6.55,16.93,Pipistrellus rueppellii,169161,False
Pipistrellus rusticus,Chiroptera,Vespertilionidae,4.57,80.4,1.96,,,,,3.0,-6.36,15.61,Pipistrellus rusticus,790967,False
Pipistrellus stenopterus,Chiroptera,Vespertilionidae,15.67,,0.98,,,,,3.0,1.47,110.63,Pipistrellus stenopterus,981288,False
Pipistrellus sturdeei,Chiroptera,Vespertilionidae,,,,,,,,,,,Pipistrellus sturdeei,3613843,False
Pipistrellus subflavus,Chiroptera,Vespertilionidae,5.74,45.71,1.96,,180.0,,31.21,3.0,31.01,-81.4,Perimyotis subflavus,977400,True
Pipistrellus tenuis,Chiroptera,Vespertilionidae,3.48,61.27,1.92,,,,44.8,3.0,12.84,98.82,Pipistrellus tenuis,687548,False
Pipistrellus wattsi,Chiroptera,Vespertilionidae,,,,,,,,,-9.1,147.82,Pipistrellus wattsi,3613849,False
Pipistrellus westralis,Chiroptera,Vespertilionidae,,,,,,,,,-15.31,131.02,Pipistrellus westralis,3613859,False
Pithecheir melanurus,Rodentia,Muridae,,,,,,,,,-6.8,107.4,Pithecheir melanurus,3610407,False
Pithecheir parvus,Rodentia,Muridae,,,2.0,,,,,,3.42,102.07,Pithecheir parvus,3610405,False
Pithecheirops otion,Rodentia,Muridae,,,,,,,,,,,Pithecheirops otion,3611041,False
Pithecia aequatorialis,Primates,Pitheciidae,2375.91,,,,178.8,,,1.0,-2.46,-75.57,Pithecia aequatorialis,3607572,False
Pithecia albicans,Primates,Pitheciidae,2800.07,,,,,9.39,,,-4.18,-64.3,Pithecia albicans,3607571,False
Pithecia irrorata,Primates,Pitheciidae,2308.17,,,,,11.3,,,-8.15,-63.36,Pithecia irrorata,1058640,False
Pithecia monachus,Primates,Pitheciidae,2109.55,,1.02,,295.2,8.0,,2.0,-6.29,-66.56,Pithecia monachus,340054,False
Pithecia pithecia,Primates,Pitheciidae,1667.19,161.13,1.01,0.04,248.4,4.19,113.15,1.0,2.92,-55.79,Pithecia pithecia,235545,False
Plagiodontia aedium,Rodentia,Capromyidae,1268.86,136.5,1.14,,118.8,,,1.0,18.77,-71.39,Plagiodontia aedium,919961,False
Plagiodontia araeum,Rodentia,Capromyidae,,,,,,,,,,,Plagiodontia araeum,3609707,False
Plagiodontia ipnaeum,Rodentia,Capromyidae,,,,,,,,,,,Plagiodontia ipnaeum,3609705,False
Planigale gilesi,Dasyuromorphia,Dasyuridae,9.34,15.74,5.23,,60.0,739.99,83.52,,-29.48,141.82,Planigale gilesi,1029231,False
Planigale ingrami,Dasyuromorphia,Dasyuridae,6.27,,7.48,,15.6,,89.74,3.0,-18.58,133.58,Planigale ingrami,423955,False
Planigale maculata,Dasyuromorphia,Dasyuridae,12.0,19.74,7.64,,48.0,,70.72,,-21.9,134.12,Planigale maculata,648432,False
Planigale novaeguineae,Dasyuromorphia,Dasyuridae,14.9,,,,,,,,-9.16,144.45,Planigale novaeguineae,423957,False
Planigale tenuirostris,Dasyuromorphia,Dasyuridae,6.27,19.0,5.99,,36.0,,94.46,,-28.53,141.78,Planigale tenuirostris,904309,False
Platacanthomys lasiurus,Rodentia,Platacanthomyidae,,,,,20.4,,,,11.22,76.09,Platacanthomys lasiurus,3611037,False
Platalina genovensium,Chiroptera,Phyllostomidae,,,0.98,,,,,1.0,-10.61,-76.34,Platalina genovensium,823391,False
Platanista gangetica,Cetacea,Platanistidae,93481.96,304.16,0.97,,336.0,,339.47,3.0,,,Platanista gangetica,5256,False
Platanista minor,Cetacea,Platanistidae,75990.24,304.16,1.0,,336.0,,339.47,3.0,,,Platanista minor,477494,False
Platymops setiger,Chiroptera,Molossidae,,,1.0,,,,,,2.53,42.78,Platymops setiger,3613997,False
Platyrrhinus aurarius,Chiroptera,Phyllostomidae,35.12,,,,,,,,2.81,-67.93,Platyrrhinus aurarius,132184,False
Platyrrhinus brachycephalus,Chiroptera,Phyllostomidae,14.26,,0.98,,,,,,-3.27,-65.28,Platyrrhinus brachycephalus,295643,False
Platyrrhinus chocoensis,Chiroptera,Phyllostomidae,,,,,,,,,3.92,-76.76,Platyrrhinus chocoensis,4943047,False
Platyrrhinus dorsalis,Chiroptera,Phyllostomidae,26.0,,0.99,,,,,,-7.6,-67.41,Platyrrhinus dorsalis,981722,False
Platyrrhinus helleri,Chiroptera,Phyllostomidae,13.44,,0.99,,,,,1.0,-2.32,-71.56,Platyrrhinus helleri,927279,False
Platyrrhinus infuscus,Chiroptera,Phyllostomidae,50.76,,0.98,,,,,,-6.21,-71.25,Platyrrhinus infuscus,348435,False
Platyrrhinus lineatus,Chiroptera,Phyllostomidae,24.34,107.97,0.99,,122.4,,,2.0,-10.71,-57.27,Platyrrhinus lineatus,780066,False
Platyrrhinus recifinus,Chiroptera,Phyllostomidae,,,,,,,,,-18.57,-43.71,Platyrrhinus recifinus,348438,False
Platyrrhinus umbratus,Chiroptera,Phyllostomidae,25.17,,,,,,,,5.94,-70.51,Platyrrhinus umbratus,4943048,False
Platyrrhinus vittatus,Chiroptera,Phyllostomidae,37.01,,0.98,,,,,1.0,-3.62,-73.54,Platyrrhinus vittatus,348440,False
Plecotus alpinus,Chiroptera,Vespertilionidae,,,,,,,,,,,Plecotus macrobullaris,50014,True
Plecotus auritus,Chiroptera,Vespertilionidae,8.19,65.12,1.22,,360.0,,42.09,3.0,44.65,67.67,Plecotus auritus,350140,False
Plecotus austriacus,Chiroptera,Vespertilionidae,6.75,,,,180.0,,,,32.72,50.89,Plecotus austriacus,1080291,False
Plecotus balensis,Chiroptera,Vespertilionidae,,,,,,,,,7.24,39.58,Plecotus balensis,17470,False
Plecotus kolombatovici,Chiroptera,Vespertilionidae,,,,,,,,,,,Plecotus kolombatovici,580539,False
Plecotus sardus,Chiroptera,Vespertilionidae,,,,,,,,,,,Plecotus sardus,379175,False
Plecotus taivanus,Chiroptera,Vespertilionidae,,,,,,,,,23.6,121.02,Plecotus taivanus,3613821,False
Plecotus teneriffae,Chiroptera,Vespertilionidae,,,,,,,,,28.24,-17.14,Plecotus teneriffae,264117,False
Plerotes anchietae,Chiroptera,Pteropodidae,,,,,,,,,-10.56,23.27,Plerotes anchietae,3613544,False
Podogymnura aureospinula,Erinaceomorpha,Erinaceidae,,,,,,,,,10.14,125.59,Podogymnura aureospinula,3614707,False
Podogymnura truei,Erinaceomorpha,Erinaceidae,,,,,,,,2.0,7.69,124.24,Podogymnura truei,62563,False
Podomys floridanus,Rodentia,Cricetidae,30.74,,2.6,0.002788764,88.0,,24.81,2.0,27.63,-81.6,Podomys floridanus,489146,False
Podoxymys roraimae,Rodentia,Cricetidae,33.79,,,,,,,,5.16,-60.68,Podoxymys roraimae,3610233,False
Poecilogale albinucha,Carnivora,Mustelidae,308.16,32.55,2.23,,62.4,,76.56,3.0,-16.13,24.76,Poecilogale albinucha,415263,False
Poelagus marjorita,Lagomorpha,Leporidae,2509.7,34.99,1.19,,,,,,-1.44,24.89,Poelagus marjorita,963429,False
Pogonomelomys bruijni,Rodentia,Muridae,,,,,,,,,-3.63,136.72,Pogonomelomys bruijni,3608689,False
Pogonomelomys mayeri,Rodentia,Muridae,111.97,,2.15,,,,,,-5.0,141.78,Pogonomelomys mayeri,640005,False
Pogonomys championi,Rodentia,Muridae,50.45,,2.15,,,,,1.0,-4.75,141.37,Pogonomys championi,3608685,False
Pogonomys fergussoniensis,Rodentia,Muridae,,,,,,,,,-9.69,150.69,Pogonomys fergussoniensis,3608683,False
Pogonomys loriae,Rodentia,Muridae,95.39,,2.68,,,,,1.0,-5.74,141.94,Pogonomys loriae,466608,False
Pogonomys macrourus,Rodentia,Muridae,46.98,,2.81,,29.0,,,1.0,-5.5,142.68,Pogonomys macrourus,449865,False
Pogonomys sylvestris,Rodentia,Muridae,41.67,,2.64,,,,,1.0,-5.63,141.74,Pogonomys sylvestris,242780,False
Poiana leightoni,Carnivora,Viverridae,,,,,,,,,6.45,-8.1,Poiana leightoni,3613142,False
Poiana richardsonii,Carnivora,Viverridae,570.08,,2.23,,64.0,1.0,,2.0,-0.38,19.4,Poiana richardsonii,373466,False
Pongo abelii,Primates,Hominidae,39696.12,,,,,,,,3.8,97.62,Pongo abelii,770295,False
Pongo pygmaeus,Primates,Hominidae,53408.29,259.42,1.07,3.88,720.0,2.0,1088.8,2.0,1.33,114.15,Pongo pygmaeus,770302,False
Pontoporia blainvillei,Cetacea,Iniidae,40499.99,326.89,1.0,,192.0,,316.09,3.0,,,Pontoporia blainvillei,140448,False
Potamochoerus larvatus,Artiodactyla,Suidae,69063.79,121.73,2.73,4.47,,0.4,,2.0,-10.37,29.57,Potamochoerus larvatus,995183,False
Potamochoerus porcus,Artiodactyla,Suidae,70000.31,120.0,3.0,,240.0,0.23,,2.0,2.71,9.64,Potamochoerus porcus,995192,False
Potamogale velox,Afrosoricida,Tenrecidae,670.99,,2.5,,,,,3.0,-2.03,21.41,Potamogale velox,922751,False
Potorous gilbertii,Diprotodontia,Potoroidae,1569.46,,1.0,,,,208.67,1.0,-34.6,118.51,Potorous gilbertii,346313,False
Potorous longipes,Diprotodontia,Potoroidae,1835.06,38.0,1.0,0.29,120.0,40.0,161.0,1.0,-37.09,147.69,Potorous longipes,242989,False
Potorous platyops,Diprotodontia,Potoroidae,499.99,,,,,,,,,,Potorous platyops,346316,False
Potorous tridactylus,Diprotodontia,Potoroidae,1054.67,33.55,1.0,,144.0,21.44,167.33,,-34.86,147.15,Potorous tridactylus,42496,False
Potos flavus,Carnivora,Procyonidae,2441.81,116.8,1.11,0.22,348.0,34.21,109.13,2.0,0.3,-68.67,Potos flavus,532115,False
Praomys daltoni,Rodentia,Muridae,34.99,27.64,5.44,,,1500.0,,,11.32,5.18,Praomys daltoni,271591,False
Praomys degraaffi,Rodentia,Muridae,,,,,,,,,,,Praomys degraaffi,1004216,False
Praomys delectorum,Rodentia,Muridae,35.99,,3.88,,,,,,-7.54,36.15,Praomys delectorum,23041,False
Praomys derooi,Rodentia,Muridae,32.0,,3.75,,,,,,8.09,1.37,Praomys derooi,540989,False
Praomys hartwigi,Rodentia,Muridae,38.86,,3.49,,,,,2.0,5.99,10.41,Praomys hartwigi,1004217,False
Praomys jacksoni,Rodentia,Muridae,39.01,35.49,3.67,,,,30.0,,-1.9,22.93,Praomys jacksoni,717793,False
Praomys lukolelae,Rodentia,Muridae,42.2,,,,,,,,-0.94,17.88,Praomys lukolelae,298251,False
Praomys minor,Rodentia,Muridae,,,,,,,,,-1.32,17.77,Praomys minor,298253,False
Praomys misonnei,Rodentia,Muridae,,,,,,,,,-0.47,27.1,Praomys misonnei,717792,False
Praomys morio,Rodentia,Muridae,41.73,35.99,3.28,,,,30.77,2.0,4.46,9.46,Praomys morio,691123,False
Praomys mutoni,Rodentia,Muridae,,,,,,,,,0.58,25.66,Praomys mutoni,829503,False
Praomys obscurus,Rodentia,Muridae,,,,,,,,,,,Praomys obscurus,691119,False
Praomys petteri,Rodentia,Muridae,,,,,,,,,,,Praomys petteri,717795,False
Praomys rostratus,Rodentia,Muridae,,,,,,,,,6.38,-7.52,Praomys rostratus,756894,False
Praomys tullbergi,Rodentia,Muridae,37.1,23.9,3.36,0.001625591,62.4,1739.53,24.5,,1.98,0.55,Praomys tullbergi,717794,False
Praomys verschureni,Rodentia,Muridae,,,,,,,,,0.45,29.48,Praomys verschureni,308388,False
Presbytis chrysomelas,Primates,Cercopithecidae,,,,,,,,,3.59,113.24,Presbytis chrysomelas,471028,False
Presbytis comata,Primates,Cercopithecidae,6550.07,,1.01,0.13,,25.68,,1.0,-6.77,106.88,Presbytis comata,68893,False
Presbytis femoralis,Primates,Cercopithecidae,7026.91,,,0.07,,,,,5.37,101.46,Presbytis femoralis,68891,False
Presbytis frontata,Primates,Cercopithecidae,6096.6,,,,,,,,-0.23,116.02,Presbytis frontata,704371,False
Presbytis hosei,Primates,Cercopithecidae,6277.78,,,0.2,,4.42,,,3.67,116.5,Presbytis hosei,704364,False
Presbytis melalophos,Primates,Cercopithecidae,6439.12,,1.01,0.12,192.0,59.34,,1.0,-3.33,103.29,Presbytis melalophos,406006,False
Presbytis natunae,Primates,Cercopithecidae,,,,,,,,,3.94,108.18,Presbytis natunae,3607627,False
Presbytis potenziani,Primates,Cercopithecidae,6449.53,,1.02,0.12,,14.8,,,-2.13,99.52,Presbytis potenziani,704401,False
Presbytis rubicunda,Primates,Cercopithecidae,6348.53,,1.01,0.5,,19.27,,1.0,1.42,114.02,Presbytis rubicunda,512403,False
Presbytis siamensis,Primates,Cercopithecidae,5895.06,,,,,,,,1.8,102.01,Presbytis siamensis,3607626,False
Presbytis thomasi,Primates,Cercopithecidae,6689.99,,,0.09,,27.0,,,4.45,96.73,Presbytis thomasi,512437,False
Priodontes maximus,Cingulata,Dasypodidae,40641.89,124.24,1.5,3.19,180.0,0.35,34.8,3.0,-9.26,-61.24,Priodontes maximus,476113,False
Prionailurus bengalensis,Carnivora,Felidae,2780.97,70.18,2.5,1.87,180.0,,24.85,3.0,20.75,103.04,Prionailurus bengalensis,280108,False
Prionailurus iriomotensis,Carnivora,Felidae,,,,,,,,,24.33,123.8,Prionailurus iriomotensis,418475,False
Prionailurus planiceps,Carnivora,Felidae,3533.76,56.0,,,,,,2.0,1.06,107.09,Prionailurus planiceps,86166,False
Prionailurus rubiginosus,Carnivora,Felidae,1418.75,,2.23,,,,,3.0,14.64,78.1,Prionailurus rubiginosus,507541,False
Prionailurus viverrinus,Carnivora,Felidae,8826.46,71.43,2.0,,120.0,,135.96,3.0,10.29,95.38,Prionailurus viverrinus,862641,False
Prionodon linsang,Carnivora,Viverridae,684.83,,2.3,,128.4,,,2.0,3.95,107.22,Prionodon linsang,194349,False
Prionodon pardicolor,Carnivora,Viverridae,1142.68,,2.0,,,,,2.0,21.41,97.91,Prionodon pardicolor,373467,False
Prionomys batesi,Rodentia,Nesomyidae,12.5,,,,,,,,4.84,15.58,Prionomys batesi,3610761,False
Procapra gutturosa,Artiodactyla,Bovidae,28274.27,189.94,1.41,,84.0,,38.97,1.0,45.77,104.62,Procapra gutturosa,48576,False
Procapra picticaudata,Artiodactyla,Bovidae,23197.67,,1.0,,,,,,33.64,90.12,Procapra picticaudata,513795,False
Procapra przewalskii,Artiodactyla,Bovidae,27499.99,,,,,,,,37.06,101.06,Procapra przewalskii,48578,False
Procavia capensis,Hyracoidea,Procaviidae,2952.48,231.24,2.5,0.002638607,168.0,2734.51,90.99,1.0,0.08,20.08,Procavia capensis,561114,False
Procolobus verus,Primates,Cercopithecidae,3977.86,167.84,1.02,0.17,,18.6,,1.0,7.0,-2.33,Procolobus verus,24731,False
Procyon cancrivorus,Carnivora,Procyonidae,6931.72,69.35,2.62,,168.0,5.74,111.36,2.0,-11.16,-59.17,Procyon cancrivorus,914060,False
Procyon lotor,Carnivora,Procyonidae,6373.72,65.0,3.06,4.62,252.0,3.29,104.16,2.0,32.99,-94.43,Procyon lotor,348040,False
Proteles cristata,Carnivora,Hyaenidae,8139.39,90.62,2.64,1.51,300.0,0.81,125.73,3.0,-5.74,31.56,Proteles cristata,563161,False
Protochromys fellowsi,Rodentia,Muridae,78.99,,2.68,,,,20.0,1.0,-5.7,144.34,Protochromys fellowsi,3608811,False
Protoxerus aubinnii,Rodentia,Sciuridae,427.94,,,,,,,,6.02,-6.1,Protoxerus aubinnii,3609042,False
Protoxerus stangeri,Rodentia,Sciuridae,630.43,,1.47,,61.2,,,1.0,-0.1,12.8,Protoxerus stangeri,675198,False
Przewalskium albirostris,Artiodactyla,Cervidae,161681.9,263.41,1.0,,216.0,,,,33.72,97.83,Przewalskium albirostris,345531,False
Psammomys obesus,Rodentia,Muridae,102.15,24.8,3.49,,,69.97,24.18,,26.8,21.48,Psammomys obesus,674914,False
Psammomys vexillaris,Rodentia,Muridae,,,,,,,,,32.02,10.12,Psammomys vexillaris,270510,False
Pseudantechinus bilarni,Dasyuromorphia,Dasyuridae,23.05,38.98,4.75,,36.0,,111.36,,-14.77,133.81,Pseudantechinus bilarni,1049821,False
Pseudantechinus macdonnellensis,Dasyuromorphia,Dasyuridae,36.88,44.72,5.88,,36.0,,97.72,,-22.83,124.56,Pseudantechinus macdonnellensis,648438,False
Pseudantechinus mimulus,Dasyuromorphia,Dasyuridae,,,,,,,,,-15.64,136.75,Pseudantechinus mimulus,1049826,False
Pseudantechinus ningbing,Dasyuromorphia,Dasyuridae,20.74,46.71,4.0,,24.0,,111.68,,-15.69,126.61,Pseudantechinus ningbing,904302,False
Pseudantechinus roryi,Dasyuromorphia,Dasyuridae,,,,,,,,,-32.42,117.45,Pseudantechinus roryi,744322,False
Pseudantechinus woolleyae,Dasyuromorphia,Dasyuridae,43.23,,5.99,,48.0,,,,-25.1,118.98,Pseudantechinus woolleyae,904305,False
Pseudocheirus peregrinus,Diprotodontia,Pseudocheiridae,895.22,,1.89,0.00931273,96.0,654.82,197.14,1.0,-27.16,134.3,Pseudocheirus peregrinus,836772,False
Pseudochirops albertisii,Diprotodontia,Pseudocheiridae,784.85,,1.02,,,,,1.0,-2.31,136.8,Pseudochirops albertisii,1015381,False
Pseudochirops archeri,Diprotodontia,Pseudocheiridae,1145.92,,1.03,,,150.0,,1.0,-17.57,145.46,Pseudochirops archeri,327621,False
Pseudochirops corinnae,Diprotodontia,Pseudocheiridae,1123.0,,1.02,,,,,1.0,-6.72,143.02,Pseudochirops corinnae,786376,False
Pseudochirops coronatus,Diprotodontia,Pseudocheiridae,1395.85,,,,,,,1.0,-1.22,133.89,Pseudochirops coronatus,3607081,False
Pseudochirops cupreus,Diprotodontia,Pseudocheiridae,1764.08,,1.01,,,,,1.0,-6.71,142.46,Pseudochirops cupreus,6735,False
Pseudochirulus canescens,Diprotodontia,Pseudocheiridae,300.0,,2.57,,,,,1.0,-5.53,140.17,Pseudochirulus canescens,489412,False
Pseudochirulus caroli,Diprotodontia,Pseudocheiridae,456.02,,,,,,,1.0,-4.1,137.23,Pseudochirulus caroli,489414,False
Pseudochirulus cinereus,Diprotodontia,Pseudocheiridae,977.48,,2.0,,,146.0,,1.0,-16.12,144.74,Pseudochirulus cinereus,3607080,False
Pseudochirulus forbesi,Diprotodontia,Pseudocheiridae,639.16,,1.26,,,,,1.0,-8.67,147.93,Pseudochirulus forbesi,312920,False
Pseudochirulus herbertensis,Diprotodontia,Pseudocheiridae,1098.34,,1.89,,,899.99,159.09,,-17.41,145.38,Pseudochirulus herbertensis,617395,False
Pseudochirulus larvatus,Diprotodontia,Pseudocheiridae,,,,,,,,,-5.16,144.26,Pseudochirulus larvatus,3607079,False
Pseudochirulus mayeri,Diprotodontia,Pseudocheiridae,151.75,,1.26,,,,,1.0,-4.93,139.99,Pseudochirulus mayeri,617398,False
Pseudochirulus schlegeli,Diprotodontia,Pseudocheiridae,255.44,,,,,,,1.0,-1.18,134.06,Pseudochirulus schlegeli,3607078,False
Pseudohydromys ellermani,Rodentia,Muridae,21.4,,,,,,,2.0,-5.95,142.55,Pseudohydromys ellermani,449861,False
Pseudohydromys fuscus,Rodentia,Muridae,18.74,,,,,,,2.0,-6.06,143.77,Pseudohydromys fuscus,3608676,False
Pseudohydromys murinus,Rodentia,Muridae,16.79,,0.97,,,,,2.0,-6.63,145.82,Pseudohydromys murinus,3608677,False
Pseudohydromys occidentalis,Rodentia,Muridae,21.9,,,,,,,2.0,-4.56,139.79,Pseudohydromys occidentalis,3608675,False
Pseudois nayaur,Artiodactyla,Bovidae,52334.57,159.74,1.22,,288.0,2.49,,1.0,34.44,93.3,Pseudois nayaur,513791,False
Pseudois schaeferi,Artiodactyla,Bovidae,29249.99,,,,,,,,30.55,98.54,Pseudois schaeferi,317128,False
Pseudomys albocinereus,Rodentia,Muridae,30.5,29.75,3.89,,,,29.58,,-29.94,118.29,Pseudomys albocinereus,449863,False
Pseudomys apodemoides,Rodentia,Muridae,23.78,44.49,4.9,,,,34.99,,-35.81,140.67,Pseudomys apodemoides,449857,False
Pseudomys australis,Rodentia,Muridae,52.97,31.35,3.0,,67.2,,25.9,,-28.98,134.09,Pseudomys australis,817778,False
Pseudomys bolami,Rodentia,Muridae,15.5,,,,,,,,-30.9,131.2,Pseudomys bolami,449859,False
Pseudomys calabyi,Rodentia,Muridae,,,,,,,,,,,Pseudomys calabyi,449853,False
Pseudomys chapmani,Rodentia,Muridae,10.95,,,0.05,,,,,-23.89,118.45,Pseudomys chapmani,527517,False
Pseudomys delicatulus,Rodentia,Muridae,8.56,29.89,3.19,,,,27.0,1.0,-17.77,134.39,Pseudomys delicatulus,449855,False
Pseudomys desertor,Rodentia,Muridae,37.09,28.96,3.0,,,,24.49,,-24.19,124.81,Pseudomys desertor,936224,False
Pseudomys fieldi,Rodentia,Muridae,42.35,29.49,3.49,,,,28.9,1.0,-23.71,113.64,Pseudomys fieldi,449849,False
Pseudomys fumeus,Rodentia,Muridae,68.75,,,,,,,,-36.72,147.99,Pseudomys fumeus,449851,False
Pseudomys glaucus,Rodentia,Muridae,,,,,,,,,-12.5,138.41,Pseudomys glaucus,3608731,False
Pseudomys gouldii,Rodentia,Muridae,49.99,,,,,,,,,,Pseudomys gouldii,3608732,False
Pseudomys gracilicaudatus,Rodentia,Muridae,79.53,27.0,2.91,,,,25.66,,-24.45,149.32,Pseudomys gracilicaudatus,976065,False
Pseudomys hermannsburgensis,Rodentia,Muridae,13.38,31.5,2.0,,,,30.0,,-24.73,129.59,Pseudomys hermannsburgensis,936226,False
Pseudomys higginsi,Rodentia,Muridae,63.16,32.16,2.62,0.002011653,,520.0,27.0,2.0,-42.19,146.48,Pseudomys higginsi,976063,False
Pseudomys johnsoni,Rodentia,Muridae,12.0,,,,,,,,-19.52,136.0,Pseudomys johnsoni,976069,False
Pseudomys laborifex,Rodentia,Muridae,12.0,,,,,,,,-16.35,126.9,Pseudomys laborifex,976067,False
Pseudomys nanus,Rodentia,Muridae,70.38,23.99,3.0,,,,25.0,,-21.2,127.2,Pseudomys nanus,936229,False
Pseudomys novaehollandiae,Rodentia,Muridae,16.8,31.48,4.43,,,,25.2,,-35.32,148.68,Pseudomys novaehollandiae,976057,False
Pseudomys occidentalis,Rodentia,Muridae,34.0,,3.0,,,,,1.0,-33.27,119.8,Pseudomys occidentalis,976055,False
Pseudomys oralis,Rodentia,Muridae,95.0,,,,,,,,-31.35,151.67,Pseudomys oralis,976061,False
Pseudomys patrius,Rodentia,Muridae,,,,,,,,,-19.73,147.48,Pseudomys patrius,976059,False
Pseudomys pilligaensis,Rodentia,Muridae,10.72,,,,,,,,-30.36,150.64,Pseudomys pilligaensis,976053,False
Pseudomys shortridgei,Rodentia,Muridae,72.06,,3.0,,,,,,-35.42,130.47,Pseudomys shortridgei,976051,False
Pteropus intermedius,Chiroptera,Pteropodidae,,,,,,,,,15.48,99.51,Pteropus intermedius,3613501,False
Pteropus keyensis,Chiroptera,Pteropodidae,,,,,,,,,-7.72,131.37,Pteropus keyensis,3613486,False
Pteropus leucopterus,Chiroptera,Pteropodidae,343.81,,,,,,,,14.23,122.72,Desmalopex leucopterus,740197,True
Pteropus livingstonii,Chiroptera,Pteropodidae,734.27,152.08,1.0,,,,151.22,,-12.22,44.07,Pteropus livingstonii,1034139,False
Pteropus lombocensis,Chiroptera,Pteropodidae,256.15,,,,,,,,-9.22,121.57,Pteropus lombocensis,3613497,False
Pteropus loochoensis,Chiroptera,Pteropodidae,,,,,,,,,,,Pteropus loochoensis,3613495,False
Pteropus lylei,Chiroptera,Pteropodidae,319.75,,,,,,,1.0,10.82,103.67,Pteropus lylei,630309,False
Pteropus macrotis,Chiroptera,Pteropodidae,365.99,,1.0,,,,350.78,,-5.79,140.75,Pteropus macrotis,839849,False
Pteropus mahaganus,Chiroptera,Pteropodidae,297.28,,,,,,,,-6.84,157.25,Pteropus mahaganus,3613496,False
Pteropus mariannus,Chiroptera,Pteropodidae,458.58,,,,,,,1.0,14.79,142.75,Pteropus mariannus,340692,False
Pteropus melanopogon,Chiroptera,Pteropodidae,874.94,,,,,,,,-5.4,129.4,Pteropus melanopogon,3613477,False
Pteropus melanotus,Chiroptera,Pteropodidae,,156.43,1.0,,,,,,1.37,98.94,Pteropus melanotus,3613493,False
Pteropus molossinus,Chiroptera,Pteropodidae,,,,,,,,1.0,6.89,158.06,Pteropus molossinus,340694,False
Pteropus neohibernicus,Chiroptera,Pteropodidae,1017.37,,1.0,,,,,,-5.33,140.97,Pteropus neohibernicus,673797,False
Pteropus niger,Chiroptera,Pteropodidae,474.43,,1.0,,,,,,-20.25,57.55,Pteropus niger,673798,False
Pteropus nitendiensis,Chiroptera,Pteropodidae,275.56,,,,,,,,-10.77,165.89,Pteropus nitendiensis,3613483,False
Pteropus ocularis,Chiroptera,Pteropodidae,228.76,,,,,,,,-3.32,128.43,Pteropus ocularis,673795,False
Pteropus ornatus,Chiroptera,Pteropodidae,336.25,187.72,0.98,,,,,,-21.24,166.05,Pteropus ornatus,673796,False
Pteropus pelewensis,Chiroptera,Pteropodidae,,,,,,,,,5.34,132.22,Pteropus pelewensis,3613502,False
Pteropus personatus,Chiroptera,Pteropodidae,130.84,,,,,,,,0.45,128.09,Pteropus personatus,673804,False
Pteropus pilosus,Chiroptera,Pteropodidae,,,,,,,,,,,Pteropus pilosus,3613482,False
Pteropus pohlei,Chiroptera,Pteropodidae,352.75,,,,,,,,-1.26,135.85,Pteropus pohlei,744706,False
Pteropus poliocephalus,Chiroptera,Pteropodidae,702.78,187.72,1.0,,,,120.0,1.0,-29.16,147.48,Pteropus poliocephalus,813025,False
Pteropus pselaphon,Chiroptera,Pteropodidae,,,0.98,,,,,,25.66,141.75,Pteropus pselaphon,3613492,False
Pteropus pumilus,Chiroptera,Pteropodidae,184.05,,,,,,,1.0,11.83,123.16,Pteropus pumilus,251394,False
Pteropus rayneri,Chiroptera,Pteropodidae,661.28,,0.99,,,,181.36,,-7.5,157.99,Pteropus rayneri,156179,False
Pteropus rennelli,Chiroptera,Pteropodidae,,,,,,,,,-11.65,160.26,Pteropus rennelli,3613488,False
Pteropus rodricensis,Chiroptera,Pteropodidae,256.17,154.24,1.0,,360.0,,149.74,1.0,-19.71,63.41,Pteropus rodricensis,610858,False
Pteropus rufus,Chiroptera,Pteropodidae,,,,,,,,,-18.77,46.85,Pteropus rufus,423030,False
Pteropus samoensis,Chiroptera,Pteropodidae,309.99,,,,,,143.2,1.0,-16.06,0.0,Pteropus samoensis,99588,False
Pteropus scapulatus,Chiroptera,Pteropodidae,380.35,,1.0,,,,133.76,1.0,-23.14,133.39,Pteropus scapulatus,395328,False
Pteropus seychellensis,Chiroptera,Pteropodidae,492.2,156.43,1.0,,,,,,-7.01,47.56,Pteropus seychellensis,1034143,False
Pteropus speciosus,Chiroptera,Pteropodidae,,,,,,,,,2.11,120.5,Pteropus speciosus,251395,False
Pteropus subniger,Chiroptera,Pteropodidae,,,,,,,,,,,Pteropus subniger,3613498,False
Pteropus temminckii,Chiroptera,Pteropodidae,,,,,,,,,-3.32,128.43,Pteropus temminckii,813043,False
Pteropus tokudae,Chiroptera,Pteropodidae,153.7,,1.0,,,,,,,,Pteropus tokudae,3613479,False
Pteropus tonganus,Chiroptera,Pteropodidae,561.51,167.29,1.0,,,,143.2,1.0,-12.87,0.0,Pteropus tonganus,610860,False
Pteropus tuberculatus,Chiroptera,Pteropodidae,,,,,,,,,-11.65,166.87,Pteropus tuberculatus,3613478,False
Pteropus ualanus,Chiroptera,Pteropodidae,,,,,,,,,5.31,162.97,Pteropus ualanus,3613490,False
Pteropus vampyrus,Chiroptera,Pteropodidae,1027.54,,0.99,,,,104.69,1.0,4.01,111.24,Pteropus vampyrus,448935,False
Pteropus vetulus,Chiroptera,Pteropodidae,151.54,,,,,,,,-21.24,165.5,Pteropus vetulus,99587,False
Pteropus voeltzkowi,Chiroptera,Pteropodidae,542.4,152.08,1.0,,,,143.2,,-5.15,39.75,Pteropus voeltzkowi,1034137,False
Pteropus woodfordi,Chiroptera,Pteropodidae,122.67,,,,,,,,-8.37,158.7,Pteropus woodfordi,99590,False
Pteropus yapensis,Chiroptera,Pteropodidae,,,,,,,,,9.53,138.12,Pteropus yapensis,3613494,False
Ptilocercus lowii,Scandentia,Ptilocercidae,42.5,,,,32.4,,,2.0,0.5,106.78,Ptilocercus lowii,81758,False
Pudu mephistophiles,Artiodactyla,Cervidae,9599.96,,1.0,,120.0,,,,-3.73,-76.41,Pudu mephistophiles,345506,False
Pudu puda,Artiodactyla,Cervidae,9642.62,210.0,1.22,0.17,150.0,,54.75,1.0,-43.69,-72.62,Pudu puda,853508,False
Puma concolor,Carnivora,Felidae,53954.05,92.3,2.76,129.89,240.0,0.02,48.46,3.0,3.28,-85.07,Puma concolor,42307,False
Puma yagouaroundi,Carnivora,Felidae,6875.0,75.01,2.5,52.35,127.83,0.58,,2.0,-3.2,-73.75,Puma yagouaroundi,86162,False
Punomys kofordi,Rodentia,Cricetidae,,,,,,,,,,,Punomys kofordi,3611165,False
Punomys lemminus,Rodentia,Cricetidae,84.8,,1.94,,,,,,-14.82,-70.21,Punomys lemminus,3611192,False
Pusa caspica,Carnivora,Phocidae,62326.2,334.58,1.0,,600.0,1.47,31.32,3.0,,,Pusa caspica,22064,False
Pusa hispida,Carnivora,Phocidae,70963.6,270.0,1.0,,552.0,0.95,45.23,2.0,,,Pusa hispida,175251,False
Rusa unicolor,Artiodactyla,Cervidae,177522.9,246.0,1.0,,317.04,4.89,,1.0,12.02,97.25,Rusa unicolor,844145,False
Rhizomys sumatrensis,Rodentia,Spalacidae,2500.0,21.99,4.0,,,,69.25,,12.29,103.12,Rhizomys sumatrensis,3608574,False
Rhizoplagiodontia lemkei,Rodentia,Capromyidae,,,,,,,,,,,Rhizoplagiodontia lemkei,3609725,False
Rhipidomys macconnelli,Rodentia,Cricetidae,41.59,,,,,,,,4.51,-63.27,Rhipidomys macconnelli,770862,False
Rhipidomys macrurus,Rodentia,Cricetidae,,,,,,,,,,,Rhipidomys macrurus,628035,False
Rhipidomys mastacalis,Rodentia,Cricetidae,100.0,,3.8,,,101.19,,2.0,,,Rhipidomys mastacalis,225515,False
Rhipidomys modicus,Rodentia,Cricetidae,,,,,,,,,,,Rhipidomys modicus,3608273,False
Rhipidomys nitela,Rodentia,Cricetidae,89.0,,,,,,,,-4.44,-59.57,Rhipidomys nitela,225511,False
Pusa sibirica,Carnivora,Phocidae,89499.99,277.63,1.0,,672.0,1.58,66.11,3.0,,,Pusa sibirica,1040678,False
Pygathrix cinerea,Primates,Cercopithecidae,,,,,,,,,14.85,108.31,Pygathrix cinerea,786,False
Pygathrix nemaeus,Primates,Cercopithecidae,9411.1,182.88,1.01,,300.0,,,1.0,16.63,106.09,Pygathrix nemaeus,721486,False
Pygathrix nigripes,Primates,Cercopithecidae,10333.32,,1.0,,,,,1.0,12.59,107.54,Pygathrix nigripes,473243,False
Pygeretmus platyurus,Rodentia,Dipodidae,,,5.17,,,,,2.0,46.08,70.31,Pygeretmus platyurus,3608059,False
Pygeretmus pumilio,Rodentia,Dipodidae,52.24,27.5,3.35,0.002441076,,,,1.0,43.43,76.06,Pygeretmus pumilio,1062845,False
Pygeretmus shitkovi,Rodentia,Dipodidae,,,5.49,,,,,2.0,45.52,74.94,Pygeretmus shitkovi,3608058,False
Pygoderma bilabiatum,Chiroptera,Phyllostomidae,18.5,,0.98,,,,,1.0,-22.2,-53.52,Pygoderma bilabiatum,894971,False
Quemisia gravis,Rodentia,Heptaxodontidae,,,,,,,,,,,Quemisia gravis,3610814,False
Rhipidomys wetzeli,Rodentia,Cricetidae,89.0,,,,,,,,3.96,-64.07,Rhipidomys wetzeli,770858,False
Rhizomys pruinosus,Rodentia,Spalacidae,2450.0,,3.0,,,,120.75,,14.85,103.53,Rhizomys pruinosus,964579,False
Rhizomys sinensis,Rodentia,Spalacidae,,,3.0,,,,,,27.13,108.85,Rhizomys sinensis,45212,False
Rousettus bidens,Chiroptera,Pteropodidae,,,0.98,,,,,,0.99,124.12,Boneia bidens,798253,True
Rousettus celebensis,Chiroptera,Pteropodidae,63.07,,1.0,,,,,,-0.98,122.55,Rousettus celebensis,665999,False
Rousettus lanosus,Chiroptera,Pteropodidae,104.78,,,,,,,,-1.85,33.59,Rousettus lanosus,37738,False
Rousettus leschenaultii,Chiroptera,Pteropodidae,84.88,121.66,1.01,,,,52.34,2.0,13.19,92.74,Rousettus leschenaultii,813050,False
Rousettus linduensis,Chiroptera,Pteropodidae,,,,,,,,,,,Rousettus linduensis,3613508,False
Rousettus madagascariensis,Chiroptera,Pteropodidae,65.72,126.88,1.22,,,,,1.0,-18.72,47.2,Rousettus madagascariensis,37736,False
Rousettus obliviosus,Chiroptera,Pteropodidae,45.32,,0.98,,,,,,-11.87,43.87,Rousettus obliviosus,20425,False
Rousettus spinalatus,Chiroptera,Pteropodidae,92.32,,1.0,,,,,,4.46,107.69,Rousettus spinalatus,146354,False
Rubrisciurus rubriventer,Rodentia,Sciuridae,,,,,,,,,-1.56,122.14,Rubrisciurus rubriventer,149983,False
Rucervus duvaucelii,Artiodactyla,Cervidae,171223.86,245.0,1.0,14.11,,11.24,,1.0,25.76,85.45,Rucervus duvaucelii,504972,False
Rucervus eldii,Artiodactyla,Cervidae,95471.61,240.19,1.01,,232.8,,220.26,1.0,18.86,101.55,Rucervus eldii,438453,False
Rucervus schomburgki,Artiodactyla,Cervidae,107626.42,,,,,,,,,,Rucervus schomburgki,696652,False
Rupicapra pyrenaica,Artiodactyla,Bovidae,29999.99,,,,,,,,42.41,3.74,Rupicapra pyrenaica,698621,False
Rupicapra rupicapra,Artiodactyla,Bovidae,33266.35,178.32,1.0,2.65,264.0,,76.04,1.0,43.5,26.19,Rupicapra rupicapra,798039,False
Rusa alfredi,Artiodactyla,Cervidae,46475.04,243.33,,,,,,,10.48,122.7,Rusa alfredi,543086,False
Rusa marianna,Artiodactyla,Cervidae,49457.61,,,,,,,,12.1,121.76,Rusa marianna,3611921,False
Rusa timorensis,Artiodactyla,Cervidae,66375.5,250.29,1.0,,,,227.47,1.0,-7.36,110.46,Rusa timorensis,1069421,False
Rhipidomys ochrogaster,Rodentia,Cricetidae,89.0,,,,,,,,-22.24,-47.75,Rhipidomys ochrogaster,3608271,False
Rhipidomys venezuelae,Rodentia,Cricetidae,89.99,,,,,,,,9.2,-69.31,Rhipidomys venezuelae,3608272,False
Rhipidomys venustus,Rodentia,Cricetidae,89.0,,,,,,,,8.97,-69.25,Rhipidomys venustus,7067308,False
Rhogeessa aeneus,Chiroptera,Vespertilionidae,,,,,,,,,19.66,-89.12,Rhogeessa aeneus,108227,False
Rhogeessa alleni,Chiroptera,Vespertilionidae,,,,,,,,,19.06,-100.33,Rhogeessa alleni,76933,False
Rhogeessa genowaysi,Chiroptera,Vespertilionidae,,,,,,,,,15.38,-92.89,Rhogeessa genowaysi,267463,False
Rhogeessa gracilis,Chiroptera,Vespertilionidae,,,,,,,,,19.31,-99.5,Rhogeessa gracilis,267465,False
Rhogeessa hussoni,Chiroptera,Vespertilionidae,,,,,,,,,1.13,-53.01,Rhogeessa hussoni,3613894,False
Ruwenzorisorex suncoides,Soricomorpha,Soricidae,18.2,,,,,,,,-1.08,29.48,Ruwenzorisorex suncoides,825207,False
Saccolaimus flaviventris,Chiroptera,Emballonuridae,45.25,,,,,,,,-24.22,133.5,Saccolaimus flaviventris,468429,False
Saccolaimus mixtus,Chiroptera,Emballonuridae,,,,,,,,,-11.44,144.43,Saccolaimus mixtus,3613548,False
Saccolaimus peli,Chiroptera,Emballonuridae,53.35,,1.0,,,,,,-0.00892856,11.13,Saccolaimus peli,3613549,False
Saccolaimus saccolaimus,Chiroptera,Emballonuridae,43.0,,1.0,,,,,3.0,3.28,116.66,Saccolaimus saccolaimus,505799,False
Saccopteryx antioquensis,Chiroptera,Emballonuridae,,,,,,,,,5.54,-75.08,Saccopteryx antioquensis,3613560,False
Saccopteryx bilineata,Chiroptera,Emballonuridae,8.08,,0.99,,,,59.99,3.0,0.5,-70.24,Saccopteryx bilineata,190912,False
Saccopteryx canescens,Chiroptera,Emballonuridae,3.41,,1.0,,,,,3.0,0.07,-60.51,Saccopteryx canescens,232381,False
Saccopteryx gymnura,Chiroptera,Emballonuridae,,,,,,,,3.0,-2.0,-53.93,Saccopteryx gymnura,232377,False
Saccopteryx leptura,Chiroptera,Emballonuridae,,,,,,,,,-1.79,-64.31,Saccopteryx leptura,75192,False
Saccostomus campestris,Rodentia,Nesomyidae,50.33,20.84,6.75,,33.6,22.06,28.97,2.0,-19.68,24.33,Saccostomus campestris,53782,False
Saccostomus mearnsi,Rodentia,Nesomyidae,64.91,,5.75,0.001303656,,3611.61,,2.0,1.24,38.48,Saccostomus mearnsi,3608527,False
Saguinus bicolor,Primates,Cebidae,465.0,158.16,2.0,,,,,2.0,-1.74,-58.4,Saguinus bicolor,254273,False
Saguinus fuscicollis,Primates,Cebidae,393.99,148.0,1.83,0.2,294.0,19.49,90.1,2.0,-5.28,-69.4,Saguinus fuscicollis,1015238,False
Rangifer tarandus,Artiodactyla,Cervidae,109088.5,222.5,2.0,2771.22,242.4,2.55,136.87,1.0,64.59,4.65,Rangifer tarandus,410153,False
Raphicerus campestris,Artiodactyla,Bovidae,11661.53,210.0,0.98,0.43,168.0,1.27,49.89,1.0,-16.61,26.74,Raphicerus campestris,513789,False
Raphicerus melanotis,Artiodactyla,Bovidae,10503.14,,,,168.0,10.5,,1.0,-32.31,23.26,Raphicerus melanotis,40131,False
Raphicerus sharpei,Artiodactyla,Bovidae,9396.9,212.91,1.0,,168.0,0.51,,1.0,-15.29,31.75,Raphicerus sharpei,40133,False
Rattus adustus,Rodentia,Muridae,,,,,,,,,-5.4,102.24,Rattus adustus,3608837,False
Rattus andamanensis,Rodentia,Muridae,,,10.0,,,,,2.0,19.07,101.54,Rattus andamanensis,106800,False
Rattus annandalei,Rodentia,Muridae,197.49,,,,,,,,2.97,102.42,Rattus annandalei,3608842,False
Rattus arfakiensis,Rodentia,Muridae,,,,,,,,,,,Rattus arfakiensis,3608862,False
Rattus argentiventer,Rodentia,Muridae,165.37,21.4,9.85,,,,,2.0,8.24,103.32,Rattus argentiventer,977026,False
Rattus arrogans,Rodentia,Muridae,,,,,,,,,,,Rattus arrogans,3608865,False
Rattus baluensis,Rodentia,Muridae,107.5,,,,,,,2.0,6.07,116.55,Rattus baluensis,977028,False
Rattus blangorum,Rodentia,Muridae,,,,,,,,,,,Rattus blangorum,3608873,False
Rattus bontanus,Rodentia,Muridae,,,,,,,,,-5.41,120.03,Rattus bontanus,3608847,False
Rattus burrus,Rodentia,Muridae,,,,,,,,,7.48,93.7,Rattus burrus,3608856,False
Rattus colletti,Rodentia,Muridae,146.48,,,,,,,,-12.59,133.54,Rattus colletti,640782,False
Rattus elaphinus,Rodentia,Muridae,131.35,,,,,,,,-1.82,124.82,Rattus elaphinus,3608838,False
Rattus enganus,Rodentia,Muridae,,,,,,,,,-5.4,102.24,Rattus enganus,3608841,False
Rattus everetti,Rodentia,Muridae,253.53,,,0.005001891,,153.38,,2.0,12.1,123.17,Rattus everetti,496420,False
Rattus exulans,Rodentia,Muridae,50.63,21.34,3.7,0.000935769,,7154.76,28.0,2.0,12.96,100.38,Rattus exulans,283187,False
Rattus feliceus,Rodentia,Muridae,306.0,,,,,,,,-3.26,129.63,Rattus feliceus,3608869,False
Rattus fuscipes,Rodentia,Muridae,124.58,22.95,4.58,,41.0,1069.81,25.38,2.0,-26.98,133.65,Rattus fuscipes,271553,False
Rattus giluwensis,Rodentia,Muridae,,,,,,,,1.0,-5.91,143.87,Rattus giluwensis,895858,False
Rattus hainaldi,Rodentia,Muridae,,,,,,,,,-8.62,120.52,Rattus hainaldi,3608858,False
Rattus hoffmanni,Rodentia,Muridae,,,,,,,,,-1.97,122.02,Rattus hoffmanni,1078780,False
Rattus hoogerwerfi,Rodentia,Muridae,,,,,,,,,3.95,97.3,Rattus hoogerwerfi,3608871,False
Rattus jobiensis,Rodentia,Muridae,380.0,,,,,,,,-1.26,136.13,Rattus jobiensis,3608852,False
Rattus koopmani,Rodentia,Muridae,,,,,,,,,-1.4,123.17,Rattus koopmani,3608836,False
Rattus korinchi,Rodentia,Muridae,,,,,,,,,-0.83,100.64,Rattus korinchi,3608845,False
Rattus leucopus,Rodentia,Muridae,200.89,,3.45,,,,,2.0,-11.78,142.54,Rattus leucopus,271581,False
Rattus losea,Rodentia,Muridae,104.63,,,,,,,,18.69,109.88,Rattus losea,106795,False
Rattus lugens,Rodentia,Muridae,,,,,,,,,-2.13,99.52,Rattus lugens,3608878,False
Rattus lutreolus,Rodentia,Muridae,106.0,24.81,4.45,,29.0,566.83,25.0,2.0,-29.7,145.08,Rattus lutreolus,690686,False
Rattus macleari,Rodentia,Muridae,,,,,,,,,,,Rattus macleari,571337,False
Rattus marmosurus,Rodentia,Muridae,,,,,,,,,-1.41,122.13,Rattus facetus,3608844,True
Rattus mindorensis,Rodentia,Muridae,,,6.4,,,,,2.0,12.86,120.92,Rattus mindorensis,3608877,False
Rattus mollicomulus,Rodentia,Muridae,,,,,,,,,-5.32,119.88,Rattus mollicomulus,3608843,False
Rattus montanus,Rodentia,Muridae,,,,,,,,,6.88,80.8,Rattus montanus,3608876,False
Rattus mordax,Rodentia,Muridae,230.0,,2.47,,,,,1.0,-8.83,149.76,Rattus mordax,690689,False
Rattus morotaiensis,Rodentia,Muridae,148.25,,,,,,,,2.31,128.44,Rattus morotaiensis,3608848,False
Rattus nativitatis,Rodentia,Muridae,,,,,,,,,,,Rattus nativitatis,571335,False
Rattus niobe,Rodentia,Muridae,45.07,,2.15,0.001058952,,,,2.0,,,Rattus niobe,690682,False
Rattus nitidus,Rodentia,Muridae,100.02,,3.09,,,,,,21.25,99.71,Rattus nitidus,92106,False
Rattus norvegicus,Rodentia,Muridae,282.89,21.74,8.99,0.002927936,,,25.37,1.0,,,Rattus norvegicus,271555,False
Rattus novaeguineae,Rodentia,Muridae,133.0,,5.37,,,,,,-7.08,146.1,Rattus novaeguineae,795203,False
Rattus omichlodes,Rodentia,Muridae,70.02,,,,,,,,,,Rattus omichlodes,3608864,False
Rattus osgoodi,Rodentia,Muridae,,,,,,,,,12.06,108.45,Rattus osgoodi,3608872,False
Rattus palmarum,Rodentia,Muridae,,,,,,,,,9.18,92.76,Rattus palmarum,3608851,False
Rattus pelurus,Rodentia,Muridae,,,,,,,,,-1.4,123.17,Rattus pelurus,3608879,False
Rattus pococki,Rodentia,Muridae,,,,,,,,,,,Rattus pococki,6520518,False
Rattus praetor,Rodentia,Muridae,194.43,,4.37,,,,,,-4.95,145.05,Rattus praetor,109411,False
Rattus pyctoris,Rodentia,Muridae,,,4.23,,,,,,32.99,84.51,Rattus pyctoris,818981,False
Rattus ranjiniae,Rodentia,Muridae,,,,,,,,,9.52,76.56,Rattus ranjiniae,3608840,False
Rattus rattus,Rodentia,Muridae,142.68,23.45,5.88,0.00231795,50.4,2640.54,28.0,2.0,,,Rattus rattus,271571,False
Rattus richardsoni,Rodentia,Muridae,64.29,,2.15,,,,,2.0,-4.33,137.92,Microhydromys richardsoni,3608863,True
Rattus salocco,Rodentia,Muridae,,,,,,,,,,,Rattus salocco,3608867,False
Rattus sanila,Rodentia,Muridae,,,,,,,,,,,Rattus sanila,3608861,False
Rattus satarae,Rodentia,Muridae,,,,,,,,,,,Rattus satarae,106808,False
Rattus simalurensis,Rodentia,Muridae,,,,,,,,,2.49,96.18,Rattus simalurensis,3608849,False
Rattus sordidus,Rodentia,Muridae,157.5,21.89,5.99,,,,,,-16.62,146.84,Rattus sordidus,794938,False
Rattus steini,Rodentia,Muridae,151.17,,3.65,,,,,2.0,-5.66,141.58,Rattus steini,690684,False
Rattus stoicus,Rodentia,Muridae,,,,,,,,,11.4,92.73,Rattus stoicus,3608854,False
Rattus tanezumi,Rodentia,Muridae,140.84,,,,,,,,,,Rattus tanezumi,85028,False
Rattus tawitawiensis,Rodentia,Muridae,,,,,,,,2.0,5.19,120.03,Rattus tawitawiensis,3608875,False
Rattus timorensis,Rodentia,Muridae,,,,,,,,,-9.55,124.22,Rattus timorensis,3608868,False
Rattus tiomanicus,Rodentia,Muridae,119.29,21.99,3.87,,,4912.07,,2.0,1.23,107.45,Rattus tiomanicus,977033,False
Rattus tunneyi,Rodentia,Muridae,169.29,22.29,5.34,,,,,,-19.75,134.54,Rattus tunneyi,794935,False
Rattus vandeuseni,Rodentia,Muridae,67.24,,2.15,,,,,2.0,-9.83,149.18,Rattus vandeuseni,3608866,False
Rattus verecundus,Rodentia,Muridae,97.02,23.72,2.15,0.001058952,,,19.5,2.0,-5.98,142.4,Rattus verecundus,690698,False
Rattus villosissimus,Rodentia,Muridae,221.76,,,,,2967.34,,,-21.35,134.63,Rattus villosissimus,794932,False
Rattus xanthurus,Rodentia,Muridae,,,,,,,,,1.01,122.9,Rattus xanthurus,3608857,False
Ratufa affinis,Rodentia,Sciuridae,1155.82,,,,,23.03,,2.0,1.35,107.22,Ratufa affinis,1054154,False
Ratufa bicolor,Rodentia,Sciuridae,1609.08,31.5,1.5,,121.0,9.74,68.2,2.0,10.07,101.09,Ratufa bicolor,1054150,False
Ratufa indica,Rodentia,Sciuridae,1060.0,83.64,,,,,,2.0,15.4,79.66,Ratufa indica,3609171,False
Ratufa macroura,Rodentia,Sciuridae,1326.24,28.0,3.49,,,,62.99,2.0,8.43,79.08,Ratufa macroura,3609170,False
Redunca arundinum,Artiodactyla,Bovidae,58059.24,220.52,0.98,,201.0,0.65,,1.0,-16.58,25.98,Redunca arundinum,1090930,False
Redunca fulvorufula,Artiodactyla,Bovidae,29352.66,222.99,,0.07,147.96,7.77,82.12,1.0,-12.32,25.24,Redunca fulvorufula,1090928,False
Redunca redunca,Artiodactyla,Bovidae,43288.95,228.12,1.0,,216.0,1.03,,1.0,2.21,11.94,Redunca redunca,1090935,False
Reithrodon auritus,Rodentia,Cricetidae,79.73,,3.4,,66.0,61.11,,1.0,-39.77,-64.13,Reithrodon auritus,91076,False
Reithrodon typicus,Rodentia,Cricetidae,,,,,,,,,,,Reithrodon typicus,3608350,False
Reithrodontomys brevirostris,Rodentia,Cricetidae,12.9,,3.4,,,,,,11.43,-84.91,Reithrodontomys brevirostris,771977,False
Reithrodontomys burti,Rodentia,Cricetidae,20.0,,,,,,,,27.05,-109.73,Reithrodontomys burti,3608383,False
Reithrodontomys chrysopsis,Rodentia,Cricetidae,19.0,,3.4,,,380.91,,,19.52,-100.39,Reithrodontomys chrysopsis,222512,False
Reithrodontomys creper,Rodentia,Cricetidae,22.8,,2.21,,,,,,9.32,-83.46,Reithrodontomys creper,222519,False
Reithrodontomys darienensis,Rodentia,Cricetidae,12.99,,3.88,,,,,,8.34,-78.96,Reithrodontomys darienensis,3608381,False
Reithrodontomys fulvescens,Rodentia,Cricetidae,11.55,,3.76,0.001343843,,639.1,14.44,2.0,24.35,-99.67,Reithrodontomys fulvescens,39181,False
Reithrodontomys gracilis,Rodentia,Cricetidae,12.47,,3.11,,,,,,15.77,-89.12,Reithrodontomys gracilis,52082,False
Reithrodontomys hirsutus,Rodentia,Cricetidae,20.0,,3.88,,,,,,20.92,-104.47,Reithrodontomys hirsutus,222510,False
Reithrodontomys humulis,Rodentia,Cricetidae,8.25,21.26,2.99,0.003188291,26.89,326.97,20.92,2.0,33.43,-86.74,Reithrodontomys humulis,208414,False
Reithrodontomys megalotis,Rodentia,Cricetidae,10.72,23.5,4.18,0.001008937,18.0,1152.39,20.0,,33.28,-105.73,Reithrodontomys megalotis,732037,False
Reithrodontomys mexicanus,Rodentia,Cricetidae,15.71,,2.91,,,,,,10.3,-89.94,Reithrodontomys mexicanus,682664,False
Reithrodontomys microdon,Rodentia,Cricetidae,20.0,,,,,,,,17.3,-96.23,Reithrodontomys microdon,52080,False
Reithrodontomys montanus,Rodentia,Cricetidae,10.9,21.0,3.94,0.002290248,,300.58,14.0,2.0,36.23,-102.83,Reithrodontomys montanus,208412,False
Reithrodontomys paradoxus,Rodentia,Cricetidae,,,,,,,,,10.9,-85.35,Reithrodontomys paradoxus,3608375,False
Reithrodontomys raviventris,Rodentia,Cricetidae,10.95,22.5,3.88,0.001664605,31.0,,,1.0,37.85,-122.3,Reithrodontomys raviventris,208418,False
Reithrodontomys rodriguezi,Rodentia,Cricetidae,,,,,,,,,10.14,-83.91,Reithrodontomys rodriguezi,3608376,False
Reithrodontomys spectabilis,Rodentia,Cricetidae,20.19,,,,,,,,20.42,-86.87,Reithrodontomys spectabilis,222517,False
Reithrodontomys sumichrasti,Rodentia,Cricetidae,19.0,,3.49,,,,,,14.98,-93.49,Reithrodontomys sumichrasti,770864,False
Reithrodontomys tenuirostris,Rodentia,Cricetidae,20.0,,,,,,,,15.16,-91.24,Reithrodontomys tenuirostris,222514,False
Reithrodontomys zacatecae,Rodentia,Cricetidae,,,,,,,,,24.62,-104.99,Reithrodontomys zacatecae,208416,False
Rhabdomys dilectus,Rodentia,Muridae,,,,,,,,,,,Rhabdomys dilectus,224251,False
Rhabdomys pumilio,Rodentia,Muridae,40.73,25.44,5.28,,34.8,1827.85,14.0,2.0,,,Rhabdomys pumilio,386299,False
Rhagamys orthodon,Rodentia,Muridae,,,,,,,,,,,Rhagamys orthodon,3610308,False
Rhagomys longilingua,Rodentia,Cricetidae,,,,,,,,,,,Rhagomys longilingua,494901,False
Rhagomys rufescens,Rodentia,Cricetidae,21.2,,,,,,,,-22.6,-43.27,Rhagomys rufescens,267561,False
Rheithrosciurus macrotis,Rodentia,Sciuridae,1353.27,,,,,,,,1.49,114.05,Rheithrosciurus macrotis,477824,False
Rheomys mexicanus,Rodentia,Cricetidae,40.0,,,,,,,3.0,16.49,-95.64,Rheomys mexicanus,3608223,False
Rheomys raptor,Rodentia,Cricetidae,38.0,,0.97,,,,,,8.32,-78.87,Rheomys raptor,38053,False
Rheomys thomasi,Rodentia,Cricetidae,40.0,,0.97,,,,,3.0,15.5,-90.7,Rheomys thomasi,1027423,False
Rheomys underwoodi,Rodentia,Cricetidae,,,,,,,,3.0,9.71,-83.34,Rheomys underwoodi,3608222,False
Rhinoceros sondaicus,Perissodactyla,Rhinocerotidae,1750000.0,486.66,1.0,,480.0,0.1,509.21,1.0,2.47,107.24,Rhinoceros sondaicus,668145,False
Rhinoceros unicornis,Perissodactyla,Rhinocerotidae,1843655.8,478.99,1.41,4.23,588.0,3.33,339.47,1.0,27.39,87.1,Rhinoceros unicornis,1087496,False
Rhinolophus acuminatus,Chiroptera,Rhinolophidae,12.1,,1.0,,,,,3.0,3.49,110.31,Rhinolophus acuminatus,1094798,False
Rhinolophus adami,Chiroptera,Rhinolophidae,,,,,,,,,-3.97,14.46,Rhinolophus adami,3614107,False
Rhinolophus affinis,Chiroptera,Rhinolophidae,13.7,,0.99,,,,,3.0,11.43,100.35,Rhinolophus affinis,867408,False
Rhinolophus alcyone,Chiroptera,Rhinolophidae,18.62,,0.98,,,,,,2.76,8.71,Rhinolophus alcyone,597927,False
Rhinolophus arcuatus,Chiroptera,Rhinolophidae,8.98,,,,,,,3.0,5.34,122.75,Rhinolophus arcuatus,1052593,False
Rhinolophus beddomei,Chiroptera,Rhinolophidae,,,,,,,,,12.52,77.27,Rhinolophus beddomei,994640,False
Rhinolophus blasii,Chiroptera,Rhinolophidae,10.29,91.24,,,,,,3.0,9.24,33.76,Rhinolophus blasii,766065,False
Rhinolophus bocharicus,Chiroptera,Rhinolophidae,15.05,,,,,,,,38.39,67.4,Rhinolophus bocharicus,3614099,False
Rhinolophus borneensis,Chiroptera,Rhinolophidae,,,,,,,,3.0,7.2,112.51,Rhinolophus borneensis,662126,False
Rhinolophus canuti,Chiroptera,Rhinolophidae,,,,,,,,3.0,-7.9,116.89,Rhinolophus canuti,3614119,False
Rhinolophus capensis,Chiroptera,Rhinolophidae,12.87,107.97,0.99,,,,60.41,,-31.43,22.66,Rhinolophus capensis,787393,False
Rhinolophus celebensis,Chiroptera,Rhinolophidae,,,,,,,,3.0,-2.14,116.06,Rhinolophus celebensis,656402,False
Rhinolophus clivosus,Chiroptera,Rhinolophidae,,,,,,,,,1.25,23.62,Rhinolophus clivosus,867386,False
Rhinolophus coelophyllus,Chiroptera,Rhinolophidae,7.07,,,,,,,3.0,13.01,100.69,Rhinolophus coelophyllus,180053,False
Rhinolophus cognatus,Chiroptera,Rhinolophidae,,,,,,,,3.0,12.52,93.41,Rhinolophus cognatus,3614115,False
Rhinolophus convexus,Chiroptera,Rhinolophidae,,,,,,,,,11.95,101.82,Rhinolophus convexus,3614116,False
Rhinolophus cornutus,Chiroptera,Rhinolophidae,7.27,,1.0,,,,41.85,3.0,34.88,134.74,Rhinolophus cornutus,423033,False
Rhinolophus creaghi,Chiroptera,Rhinolophidae,,,,,,,,3.0,-0.51,114.81,Rhinolophus creaghi,215186,False
Rhinolophus darlingi,Chiroptera,Rhinolophidae,8.94,,1.96,,,,,,-11.62,24.03,Rhinolophus darlingi,756659,False
Rhinolophus deckenii,Chiroptera,Rhinolophidae,,,,,,,,,-6.56,38.03,Rhinolophus deckenii,3614097,False
Rhinolophus denti,Chiroptera,Rhinolophidae,6.3,,,,,,,,-9.47,10.5,Rhinolophus denti,759458,False
Rhinolophus eloquens,Chiroptera,Rhinolophidae,19.15,,,,,,,3.0,-0.04,36.18,Rhinolophus eloquens,766060,False
Rhinolophus euryale,Chiroptera,Rhinolophidae,9.25,92.54,1.0,,,,105.72,,37.39,25.79,Rhinolophus euryale,353435,False
Rhinolophus euryotis,Chiroptera,Rhinolophidae,14.3,,,,,,,3.0,-4.1,135.86,Rhinolophus euryotis,1052591,False
Rhinolophus ferrumequinum,Chiroptera,Rhinolophidae,22.59,91.24,0.98,,360.0,,45.87,3.0,38.48,66.28,Rhinolophus ferrumequinum,867388,False
Rhinolophus formosae,Chiroptera,Rhinolophidae,,,,,,,,,23.58,120.86,Rhinolophus formosae,103773,False
Rhinolophus fumigatus,Chiroptera,Rhinolophidae,13.09,92.54,0.99,,,,60.41,3.0,-5.53,13.62,Rhinolophus fumigatus,263942,False
Rhinolophus guineensis,Chiroptera,Rhinolophidae,,,,,,,,,9.93,-12.05,Rhinolophus guineensis,3614101,False
Rhinolophus hildebrandtii,Chiroptera,Rhinolophidae,25.99,92.54,0.99,,,,,3.0,-9.34,33.49,Rhinolophus hildebrandti,263944,True
Rhinolophus hilli,Chiroptera,Rhinolophidae,13.6,,,,,,,,-2.38,29.36,Rhinolophus hilli,3614098,False
Rhinolophus hillorum,Chiroptera,Rhinolophidae,,,,,,,,,6.71,1.8,Rhinolophus hillorum,3614086,False
Rhinolophus hipposideros,Chiroptera,Rhinolophidae,4.57,75.51,1.0,,252.0,,33.2,3.0,31.68,34.47,Rhinolophus hipposideros,610867,False
Rhinolophus imaizumii,Chiroptera,Rhinolophidae,,,,,,,,3.0,24.42,124.0,Rhinolophus imaizumii,3614103,False
Rhinolophus inops,Chiroptera,Rhinolophidae,13.65,,,,,,,3.0,11.32,123.73,Rhinolophus inops,656410,False
Rhinolophus keyensis,Chiroptera,Rhinolophidae,6.26,,1.0,,,,,,-3.88,118.53,Rhinolophus keyensis,3614111,False
Rhinolophus landeri,Chiroptera,Rhinolophidae,9.39,119.61,0.99,,,,60.41,3.0,-6.27,13.2,Rhinolophus landeri,766062,False
Rhinolophus lepidus,Chiroptera,Rhinolophidae,5.46,,1.0,,,,,3.0,18.09,83.88,Rhinolophus lepidus,217411,False
Rhinolophus luctus,Chiroptera,Rhinolophidae,34.07,,0.99,,,,,3.0,11.59,96.87,Rhinolophus luctus,662128,False
Rhinolophus maclaudi,Chiroptera,Rhinolophidae,,,0.98,,,,,,8.4,-1.79,Rhinolophus maclaudi,156729,False
Rhinolophus macrotis,Chiroptera,Rhinolophidae,6.18,,0.98,,,,,3.0,21.28,99.02,Rhinolophus macrotis,665410,False
Rhinolophus madurensis,Chiroptera,Rhinolophidae,,,,,,,,,-7.03,114.12,Rhinolophus madurensis,3614117,False
Rhinolophus maendeleo,Chiroptera,Rhinolophidae,,,,,,,,,-5.08,39.02,Rhinolophus maendeleo,3614114,False
Rhinolophus malayanus,Chiroptera,Rhinolophidae,6.73,,,,,,,3.0,11.75,102.21,Rhinolophus malayanus,156758,False
Rhinolophus marshalli,Chiroptera,Rhinolophidae,5.02,,,,,,,3.0,13.75,103.17,Rhinolophus marshalli,657546,False
Rhinolophus megaphyllus,Chiroptera,Rhinolophidae,10.17,125.14,1.0,,,,57.22,3.0,-20.2,147.18,Rhinolophus megaphyllus,1052598,False
Rhinolophus mehelyi,Chiroptera,Rhinolophidae,14.03,,,,,,,3.0,38.05,21.61,Rhinolophus mehelyi,626350,False
Rhinolophus mitratus,Chiroptera,Rhinolophidae,,,,,,,,,22.51,85.83,Rhinolophus mitratus,3614090,False
Rhinolophus monoceros,Chiroptera,Rhinolophidae,,,,,,,,3.0,23.59,121.09,Rhinolophus monoceros,71984,False
Rhinolophus montanus,Chiroptera,Rhinolophidae,,,,,,,,,-8.78,125.38,Rhinolophus montanus,3614096,False
Rhinolophus nereis,Chiroptera,Rhinolophidae,,,,,,,,3.0,3.65,107.3,Rhinolophus nereis,3614118,False
Rhinolophus osgoodi,Chiroptera,Rhinolophidae,,,,,,,,,27.64,109.5,Rhinolophus osgoodi,498185,False
Rhinolophus paradoxolophus,Chiroptera,Rhinolophidae,8.17,,,,,,,3.0,19.11,102.31,Rhinolophus paradoxolophus,460792,False
Rhinolophus pearsonii,Chiroptera,Rhinolophidae,11.55,,,,,,,3.0,23.08,99.04,Rhinolophus pearsonii,217409,False
Rhinolophus philippinensis,Chiroptera,Rhinolophidae,10.91,,,,,,,3.0,0.24,129.6,Rhinolophus philippinensis,1052596,False
Rhinolophus pusillus,Chiroptera,Rhinolophidae,5.15,,1.0,,,,,3.0,20.35,97.74,Rhinolophus pusillus,678436,False
Rhinolophus rex,Chiroptera,Rhinolophidae,,,,,,,,3.0,27.79,106.2,Rhinolophus rex,217412,False
Rhinolophus robinsoni,Chiroptera,Rhinolophidae,8.54,,,,,,,3.0,5.78,101.66,Rhinolophus robinsoni,505797,False
Rhinolophus rouxii,Chiroptera,Rhinolophidae,12.25,123.54,0.99,,60.0,,59.42,3.0,14.36,84.69,Rhinolophus rouxii,1047994,False
Rhinolophus rufus,Chiroptera,Rhinolophidae,,,,,,,,,12.1,123.17,Rhinolophus rufus,747752,False
Rhinolophus ruwenzorii,Chiroptera,Rhinolophidae,,,,,,,,,0.08,29.92,Rhinolophus ruwenzorii,37375,False
Rhinolophus sakejiensis,Chiroptera,Rhinolophidae,,,,,,,,,-11.28,24.34,Rhinolophus sakejiensis,3614110,False
Rhinolophus sedulus,Chiroptera,Rhinolophidae,8.74,,,,,,,3.0,1.42,109.69,Rhinolophus sedulus,190915,False
Rhinolophus shameli,Chiroptera,Rhinolophidae,9.61,,,,,,,3.0,17.69,101.71,Rhinolophus shameli,155030,False
Rhinolophus shortridgei,Chiroptera,Rhinolophidae,,,,,,,,,21.82,91.45,Rhinolophus shortridgei,3614109,False
Rhinolophus siamensis,Chiroptera,Rhinolophidae,,,,,,,,,,,Rhinolophus siamensis,180047,False
Rhinolophus silvestris,Chiroptera,Rhinolophidae,,,,,,,,,-1.43,13.1,Rhinolophus silvestris,3614102,False
Rhinolophus simulator,Chiroptera,Rhinolophidae,8.13,91.24,0.99,,,,,3.0,-10.25,16.09,Rhinolophus simulator,37373,False
Rhinolophus sinicus,Chiroptera,Rhinolophidae,,,,,,,,,26.44,98.7,Rhinolophus sinicus,1047995,False
Rhinolophus stheno,Chiroptera,Rhinolophidae,7.92,,0.98,,,,,3.0,6.87,104.89,Rhinolophus stheno,327527,False
Rhinolophus subbadius,Chiroptera,Rhinolophidae,,,,,,,,3.0,25.51,91.68,Rhinolophus subbadius,3614100,False
Rhinolophus subrufus,Chiroptera,Rhinolophidae,,,,,,,,3.0,12.1,123.17,Rhinolophus subrufus,747754,False
Rhinolophus swinnyi,Chiroptera,Rhinolophidae,7.07,91.24,0.98,,,,,,-19.78,31.68,Rhinolophus swinnyi,155028,False
Rhinolophus thomasi,Chiroptera,Rhinolophidae,8.26,,,,,,,3.0,14.27,101.73,Rhinolophus thomasi,657548,False
Rhinolophus trifoliatus,Chiroptera,Rhinolophidae,15.16,,,,,,,3.0,9.4,103.25,Rhinolophus trifoliatus,863506,False
Rhinolophus virgo,Chiroptera,Rhinolophidae,6.06,,,,,,,3.0,12.1,121.88,Rhinolophus virgo,624281,False
Rhinolophus yunanensis,Chiroptera,Rhinolophidae,19.33,,,,,,,3.0,21.01,102.71,Rhinolophus yunanensis,3614113,False
Rhinolophus ziama,Chiroptera,Rhinolophidae,,,,,,,,,,,Rhinolophus ziama,3614104,False
Rhinonicteris aurantia,Chiroptera,Hipposideridae,8.99,148.4,1.0,,,,59.99,3.0,-17.44,127.79,Rhinonicteris aurantia,798260,False
Rhinophylla alethina,Chiroptera,Phyllostomidae,,,,,,,,1.0,1.08,-78.41,Rhinophylla alethina,941570,False
Rhinophylla fischerae,Chiroptera,Phyllostomidae,9.6,,0.98,,,,,1.0,-4.69,-62.29,Rhinophylla fischerae,546395,False
Rhinophylla pumilio,Chiroptera,Phyllostomidae,9.58,,0.98,,,,,1.0,-4.6,-57.03,Rhinophylla pumilio,546394,False
Rhinopithecus avunculus,Primates,Cercopithecidae,9086.19,200.0,1.0,,,,,,22.06,105.19,Rhinopithecus avunculus,514757,False
Rhinopithecus bieti,Primates,Cercopithecidae,11000.54,170.0,,20.4,,2.5,,2.0,28.69,98.81,Rhinopithecus bieti,77080,False
Rhinopithecus brelichi,Primates,Cercopithecidae,12267.15,200.0,1.0,7.41,,16.92,,1.0,27.33,107.63,Rhinopithecus brelichi,1068677,False
Rhinopithecus roxellana,Primates,Cercopithecidae,13456.8,199.34,1.0,24.28,,4.6,,1.0,32.32,106.33,Rhinopithecus roxellana,77083,False
Rhinopoma hardwickii,Chiroptera,Rhinopomatidae,13.1,98.28,0.99,,,,52.04,3.0,18.59,43.44,Rhinopoma hardwickii,267981,False
Rhinopoma macinnesi,Chiroptera,Rhinopomatidae,,,,,,,,,5.59,40.94,Rhinopoma macinnesi,3614019,False
Rhinopoma microphyllum,Chiroptera,Rhinopomatidae,28.02,114.87,1.0,,,,31.3,3.0,18.84,41.01,Rhinopoma microphyllum,971918,False
Rhinopoma muscatellum,Chiroptera,Rhinopomatidae,9.13,,,,,,,3.0,22.44,63.96,Rhinopoma muscatellum,971915,False
Rhinosciurus laticaudatus,Rodentia,Sciuridae,230.3,,1.39,,,9.56,,2.0,0.65,106.58,Rhinosciurus laticaudatus,149980,False
Rhipidomys austrinus,Rodentia,Cricetidae,89.0,,,,,,,,-18.97,-66.11,Rhipidomys austrinus,3608277,False
Rhipidomys caucensis,Rodentia,Cricetidae,89.0,,,,,,,,,,Rhipidomys caucensis,3608276,False
Rhipidomys couesi,Rodentia,Cricetidae,89.0,,,,,,,,,,Rhipidomys couesi,3608275,False
Rhipidomys emiliae,Rodentia,Cricetidae,,,,,,,,,,,Rhipidomys emiliae,55015,False
Rhipidomys fulviventer,Rodentia,Cricetidae,89.0,,,,,,,,7.49,-68.54,Rhipidomys fulviventer,3608268,False
Rhipidomys gardneri,Rodentia,Cricetidae,,,,,,,,,,,Rhipidomys gardneri,55013,False
Rhipidomys latimanus,Rodentia,Cricetidae,57.5,,,,,,,2.0,2.07,-78.27,Rhipidomys latimanus,7067305,False
Rhipidomys leucodactylus,Rodentia,Cricetidae,,,,,,,,,-6.63,-68.75,Rhipidomys leucodactylus,310842,False
Saguinus geoffroyi,Primates,Cebidae,492.5,,1.97,0.16,,5.13,,2.0,6.88,-79.89,Saguinus geoffroyi,235534,False
Saguinus graellsi,Primates,Cebidae,,,,,,,,,-1.96,-75.84,Saguinus graellsi,955071,False
Saguinus imperator,Primates,Cebidae,407.91,,,0.22,242.4,18.39,,2.0,-9.23,-70.81,Saguinus imperator,489221,False
Saguinus inustus,Primates,Cebidae,803.0,,,,,,,,0.64,-68.21,Saguinus inustus,765147,False
Saguinus labiatus,Primates,Cebidae,508.46,144.16,1.84,0.19,,14.08,,,-6.4,-64.29,Saguinus labiatus,68899,False
Saguinus leucopus,Primates,Cebidae,456.68,142.5,2.0,,,10.57,,2.0,6.3,-74.88,Saguinus leucopus,920962,False
Saguinus martinsi,Primates,Cebidae,,,,,,,,,-1.92,-56.97,Saguinus martinsi,156862,False
Saguinus melanoleucus,Primates,Cebidae,,,,,,,,,-8.42,-71.42,Saguinus melanoleucus,429033,False
Saguinus midas,Primates,Cebidae,540.56,138.24,2.02,0.05,184.8,10.98,69.6,2.0,-0.17,-55.07,Saguinus midas,532397,False
Saguinus mystax,Primates,Cebidae,555.87,148.28,1.93,0.21,,30.98,,2.0,-6.23,-68.98,Saguinus mystax,1015219,False
Saguinus niger,Primates,Cebidae,,,,,,,,,-2.78,-49.37,Saguinus niger,156859,False
Saguinus nigricollis,Primates,Cebidae,450.0,,1.82,0.25,182.4,13.33,82.53,,-3.04,-70.67,Saguinus nigricollis,1015216,False
Saguinus oedipus,Primates,Cebidae,462.04,166.49,1.9,0.06,277.2,45.52,49.85,2.0,9.22,-75.75,Saguinus oedipus,489218,False
Saguinus pileatus,Primates,Cebidae,,,,,,,,,-5.09,-64.92,Saguinus mystax,1015219,False
Saguinus tripartitus,Primates,Cebidae,385.05,,,,,,,,-2.0,-76.55,Saguinus tripartitus,394176,False
Saiga borealis,Artiodactyla,Bovidae,,,,,,,,,46.67,95.47,Saiga borealis,3611670,False
Saiga tatarica,Artiodactyla,Bovidae,37734.01,148.49,1.5,,144.0,0.75,83.64,1.0,46.47,65.99,Saiga tatarica,274566,False
Saimiri boliviensis,Primates,Cebidae,799.45,157.79,1.02,,,28.7,,,-11.05,-67.07,Saimiri boliviensis,977385,False
Spalax graecus,Rodentia,Spalacidae,,,,,,,,,46.04,25.95,Spalax graecus,508591,False
Spalax judaei,Rodentia,Spalacidae,,,,,,,,,,,Nannospalax judaei,888792,True
Spalax leucodon,Rodentia,Spalacidae,188.67,29.18,3.24,,54.0,,57.74,2.0,43.38,23.52,Nannospalax leucodon,936600,True
Spalax microphthalmus,Rodentia,Spalacidae,470.0,,2.91,,,,,,48.94,39.1,Spalax microphthalmus,181588,False
Spalax nehringi,Rodentia,Spalacidae,,,,,,,,,38.45,36.19,Nannospalax nehringi,884738,True
Spalax uralensis,Rodentia,Spalacidae,,,,,,,,,50.23,55.83,Spalax uralensis,3608584,False
Spalax zemni,Rodentia,Spalacidae,,,,,,,,,48.89,29.31,Spalax zemni,584369,False
Spelaeomys florensis,Rodentia,Muridae,,,,,,,,,,,Spelaeomys florensis,3610219,False
Speothos venaticus,Carnivora,Canidae,6324.54,67.78,3.8,,124.0,,127.3,3.0,-7.32,-58.42,Speothos venaticus,684074,False
Spermophilopsis leptodactylus,Rodentia,Sciuridae,,45.62,4.5,,,,41.76,,39.92,66.03,Spermophilopsis leptodactylus,259084,False
Spermophilus adocetus,Rodentia,Sciuridae,155.52,,,,,,,1.0,18.68,-101.23,Notocitellus adocetus,934737,True
Spermophilus alashanicus,Rodentia,Sciuridae,,,,,,,,,39.13,102.6,Spermophilus alashanicus,359115,False
Spermophilus annulatus,Rodentia,Sciuridae,499.99,,3.88,,,,,2.0,19.88,-103.63,Notocitellus annulatus,359117,True
Spermophilus armatus,Rodentia,Sciuridae,306.48,24.5,5.4,,60.0,4544.01,21.43,2.0,42.02,-111.53,Urocitellus armatus,359110,True
Spermophilus atricapillus,Rodentia,Sciuridae,550.99,,,,,,,,26.42,-112.0,Otospermophilus atricapillus,1055504,True
Spermophilus beecheyi,Rodentia,Sciuridae,597.82,28.37,6.71,0.000293039,60.0,1100.45,52.6,,38.32,-119.65,Otospermophilus beecheyi,798034,True
Spermophilus beldingi,Rodentia,Sciuridae,272.53,26.19,5.71,,,2378.64,24.5,2.0,41.29,-117.72,Urocitellus beldingi,359107,True
Sorex planiceps,Soricomorpha,Soricidae,,,,,,,,,35.45,76.55,Sorex planiceps,3614416,False
Sorex portenkoi,Soricomorpha,Soricidae,,,,,,,,,65.66,175.75,Sorex portenkoi,640601,False
Sorex preblei,Soricomorpha,Soricidae,3.14,,,,,,,,44.62,-112.63,Sorex preblei,640599,False
Sorex pribilofensis,Soricomorpha,Soricidae,,,,,,,,,57.17,-170.25,Sorex hydrodromus,272010,True
Sorex raddei,Soricomorpha,Soricidae,,,2.69,,,,,,42.11,41.33,Sorex raddei,112404,False
Sorex roboratus,Soricomorpha,Soricidae,12.99,,7.52,,,,,3.0,58.35,128.01,Sorex roboratus,112396,False
Sorex samniticus,Soricomorpha,Soricidae,8.24,,,,,,,,41.53,13.2,Sorex samniticus,885282,False
Sorex satunini,Soricomorpha,Soricidae,,,,,,,,,42.28,38.24,Sorex satunini,885241,False
Sorex saussurei,Soricomorpha,Soricidae,4.65,,,,,,,,21.39,-101.57,Sorex saussurei,64857,False
Sorex sclateri,Soricomorpha,Soricidae,7.0,,,,,,,,17.3,-92.31,Sorex sclateri,3614443,False
Sorex shinto,Soricomorpha,Soricidae,,,,,,,,,39.65,139.51,Sorex shinto,112400,False
Sorex sinalis,Soricomorpha,Soricidae,,,,,,,,,36.66,105.16,Sorex sinalis,3614433,False
Sorex sonomae,Soricomorpha,Soricidae,8.3,,,,,,,,41.44,-122.91,Sorex sonomae,219083,False
Sorex stizodon,Soricomorpha,Soricidae,7.0,,,,,,,,16.75,-92.63,Sorex stizodon,3614428,False
Sorex tenellus,Soricomorpha,Soricidae,3.8,,,,,,,,37.46,-117.18,Sorex tenellus,548755,False
Sorex thibetanus,Soricomorpha,Soricidae,,,,,,,,,29.02,84.3,Sorex thibetanus,3614401,False
Sorex trowbridgii,Soricomorpha,Soricidae,5.02,,3.91,,18.0,,,2.0,41.92,-121.62,Sorex trowbridgii,180324,False
Sorex tundrensis,Soricomorpha,Soricidae,7.65,,8.7,,,,,2.0,59.89,0.0,Sorex tundrensis,112398,False
Sorex ugyunak,Soricomorpha,Soricidae,,,,,,,,,65.47,-124.01,Sorex ugyunak,640608,False
Sorex unguiculatus,Soricomorpha,Soricidae,14.11,28.0,5.24,8.51806e-05,18.0,3093.28,,3.0,48.31,137.71,Sorex unguiculatus,992419,False
Sorex vagrans,Soricomorpha,Soricidae,5.99,20.13,5.84,0.002073312,25.0,1759.54,21.83,2.0,44.15,-119.17,Sorex vagrans,180322,False
Spermophilus brevicauda,Rodentia,Sciuridae,,,,,,,,,43.55,77.91,Spermophilus brevicauda,3609077,False
Spermophilus brunneus,Rodentia,Sciuridae,300.0,24.5,7.5,,,,,2.0,44.53,-116.55,Urocitellus brunneus,670618,True
Spermophilus canus,Rodentia,Sciuridae,,,,,,,,,41.53,-117.35,Urocitellus canus,3609062,True
Spermophilus citellus,Rodentia,Sciuridae,395.97,27.74,6.48,,,,,2.0,45.52,20.84,Spermophilus citellus,454537,False
Spermophilus columbianus,Rodentia,Sciuridae,470.94,24.09,3.54,0.001090594,,2894.51,32.19,1.0,49.15,-116.83,Urocitellus columbianus,1014254,True
Spermophilus dauricus,Rodentia,Sciuridae,,30.0,5.62,,,,,,43.33,119.2,Spermophilus dauricus,359105,False
Spermophilus elegans,Rodentia,Sciuridae,324.45,22.97,5.75,0.00191853,,2834.47,33.2,1.0,43.96,-111.4,Urocitellus elegans,359100,True
Saimiri oerstedii,Primates,Cebidae,714.18,161.0,1.01,0.1,,128.8,362.93,2.0,8.77,-83.32,Saimiri oerstedii,4337,False
Saimiri sciureus,Primates,Cebidae,749.47,164.09,1.0,0.68,324.0,36.09,177.41,2.0,-0.64,-61.33,Saimiri sciureus,842875,False
Saimiri ustus,Primates,Cebidae,886.47,,1.02,,,,238.64,,-8.98,-58.02,Saimiri ustus,455668,False
Saimiri vanzolinii,Primates,Cebidae,783.77,,1.02,,,,,,-2.28,-67.26,Saimiri vanzolinii,3607558,False
Salanoia concolor,Carnivora,Eupleridae,711.49,,,,57.6,,,2.0,-17.01,49.28,Salanoia concolor,527118,False
Salinoctomys loschalchalerosorum,Rodentia,Octodontidae,,,,,,,,,,,Tympanoctomys loschalchalerosorum,3609986,True
Salinomys delicatus,Rodentia,Cricetidae,,,,,,,,,,,Salinomys delicatus,972226,False
Salpingotulus michaelis,Rodentia,Dipodidae,,,3.0,,,,,1.0,29.67,63.98,Salpingotulus michaelis,3608056,False
Salpingotus crassicauda,Rodentia,Dipodidae,,,2.59,,,,,2.0,44.68,98.65,Salpingotus crassicauda,3608057,False
Salpingotus heptneri,Rodentia,Dipodidae,,,,,,,,,43.66,63.36,Salpingotus heptneri,3608053,False
Salpingotus kozlovi,Rodentia,Dipodidae,,,,,,,,,40.9,93.8,Salpingotus kozlovi,910647,False
Salpingotus pallidus,Rodentia,Dipodidae,,,,,,,,,46.95,68.43,Salpingotus pallidus,3608054,False
Salpingotus thomasi,Rodentia,Dipodidae,,,,,,,,,,,Salpingotus thomasi,3608055,False
Sarcophilus harrisii,Dasyuromorphia,Dasyuridae,8202.25,21.0,2.88,,98.4,5.9,243.33,3.0,-42.14,146.48,Sarcophilus harrisii,948469,False
Sauromys petrophilus,Chiroptera,Molossidae,14.25,,,,,,,,-24.65,24.07,Sauromys petrophilus,1015513,False
Scalopus aquaticus,Soricomorpha,Talpidae,87.15,41.99,3.89,0.005706842,74.4,950.0,30.18,2.0,35.5,-87.65,Scalopus aquaticus,1088414,False
Scapanulus oweni,Soricomorpha,Talpidae,,,,,,,,3.0,33.07,105.8,Scapanulus oweni,3614312,False
Scapanus latimanus,Soricomorpha,Talpidae,62.46,40.0,3.49,,36.0,4999.99,,3.0,37.65,-119.9,Scapanus latimanus,799581,False
Scapanus orarius,Soricomorpha,Talpidae,62.13,40.0,3.24,0.001058952,36.0,4999.99,,2.0,44.72,-120.42,Scapanus orarius,799582,False
Scapanus townsendii,Soricomorpha,Talpidae,,,,,,,,,44.94,-122.98,Scapanus townsendii,799583,False
Scapteromys aquaticus,Rodentia,Cricetidae,,,,,,,,,-23.67,-58.24,Scapteromys aquaticus,644639,False
Scapteromys tumidus,Rodentia,Cricetidae,146.0,,3.63,,,,,3.0,-32.2,-55.53,Scapteromys tumidus,822530,False
Scaptochirus moschatus,Soricomorpha,Talpidae,,,,,,,,,39.37,113.02,Scaptochirus moschatus,872314,False
Scaptonyx fusicaudus,Soricomorpha,Talpidae,,,,,,,,,29.02,104.36,Scaptonyx fusicaudus,852974,False
Sciurillus pusillus,Rodentia,Sciuridae,34.91,,1.94,,,,,1.0,-1.94,-64.11,Sciurillus pusillus,580354,False
Sciurotamias davidianus,Rodentia,Sciuridae,,,,,,,,,32.58,111.73,Sciurotamias davidianus,902084,False
Sciurotamias forresti,Rodentia,Sciuridae,,,,,,,,,25.34,101.49,Sciurotamias forresti,3609113,False
Sciurus aberti,Rodentia,Sciuridae,622.95,40.98,3.2,0.05,,114.0,69.73,2.0,32.19,-108.79,Sciurus aberti,866980,False
Sciurus aestuans,Rodentia,Sciuridae,177.34,,,,,,,2.0,-13.44,-51.25,Sciurus aestuans,160623,False
Sciurus alleni,Rodentia,Sciuridae,465.14,,3.0,,,,,2.0,24.41,-100.31,Sciurus alleni,3609001,False
Sciurus anomalus,Rodentia,Sciuridae,,,4.0,,,,,,35.71,39.52,Sciurus anomalus,568460,False
Sciurus arizonensis,Rodentia,Sciuridae,646.99,,3.09,,,,,1.0,32.75,-110.57,Sciurus arizonensis,3609016,False
Sciurus aureogaster,Rodentia,Sciuridae,455.57,,1.94,0.01,,221.14,,1.0,19.85,-97.36,Sciurus aureogaster,3608999,False
Sciurus carolinensis,Rodentia,Sciuridae,545.4,44.79,2.98,0.008569038,288.0,690.0,69.47,2.0,39.17,-87.41,Sciurus carolinensis,410925,False
Sciurus colliaei,Rodentia,Sciuridae,498.0,,2.66,,,,,1.0,23.83,-106.91,Sciurus colliaei,3609006,False
Sciurus deppei,Rodentia,Sciuridae,249.5,,2.91,0.01,,94.11,,1.0,17.51,-92.03,Sciurus deppei,3609000,False
Sciurus flammifer,Rodentia,Sciuridae,,,,,,,,,6.86,-64.23,Sciurus flammifer,3608998,False
Sciurus gilvigularis,Rodentia,Sciuridae,803.0,,,,,,,,-1.38,-57.04,Sciurus gilvigularis,3609005,False
Sciurus granatensis,Rodentia,Sciuridae,318.44,,1.9,0.007784702,,77.94,,2.0,5.11,-73.04,Sciurus granatensis,376988,False
Sciurus griseus,Rodentia,Sciuridae,703.85,43.49,2.65,0.008025903,,239.99,,1.0,40.41,-119.9,Sciurus griseus,964567,False
Sciurus ignitus,Rodentia,Sciuridae,190.0,,,,,,,2.0,-12.17,-68.14,Sciurus ignitus,376991,False
Sciurus igniventris,Rodentia,Sciuridae,700.0,,,,,,,1.0,-4.08,-68.99,Sciurus igniventris,3609013,False
Sciurus lis,Rodentia,Sciuridae,264.3,,,0.13,,,,,36.26,135.81,Sciurus lis,384216,False
Sciurus nayaritensis,Rodentia,Sciuridae,697.0,,2.43,,,,,1.0,25.54,-106.07,Sciurus nayaritensis,3609014,False
Sciurus niger,Rodentia,Sciuridae,,,,0.23,,6.32,,,38.45,-92.39,Sciurus niger,798031,False
Sciurus oculatus,Rodentia,Sciuridae,649.98,,,,,,,,20.82,-99.2,Sciurus oculatus,3609008,False
Sciurus pucheranii,Rodentia,Sciuridae,803.0,,,,,,,,4.57,-74.98,Sciurus pucheranii,3609009,False
Sciurus pyrrhinus,Rodentia,Sciuridae,482.0,,,,,,,,-11.97,-73.09,Sciurus pyrrhinus,3609015,False
Sciurus richmondi,Rodentia,Sciuridae,237.51,,2.59,,,,,,12.65,-84.8,Sciurus richmondi,3609004,False
Sciurus sanborni,Rodentia,Sciuridae,136.0,,,,,,,,-12.7,-70.95,Sciurus sanborni,3609007,False
Sciurus spadiceus,Rodentia,Sciuridae,403.32,,,,,76.71,,1.0,-8.59,-66.26,Sciurus spadiceus,3609011,False
Sciurus stramineus,Rodentia,Sciuridae,433.3,,,,,,,,-3.9,-79.82,Sciurus stramineus,532299,False
Sciurus variegatoides,Rodentia,Sciuridae,485.0,,4.99,,,,,2.0,11.61,-86.22,Sciurus variegatoides,376993,False
Sciurus vulgaris,Rodentia,Sciuridae,333.0,38.0,4.5,0.05,144.0,59.7,64.51,2.0,53.43,83.16,Sciurus vulgaris,286193,False
Sciurus yucatanensis,Rodentia,Sciuridae,225.0,,3.0,,,,,1.0,18.5,-89.39,Sciurus yucatanensis,3609017,False
Scleronycteris ega,Chiroptera,Phyllostomidae,49.54,,,,,,,,0.02,-65.32,Scleronycteris ega,3613623,False
Scolomys melanops,Rodentia,Cricetidae,26.5,,,,,,,,-0.67,-77.7,Scolomys melanops,55304,False
Scolomys ucayalensis,Rodentia,Cricetidae,26.5,,,,,,,,-5.26,-73.72,Scolomys ucayalensis,687041,False
Scoteanax rueppellii,Chiroptera,Vespertilionidae,26.41,,1.0,,,,,,-27.19,149.33,Scoteanax rueppellii,3613887,False
Scotinomys teguina,Rodentia,Cricetidae,11.59,31.2,2.46,,,,21.0,2.0,12.73,-88.67,Scotinomys teguina,91079,False
Scotinomys xerampelinus,Rodentia,Cricetidae,15.07,33.53,3.08,,,,24.5,,9.41,-83.06,Scotinomys xerampelinus,770856,False
Scotoecus albigula,Chiroptera,Vespertilionidae,10.08,,,,,,,,-7.67,27.45,Scotoecus albigula,3613728,False
Scotoecus albofuscus,Chiroptera,Vespertilionidae,4.5,,,,,,,,-6.98,12.03,Scotoecus albofuscus,3613732,False
Scotoecus hindei,Chiroptera,Vespertilionidae,10.41,,,,,,,,-2.84,27.18,Scotoecus hindei,3613731,False
Scotoecus hirundo,Chiroptera,Vespertilionidae,8.45,,1.96,,,,,,7.94,12.25,Scotoecus hirundo,759715,False
Scotoecus pallidus,Chiroptera,Vespertilionidae,,,,,,,,,27.45,78.31,Scotoecus pallidus,3613730,False
Scotomanes ornatus,Chiroptera,Vespertilionidae,22.24,,,,,,,,24.28,102.48,Scotomanes ornatus,759645,False
Scotonycteris ophiodon,Chiroptera,Pteropodidae,69.42,,0.98,,,,,,1.75,1.84,Scotonycteris ophiodon,3613529,False
Scotonycteris zenkeri,Chiroptera,Pteropodidae,21.3,,0.99,,,,,,1.64,9.53,Scotonycteris zenkeri,60265,False
Scotophilus borbonicus,Chiroptera,Vespertilionidae,19.02,185.3,2.0,,,,,,-21.11,55.53,Scotophilus borbonicus,759752,False
Scotophilus celebensis,Chiroptera,Vespertilionidae,,,,,,,,,-1.97,121.99,Scotophilus celebensis,3613890,False
Scotophilus collinus,Chiroptera,Vespertilionidae,,,,,,,,,,,Scotophilus collinus,3613891,False
Scotophilus dinganii,Chiroptera,Vespertilionidae,25.12,,2.2,,,,,3.0,-8.02,17.29,Scotophilus dinganii,759739,False
Scotophilus heathii,Chiroptera,Vespertilionidae,36.13,112.7,1.92,,,,19.17,3.0,20.81,89.11,Scotophilus heathii,878673,False
Scotophilus kuhlii,Chiroptera,Vespertilionidae,20.31,110.0,1.5,,,,38.35,3.0,,,Scotophilus kuhlii,76937,False
Scotophilus leucogaster,Chiroptera,Vespertilionidae,20.24,228.12,1.38,,,,,3.0,-8.12,16.93,Scotophilus leucogaster,127240,False
Scotophilus nigrita,Chiroptera,Vespertilionidae,27.34,,1.5,,,,,3.0,-8.12,16.93,Scotophilus nigrita,883607,False
Scotophilus nucella,Chiroptera,Vespertilionidae,,,,,,,,,3.35,11.69,Scotophilus nucella,3613893,False
Scotophilus nux,Chiroptera,Vespertilionidae,30.0,,,,,,,,2.16,12.36,Scotophilus nux,759736,False
Scotophilus robustus,Chiroptera,Vespertilionidae,,,,,,,,3.0,-18.57,46.85,Scotophilus robustus,333803,False
Scotophilus viridis,Chiroptera,Vespertilionidae,19.81,,2.0,,,,,3.0,-7.65,12.71,Scotophilus viridis,819861,False
Scotorepens balstoni,Chiroptera,Vespertilionidae,11.92,212.91,1.41,,,,44.58,,-27.9,131.51,Scotorepens balstoni,3613883,False
Scotorepens greyii,Chiroptera,Vespertilionidae,10.0,,,,,,,,-21.23,131.54,Scotorepens greyii,3613884,False
Scotorepens orion,Chiroptera,Vespertilionidae,11.83,,,,,,,,-33.0,148.97,Scotorepens orion,3614174,False
Scotorepens sanborni,Chiroptera,Vespertilionidae,8.13,,,,,,,,-14.41,136.23,Scotorepens sanborni,3613886,False
Scotozous dormeri,Chiroptera,Vespertilionidae,6.79,,1.08,,,,,,21.47,78.65,Scotozous dormeri,3613855,False
Scutisorex somereni,Soricomorpha,Soricidae,91.49,,1.85,,,,,,0.24,28.47,Scutisorex somereni,825200,False
Sekeetamys calurus,Rodentia,Muridae,56.61,,2.9,,64.8,,,,25.29,39.01,Sekeetamys calurus,404786,False
Selevinia betpakdalaensis,Rodentia,Gliridae,17.12,,6.9,,,,,3.0,46.42,74.7,Selevinia betpakdalaensis,3610934,False
Semnopithecus ajax,Primates,Cercopithecidae,,,,,,,,,32.37,76.23,Semnopithecus ajax,3607622,False
Semnopithecus dussumieri,Primates,Cercopithecidae,,,,,,,,,13.93,75.42,Semnopithecus hypoleucos,3607623,True
Semnopithecus entellus,Primates,Cercopithecidae,12679.29,197.7,1.02,1.3,300.0,17.28,402.1,1.0,23.49,78.47,Semnopithecus entellus,276589,False
Semnopithecus hector,Primates,Cercopithecidae,,,,,,,,,29.53,80.25,Semnopithecus hector,737534,False
Semnopithecus hypoleucos,Primates,Cercopithecidae,10026.65,,,,,,,,10.67,76.21,Semnopithecus hypoleucos,3607623,False
Semnopithecus priam,Primates,Cercopithecidae,,,,,,,,,9.91,79.87,Semnopithecus priam,627774,False
Semnopithecus schistaceus,Primates,Cercopithecidae,,,,,,,,,28.08,86.72,Semnopithecus schistaceus,3607625,False
Setifer setosus,Afrosoricida,Tenrecidae,263.22,57.63,3.24,,126.0,,25.22,2.0,-18.96,46.83,Setifer setosus,542059,False
Setonix brachyurus,Diprotodontia,Macropodidae,3027.67,27.89,1.0,,144.0,580.0,308.24,1.0,-33.56,116.86,Setonix brachyurus,733444,False
Sicista armenica,Rodentia,Dipodidae,,,,,,,,,40.63,44.47,Sicista armenica,3608076,False
Sicista betulina,Rodentia,Dipodidae,8.92,31.5,5.29,,48.0,,31.21,,56.24,58.87,Sicista betulina,1052919,False
Sicista caucasica,Rodentia,Dipodidae,,,,,,,,,44.14,39.98,Sicista caucasica,3608077,False
Sicista caudata,Rodentia,Dipodidae,,,,,,,,,48.53,139.28,Sicista caudata,3608074,False
Sicista concolor,Rodentia,Dipodidae,,,,,,,,,40.05,102.69,Sicista concolor,397610,False
Sicista kazbegica,Rodentia,Dipodidae,,,,,,,,,42.61,44.38,Sicista kazbegica,55949,False
Sicista kluchorica,Rodentia,Dipodidae,,,,,,,,,43.63,41.87,Sicista kluchorica,3608081,False
Sicista napaea,Rodentia,Dipodidae,10.0,20.0,3.49,,,,,2.0,50.44,84.19,Sicista napaea,3608080,False
Sicista pseudonapaea,Rodentia,Dipodidae,,,,,,,,,49.12,84.9,Sicista pseudonapaea,3608082,False
Sicista severtzovi,Rodentia,Dipodidae,,,,,,,,,51.04,40.81,Sicista severtzovi,3608078,False
Sicista strandi,Rodentia,Dipodidae,,,,,,,,,47.69,41.22,Sicista strandi,3608083,False
Sicista subtilis,Rodentia,Dipodidae,11.75,,,,,,,,48.86,61.62,Sicista subtilis,3608079,False
Sicista tianshanica,Rodentia,Dipodidae,,,4.37,,,,,,44.63,81.25,Sicista tianshanica,778690,False
Sigmodon alleni,Rodentia,Cricetidae,174.09,36.5,,,,,,,19.68,-100.55,Sigmodon alleni,208422,False
Sigmodon alstoni,Rodentia,Cricetidae,55.7,,5.18,,,157.54,,1.0,4.87,-61.28,Sigmodon alstoni,489625,False
Sigmodon arizonae,Rodentia,Cricetidae,198.0,,,,,,,,28.35,-109.45,Sigmodon arizonae,208420,False
Sigmodon fulviventer,Rodentia,Cricetidae,195.94,36.5,7.5,,,1293.22,,,27.7,-106.32,Sigmodon fulviventer,646440,False
Sigmodon hirsutus,Rodentia,Cricetidae,,,,,,,,,,,Sigmodon hirsutus,361460,False
Sigmodon hispidus,Rodentia,Cricetidae,110.65,27.0,5.44,0.002399307,62.4,1750.0,15.29,2.0,,,Sigmodon hispidus,576095,False
Sigmodon inopinatus,Rodentia,Cricetidae,140.5,,,,,,,,-2.18,-78.64,Sigmodon inopinatus,3608205,False
Sigmodon leucotis,Rodentia,Cricetidae,131.78,34.99,,,,,,,21.9,-101.92,Sigmodon leucotis,1067876,False
Sigmodon mascotensis,Rodentia,Cricetidae,120.0,,,,,,,,18.3,-99.67,Sigmodon mascotensis,576098,False
Sigmodon ochrognathus,Rodentia,Cricetidae,122.0,34.59,3.0,0.001664175,,,15.0,,29.18,-107.38,Sigmodon ochrognathus,39197,False
Sigmodon peruanus,Rodentia,Cricetidae,,,,,,,,,-4.3,-80.03,Sigmodon peruanus,1067882,False
Sigmodon planifrons,Rodentia,Cricetidae,,,,,,,,,,,Sigmodon planifrons,3608208,False
Sigmodon toltecus,Rodentia,Cricetidae,,,,,,,,,,,Sigmodon toltecus,1067878,False
Sigmodon zanjonensis,Rodentia,Cricetidae,,,,,,,,,,,Sigmodon zanjonensis,3608206,False
Sigmodontomys alfari,Rodentia,Cricetidae,,,,,,,,,6.28,-78.59,Sigmodontomys alfari,799633,False
Sigmodontomys aphrastus,Rodentia,Cricetidae,,,,,,,,,8.88,-82.79,Sigmodontomys aphrastus,775468,False
Simias concolor,Primates,Cercopithecidae,7393.9,,1.02,0.1,,10.9,,1.0,-2.13,99.52,Simias concolor,621138,False
Sminthopsis aitkeni,Dasyuromorphia,Dasyuridae,22.5,,,,,,,,-35.82,137.33,Sminthopsis aitkeni,840789,False
Sminthopsis archeri,Dasyuromorphia,Dasyuridae,16.0,,8.15,,,,,3.0,-10.81,141.99,Sminthopsis archeri,1003845,False
Sminthopsis bindi,Dasyuromorphia,Dasyuridae,,,,,,,,,-13.52,132.85,Sminthopsis bindi,1003847,False
Sminthopsis boullangerensis,Dasyuromorphia,Dasyuridae,,,,,,,,,-30.32,115.1,Sminthopsis boullangerensis,3607148,False
Sminthopsis butleri,Dasyuromorphia,Dasyuridae,25.0,,,,,,,,-13.01,128.87,Sminthopsis butleri,1053746,False
Sminthopsis crassicaudata,Dasyuromorphia,Dasyuridae,15.98,16.0,6.52,,51.6,49.99,70.0,3.0,-28.79,132.03,Sminthopsis crassicaudata,948481,False
Sminthopsis dolichura,Dasyuromorphia,Dasyuridae,14.39,,7.2,,38.04,,,,-30.25,125.35,Sminthopsis dolichura,840782,False
Sminthopsis douglasi,Dasyuromorphia,Dasyuridae,54.99,,6.78,,,,,3.0,-20.1,142.62,Sminthopsis douglasi,1003848,False
Sminthopsis fuliginosus,Dasyuromorphia,Dasyuridae,,,,,,,,,-33.75,116.52,Sminthopsis fuliginosus,3607149,False
Sminthopsis gilberti,Dasyuromorphia,Dasyuridae,19.5,,,,,,,,-32.47,121.92,Sminthopsis gilberti,840780,False
Sminthopsis granulipes,Dasyuromorphia,Dasyuridae,25.0,,,,,,,,-32.11,117.8,Sminthopsis granulipes,1003850,False
Sminthopsis griseoventer,Dasyuromorphia,Dasyuridae,17.5,,,,,,,,-32.04,119.75,Sminthopsis griseoventer,840785,False
Sminthopsis hirtipes,Dasyuromorphia,Dasyuridae,15.0,,,,,,,,-27.12,126.54,Sminthopsis hirtipes,527746,False
Sminthopsis leucopus,Dasyuromorphia,Dasyuridae,23.36,17.32,8.4,0.008904945,30.0,617.99,84.51,,-39.14,145.91,Sminthopsis leucopus,527744,False
Sminthopsis longicaudata,Dasyuromorphia,Dasyuridae,18.0,14.21,4.24,,60.0,,,3.0,-25.88,124.8,Sminthopsis longicaudata,1021734,False
Sminthopsis macroura,Dasyuromorphia,Dasyuridae,23.56,11.72,7.0,,58.8,,79.5,,-24.29,132.23,Sminthopsis macroura,948483,False
Sminthopsis murina,Dasyuromorphia,Dasyuridae,17.0,12.5,8.0,,24.0,599.99,70.63,,-27.47,146.41,Sminthopsis murina,329826,False
Sminthopsis ooldea,Dasyuromorphia,Dasyuridae,12.19,20.87,7.24,,36.0,,69.8,,-24.7,128.03,Sminthopsis ooldea,763799,False
Sminthopsis psammophila,Dasyuromorphia,Dasyuridae,33.5,,5.49,,60.0,,,3.0,-30.62,129.68,Sminthopsis psammophila,527756,False
Sminthopsis virginiae,Dasyuromorphia,Dasyuridae,35.24,16.31,4.11,,24.0,,89.49,3.0,-13.86,136.62,Sminthopsis virginiae,527754,False
Sminthopsis youngsoni,Dasyuromorphia,Dasyuridae,11.14,,5.49,,,,,,-22.21,126.82,Sminthopsis youngsoni,1053750,False
Solenodon arredondoi,Soricomorpha,Solenodontidae,,,,,,,,,,,Solenodon arredondoi,3614771,False
Solenodon cubanus,Soricomorpha,Solenodontidae,824.62,,1.5,,78.0,,,3.0,21.03,-77.29,Solenodon cubanus,8057,False
Solenodon marcanoi,Soricomorpha,Solenodontidae,,,,,,,,,,,Solenodon marcanoi,3614772,False
Solenodon paradoxus,Soricomorpha,Solenodontidae,899.99,64.8,1.64,,136.0,,74.71,3.0,18.77,-71.39,Solenodon paradoxus,469465,False
Solisorex pearsoni,Soricomorpha,Soricidae,,,,,,,,,7.14,80.81,Solisorex pearsoni,3614654,False
Solomys ponceleti,Rodentia,Muridae,1000.0,,,,,,,1.0,-6.41,156.11,Solomys ponceleti,580987,False
Solomys salamonis,Rodentia,Muridae,,,,,,,,1.0,-9.06,160.18,Solomys salamonis,3608679,False
Solomys salebrosus,Rodentia,Muridae,397.0,,,,,,,,-6.41,156.11,Solomys salebrosus,399969,False
Solomys sapientis,Rodentia,Muridae,,,,,,,,1.0,-8.04,159.16,Solomys sapientis,3608680,False
Solomys spriggsarum,Rodentia,Muridae,,,,,,,,,,,Solomys spriggsarum,3608681,False
Sommeromys macrorhinos,Rodentia,Muridae,,,,,,,,,,,Sommeromys macrorhinos,3609992,False
Sorex alaskanus,Soricomorpha,Soricidae,14.0,,,,,,,,58.95,-136.3,Sorex alaskanus,3614402,False
Sorex alpinus,Soricomorpha,Soricidae,8.04,,5.95,,15.6,,,,46.5,16.01,Sorex alpinus,180332,False
Sorex antinorii,Soricomorpha,Soricidae,,,,,,,,,,,Sorex antinorii,64859,False
Sorex araneus,Soricomorpha,Soricidae,9.18,21.5,6.56,0.000446055,24.0,1859.01,21.43,2.0,53.76,52.49,Sorex araneus,633213,False
Sorex arcticus,Soricomorpha,Soricidae,8.19,17.0,6.69,0.004174389,18.0,502.74,,3.0,54.33,-98.83,Sorex arcticus,885280,False
Sorex arizonae,Soricomorpha,Soricidae,2.7,,,,,,,,30.55,-109.65,Sorex arizonae,532506,False
Sorex arunchi,Soricomorpha,Soricidae,,,,,,,,,,,Sorex arunchi,3614437,False
Sorex asper,Soricomorpha,Soricidae,,,,,,,,,43.67,79.07,Sorex asper,885243,False
Sorex averini,Soricomorpha,Soricidae,,,,,,,,,,,Sorex averini,3614449,False
Sorex bairdi,Soricomorpha,Soricidae,8.33,,,,,,,,46.44,-122.33,Sorex bairdi,615537,False
Sorex bedfordiae,Soricomorpha,Soricidae,,,,,,,,,29.38,101.96,Sorex bedfordiae,278772,False
Sorex bendirii,Soricomorpha,Soricidae,15.76,,,,,,,3.0,44.06,-122.6,Sorex bendirii,219094,False
Sorex buchariensis,Soricomorpha,Soricidae,,,,,,,,,38.32,72.99,Sorex buchariensis,3614423,False
Sorex caecutiens,Soricomorpha,Soricidae,6.3,,7.24,0.000203282,24.0,1643.9,,2.0,53.58,96.54,Sorex caecutiens,992413,False
Sorex camtschatica,Soricomorpha,Soricidae,,,,,,,,,55.07,159.45,Sorex camtschatica,640602,False
Sorex cansulus,Soricomorpha,Soricidae,,,5.49,,,,,3.0,34.68,103.34,Sorex cansulus,3614431,False
Sorex cinereus,Soricomorpha,Soricidae,4.2,18.11,6.49,0.004044228,23.0,1111.97,19.88,3.0,51.94,-111.87,Sorex cinereus,809506,False
Sorex coronatus,Soricomorpha,Soricidae,9.32,23.99,4.94,0.0003073,13.5,1345.01,29.8,3.0,47.24,2.9,Sorex coronatus,885247,False
Sorex cylindricauda,Soricomorpha,Soricidae,,,4.99,,,,,,30.96,105.82,Sorex cylindricauda,64843,False
Sorex daphaenodon,Soricomorpha,Soricidae,8.1,,5.99,,,,,2.0,56.28,112.41,Sorex daphaenodon,992421,False
Sorex dispar,Soricomorpha,Soricidae,4.99,,4.18,,,,,3.0,40.67,-73.58,Sorex dispar,200883,False
Sorex emarginatus,Soricomorpha,Soricidae,7.0,,,,,,,,21.74,-103.17,Sorex emarginatus,409328,False
Sorex excelsus,Soricomorpha,Soricidae,,,,,,,,,27.25,102.85,Sorex excelsus,180330,False
Sorex fumeus,Soricomorpha,Soricidae,7.83,21.0,5.49,,15.5,3383.55,,2.0,41.31,-75.19,Sorex fumeus,112407,False
Sorex gaspensis,Soricomorpha,Soricidae,3.35,,5.33,,,,,3.0,47.35,-63.63,Sorex gaspensis,200880,False
Sorex gracillimus,Soricomorpha,Soricidae,4.4,,4.58,0.000316461,,,,3.0,47.41,136.91,Sorex gracillimus,992424,False
Sorex granarius,Soricomorpha,Soricidae,6.39,,4.89,,,,,,41.23,-6.26,Sorex granarius,885245,False
Sorex haydeni,Soricomorpha,Soricidae,,20.5,7.0,,,,,,46.67,-99.62,Sorex haydeni,54166,False
Sorex hosonoi,Soricomorpha,Soricidae,,,,,,,,,36.16,138.15,Sorex hosonoi,992429,False
Sorex hoyi,Soricomorpha,Soricidae,3.37,,5.84,,,52.0,,3.0,51.0,-110.24,Sorex hoyi,54157,False
Sorex isodon,Soricomorpha,Soricidae,12.23,18.0,7.09,,,567.57,21.87,3.0,55.32,89.24,Sorex isodon,112411,False
Sorex jacksoni,Soricomorpha,Soricidae,6.01,,,,,,,,63.36,-170.27,Sorex jacksoni,640600,False
Sorex kozlovi,Soricomorpha,Soricidae,,,,,,,,,31.58,96.49,Sorex kozlovi,3614451,False
Sorex leucogaster,Soricomorpha,Soricidae,,,,,,,,,50.38,155.68,Sorex leucogaster,409316,False
Sorex longirostris,Soricomorpha,Soricidae,3.29,,3.99,,,61.11,,2.0,34.21,-85.51,Sorex longirostris,548757,False
Sorex lyelli,Soricomorpha,Soricidae,4.99,,,,,,,,37.9,-119.63,Sorex lyelli,409319,False
Sorex macrodon,Soricomorpha,Soricidae,8.61,,,,,,,,19.37,-97.18,Sorex macrodon,3614422,False
Sorex maritimensis,Soricomorpha,Soricidae,,,,,,,,,45.11,-64.03,Sorex maritimensis,530591,False
Sorex merriami,Soricomorpha,Soricidae,5.99,,5.99,,,,,3.0,40.87,-111.83,Sorex merriami,3614427,False
Sorex milleri,Soricomorpha,Soricidae,4.07,,,,,,,,26.69,-101.29,Sorex milleri,409331,False
Sorex minutissimus,Soricomorpha,Soricidae,2.46,,8.99,,,,,3.0,56.95,92.29,Sorex minutissimus,992417,False
Sorex palustris,Soricomorpha,Soricidae,13.07,21.0,5.46,0.002320105,18.0,,,2.0,49.07,-103.8,Sorex palustris,144491,False
Sorex ventralis,Soricomorpha,Soricidae,7.0,,,,,,,,18.55,-98.7,Sorex ventralis,3614438,False
Sorex veraecrucis,Soricomorpha,Soricidae,,,,,,,,,,,Sorex veraecrucis,3614413,False
Sorex veraepacis,Soricomorpha,Soricidae,7.5,,,,,,,,15.78,-90.86,Sorex veraepacis,3614448,False
Sorex volnuchini,Soricomorpha,Soricidae,,,,,,,,,43.0,43.48,Sorex volnuchini,180328,False
Sorex yukonicus,Soricomorpha,Soricidae,,,,,,,,,,,Sorex yukonicus,692109,False
Soriculus nigrescens,Soricomorpha,Soricidae,14.58,,4.89,,,,,3.0,28.51,87.91,Soriculus nigrescens,634082,False
Sotalia fluviatilis,Cetacea,Delphinidae,42833.44,310.25,0.97,,,,,3.0,,,Sotalia fluviatilis,336231,False
Sousa chinensis,Cetacea,Delphinidae,279999.99,,1.0,,,,166.12,,,,Sousa chinensis,187220,False
Sousa teuszii,Cetacea,Delphinidae,99999.99,,,,,,,,,,Sousa teuszii,460042,False
Spalacopus cyanus,Rodentia,Octodontidae,100.86,80.3,3.14,7.86164e-05,72.0,4500.0,59.66,1.0,-31.66,-71.42,Spalacopus cyanus,198654,False
Spalax arenarius,Rodentia,Spalacidae,,,,,,,,,46.46,32.9,Spalax arenarius,508584,False
Spalax carmeli,Rodentia,Spalacidae,,,,,,,,,,,Spalax carmeli,881882,False
Spalax ehrenbergi,Rodentia,Spalacidae,164.35,,,,,,,,33.38,30.86,Nannospalax ehrenbergi,936616,True
Spalax galili,Rodentia,Spalacidae,,,,,,,,,,,Nannospalax galili,207281,True
Spalax giganteus,Rodentia,Spalacidae,,,,,,,,,,,Spalax giganteus,3608581,False
Spalax golani,Rodentia,Spalacidae,,,,,,,,,,,Nannospalax golani,590166,True
Aepyceros melampus,Artiodactyla,Bovidae,52591.69,196.74,0.98,1.97,213.0,13.36,150.0,1.0,-12.91,26.27,Aepyceros melampus,768679,False
Aepyprymnus rufescens,Diprotodontia,Potoroidae,2810.31,22.8,1.03,,96.0,40.0,163.07,,-26.2,148.79,Aepyprymnus rufescens,34417,False
Aeretes melanopterus,Rodentia,Sciuridae,,,,,,,,,35.41,108.99,Aeretes melanopterus,675191,False
Aeromys tephromelas,Rodentia,Sciuridae,1187.0,,1.07,,,,,,2.59,107.94,Aeromys tephromelas,675194,False
Aeromys thomasi,Rodentia,Sciuridae,1430.19,,,,,,,,2.7,113.93,Aeromys thomasi,3609018,False
Aethalops aequalis,Chiroptera,Pteropodidae,,,,,,,,,5.11,116.08,Aethalops aequalis,308607,False
Aethalops alecto,Chiroptera,Pteropodidae,15.0,,0.99,,,,,,-1.89,108.3,Aethalops alecto,37731,False
Aethomys bocagei,Rodentia,Muridae,,,,,,,,,-10.38,14.42,Aethomys bocagei,3608715,False
Spermophilus erythrogenys,Rodentia,Sciuridae,,,7.77,,,,,,49.29,77.91,Spermophilus erythrogenys,782288,False
Spermophilus franklinii,Rodentia,Sciuridae,457.64,28.0,8.69,0.13,,442.88,29.11,,46.37,-100.69,Poliocitellus franklinii,532327,True
Spermophilus fulvus,Rodentia,Sciuridae,778.38,30.41,5.99,,,423.39,,,41.67,61.65,Spermophilus fulvus,782286,False
Spermophilus lateralis,Rodentia,Sciuridae,175.1,28.42,5.18,,,,41.99,2.0,44.51,-114.27,Callospermophilus lateralis,604319,True
Spermophilus madrensis,Rodentia,Sciuridae,207.12,,4.34,,,,,,27.17,-107.2,Callospermophilus madrensis,782282,True
Spermophilus major,Rodentia,Sciuridae,,,,,,,,,54.31,58.2,Spermophilus major,782280,False
Spermophilus mexicanus,Rodentia,Sciuridae,177.49,,5.91,,,,,2.0,26.39,-101.45,Ictidomys mexicanus,782276,True
Spermophilus mohavensis,Rodentia,Sciuridae,213.18,24.31,6.5,0.01,,301.99,31.81,1.0,35.3,-117.52,Xerospermophilus mohavensis,782266,True
Spermophilus mollis,Rodentia,Sciuridae,165.4,,7.97,0.000957999,,2179.42,40.79,,41.83,-117.86,Urocitellus mollis,595745,True
Spermophilus musicus,Rodentia,Sciuridae,,,,,,,,,43.49,43.4,Spermophilus musicus,782264,False
Spermophilus pallidicauda,Rodentia,Sciuridae,,,,,,,,,46.38,102.33,Spermophilus pallidicauda,141507,False
Spermophilus parryii,Rodentia,Sciuridae,747.09,25.16,6.5,0.02,,,28.0,,63.39,-9.11,Urocitellus parryii,289901,True
Spermophilus perotensis,Rodentia,Sciuridae,140.0,,6.07,,,,,,19.34,-97.35,Xerospermophilus perotensis,141525,True
Spermophilus pygmaeus,Rodentia,Sciuridae,173.46,26.48,7.08,,,1107.21,15.59,,47.97,51.62,Spermophilus pygmaeus,141533,False
Spermophilus ralli,Rodentia,Sciuridae,,,,,,,,,42.98,80.19,Spermophilus ralli,3609082,False
Spermophilus relictus,Rodentia,Sciuridae,599.99,,4.89,,,244.94,,,41.89,77.3,Spermophilus relictus,141536,False
Spermophilus richardsonii,Rodentia,Sciuridae,325.1,22.8,7.59,0.00402332,,374.69,29.33,1.0,49.39,-105.11,Urocitellus richardsonii,828701,True
Spermophilus saturatus,Rodentia,Sciuridae,,,,,,,,,47.94,-121.41,Spermophilus musicus,782264,True
Spermophilus spilosoma,Rodentia,Sciuridae,106.64,,6.94,0.009534137,,124.53,47.64,2.0,32.42,-105.4,Xerospermophilus spilosoma,121776,True
Spermophilus suslicus,Rodentia,Sciuridae,252.0,22.44,5.49,,,,31.5,,50.49,35.5,Spermophilus suslicus,208068,False
Spermophilus tereticaudus,Rodentia,Sciuridae,147.57,27.57,6.32,0.01,,1456.02,34.8,2.0,32.04,-113.46,Xerospermophilus tereticaudus,833672,True
Spermophilus townsendii,Rodentia,Sciuridae,207.29,22.05,8.49,,,759.22,32.55,2.0,46.32,-119.95,Urocitellus townsendii,833666,True
Spermophilus tridecemlineatus,Rodentia,Sciuridae,174.91,27.5,8.08,0.01,,386.61,27.81,2.0,41.11,-98.22,Ictidomys tridecemlineatus,989655,True
Spermophilus undulatus,Rodentia,Sciuridae,742.91,25.33,7.77,0.02,,292.3,54.07,,53.49,104.83,Urocitellus undulatus,595759,True
Spermophilus variegatus,Rodentia,Sciuridae,714.58,30.0,4.93,0.03,,136.99,52.38,2.0,29.99,-107.24,Otospermophilus variegatus,532304,True
Spermophilus washingtoni,Rodentia,Sciuridae,215.09,,7.88,,,18500.0,,2.0,46.42,-119.22,Urocitellus washingtoni,833685,True
Spermophilus xanthoprymnus,Rodentia,Sciuridae,,,4.99,,,,,,38.76,37.64,Spermophilus xanthoprymnus,833683,False
Sphaerias blanfordi,Chiroptera,Pteropodidae,28.88,,,,,,,,25.28,88.74,Sphaerias blanfordi,270517,False
Sphaeronycteris toxophyllum,Chiroptera,Phyllostomidae,16.06,,,,,,,1.0,-2.29,-66.96,Sphaeronycteris toxophyllum,690455,False
Sphiggurus ichillus,Rodentia,Erethizontidae,,,,,,,,,,,Coendou ichillus,3609656,True
Sphiggurus insidiosus,Rodentia,Erethizontidae,998.32,,0.97,,,26.3,,2.0,-15.31,-41.73,Coendou insidiosus,248890,True
Sphiggurus melanurus,Rodentia,Erethizontidae,1900.0,,,,,,,,3.97,-55.68,Coendou melanurus,950500,True
Addax nasomaculatus,Artiodactyla,Bovidae,96077.36,262.74,1.0,,308.04,,,1.0,20.52,7.93,Addax nasomaculatus,989805,False
Aepeomys lugens,Rodentia,Cricetidae,37.0,,,,,,,,5.44,-73.05,Aepeomys lugens,783823,False
Aepeomys reigi,Rodentia,Cricetidae,,,,,,,,,,,Aepeomys reigi,3608226,False
Aethomys chrysophilus,Rodentia,Muridae,80.85,26.17,3.09,,,66.18,24.88,,-16.74,26.27,Aethomys chrysophilus,911457,False
Aethomys hindei,Rodentia,Muridae,140.65,24.66,2.05,0.000609998,,2191.47,,,2.74,26.09,Aethomys hindei,3608711,False
Aethomys ineptus,Rodentia,Muridae,133.16,,,,,,,,,,Aethomys ineptus,411031,False
Aethomys kaiseri,Rodentia,Muridae,89.99,27.0,3.0,,,,26.0,,-8.79,26.49,Aethomys kaiseri,649436,False
Aethomys nyikae,Rodentia,Muridae,,,3.56,,,,,,-13.37,25.94,Aethomys nyikae,3608710,False
Aethomys silindensis,Rodentia,Muridae,,,,,,,,,-19.36,33.09,Aethomys silindensis,3608709,False
Aethomys stannarius,Rodentia,Muridae,,,,,,,,,10.02,10.71,Aethomys stannarius,3608717,False
Aethomys thomasi,Rodentia,Muridae,,,,,,,,,-12.57,15.71,Aethomys thomasi,3608716,False
Ailuropoda melanoleuca,Carnivora,Ursidae,117999.99,134.99,1.62,3.55,360.0,0.18,178.98,1.0,30.76,104.78,Ailuropoda melanoleuca,872573,False
Ailurops melanotis,Diprotodontia,Phalangeridae,,,,,,,,,,,Ailurops melanotis,3606934,False
Ailurops ursinus,Diprotodontia,Phalangeridae,10000.0,,,,,,,1.0,-1.97,122.02,Ailurops ursinus,193425,False
Ailurus fulgens,Carnivora,Ailuridae,5170.08,131.5,1.7,1.43,168.0,,136.87,1.0,28.38,94.38,Ailurus fulgens,872562,False
Akodon aerosus,Rodentia,Cricetidae,59.99,,,,,,,,-8.85,-72.91,Akodon aerosus,421013,False
Spilocuscus maculatus,Diprotodontia,Phalangeridae,4060.46,12.99,1.26,,132.0,,240.75,1.0,-5.52,140.9,Spilocuscus maculatus,836538,False
Spilocuscus papuensis,Diprotodontia,Phalangeridae,,,,,,,,,-0.23,130.77,Spilocuscus papuensis,3606938,False
Spilocuscus rufoniger,Diprotodontia,Phalangeridae,5999.99,,1.02,,,,,,-4.47,142.82,Spilocuscus rufoniger,234936,False
Spilogale angustifrons,Carnivora,Mephitidae,,,,,,,,,,,Spilogale angustifrons,3613132,False
Spilogale gracilis,Carnivora,Mephitidae,,,,,,,,,36.59,-112.01,Spilogale gracilis,754608,False
Spilogale putorius,Carnivora,Mephitidae,566.49,32.99,5.07,0.29,120.0,4.7,55.68,2.0,37.14,-92.13,Spilogale putorius,754609,False
Spilogale pygmaea,Carnivora,Mephitidae,365.0,47.22,4.0,,,,,2.0,19.49,-100.42,Spilogale pygmaea,3613133,False
Srilankamys ohiensis,Rodentia,Muridae,,,,,,,,,6.95,81.21,Srilankamys ohiensis,284704,False
Steatomys bocagei,Rodentia,Nesomyidae,,,,,,,,,,,Steatomys bocagei,3608532,False
Steatomys caurinus,Rodentia,Nesomyidae,,,,,,,,,10.5,-3.79,Steatomys caurinus,3608535,False
Steatomys cuppedius,Rodentia,Nesomyidae,,,,,,,,,10.85,-3.79,Steatomys cuppedius,3608533,False
Steatomys jacksoni,Rodentia,Nesomyidae,,,,,,,,,7.49,-1.5,Steatomys jacksoni,3608534,False
Steatomys krebsii,Rodentia,Nesomyidae,20.67,,4.62,,,,,,-23.12,22.22,Steatomys krebsii,3608530,False
Steatomys opimus,Rodentia,Nesomyidae,40.0,,,,,,,3.0,,,Steatomys opimus,3608531,False
Steatomys parvus,Rodentia,Nesomyidae,4.99,,,,,,,,-11.36,25.27,Steatomys parvus,1018047,False
Steatomys pratensis,Rodentia,Nesomyidae,30.58,,3.96,,,27.57,,,,,Steatomys pratensis,3608536,False
Stenella attenuata,Cetacea,Delphinidae,65733.59,345.19,0.99,,552.0,,340.66,3.0,,,Stenella attenuata,124220,False
Stenella clymene,Cetacea,Delphinidae,,,,,,,,3.0,,,Stenella clymene,1093924,False
Stenella coeruleoalba,Cetacea,Delphinidae,142102.96,386.05,1.75,,600.0,0.21,456.25,3.0,,,Stenella coeruleoalba,124224,False
Stenella frontalis,Cetacea,Delphinidae,109999.99,,,,,,,,,,Stenella frontalis,336243,False
Stenella longirostris,Cetacea,Delphinidae,50500.0,322.41,0.97,,,,465.88,3.0,,,Stenella longirostris,124226,False
Steno bredanensis,Cetacea,Delphinidae,130000.0,,,,384.0,,,,,,Steno bredanensis,593889,False
Stenocephalemys albipes,Rodentia,Muridae,,,4.41,,,,,,9.49,38.22,Stenocephalemys albipes,634946,False
Stenocephalemys albocaudata,Rodentia,Muridae,144.0,,,,,,,,8.09,39.19,Stenocephalemys albocaudata,170809,False
Stenocephalemys griseicauda,Rodentia,Muridae,85.75,,,,,,,,9.85,38.95,Stenocephalemys griseicauda,170803,False
Stenocephalemys ruppi,Rodentia,Muridae,48.99,,,,,,,,6.05,37.37,Stenocephalemys ruppi,3608657,False
Stenoderma rufum,Chiroptera,Phyllostomidae,21.1,,0.99,,,,,1.0,18.22,-65.96,Stenoderma rufum,534169,False
Stochomys longicaudatus,Rodentia,Muridae,70.95,,2.38,,,83.26,,,0.35,19.21,Stochomys longicaudatus,324500,False
Strigocuscus celebensis,Diprotodontia,Phalangeridae,,,,,,,,,-0.98,123.45,Strigocuscus celebensis,361933,False
Strigocuscus pelengensis,Diprotodontia,Phalangeridae,,,,,,,,1.0,-1.59,124.56,Strigocuscus pelengensis,44497,False
Sturnira aratathomasi,Chiroptera,Phyllostomidae,49.67,,0.99,,,,,1.0,3.15,-73.82,Sturnira aratathomasi,756133,False
Sturnira bidens,Chiroptera,Phyllostomidae,18.05,,0.99,,,,,1.0,-1.95,-74.41,Sturnira bidens,756134,False
Sturnira bogotensis,Chiroptera,Phyllostomidae,19.94,,0.98,,,,,1.0,-0.95,-75.48,Sturnira bogotensis,136690,False
Sturnira erythromos,Chiroptera,Phyllostomidae,15.53,,0.99,,,,,1.0,-7.86,-70.4,Sturnira erythromos,136691,False
Sturnira lilium,Chiroptera,Phyllostomidae,20.19,107.97,0.99,,,,,2.0,-2.47,-72.71,Sturnira lilium,401293,False
Sturnira ludovici,Chiroptera,Phyllostomidae,21.0,,0.99,,,,,1.0,10.13,-81.83,Sturnira ludovici,136687,False
Sturnira luisi,Chiroptera,Phyllostomidae,,,,,,,,1.0,0.15,-80.44,Sturnira luisi,756131,False
Sturnira magna,Chiroptera,Phyllostomidae,,,0.98,,,,,1.0,-8.48,-72.37,Sturnira magna,756132,False
Sturnira mistratensis,Chiroptera,Phyllostomidae,,,,,,,,,5.37,-76.07,Sturnira mistratensis,3613600,False
Sturnira mordax,Chiroptera,Phyllostomidae,11.79,,0.98,,,,,1.0,9.56,-83.26,Sturnira mordax,756141,False
Sturnira nana,Chiroptera,Phyllostomidae,,,0.98,,,,,1.0,-12.62,-72.81,Sturnira nana,352930,False
Sturnira oporaphilum,Chiroptera,Phyllostomidae,21.99,,,,,,,,-16.72,-68.99,Sturnira oporaphilum,1080435,False
Sturnira thomasi,Chiroptera,Phyllostomidae,,,,,,,,1.0,16.38,-61.7,Sturnira thomasi,3613601,False
Sturnira tildae,Chiroptera,Phyllostomidae,24.39,,0.98,,,,,1.0,-7.74,-56.8,Sturnira tildae,401295,False
Styloctenium wallacei,Chiroptera,Pteropodidae,172.42,,,,,,,,-1.2,122.17,Styloctenium wallacei,3613517,False
Stylodipus andrewsi,Rodentia,Dipodidae,,,,,,,,1.0,46.35,103.7,Stylodipus andrewsi,933755,False
Stylodipus sungorus,Rodentia,Dipodidae,,,,,,,,1.0,45.68,91.49,Stylodipus sungorus,3608065,False
Stylodipus telum,Rodentia,Dipodidae,59.99,,3.49,0.00350188,,,,1.0,46.15,65.53,Stylodipus telum,910652,False
Suncus aequatorius,Soricomorpha,Soricidae,,,,,,,,,,,Suncus aequatorius,3614479,False
Suncus ater,Soricomorpha,Soricidae,,,,,,,,,6.07,116.55,Suncus ater,3614484,False
Suncus dayi,Soricomorpha,Soricidae,,,,,,,,,10.29,77.0,Suncus dayi,234322,False
Suncus etruscus,Soricomorpha,Soricidae,2.26,27.5,4.0,,32.4,,20.0,,28.2,46.41,Suncus etruscus,353437,False
Suncus fellowesgordoni,Soricomorpha,Soricidae,,,,,,,,,7.13,80.79,Suncus fellowesgordoni,480358,False
Suncus hosei,Soricomorpha,Soricidae,,,,,,,,,1.42,114.05,Suncus hosei,3614481,False
Suncus infinitesimus,Soricomorpha,Soricidae,4.4,,,,,,,3.0,-12.64,26.67,Suncus infinitesimus,234323,False
Suncus lixus,Soricomorpha,Soricidae,8.0,,2.99,,,,,3.0,,,Suncus lixus,586101,False
Suncus madagascariensis,Soricomorpha,Soricidae,2.47,,,,,,,,-18.77,46.85,Suncus madagascariensis,98828,False
Suncus malayanus,Soricomorpha,Soricidae,4.99,,,,,,,,4.31,101.96,Suncus malayanus,476341,False
Suncus megalura,Soricomorpha,Soricidae,5.38,,1.89,,,977.0,,,-4.36,13.79,Suncus megalura,850879,False
Suncus mertensi,Soricomorpha,Soricidae,,,,,,,,,-8.66,121.14,Suncus mertensi,3614480,False
Suncus montanus,Soricomorpha,Soricidae,,,,,,,,,9.24,78.78,Suncus montanus,234324,False
Suncus murinus,Soricomorpha,Soricidae,43.76,30.19,3.1,,30.0,,19.16,,17.92,100.51,Suncus murinus,226396,False
Suncus remyi,Soricomorpha,Soricidae,4.03,,,,,,,,1.74,14.79,Suncus remyi,234325,False
Suncus stoliczkanus,Soricomorpha,Soricidae,,,,,,,,,23.02,73.91,Suncus stoliczkanus,843260,False
Suncus varilla,Soricomorpha,Soricidae,4.99,,3.49,,,,,3.0,-11.48,23.91,Suncus varilla,27756,False
Suncus zeylanicus,Soricomorpha,Soricidae,,,,,,,,,7.16,80.82,Suncus zeylanicus,3614482,False
Sundamys infraluteus,Rodentia,Muridae,418.5,,,,,,,,0.29,107.14,Sundamys infraluteus,3608705,False
Sundamys maxi,Rodentia,Muridae,,,,,,,,,-7.16,107.38,Sundamys maxi,3608706,False
Tadarida fulminans,Chiroptera,Molossidae,33.89,104.29,1.0,,,,,3.0,-11.29,36.64,Tadarida fulminans,609829,False
Tadarida insignis,Chiroptera,Molossidae,,,,,,,,,33.71,130.91,Tadarida insignis,1011475,False
Tadarida kuboriensis,Chiroptera,Molossidae,26.8,,,,,,,,-6.72,143.72,Tadarida kuboriensis,3613944,False
Tragelaphus scriptus,Artiodactyla,Bovidae,43250.39,182.5,1.0,0.02,156.0,1.52,,1.0,-9.36,14.02,Tragelaphus scriptus,561121,False
Tragelaphus spekii,Artiodactyla,Bovidae,75554.25,241.15,1.0,,258.0,1.66,,1.0,-3.27,9.2,Tragelaphus spekii,401076,False
Tragelaphus strepsiceros,Artiodactyla,Bovidae,206056.41,220.94,1.0,835.1,276.0,1.06,182.5,1.0,-6.95,30.19,Tragelaphus strepsiceros,70827,False
Tragulus javanicus,Artiodactyla,Tragulidae,1889.93,158.55,0.98,,144.0,,21.0,1.0,,,Tragulus javanicus,986979,False
Tragulus kanchil,Artiodactyla,Tragulidae,,,,,,,,,9.09,98.14,Tragulus kanchil,532216,False
Tragulus napu,Artiodactyla,Tragulidae,5273.67,154.24,0.96,,195.96,,84.86,1.0,4.18,107.22,Tragulus napu,986983,False
Tragulus nigricans,Artiodactyla,Tragulidae,,,,,,,,,9.61,118.32,Tragulus nigricans,3611563,False
Tragulus versicolor,Artiodactyla,Tragulidae,,,,,,,,,,,Tragulus versicolor,3611561,False
Tragulus williamsoni,Artiodactyla,Tragulidae,,,,,,,,,,,Tragulus williamsoni,3611562,False
Tremarctos ornatus,Carnivora,Ursidae,123176.97,215.0,1.44,,437.0,,173.44,2.0,-5.52,-71.63,Tremarctos ornatus,679667,False
Triaenops auritus,Chiroptera,Hipposideridae,,,,,,,,,-12.3,49.27,Paratriaenops auritus,1071075,True
Triaenops furculus,Chiroptera,Hipposideridae,5.56,,,,,,,3.0,-14.23,47.2,Paratriaenops furculus,221782,True
Triaenops persicus,Chiroptera,Hipposideridae,13.18,,,,,,,3.0,3.76,36.46,Triaenops persicus,1071077,False
Triaenops rufus,Chiroptera,Hipposideridae,9.1,,,,,,,3.0,-18.86,47.2,Triaenops rufus,1071076,False
Trichechus inunguis,Sirenia,Trichechidae,418001.19,372.74,1.0,,360.0,,516.18,1.0,,,Trichechus inunguis,226185,False
Trichechus manatus,Sirenia,Trichechidae,467324.83,334.58,1.22,,360.0,,266.74,2.0,,,Trichechus manatus,226178,False
Trichechus senegalensis,Sirenia,Trichechidae,454000.0,380.2,1.0,,,,,2.0,,,Trichechus senegalensis,72667,False
Trichosurus arnhemensis,Diprotodontia,Phalangeridae,1540.74,,1.01,,,,181.46,1.0,-17.12,125.86,Trichosurus arnhemensis,836539,False
Trichosurus caninus,Diprotodontia,Phalangeridae,3115.06,16.2,1.02,0.02,204.0,100.0,241.95,1.0,-32.83,149.16,Trichosurus caninus,217523,False
Trichosurus cunninghami,Diprotodontia,Phalangeridae,,,,,,,,,,,Trichosurus cunninghami,821675,False
Trichosurus johnstonii,Diprotodontia,Phalangeridae,,,,,,,,,-17.46,145.76,Trichosurus johnstonii,44500,False
Trichosurus vulpecula,Diprotodontia,Phalangeridae,2685.39,17.5,1.02,0.03,176.4,124.0,191.59,1.0,-27.96,134.29,Trichosurus vulpecula,836760,False
Trichys fasciculata,Rodentia,Hystricidae,1750.0,,,,121.2,,,,1.19,108.67,Trichys fasciculata,475301,False
Trinomys albispinus,Rodentia,Echimyidae,284.99,,,,,,,,-12.35,-39.04,Trinomys albispinus,282490,False
Tadarida latouchei,Chiroptera,Molossidae,,,,,,,,,30.01,117.8,Tadarida latouchei,3613938,False
Tapirus pinchaque,Perissodactyla,Tapiridae,156923.4,393.99,1.0,6.38,,0.27,339.47,1.0,-0.02,-76.11,Tapirus pinchaque,1011998,False
Tapirus terrestris,Perissodactyla,Tapiridae,169496.64,395.41,1.0,,420.0,0.85,277.49,2.0,-9.17,-56.82,Tapirus terrestris,1034223,False
Tarsipes rostratus,Diprotodontia,Tarsipedidae,9.66,61.27,2.93,0.000814137,24.0,29699.99,89.74,1.0,-31.3,119.82,Tarsipes rostratus,901943,False
Tarsius bancanus,Primates,Tarsiidae,114.39,125.84,1.0,0.01,144.0,62.24,78.55,2.0,0.56,110.93,Cephalopachus bancanus,339050,True
Tarsius dentatus,Primates,Tarsiidae,110.42,,1.01,0.003855591,,129.0,,,-1.16,120.15,Tarsius dentatus,712758,False
Tarsius pelengensis,Primates,Tarsiidae,165.0,,1.02,,,,,,-1.4,123.17,Tarsius pelengensis,3607736,False
Tarsius pumilus,Primates,Tarsiidae,,,1.01,,,,,,-2.51,120.27,Tarsius pumilus,3607739,False
Sphiggurus mexicanus,Rodentia,Erethizontidae,2000.0,,0.98,,,,,1.0,15.31,-90.54,Coendou mexicanus,1080803,True
Sphiggurus pruinosus,Rodentia,Erethizontidae,,,,,,,,,8.02,-71.73,Coendou pruinosus,3609649,True
Sphiggurus roosmalenorum,Rodentia,Erethizontidae,,,,,,,,,,,Sphiggurus roosmalenorum,3609654,False
Sphiggurus spinosus,Rodentia,Erethizontidae,750.78,,,,,,,,-22.61,-52.13,Coendou spinosus,3609652,True
Sphiggurus vestitus,Rodentia,Erethizontidae,736.0,,,,,,,,4.78,-75.34,Coendou vestitus,3609655,True
Sphiggurus villosus,Rodentia,Erethizontidae,1750.01,,1.0,,,,,,,,Coendou villosus,44975,True
Spilocuscus kraemeri,Diprotodontia,Phalangeridae,,,1.02,,,,,,-2.4,147.34,Spilocuscus kraemeri,3606937,False
Acomys cahirinus,Rodentia,Muridae,41.16,38.54,2.43,0.000880412,60.0,2366.22,14.0,,,,Acomys cahirinus,816259,False
Acomys chudeaui,Rodentia,Muridae,,,,,,,,,,,Acomys chudeaui,487174,False
Acomys cilicicus,Rodentia,Muridae,,,,,,,,,36.9,34.62,Acomys cilicicus,173081,False
Acomys cineraceus,Rodentia,Muridae,,,,,,,,,,,Acomys cineraceus,1043426,False
Acomys dimidiatus,Rodentia,Muridae,,,,,,,,,25.33,46.37,Acomys dimidiatus,996659,False
Acomys ignitus,Rodentia,Muridae,,,,,,,,,-3.17,38.54,Acomys ignitus,368525,False
Acomys johannis,Rodentia,Muridae,,,,,,,,,,,Acomys johannis,905136,False
Acomys kempi,Rodentia,Muridae,21.99,,,,,,,,-0.18,41.25,Acomys kempi,501413,False
Acomys louisae,Rodentia,Muridae,20.19,,,,,,,,8.79,46.65,Acomys louisae,3608604,False
Acomys minous,Rodentia,Muridae,62.5,,,,,,,,35.31,24.91,Acomys minous,747232,False
Acomys mullah,Rodentia,Muridae,,,,,,,,,9.52,43.96,Acomys mullah,3608602,False
Acomys nesiotes,Rodentia,Muridae,,,,,,,,,35.13,33.43,Acomys nesiotes,747230,False
Acomys percivali,Rodentia,Muridae,21.99,,,,,,,,2.25,37.3,Acomys percivali,747234,False
Acomys russatus,Rodentia,Muridae,42.35,,2.5,0.000488186,,3487.07,,,22.84,39.5,Acomys russatus,996662,False
Acomys seurati,Rodentia,Muridae,,,,,,,,,,,Acomys seurati,3608607,False
Acomys spinosissimus,Rodentia,Muridae,26.5,,2.71,,,204.07,,,-15.08,32.38,Acomys spinosissimus,477714,False
Acomys subspinosus,Rodentia,Muridae,21.92,,,,,3543.88,,,-32.84,21.31,Acomys subspinosus,863707,False
Acomys wilsoni,Rodentia,Muridae,18.5,,2.29,,,,,,2.96,41.21,Acomys wilsoni,600704,False
Aconaemys fuscus,Rodentia,Octodontidae,129.95,,3.23,,,,,1.0,,,Aconaemys fuscus,620800,False
Aconaemys porteri,Rodentia,Octodontidae,,,,,,,,,,,Aconaemys porteri,867368,False
Aconaemys sagei,Rodentia,Octodontidae,96.49,,,,,,,,-39.41,-72.06,Aconaemys sagei,867373,False
Acrobates pygmaeus,Diprotodontia,Acrobatidae,13.84,,2.8,0.005959065,86.4,899.99,97.5,2.0,-24.91,145.86,Acrobates pygmaeus,432839,False
Sundamys muelleri,Rodentia,Muridae,356.48,,,,24.0,,,,3.19,108.35,Sundamys muelleri,501407,False
Sundasciurus brookei,Rodentia,Sciuridae,114.05,,,,,,,,2.6,114.0,Sundasciurus brookei,149971,False
Sundasciurus davensis,Rodentia,Sciuridae,,,,,,,,,7.48,125.82,Sundasciurus davensis,3609150,False
Sundasciurus fraterculus,Rodentia,Sciuridae,,,,,,,,,-1.88,99.4,Sundasciurus fraterculus,3609160,False
Sundasciurus hippurus,Rodentia,Sciuridae,357.79,,,,,177.15,,2.0,0.8,107.22,Sundasciurus hippurus,3609158,False
Sundasciurus hoogstraali,Rodentia,Sciuridae,,,,,,,,,12.14,120.09,Sundasciurus hoogstraali,3609154,False
Sundasciurus jentinki,Rodentia,Sciuridae,,,,,,,,,4.98,116.15,Sundasciurus jentinki,3609151,False
Sundasciurus juvencus,Rodentia,Sciuridae,,,,,,,,,10.5,119.11,Sundasciurus juvencus,3609157,False
Sundasciurus lowii,Rodentia,Sciuridae,84.99,,2.46,,,,,2.0,0.75,107.22,Sundasciurus lowii,966750,False
Sundasciurus mindanensis,Rodentia,Sciuridae,,,,,,,,,7.69,124.24,Sundasciurus mindanensis,747750,False
Sundasciurus moellendorffi,Rodentia,Sciuridae,,,,,,,,,11.79,120.0,Sundasciurus moellendorffi,3609153,False
Sundasciurus philippinensis,Rodentia,Sciuridae,,,,,,,,,7.86,124.19,Sundasciurus philippinensis,898821,False
Sundasciurus rabori,Rodentia,Sciuridae,,,,,,,,,9.87,118.44,Sundasciurus rabori,3609156,False
Sundasciurus samarensis,Rodentia,Sciuridae,225.0,,,,,,,,11.29,125.01,Sundasciurus samarensis,3609152,False
Sundasciurus steerii,Rodentia,Sciuridae,,,,,,,,,8.77,117.8,Sundasciurus steerii,3609155,False
Sundasciurus tenuis,Rodentia,Sciuridae,74.87,,3.11,,,141.72,,2.0,0.89,106.68,Sundasciurus tenuis,3609159,False
Surdisorex norae,Soricomorpha,Soricidae,23.57,,1.41,,,,,,-0.49,36.68,Surdisorex norae,3614603,False
Surdisorex polulus,Soricomorpha,Soricidae,8.99,,1.49,,,,,,-0.17,37.32,Surdisorex polulus,3614605,False
Suricata suricatta,Carnivora,Herpestidae,729.99,77.0,3.86,11.76,150.0,,55.68,3.0,-24.77,21.29,Suricata suricatta,803645,False
Sus ahoenobarbus,Artiodactyla,Suidae,,,,,,,,,8.68,121.76,Sus ahoenobarbus,3611398,False
Sus barbatus,Artiodactyla,Suidae,135805.95,114.63,6.59,,,,105.85,2.0,0.54,108.05,Sus barbatus,240565,False
Sus bucculentus,Artiodactyla,Suidae,,,,,,,,,18.17,105.09,Sus bucculentus,582398,False
Sus cebifrons,Artiodactyla,Suidae,190792.3,125.14,4.58,,,,105.85,2.0,10.82,122.96,Sus cebifrons,149810,False
Sus celebensis,Artiodactyla,Suidae,53813.21,126.0,3.24,,,,,2.0,-2.37,122.02,Sus celebensis,418120,False
Sus oliveri,Artiodactyla,Suidae,,,,,,,,,,,Sus oliveri,3611400,False
Sus philippensis,Artiodactyla,Suidae,190792.3,125.14,6.24,,,,105.85,2.0,12.1,123.17,Sus philippensis,149813,False
Sus salvanius,Artiodactyla,Suidae,7974.13,110.5,3.66,0.15,144.0,,,2.0,26.7,90.69,Porcula salvania,556761,True
Sus scrofa,Artiodactyla,Suidae,84471.54,115.2,4.52,1.18,252.0,3.54,97.88,2.0,25.6,64.23,Sus scrofa,730013,False
Sus verrucosus,Artiodactyla,Suidae,89406.23,121.66,5.47,,168.0,,,2.0,-7.25,110.32,Sus verrucosus,678448,False
Syconycteris australis,Chiroptera,Pteropodidae,17.6,,1.0,,,,89.99,1.0,-16.55,140.13,Syconycteris australis,164533,False
Syconycteris carolinae,Chiroptera,Pteropodidae,39.67,,,,,,,1.0,0.65,128.09,Syconycteris carolinae,3613446,False
Syconycteris hobbit,Chiroptera,Pteropodidae,20.06,,0.98,,,,,1.0,-5.78,142.68,Syconycteris hobbit,3613447,False
Sylvicapra grimmia,Artiodactyla,Bovidae,15639.15,174.89,0.98,,171.96,2.42,60.83,1.0,-9.22,14.33,Sylvicapra grimmia,23046,False
Sylvilagus aquaticus,Lagomorpha,Leporidae,2133.34,37.24,3.0,0.01,,82.44,20.88,1.0,33.14,-90.56,Sylvilagus aquaticus,989147,False
Sylvilagus audubonii,Lagomorpha,Leporidae,880.88,28.0,3.0,0.03,,290.0,24.5,1.0,33.57,-110.26,Sylvilagus audubonii,532394,False
Sylvilagus bachmani,Lagomorpha,Leporidae,714.53,27.0,3.35,0.0022227,,568.0,16.27,1.0,34.52,-116.97,Sylvilagus bachmani,634755,False
Sylvilagus brasiliensis,Lagomorpha,Leporidae,986.74,42.5,1.9,,,3.54,26.3,1.0,-3.3,-67.11,Sylvilagus brasiliensis,634572,False
Sylvilagus cognatus,Lagomorpha,Leporidae,,,,,,,,,34.89,-106.3,Sylvilagus cognatus,3611210,False
Sylvilagus cunicularius,Lagomorpha,Leporidae,2489.54,30.0,3.71,,,,,1.0,19.81,-101.3,Sylvilagus cunicularius,3611214,False
Sylvilagus dicei,Lagomorpha,Leporidae,,30.41,4.5,,108.0,,31.32,1.0,9.59,-83.6,Sylvilagus dicei,3611218,False
Sylvilagus floridanus,Lagomorpha,Leporidae,1207.19,27.0,4.62,0.01,108.0,680.83,22.78,1.0,28.17,-92.47,Sylvilagus floridanus,864591,False
Sylvilagus graysoni,Lagomorpha,Leporidae,964.01,,,,,,,,21.53,-106.45,Sylvilagus graysoni,3611217,False
Sylvilagus insonus,Lagomorpha,Leporidae,2999.98,,,,,,,,17.38,-99.82,Sylvilagus insonus,3611216,False
Sylvilagus mansuetus,Lagomorpha,Leporidae,,,,,,,,,24.98,-110.62,Sylvilagus bachmani mansuetus,3611209,True
Sylvilagus nuttallii,Lagomorpha,Leporidae,801.54,28.24,4.79,,,86.25,31.26,1.0,42.18,-112.84,Sylvilagus nuttallii,956328,False
Sylvilagus obscurus,Lagomorpha,Leporidae,,,,,,,,,37.61,-81.42,Sylvilagus obscurus,956330,False
Sylvilagus palustris,Lagomorpha,Leporidae,1355.23,33.46,2.96,0.03,,,,1.0,31.07,-81.4,Sylvilagus palustris,687149,False
Sylvilagus robustus,Lagomorpha,Leporidae,,,,,,,,,30.44,-104.53,Sylvilagus robustus,1038023,False
Sylvilagus transitionalis,Lagomorpha,Leporidae,813.51,28.0,4.41,0.004289748,,,15.95,1.0,42.87,-71.44,Sylvilagus transitionalis,393434,False
Sylvilagus varynaensis,Lagomorpha,Leporidae,,,,,,,,,8.65,-68.31,Sylvilagus varynaensis,3611219,False
Sylvisorex camerunensis,Soricomorpha,Soricidae,,,,,,,,,,,Sylvisorex camerunensis,3614488,False
Sylvisorex granti,Soricomorpha,Soricidae,,,1.78,,,404.79,,,-0.85,33.25,Sylvisorex granti,587053,False
Sylvisorex howelli,Soricomorpha,Soricidae,,,,,,,,,-6.0,37.92,Sylvisorex howelli,587058,False
Sylvisorex isabellae,Soricomorpha,Soricidae,,,,,,,,,3.49,8.68,Sylvisorex isabellae,3614489,False
Sylvisorex johnstoni,Soricomorpha,Soricidae,3.19,,,,,,,,0.6,19.39,Sylvisorex johnstoni,1005591,False
Sylvisorex konganensis,Soricomorpha,Soricidae,5.15,,,,,,,,,,Sylvisorex konganensis,3614485,False
Sylvisorex lunaris,Soricomorpha,Soricidae,18.78,,2.69,,,840.59,,,-1.78,29.57,Sylvisorex lunaris,587055,False
Sylvisorex morio,Soricomorpha,Soricidae,,,1.99,,,,,,4.2,9.2,Sylvisorex morio,3614490,False
Sylvisorex ollula,Soricomorpha,Soricidae,16.59,,,,,,,,1.52,12.68,Sylvisorex ollula,535656,False
Sylvisorex oriundus,Soricomorpha,Soricidae,,,,,,,,,2.11,28.56,Sylvisorex oriundus,3614487,False
Sylvisorex pluvialis,Soricomorpha,Soricidae,,,,,,,,,,,Sylvisorex pluvialis,3614486,False
Sylvisorex vulcanorum,Soricomorpha,Soricidae,3.49,,,,,,,,-1.98,29.32,Sylvisorex vulcanorum,98831,False
Symphalangus syndactylus,Primates,Hylobatidae,10839.0,230.66,1.02,0.22,456.0,4.99,635.38,2.0,0.14,100.71,Symphalangus syndactylus,417961,False
Synaptomys borealis,Rodentia,Cricetidae,21.3,,4.27,,,,,,55.83,-110.9,Synaptomys borealis,910193,False
Synaptomys cooperi,Rodentia,Cricetidae,28.01,23.3,3.09,0.000847162,30.0,1144.96,20.41,1.0,42.99,-80.67,Synaptomys cooperi,688240,False
Syncerus caffer,Artiodactyla,Bovidae,592665.98,337.49,1.08,63.73,354.0,5.84,319.37,1.0,-8.82,14.73,Syncerus caffer,644255,False
Syntheosciurus brochus,Rodentia,Sciuridae,,,,,,,,1.0,9.51,-83.33,Syntheosciurus brochus,902076,False
Tachyglossus aculeatus,Monotremata,Tachyglossidae,4499.97,17.72,1.0,0.44,600.0,,170.08,3.0,-22.26,133.39,Tachyglossus aculeatus,16038,False
Tachyoryctes ankoliae,Rodentia,Spalacidae,,,,,,,,,-0.48,30.56,Tachyoryctes ankoliae,3608566,False
Tachyoryctes annectens,Rodentia,Spalacidae,,,,,,,,,-0.48,36.46,Tachyoryctes annectens,3608571,False
Tachyoryctes audax,Rodentia,Spalacidae,,,,,,,,,-0.48,36.52,Tachyoryctes audax,3608567,False
Tachyoryctes daemon,Rodentia,Spalacidae,,,,,,,,,-2.44,34.27,Tachyoryctes daemon,3608572,False
Tachyoryctes ibeanus,Rodentia,Spalacidae,,,,,,,,,-1.63,35.77,Tachyoryctes ibeanus,3608561,False
Tachyoryctes macrocephalus,Rodentia,Spalacidae,621.88,,1.0,,,6299.99,,1.0,7.05,39.56,Tachyoryctes macrocephalus,3608569,False
Tachyoryctes naivashae,Rodentia,Spalacidae,,,,,,,,,-1.28,36.99,Tachyoryctes naivashae,3608568,False
Tachyoryctes rex,Rodentia,Spalacidae,,,,,,,,,0.06,37.75,Tachyoryctes rex,3608564,False
Tachyoryctes ruandae,Rodentia,Spalacidae,,48.63,1.4,,,,,,-2.6,29.67,Tachyoryctes ruandae,3608570,False
Tachyoryctes ruddi,Rodentia,Spalacidae,,,,,,,,,0.28,34.83,Tachyoryctes ruddi,3608573,False
Tachyoryctes spalacinus,Rodentia,Spalacidae,,,,,,,,,-0.49,37.55,Tachyoryctes spalacinus,3608565,False
Tachyoryctes splendens,Rodentia,Spalacidae,227.13,39.01,1.41,7.80443e-05,,3385.42,35.07,,9.5,40.05,Tachyoryctes splendens,756782,False
Tachyoryctes storeyi,Rodentia,Spalacidae,,,,,,,,,,,Tachyoryctes storeyi,3608562,False
Tadarida aegyptiaca,Chiroptera,Molossidae,17.63,85.52,0.99,,,,60.41,3.0,1.12,40.11,Tadarida aegyptiaca,263936,False
Tadarida australis,Chiroptera,Molossidae,36.4,,1.0,,,,,,-29.12,133.39,Tadarida australis,3613948,False
Tadarida brasiliensis,Chiroptera,Molossidae,12.61,89.99,1.11,,180.0,,54.24,3.0,1.23,-81.11,Tadarida brasiliensis,238412,False
Tadarida lobata,Chiroptera,Molossidae,,,,,,,,,-8.08,32.8,Tadarida lobata,3613950,False
Tadarida teniotis,Chiroptera,Molossidae,28.07,,0.98,,,,,3.0,35.4,43.18,Tadarida teniotis,190910,False
Tadarida ventralis,Chiroptera,Molossidae,,,,,,,,,-7.27,32.62,Tadarida ventralis,3613914,False
Taeromys arcuatus,Rodentia,Muridae,,,,,,,,,-3.6,121.26,Taeromys arcuatus,3611070,False
Taeromys callitrichus,Rodentia,Muridae,,,,,,,,,-1.56,122.26,Taeromys callitrichus,3611073,False
Taeromys celebensis,Rodentia,Muridae,,,,,,,,,-1.56,122.26,Taeromys celebensis,3611068,False
Taeromys hamatus,Rodentia,Muridae,,,,,,,,,-1.57,120.33,Taeromys hamatus,3611078,False
Taeromys microbullatus,Rodentia,Muridae,,,,,,,,,,,Taeromys microbullatus,3610734,False
Taeromys punicans,Rodentia,Muridae,,,,,,,,,-1.6,120.33,Taeromys punicans,3611072,False
Taeromys taerae,Rodentia,Muridae,,,4.37,,,,,,1.33,124.94,Taeromys taerae,3611067,False
Talpa altaica,Soricomorpha,Talpidae,,288.95,4.59,,,,,3.0,59.73,99.01,Talpa altaica,243622,False
Talpa caeca,Soricomorpha,Talpidae,71.08,,,,,4999.99,,3.0,42.72,18.28,Talpa caeca,353440,False
Talpa caucasica,Soricomorpha,Talpidae,,,,,,,,3.0,43.3,44.11,Talpa caucasica,626275,False
Talpa davidiana,Soricomorpha,Talpidae,,,3.49,,,,,3.0,35.75,47.15,Talpa davidiana,3614243,False
Talpa europaea,Soricomorpha,Talpidae,87.53,30.41,3.89,0.002281811,84.0,925.63,32.49,3.0,52.82,35.32,Talpa europaea,222362,False
Talpa levantis,Soricomorpha,Talpidae,,,,,,,,3.0,40.56,38.18,Talpa levantis,626278,False
Talpa occidentalis,Soricomorpha,Talpidae,49.47,,,,,,,3.0,39.9,-4.93,Talpa occidentalis,366965,False
Talpa romana,Soricomorpha,Talpidae,92.5,,,0.002738746,,1157.05,,3.0,40.61,14.95,Talpa romana,1003027,False
Talpa stankovici,Soricomorpha,Talpidae,71.12,,,,,4999.99,,3.0,40.85,20.97,Talpa stankovici,850321,False
Tamandua mexicana,Pilosa,Myrmecophagidae,4178.51,163.24,,0.22,114.0,4.84,,3.0,8.71,-86.73,Tamandua mexicana,273227,False
Tamandua tetradactyla,Pilosa,Myrmecophagidae,4800.0,160.0,1.0,2.72,108.0,5.31,,3.0,-10.06,-56.5,Tamandua tetradactyla,1014324,False
Tamias alpinus,Rodentia,Sciuridae,36.54,,4.5,,,,,1.0,36.95,-118.82,Tamias alpinus,942784,False
Tamias amoenus,Rodentia,Sciuridae,50.63,30.46,4.99,0.008434861,62.0,152.81,41.99,2.0,45.07,-118.41,Tamias amoenus,1030055,False
Tamias bulleri,Rodentia,Sciuridae,100.0,,2.43,,,,,,23.21,-103.99,Tamias bulleri,956007,False
Tamias canipes,Rodentia,Sciuridae,70.2,,3.88,,,,,2.0,32.66,-105.26,Tamias canipes,428070,False
Tamias cinereicollis,Rodentia,Sciuridae,61.59,30.19,4.89,,,499.99,42.67,2.0,33.63,-109.39,Tamias cinereicollis,956003,False
Tamias dorsalis,Rodentia,Sciuridae,63.66,29.49,4.99,0.01,,,30.0,1.0,33.88,-111.22,Tamias dorsalis,428073,False
Tamias durangae,Rodentia,Sciuridae,84.99,,2.38,,,,,,24.79,-103.58,Tamias durangae,956012,False
Tamias merriami,Rodentia,Sciuridae,74.77,33.37,4.5,,,,,2.0,35.54,-119.28,Tamias merriami,956009,False
Tamias minimus,Rodentia,Sciuridae,42.87,29.19,4.95,0.01,75.96,221.91,37.71,2.0,50.47,-109.38,Tamias minimus,428107,False
Tamias obscurus,Rodentia,Sciuridae,72.99,,3.49,,,,,1.0,30.9,-115.05,Tamias obscurus,956016,False
Tamias ochrogenys,Rodentia,Sciuridae,91.69,,,,,,,2.0,39.36,-123.56,Tamias ochrogenys,501356,False
Tamias palmeri,Rodentia,Sciuridae,60.74,33.21,3.93,,,,81.85,2.0,36.33,-115.82,Tamias palmeri,956014,False
Tamias panamintinus,Rodentia,Sciuridae,51.73,36.23,4.04,,,,81.85,2.0,36.95,-117.42,Tamias panamintinus,429964,False
Tamias quadrimaculatus,Rodentia,Sciuridae,83.62,31.65,5.93,0.005589918,,52.0,,2.0,38.82,-120.3,Tamias quadrimaculatus,429967,False
Tamias quadrivittatus,Rodentia,Sciuridae,57.49,31.7,3.92,0.02,,,45.32,2.0,38.06,-106.79,Tamias quadrivittatus,428110,False
Tamias ruficaudus,Rodentia,Sciuridae,60.06,,4.85,,96.0,,,2.0,47.73,-115.18,Tamias ruficaudus,429959,False
Tamias rufus,Rodentia,Sciuridae,53.6,32.85,,0.007408495,,,45.24,1.0,38.51,-109.0,Tamias rufus,429961,False
Tamias senex,Rodentia,Sciuridae,89.35,,4.37,0.01,,,,2.0,41.13,-121.57,Tamias senex,429973,False
Tamias sibiricus,Rodentia,Sciuridae,94.16,34.98,5.01,0.001508451,,,29.69,,50.17,105.99,Tamias sibiricus,659097,False
Tamias siskiyou,Rodentia,Sciuridae,75.0,,,,,,,,42.81,-123.08,Tamias siskiyou,501354,False
Tamias sonomae,Rodentia,Sciuridae,75.0,,4.0,,,,21.0,1.0,39.85,-122.59,Tamias sonomae,429976,False
Tamias speciosus,Rodentia,Sciuridae,60.83,,4.14,0.01,,76.48,,2.0,37.12,-119.15,Tamias speciosus,800575,False
Tamias striatus,Rodentia,Sciuridae,,,,,,,,,40.78,-82.42,Tamias striatus,1005035,False
Tamias townsendii,Rodentia,Sciuridae,79.12,28.0,3.75,0.0072278,84.0,260.0,41.76,2.0,45.85,-122.45,Tamias townsendii,460632,False
Tamias umbrinus,Rodentia,Sciuridae,51.75,,6.8,0.02,,253.71,,,40.74,-112.04,Tamias umbrinus,429970,False
Tamiasciurus douglasii,Rodentia,Sciuridae,225.0,38.98,5.49,0.003531743,,44.28,,2.0,43.9,-122.92,Tamiasciurus douglasii,345257,False
Tamiasciurus hudsonicus,Rodentia,Sciuridae,200.24,34.25,3.93,0.007743219,144.0,174.35,67.22,2.0,50.04,-111.87,Tamiasciurus hudsonicus,866988,False
Tamiasciurus mearnsi,Rodentia,Sciuridae,,,,,,,,,31.89,-115.36,Tamiasciurus mearnsi,345256,False
Tamiops maritimus,Rodentia,Sciuridae,66.77,,2.59,,,,,,20.65,111.58,Tamiops maritimus,184622,False
Tamiops mcclellandii,Rodentia,Sciuridae,45.84,,2.38,,,,,,15.75,96.7,Tamiops mcclellandii,843314,False
Tamiops rodolphii,Rodentia,Sciuridae,,,,,,,,,12.87,105.2,Tamiops rodolphii,184615,False
Tamiops swinhoei,Rodentia,Sciuridae,,,3.4,,,,,,28.36,101.74,Tamiops swinhoei,149975,False
Tapecomys primus,Rodentia,Cricetidae,,,,,,,,,,,Tapecomys primus,972221,False
Taphozous achates,Chiroptera,Emballonuridae,,,,,,,,,-8.26,127.25,Taphozous achates,3613552,False
Taphozous australis,Chiroptera,Emballonuridae,,,,,,,,,-15.31,145.96,Taphozous australis,514592,False
Taphozous georgianus,Chiroptera,Emballonuridae,30.52,106.86,1.0,,60.0,,35.46,3.0,-18.4,132.38,Taphozous georgianus,652339,False
Taphozous hamiltoni,Chiroptera,Emballonuridae,,,,,,,,,7.24,27.0,Taphozous hamiltoni,3613550,False
Taphozous hildegardeae,Chiroptera,Emballonuridae,29.37,,1.0,,,,,3.0,-4.74,39.17,Taphozous hildegardeae,451724,False
Taphozous hilli,Chiroptera,Emballonuridae,21.99,,,,,,,,-23.98,127.31,Taphozous hilli,514605,False
Taphozous kapalgensis,Chiroptera,Emballonuridae,26.45,,,,,,,,-13.36,132.14,Taphozous kapalgensis,3613555,False
Taphozous longimanus,Chiroptera,Emballonuridae,25.11,107.22,0.99,,,,22.13,3.0,9.65,97.81,Taphozous longimanus,432535,False
Taphozous mauritianus,Chiroptera,Emballonuridae,27.97,42.89,1.0,,,,,3.0,-9.43,20.48,Taphozous mauritianus,879091,False
Taphozous melanopogon,Chiroptera,Emballonuridae,25.99,122.5,0.99,,,,46.67,,10.45,98.92,Taphozous melanopogon,1011486,False
Taphozous nudiventris,Chiroptera,Emballonuridae,32.49,100.11,1.0,,,,52.01,,19.29,40.47,Taphozous nudiventris,75194,False
Taphozous perforatus,Chiroptera,Emballonuridae,24.43,91.24,0.99,,,,,,4.57,31.48,Taphozous perforatus,3613554,False
Taphozous theobaldi,Chiroptera,Emballonuridae,36.83,,,,,,,,8.62,98.13,Taphozous theobaldi,3613551,False
Taphozous troughtoni,Chiroptera,Emballonuridae,,,,,,,,,-20.0,139.37,Taphozous troughtoni,3613557,False
Tapirus bairdii,Perissodactyla,Tapiridae,293781.59,396.24,1.0,1.15,,0.34,362.93,1.0,9.5,-85.49,Tapirus bairdii,9419,False
Tapirus indicus,Perissodactyla,Tapiridae,311209.19,396.5,1.0,9.4,360.0,0.11,211.71,1.0,5.3,102.44,Tapirus indicus,93318,False
Tarsius sangirensis,Primates,Tarsiidae,165.0,,1.02,,,,,,3.55,125.53,Tarsius sangirensis,49187,False
Tarsius syrichta,Primates,Tarsiidae,115.91,177.99,1.01,0.007129928,180.0,,82.49,1.0,9.07,124.19,Carlito syrichta,339031,True
Abditomys latidens,Rodentia,Muridae,268.09,,,,,,,,16.84,120.88,Abditomys latidens,3610454,False
Abeomelomys sevia,Rodentia,Muridae,54.88,,1.0,,,,,,-5.91,144.66,Abeomelomys sevia,456612,False
Abrawayaomys ruschii,Rodentia,Cricetidae,62.99,,,,,,,,-17.47,-42.04,Abrawayaomys ruschii,3611096,False
Abrocoma bennettii,Rodentia,Abrocomidae,250.5,,4.86,,27.6,143.85,,,-31.64,-70.55,Abrocoma bennettii,234035,False
Abrocoma boliviensis,Rodentia,Abrocomidae,158.0,,,,,,,,-17.75,-64.0,Abrocoma boliviensis,3609753,False
Abrocoma budini,Rodentia,Abrocomidae,,,,,,,,,,,Abrocoma budini,3609757,False
Abrocoma cinerea,Rodentia,Abrocomidae,193.64,109.49,2.19,,,,,,-19.39,-67.43,Abrocoma cinerea,906641,False
Abrocoma famatina,Rodentia,Abrocomidae,,,,,,,,,,,Abrocoma famatina,3609754,False
Abrocoma shistacea,Rodentia,Abrocomidae,,,,,,,,,,,Abrocoma shistacea,3609758,False
Abrocoma uspallata,Rodentia,Abrocomidae,,,,,,,,,,,Abrocoma uspallata,3609756,False
Abrocoma vaccarum,Rodentia,Abrocomidae,,,,,,,,,,,Abrocoma vaccarum,3609752,False
Abrothrix andinus,Rodentia,Cricetidae,24.91,,,,,,,,-23.42,-69.84,Abrothrix andinus,292081,False
Abrothrix hershkovitzi,Rodentia,Cricetidae,,,,,,,,,-54.77,-69.07,Abrothrix hershkovitzi,621147,False
Abrothrix illuteus,Rodentia,Cricetidae,47.79,,,,,,,,-25.55,-65.73,Abrothrix illuteus,419783,False
Abrothrix jelskii,Rodentia,Cricetidae,34.5,,,,,,,2.0,-18.08,-68.91,Abrothrix jelskii,644651,False
Abrothrix lanosus,Rodentia,Cricetidae,27.83,,,,,,,,-52.76,-71.02,Abrothrix lanosus,843843,False
Abrothrix longipilis,Rodentia,Cricetidae,38.86,,3.7,,,2777.2,,2.0,-42.23,-71.19,Abrothrix longipilis,754326,False
Abrothrix markhami,Rodentia,Cricetidae,,,,,,,,,-49.37,-74.92,Abrothrix markhami,311709,False
Abrothrix olivaceus,Rodentia,Cricetidae,24.52,,5.34,0.000448137,12.0,3211.81,,2.0,-37.1,-70.11,Abrothrix olivaceus,754318,False
Abrothrix sanborni,Rodentia,Cricetidae,24.7,,,,,,,2.0,-41.86,-73.03,Abrothrix sanborni,3608360,False
Acerodon celebensis,Chiroptera,Pteropodidae,384.84,,0.98,,,,,,-1.37,122.55,Acerodon celebensis,635022,False
Acerodon humilis,Chiroptera,Pteropodidae,,,,,,,,,3.93,126.67,Acerodon humilis,3613521,False
Acerodon jubatus,Chiroptera,Pteropodidae,1087.04,,1.0,,,,,1.0,12.1,123.17,Acerodon jubatus,718815,False
Acerodon leucotis,Chiroptera,Pteropodidae,,,,,,,,,10.06,118.63,Acerodon leucotis,3613520,False
Acerodon mackloti,Chiroptera,Pteropodidae,467.93,,0.98,,,,,1.0,-9.22,121.57,Acerodon mackloti,3613523,False
Acinonyx jubatus,Carnivora,Felidae,50577.92,92.24,3.28,88.27,228.0,0.01,91.42,3.0,4.24,22.95,Acinonyx jubatus,752759,False
Acomys airensis,Rodentia,Muridae,,,,,,,,,,,Acomys airensis,3608603,False
Akodon affinis,Rodentia,Cricetidae,24.89,,,,,,,2.0,5.59,-76.41,Akodon affinis,170298,False
Akodon albiventer,Rodentia,Cricetidae,25.95,,,,,,,3.0,-21.02,-67.76,Akodon albiventer,299290,False
Akodon aliquantulus,Rodentia,Cricetidae,,,,,,,,,,,Akodon caenosus,694678,True
Akodon azarae,Rodentia,Cricetidae,25.27,23.0,4.59,,,7679.65,14.44,2.0,-29.65,-60.74,Akodon azarae,754324,False
Akodon bogotensis,Rodentia,Cricetidae,12.99,,,,,,,,6.06,-72.62,Neomicroxus bogotensis,3608362,True
Akodon boliviensis,Rodentia,Cricetidae,27.5,,4.86,,,,,2.0,-20.71,-69.11,Akodon boliviensis,292086,False
Akodon budini,Rodentia,Cricetidae,26.9,,,,,,,,-23.45,-66.08,Akodon budini,837330,False
Akodon cursor,Rodentia,Cricetidae,39.84,,,,,442.88,,2.0,-22.26,-51.37,Akodon cursor,754322,False
Akodon dayi,Rodentia,Cricetidae,32.49,,,,,,,,-14.67,-65.6,Akodon dayi,837345,False
Akodon dolores,Rodentia,Cricetidae,50.49,,3.89,,,,,,-31.11,-64.44,Akodon dolores,817138,False
Akodon fumeus,Rodentia,Cricetidae,22.69,,,,,,,,-17.86,-66.82,Akodon fumeus,837332,False
Akodon iniscatus,Rodentia,Cricetidae,28.7,,,,,,,,-44.54,-69.0,Akodon iniscatus,817145,False
Akodon juninensis,Rodentia,Cricetidae,38.99,,,,,,,,-10.4,-75.76,Akodon juninensis,292084,False
Akodon kofordi,Rodentia,Cricetidae,29.49,,,,,,,,-13.7,-70.35,Akodon kofordi,292090,False
Akodon latebricola,Rodentia,Cricetidae,38.99,,,,,,,,-1.91,-78.46,Akodon latebricola,694987,False
Akodon leucolimnaeus,Rodentia,Cricetidae,,,,,,,,,,,Akodon spegazzinii,170300,True
Akodon lindberghi,Rodentia,Cricetidae,26.4,,,,,,,,-14.15,-46.33,Akodon lindberghi,837916,False
Akodon lutescens,Rodentia,Cricetidae,20.69,,,,,,,,-20.19,-66.99,Akodon lutescens,806769,False
Akodon mimus,Rodentia,Cricetidae,23.99,,,,,,,,-15.85,-67.14,Akodon mimus,1068786,False
Akodon molinae,Rodentia,Cricetidae,32.99,23.0,3.77,,,,26.0,,-36.71,-65.09,Akodon molinae,224514,False
Akodon mollis,Rodentia,Cricetidae,30.39,,,,,,,,-3.32,-78.49,Akodon mollis,292088,False
Akodon montensis,Rodentia,Cricetidae,,,,,,,,,,,Akodon montensis,837919,False
Akodon mystax,Rodentia,Cricetidae,,,,,,,,,,,Akodon mystax,837918,False
Akodon neocenus,Rodentia,Cricetidae,42.39,,,,,,,,-39.39,-65.68,Akodon neocenus,3608361,False
Akodon oenos,Rodentia,Cricetidae,,,,,,,,,,,Akodon spegazzinii,170300,True
Akodon orophilus,Rodentia,Cricetidae,38.99,,,,,,,,-7.09,-76.95,Akodon orophilus,754316,False
Akodon paranaensis,Rodentia,Cricetidae,,,,,,,,,,,Akodon paranaensis,896699,False
Akodon pervalens,Rodentia,Cricetidae,,,,,,,,,,,Akodon pervalens,3608354,False
Akodon reigi,Rodentia,Cricetidae,,,,,,,,,,,Akodon reigi,896702,False
Akodon sanctipaulensis,Rodentia,Cricetidae,27.1,,,,,,,,-23.41,-47.28,Akodon sanctipaulensis,3608368,False
Akodon serrensis,Rodentia,Cricetidae,28.3,,,,,,,,-24.46,-50.88,Akodon serrensis,837921,False
Akodon siberiae,Rodentia,Cricetidae,34.6,,,,,,,,-17.41,-65.6,Akodon siberiae,360765,False
Akodon simulator,Rodentia,Cricetidae,42.5,,,,,,,,-25.12,-64.55,Akodon simulator,468305,False
Akodon spegazzinii,Rodentia,Cricetidae,28.6,,,,,,,,-25.81,-65.65,Akodon spegazzinii,170300,False
Akodon subfuscus,Rodentia,Cricetidae,30.39,,,,,,,,-13.8,-71.34,Akodon subfuscus,292092,False
Akodon surdus,Rodentia,Cricetidae,38.99,,,,,,,,-12.9,-72.86,Akodon surdus,3608367,False
Akodon sylvanus,Rodentia,Cricetidae,38.99,,,,,,,,-21.45,-64.73,Akodon sylvanus,536358,False
Akodon toba,Rodentia,Cricetidae,51.2,,,,,,,,-22.23,-60.29,Akodon toba,360763,False
Akodon torques,Rodentia,Cricetidae,38.99,,,,,,,,-13.44,-71.4,Akodon torques,292096,False
Akodon varius,Rodentia,Cricetidae,40.0,,,,,,,3.0,-19.29,-64.52,Akodon varius,224515,False
Alcelaphus buselaphus,Artiodactyla,Bovidae,160937.86,242.66,1.0,2.73,240.0,3.65,188.73,1.0,5.81,15.05,Alcelaphus buselaphus,989807,False
Alcelaphus caama,Artiodactyla,Bovidae,176115.97,,,,183.96,3.18,,,-21.68,20.84,Alcelaphus caama,989782,False
Alcelaphus lichtensteinii,Artiodactyla,Bovidae,168695.66,237.0,0.98,4.41,,1.71,,1.0,-11.63,29.24,Alcelaphus lichtensteini,363033,True
Alces alces,Artiodactyla,Cervidae,461900.76,235.0,1.25,71.75,324.0,0.4,98.85,1.0,,,Alces alces,460509,False
Alces americanus,Artiodactyla,Cervidae,541460.44,245.0,1.0,,300.0,,182.5,1.0,,,Alces americanus,196762,False
Alionycteris paucidentata,Chiroptera,Pteropodidae,16.24,,,,,,,,7.86,124.45,Alionycteris paucidentata,491371,False
Allactaga balikunica,Rodentia,Dipodidae,,,,,,,,,42.44,102.3,Allactaga balikunica,3608063,False
Allactaga bullata,Rodentia,Dipodidae,,,2.52,,,,,,45.69,103.2,Allactaga bullata,910642,False
Allactaga elater,Rodentia,Dipodidae,59.0,,4.47,,,,32.31,,39.46,68.98,Scarturus elater,475305,True
Allactaga euphratica,Rodentia,Dipodidae,232.0,,4.99,,50.4,,,,,,Allactaga euphratica,739520,False
Allactaga firouzi,Rodentia,Dipodidae,,,,,,,,,31.71,51.81,Allactaga firouzi,739517,False
Allactaga hotsoni,Rodentia,Dipodidae,,,,,,,,,30.12,61.7,Allactaga hotsoni,1043408,False
Allactaga major,Rodentia,Dipodidae,,,3.49,,,,45.36,,48.87,57.61,Allactaga major,852287,False
Allactaga severtzovi,Rodentia,Dipodidae,,,3.93,,,,,,42.18,65.39,Allactaga severtzovi,3608064,False
Allactaga sibirica,Rodentia,Dipodidae,,,3.44,,,,,,45.62,88.72,Allactaga sibirica,814883,False
Allactaga tetradactyla,Rodentia,Dipodidae,52.0,,,,,,,,30.78,26.29,Scarturus tetradactyla,3608061,True
Allactaga vinogradovi,Rodentia,Dipodidae,,,,,,,,,42.62,70.89,Allactaga vinogradovi,3608062,False
Allactaga williamsi,Rodentia,Dipodidae,,,,,,,,,,,Allactaga williamsi,164961,False
Allactodipus bobrinskii,Rodentia,Dipodidae,,,5.15,,,,,,41.47,60.01,Allactodipus bobrinskii,85039,False
Allenopithecus nigroviridis,Primates,Cercopithecidae,4749.96,,1.01,,276.0,,106.15,,-0.17,20.68,Allenopithecus nigroviridis,721471,False
Allocebus trichotis,Primates,Cheirogaleidae,78.09,,1.0,,,,,2.0,-16.59,49.35,Allocebus trichotis,516007,False
Allocricetulus curtatus,Rodentia,Cricetidae,,,5.19,,,,,,47.52,107.28,Allocricetulus curtatus,270176,False
Allocricetulus eversmanni,Rodentia,Cricetidae,,,4.99,,,,,,56.31,73.38,Allocricetulus eversmanni,753012,False
Alouatta belzebul,Primates,Atelidae,6157.91,,,,,17.0,,,-6.8,-47.71,Alouatta belzebul,1058654,False
Alouatta caraya,Primates,Atelidae,5576.96,185.92,1.01,,243.6,80.0,323.16,1.0,-20.34,-54.96,Alouatta caraya,791697,False
Alouatta coibensis,Primates,Atelidae,,,,,,,,,7.63,-81.56,Alouatta coibensis,3607546,False
Alouatta guariba,Primates,Atelidae,5188.33,,,0.03,,89.09,,1.0,-21.13,-46.64,Alouatta guariba,558069,False
Alouatta macconnelli,Primates,Atelidae,,,,,,,,,2.57,-58.69,Alouatta seniculus macconnelli,512634,True
Alouatta nigerrima,Primates,Atelidae,,,,,,,,,-5.63,-57.92,Alouatta nigerrima,6520508,False
Alouatta palliata,Primates,Atelidae,6576.99,185.42,1.02,0.19,300.0,58.99,495.6,1.0,6.95,-86.17,Alouatta palliata,1012045,False
Alouatta pigra,Primates,Atelidae,7172.06,185.92,1.01,0.3,240.0,8.53,,1.0,18.8,-89.58,Alouatta pigra,558066,False
Alouatta sara,Primates,Atelidae,6611.04,,,,,,,,-14.72,-63.5,Alouatta sara,814670,False
Alouatta seniculus,Primates,Atelidae,6398.31,189.9,1.42,0.1,300.0,44.49,370.04,2.0,0.68,-68.89,Alouatta seniculus,791699,False
Alticola albicaudus,Rodentia,Cricetidae,,,,,,,,,34.96,76.62,Alticola albicaudus,3608470,False
Alticola argentatus,Rodentia,Cricetidae,37.69,,4.57,,,,,1.0,39.79,83.36,Alticola argentatus,118432,False
Alticola barakshin,Rodentia,Cricetidae,,,,,,,,,48.48,93.02,Alticola barakshin,118430,False
Alticola lemminus,Rodentia,Cricetidae,,,,,,,,,62.51,-1.68e-05,Alticola lemminus,3608465,False
Alticola macrotis,Rodentia,Cricetidae,,,,,,,,,52.4,99.99,Alticola macrotis,910203,False
Alticola montosa,Rodentia,Cricetidae,,,,,,,,,33.5,77.02,Alticola montosa,3608469,False
Alticola olchonensis,Rodentia,Cricetidae,,,,,,,,,,,Alticola olchonensis,3608471,False
Alticola roylei,Rodentia,Cricetidae,37.0,,5.44,,,,,,31.26,78.8,Alticola roylei,3608467,False
Alticola semicanus,Rodentia,Cricetidae,,,,,,,,,47.67,104.93,Alticola semicanus,480666,False
Alticola stoliczkanus,Rodentia,Cricetidae,30.14,,7.77,,,,,,33.48,88.68,Alticola stoliczkanus,7067202,False
Alticola strelzowi,Rodentia,Cricetidae,49.99,20.85,6.9,,,,17.0,,48.65,80.78,Alticola strelzowi,118428,False
Alticola tuvinicus,Rodentia,Cricetidae,,,,,,,,,52.02,96.36,Alticola tuvinicus,3608466,False
Amblyrhiza inundata,Rodentia,Heptaxodontidae,,,,,,,,,,,Amblyrhiza inundata,3611157,False
Amblysomus corriae,Afrosoricida,Chrysochloridae,,,,,,,,,-33.63,20.52,Amblysomus corriae,753114,False
Amblysomus hottentotus,Afrosoricida,Chrysochloridae,62.6,,1.86,0.000334208,12.0,1000.0,,2.0,-29.74,27.85,Amblysomus hottentotus,574736,False
Amblysomus marleyi,Afrosoricida,Chrysochloridae,,,,,,,,,-27.6,32.09,Amblysomus marleyi,117566,False
Amblysomus robustus,Afrosoricida,Chrysochloridae,,,,,,,,,-25.64,30.41,Amblysomus robustus,178886,False
Amblysomus septentrionalis,Afrosoricida,Chrysochloridae,,,,,,,,,-27.28,28.75,Amblysomus septentrionalis,178889,False
Ametrida centurio,Chiroptera,Phyllostomidae,10.61,,0.98,,,,,1.0,-2.18,-58.93,Ametrida centurio,895014,False
Ammodillus imbellis,Rodentia,Muridae,49.99,,,,,,,,7.14,46.46,Ammodillus imbellis,3610375,False
Ammodorcas clarkei,Artiodactyla,Bovidae,28049.81,200.0,1.0,,36.0,0.73,,,6.18,46.58,Ammodorcas clarkei,3611830,False
Ammospermophilus harrisii,Rodentia,Sciuridae,126.57,29.19,6.32,,,24.97,48.63,1.0,32.24,-111.58,Ammospermophilus harrisii,580350,False
Ammospermophilus insularis,Rodentia,Sciuridae,,,,,,,,,24.46,-110.34,Ammospermophilus insularis,632597,False
Ammospermophilus interpres,Rodentia,Sciuridae,112.53,,9.36,,,,,2.0,30.12,-104.13,Ammospermophilus interpres,580348,False
Ammospermophilus leucurus,Rodentia,Sciuridae,103.92,29.38,8.0,0.04,69.6,14.49,64.51,2.0,33.5,-113.4,Ammospermophilus leucurus,580339,False
Ammospermophilus nelsoni,Rodentia,Sciuridae,160.42,26.0,8.9,0.03,66.0,,29.83,2.0,35.77,-120.04,Ammospermophilus nelsoni,3609051,False
Ammotragus lervia,Artiodactyla,Bovidae,94202.22,156.24,1.22,7.06,252.0,,121.66,1.0,24.84,10.6,Ammotragus lervia,768699,False
Amorphochilus schnablii,Chiroptera,Furipteridae,,,0.99,,,,,3.0,-11.15,-75.01,Amorphochilus schnablii,3614022,False
Amphinectomys savamis,Rodentia,Cricetidae,,,,,,,,,,,Amphinectomys savamis,139343,False
Anathana ellioti,Scandentia,Tupaiidae,160.0,,4.84,,,,,,16.0,80.18,Anathana ellioti,603405,False
Andalgalomys olrogi,Rodentia,Cricetidae,32.9,,,,,,,,-27.64,-66.27,Andalgalomys olrogi,554235,False
Andalgalomys pearsoni,Rodentia,Cricetidae,25.4,,,,,,,,-20.11,-60.25,Andalgalomys pearsoni,554233,False
Andalgalomys roigi,Rodentia,Cricetidae,,,,,,,,,,,Andalgalomys roigi,972224,False
Andinomys edax,Rodentia,Cricetidae,69.75,,2.91,,,,,,-22.59,-67.88,Andinomys edax,84877,False
Anisomys imitator,Rodentia,Muridae,510.5,,,,,,,1.0,-6.67,142.45,Anisomys imitator,976853,False
Anomalurus beecrofti,Rodentia,Anomaluridae,479.07,,0.98,,,,,,4.89,5.88,Anomalurus beecrofti,254702,False
Anomalurus derbianus,Rodentia,Anomaluridae,665.84,,1.0,0.04,,50.43,,1.0,-4.44,13.45,Anomalurus derbianus,3609277,False
Anomalurus pelii,Rodentia,Anomaluridae,1769.99,,2.5,,,,,,6.17,-5.66,Anomalurus pelii,3609276,False
Anomalurus pusillus,Rodentia,Anomaluridae,250.0,,,,,6.22,,,0.52,9.22,Anomalurus pusillus,3609275,False
Anonymomys mindorensis,Rodentia,Muridae,,,,,,,,,13.26,120.83,Anonymomys mindorensis,3611060,False
Anotomys leander,Rodentia,Cricetidae,66.39,,0.97,,,,,,-1.43,-78.32,Anotomys leander,3610119,False
Anoura caudifer,Chiroptera,Phyllostomidae,10.81,107.97,0.99,,,,,2.0,-8.12,-58.68,Anoura caudifer,351792,False
Anoura cultrata,Chiroptera,Phyllostomidae,17.39,,1.22,,,,,2.0,-1.7,-74.38,Anoura cultrata,485774,False
Anoura geoffroyi,Chiroptera,Phyllostomidae,15.15,125.14,0.99,,120.0,,62.5,2.0,0.25,-71.81,Anoura geoffroyi,688667,False
Anoura latidens,Chiroptera,Phyllostomidae,15.06,,,,,,,2.0,9.59,-66.77,Anoura latidens,130223,False
Anoura luismanueli,Chiroptera,Phyllostomidae,,,,,,,,,8.85,-70.82,Anoura luismanueli,3613592,False
Anourosorex assamensis,Soricomorpha,Soricidae,,,,,,,,,,,Anourosorex assamensis,3614454,False
Anourosorex schmidi,Soricomorpha,Soricidae,,,,,,,,,,,Anourosorex schmidi,3614455,False
Anourosorex squamipes,Soricomorpha,Soricidae,20.0,,2.82,,,190.0,,,25.66,99.97,Anourosorex squamipes,557343,False
Anourosorex yamashinai,Soricomorpha,Soricidae,,,,,,,,,23.6,121.02,Anourosorex yamashinai,843247,False
Antechinomys laniger,Dasyuromorphia,Dasyuridae,25.57,11.74,5.99,,39.6,,91.24,,-27.09,131.24,Antechinomys laniger,1090598,False
Antechinus adustus,Dasyuromorphia,Dasyuridae,,,,,,,,,-17.92,145.62,Antechinus adustus,3607143,False
Antechinus agilis,Dasyuromorphia,Dasyuridae,22.13,27.0,10.0,,,711.0,89.99,,-36.44,146.0,Antechinus agilis,664295,False
Antechinus bellus,Dasyuromorphia,Dasyuridae,38.73,30.0,10.08,,27.6,160.0,95.0,,-12.91,133.77,Antechinus bellus,760615,False
Antechinus flavipes,Dasyuromorphia,Dasyuridae,44.33,28.0,8.54,,42.0,688.83,89.74,,-26.92,134.3,Antechinus flavipes,831054,False
Antechinus godmani,Dasyuromorphia,Dasyuridae,75.74,,4.58,,,5.3,111.68,,-17.94,145.07,Antechinus godmani,760617,False
Antechinus leo,Dasyuromorphia,Dasyuridae,70.09,30.99,8.19,,24.0,162.0,76.78,,-13.08,143.31,Antechinus leo,837436,False
Antechinus minimus,Dasyuromorphia,Dasyuridae,52.56,29.27,7.19,,24.0,1400.0,99.1,,-40.2,144.07,Antechinus minimus,760612,False
Antechinus stuartii,Dasyuromorphia,Dasyuridae,29.01,28.15,6.89,0.008782702,36.0,328.78,89.74,2.0,-26.74,149.43,Antechinus stuartii,74733,False
Antechinus subtropicus,Dasyuromorphia,Dasyuridae,,,,,,,,,-27.61,152.85,Antechinus subtropicus,3607144,False
Antechinus swainsonii,Dasyuromorphia,Dasyuridae,58.69,29.69,8.24,,24.0,974.49,105.66,2.0,-34.87,147.42,Antechinus swainsonii,74726,False
Anthops ornatus,Chiroptera,Hipposideridae,,,,,,,,,-8.01,158.03,Anthops ornatus,879094,False
Antidorcas marsupialis,Artiodactyla,Bovidae,33571.24,169.49,1.0,,240.0,10.69,57.45,1.0,-20.74,19.66,Antidorcas marsupialis,363040,False
Antilocapra americana,Artiodactyla,Antilocapridae,47450.01,247.99,1.93,8.05,144.0,0.82,87.54,1.0,37.21,-108.14,Antilocapra americana,768683,False
Antilope cervicapra,Artiodactyla,Bovidae,36301.1,166.59,1.22,0.62,243.0,4.25,59.5,1.0,18.75,76.56,Antilope cervicapra,363043,False
Antrozous pallidus,Chiroptera,Vespertilionidae,22.24,59.01,1.78,,109.2,,61.1,3.0,34.54,-99.34,Antrozous pallidus,913941,False
Aonyx capensis,Carnivora,Mustelidae,19322.22,62.99,2.62,99.74,132.0,0.35,,2.0,-8.89,12.27,Aonyx capensis,4709,False
Aonyx cinerea,Carnivora,Mustelidae,3527.59,63.31,1.47,,121.0,,79.54,3.0,11.3,98.3,Aonyx cinereus,956747,True
Aotus azarae,Primates,Aotidae,929.57,,1.0,,,15.94,229.69,2.0,-17.05,-63.12,Aotus azarae,1058659,False
Aotus hershkovitzi,Primates,Aotidae,800.0,,,,,,,2.0,3.49,-74.07,Aotus lemurinus,897634,True
Aotus lemurinus,Primates,Aotidae,865.96,132.23,1.01,,216.0,35.43,74.57,2.0,6.21,-76.76,Aotus lemurinus,897634,False
Aotus miconax,Primates,Aotidae,800.0,,,,,,,2.0,-5.96,-77.01,Aotus miconax,3607601,False
Aotus nancymaae,Primates,Aotidae,791.03,,1.02,,,28.16,,2.0,-4.59,-71.28,Aotus nancymaae,913299,False
Aotus nigriceps,Primates,Aotidae,1057.0,,,,,38.0,,2.0,-7.72,-65.79,Aotus nigriceps,685852,False
Aotus trivirgatus,Primates,Aotidae,912.4,133.47,1.06,0.02,303.6,24.37,76.21,2.0,4.15,-65.62,Aotus trivirgatus,791711,False
Aotus vociferans,Primates,Aotidae,872.99,,1.02,,,23.51,,1.0,1.06,-69.4,Aotus vociferans,685855,False
Aplodontia rufa,Rodentia,Aplodontiidae,806.21,30.0,2.46,0.001352133,120.0,778.39,58.4,1.0,43.22,-121.47,Aplodontia rufa,159158,False
Apodemus agrarius,Rodentia,Muridae,21.11,19.89,5.64,,48.0,1098.35,,,41.83,73.85,Apodemus agrarius,351537,False
Apodemus alpicola,Rodentia,Muridae,,,,,,,,,45.82,10.68,Apodemus alpicola,1085351,False
Apodemus argenteus,Rodentia,Muridae,,,,,,,,,38.25,137.69,Apodemus argenteus,663824,False
Apodemus chevrieri,Rodentia,Muridae,,,,,,,,,28.54,104.65,Apodemus chevrieri,588266,False
Apodemus draco,Rodentia,Muridae,,,,,,,,,31.48,110.08,Apodemus draco,588269,False
Apodemus epimelas,Rodentia,Muridae,,,,,,,,,40.87,20.25,Apodemus epimelas,397731,False
Apodemus flavicollis,Rodentia,Muridae,31.6,24.5,4.94,0.001253831,48.0,1770.0,,,51.12,25.97,Apodemus flavicollis,1088760,False
Apodemus gurkha,Rodentia,Muridae,,,,,,,,,28.18,84.93,Apodemus gurkha,644322,False
Apodemus hyrcanicus,Rodentia,Muridae,,,,,,,,,40.1,48.77,Apodemus hyrcanicus,3608834,False
Apodemus latronum,Rodentia,Muridae,,,,,,,,,27.19,100.03,Apodemus latronum,1046532,False
Apodemus mystacinus,Rodentia,Muridae,43.84,23.0,3.88,,,,,,37.59,33.94,Apodemus mystacinus,1085349,False
Apodemus pallipes,Rodentia,Muridae,,,,,,,,,33.56,72.57,Apodemus pallipes,429364,False
Apodemus peninsulae,Rodentia,Muridae,,,4.41,,,,,,48.26,114.26,Apodemus peninsulae,644308,False
Apodemus ponticus,Rodentia,Muridae,,,,,,,,,38.15,42.1,Apodemus ponticus,883091,False
Apodemus rusiges,Rodentia,Muridae,,,,,,,,,33.16,76.99,Apodemus rusiges,3608833,False
Apodemus semotus,Rodentia,Muridae,25.77,,3.56,,,,,,23.6,121.02,Apodemus semotus,644320,False
Apodemus speciosus,Rodentia,Muridae,43.75,,4.47,,,,,,38.25,137.69,Apodemus speciosus,644310,False
Apodemus sylvaticus,Rodentia,Muridae,21.9,23.68,5.16,0.007114139,52.8,780.0,19.36,2.0,47.53,14.65,Apodemus sylvaticus,794922,False
Apodemus uralensis,Rodentia,Muridae,18.26,,5.72,,,,,,44.51,52.53,Apodemus uralensis,1087647,False
Apodemus witherbyi,Rodentia,Muridae,20.66,,,,,,,,38.83,45.63,Apodemus witherbyi,926226,False
Apomys abrae,Rodentia,Muridae,34.88,,,,,,,,16.37,121.41,Apomys abrae,625473,False
Apomys datae,Rodentia,Muridae,34.88,,,,,,,,17.0,120.92,Apomys datae,359217,False
Apomys gracilirostris,Rodentia,Muridae,,,,,,,,,,,Apomys gracilirostris,359216,False
Apomys hylocetes,Rodentia,Muridae,34.88,,,,,,,,7.57,125.3,Apomys hylocoetes,359227,True
Apomys insignis,Rodentia,Muridae,34.88,,,,,,,,8.01,124.24,Apomys insignis,359225,False
Apomys littoralis,Rodentia,Muridae,30.95,,,,,,,,8.63,124.24,Apomys littoralis,3608633,False
Apomys microdon,Rodentia,Muridae,34.98,,,,,,,2.0,13.58,122.49,Apomys microdon,359223,False
Apomys musculus,Rodentia,Muridae,21.2,,,0.002683942,,1124.83,,2.0,15.42,121.97,Apomys musculus,359221,False
Apomys sacobianus,Rodentia,Muridae,34.88,,,,,,,,15.18,120.54,Apomys sacobianus,3608634,False
Aproteles bulmerae,Chiroptera,Pteropodidae,623.91,,1.0,,,,,1.0,-5.8,143.07,Aproteles bulmerae,635014,False
Arborimus albipes,Rodentia,Cricetidae,23.0,,2.73,,,,,1.0,43.2,-123.2,Arborimus albipes,663531,False
Arborimus longicaudus,Rodentia,Cricetidae,22.39,28.11,2.91,,,,30.49,1.0,43.6,-123.01,Arborimus longicaudus,663525,False
Arborimus pomo,Rodentia,Cricetidae,32.49,32.33,2.0,,,,35.29,1.0,39.75,-123.52,Arborimus pomo,663528,False
Archboldomys luzonensis,Rodentia,Muridae,35.34,,,,,575.19,,3.0,13.65,123.38,Archboldomys luzonensis,1047897,False
Archboldomys musseri,Rodentia,Muridae,,,,,,,,,,,Soricomys musseri,1047900,True
Arctictis binturong,Carnivora,Viverridae,12999.99,92.24,2.5,,272.4,,117.57,1.0,9.84,104.16,Arctictis binturong,768502,False
Arctocebus aureus,Primates,Lorisidae,234.16,,,,,,,,-0.41,13.67,Arctocebus aureus,673376,False
Arctocebus calabarensis,Primates,Lorisidae,258.01,133.74,1.01,,156.0,6.2,109.26,2.0,5.52,9.71,Arctocebus calabarensis,323051,False
Arctocephalus australis,Carnivora,Otariidae,67979.43,246.38,1.0,,252.0,,365.0,2.0,,,Arctocephalus australis,796568,False
Arctocephalus forsteri,Carnivora,Otariidae,101249.99,242.47,1.0,,180.0,,323.72,2.0,,,Arctocephalus forsteri,180381,False
Arctocephalus galapagoensis,Carnivora,Otariidae,39448.04,215.94,1.0,,264.0,,821.25,2.0,,,Arctocephalus galapagoensis,590445,False
Arctocephalus gazella,Carnivora,Otariidae,96599.99,294.69,1.0,,276.0,22.0,116.28,3.0,,,Arctocephalus gazella,336157,False
Arctocephalus philippii,Carnivora,Otariidae,94999.99,,1.0,,,,,2.0,,,Arctocephalus philippii,796545,False
Arctocephalus pusillus,Carnivora,Otariidae,178500.0,357.99,1.0,,252.0,,356.3,3.0,,,Arctocephalus pusillus,336156,False
Arctocephalus townsendi,Carnivora,Otariidae,101063.71,,1.0,,288.0,,328.13,3.0,,,Arctocephalus townsendi,796557,False
Arctocephalus tropicalis,Carnivora,Otariidae,92222.55,241.69,1.4,,276.0,,304.16,2.0,,,Arctocephalus tropicalis,336151,False
Arctogalidia trivirgata,Carnivora,Viverridae,2323.79,45.95,2.79,,190.0,,49.41,2.0,10.9,105.38,Arctogalidia trivirgata,768505,False
Arctonyx collaris,Carnivora,Mustelidae,8166.52,42.89,3.0,,167.0,,165.64,2.0,16.92,107.06,Arctonyx collaris,1086986,False
Ardops nichollsi,Chiroptera,Phyllostomidae,19.23,,0.99,,,,,1.0,15.32,-61.9,Ardops nichollsi,894926,False
Arielulus aureocollaris,Chiroptera,Vespertilionidae,,,,,,,,,20.06,99.12,Arielulus aureocollaris,180056,False
Arielulus circumdatus,Chiroptera,Vespertilionidae,10.4,,,,,,,,10.49,97.65,Arielulus circumdatus,1072700,False
Arielulus cuprosus,Chiroptera,Vespertilionidae,,,,,,,,,5.88,117.94,Arielulus cuprosus,505791,False
Arielulus societatis,Chiroptera,Vespertilionidae,,,,,,,,,4.64,101.59,Arielulus societatis,3613872,False
Arielulus torquatus,Chiroptera,Vespertilionidae,,,,,,,,,23.6,121.02,Arielulus torquatus,3613896,False
Ariteus flavescens,Chiroptera,Phyllostomidae,,,,,,,,,18.22,-66.42,Ariteus flavescens,842058,False
Artibeus amplus,Chiroptera,Phyllostomidae,61.04,,,,,,,1.0,5.27,-65.96,Artibeus amplus,900091,False
Artibeus anderseni,Chiroptera,Phyllostomidae,,,0.98,,,,,1.0,-9.0,-68.26,Artibeus anderseni,805983,False
Artibeus aztecus,Chiroptera,Phyllostomidae,20.81,,0.99,,,,,1.0,16.41,-94.74,Artibeus aztecus,1039987,False
Artibeus cinereus,Chiroptera,Phyllostomidae,12.7,,0.99,,,,,1.0,5.42,-60.73,Artibeus cinereus,513419,False
Artibeus concolor,Chiroptera,Phyllostomidae,19.65,,,,,,,1.0,-1.5,-55.01,Artibeus concolor,513416,False
Artibeus fimbriatus,Chiroptera,Phyllostomidae,63.89,,,,,,,1.0,-23.48,-50.5,Artibeus fimbriatus,805974,False
Artibeus fraterculus,Chiroptera,Phyllostomidae,,,0.98,,,,,1.0,-6.32,-78.52,Artibeus fraterculus,805976,False
Artibeus glaucus,Chiroptera,Phyllostomidae,12.31,,,,,,,1.0,-7.53,-58.07,Artibeus glaucus,513426,False
Artibeus gnomus,Chiroptera,Phyllostomidae,10.06,,,,,,,,-1.41,-57.44,Artibeus glaucus gnomus,513423,True
Artibeus hirsutus,Chiroptera,Phyllostomidae,40.42,,0.98,,,,,1.0,22.67,-104.25,Artibeus hirsutus,805978,False
Artibeus incomitatus,Chiroptera,Phyllostomidae,,,,,,,,,9.09,-81.55,Dermanura incomitata,658640,True
Artibeus inopinatus,Chiroptera,Phyllostomidae,,,,,,,,1.0,12.64,-87.75,Artibeus inopinatus,431860,False
Artibeus jamaicensis,Chiroptera,Phyllostomidae,43.63,138.7,1.0,,120.0,,,2.0,0.29,-71.79,Artibeus jamaicensis,289157,False
Artibeus lituratus,Chiroptera,Phyllostomidae,59.3,106.45,1.0,,,,,1.0,-3.73,-66.56,Artibeus lituratus,857633,False
Artibeus obscurus,Chiroptera,Phyllostomidae,35.91,,0.98,,,,,1.0,-8.85,-56.48,Artibeus obscurus,513451,False
Artibeus phaeotis,Chiroptera,Phyllostomidae,11.69,,0.99,,,,,2.0,10.89,-91.49,Artibeus phaeotis,513447,False
Artibeus toltecus,Chiroptera,Phyllostomidae,15.47,,0.99,,,,,1.0,13.89,-92.76,Artibeus toltecus,362821,False
Artibeus watsoni,Chiroptera,Phyllostomidae,11.2,,1.0,,,,,,13.16,-86.37,Artibeus glaucus watsoni,805986,True
Arvicanthis abyssinicus,Rodentia,Muridae,73.34,,,,,10983.58,,,10.62,38.28,Arvicanthis abyssinicus,686841,False
Arvicanthis ansorgei,Rodentia,Muridae,,,,,,,,,,,Arvicanthis ansorgei,743637,False
Arvicanthis blicki,Rodentia,Muridae,128.0,,,,,,,,7.02,39.26,Arvicanthis blicki,3608718,False
Arvicanthis nairobae,Rodentia,Muridae,,,,,,,,,-2.93,37.3,Arvicanthis nairobae,481620,False
Arvicanthis neumanni,Rodentia,Muridae,,,,,,,,,2.58,41.29,Arvicanthis neumanni,911456,False
Arvicanthis niloticus,Rodentia,Muridae,95.8,21.99,4.86,,,7309.52,21.0,,8.31,14.23,Arvicanthis niloticus,686838,False
Arvicanthis rufinus,Rodentia,Muridae,,,,,,,,,,,Arvicanthis rufinus,3608719,False
Arvicola amphibius,Rodentia,Cricetidae,120.0,21.24,4.76,,60.0,57067.85,14.0,,51.2,65.2,Arvicola amphibius,684847,False
Arvicola sapidus,Rodentia,Cricetidae,219.99,,3.21,,42.0,,,,42.98,-1.45,Arvicola sapidus,1035813,False
Arvicola scherman,Rodentia,Cricetidae,,,,,,,,,,,Arvicola scherman,496185,False
Asellia patrizii,Chiroptera,Hipposideridae,,,,,,,,,12.97,41.9,Asellia patrizii,3614051,False
Asellia tridens,Chiroptera,Hipposideridae,12.94,66.1,,,,,,3.0,17.61,25.65,Asellia tridens,992342,False
Aselliscus stoliczkanus,Chiroptera,Hipposideridae,6.09,,,,,,,3.0,15.42,105.36,Aselliscus stoliczkanus,791905,False
Aselliscus tricuspidatus,Chiroptera,Hipposideridae,4.08,,0.99,,,,,3.0,-6.97,146.91,Aselliscus tricuspidatus,742153,False
Atelerix albiventris,Erinaceomorpha,Erinaceidae,293.44,35.99,3.98,,,,59.27,2.0,0.04,16.93,Atelerix albiventris,376305,False
Tarsius tarsier,Primates,Tarsiidae,168.04,181.69,1.0,0.02,144.0,200.0,67.61,2.0,-1.97,121.99,Tarsius tarsier,721280,False
Tarsomys apoensis,Rodentia,Muridae,,,,,,,,,7.59,124.45,Tarsomys apoensis,109415,False
Tarsomys echinatus,Rodentia,Muridae,,,,,,,,,6.36,125.07,Tarsomys echinatus,3608739,False
Tasmacetus shepherdi,Cetacea,Ziphiidae,2500000.0,,,,,,,3.0,,,Tasmacetus shepherdi,319470,False
Tateomys macrocercus,Rodentia,Muridae,,,,,,,,,-1.22,120.13,Tateomys macrocercus,3610349,False
Tateomys rhinogradoides,Rodentia,Muridae,,,,,,,,,-3.21,119.73,Tateomys rhinogradoides,3610351,False
Tatera indica,Rodentia,Muridae,138.28,25.25,4.99,0.001368298,84.0,,29.77,2.0,20.87,64.45,Tatera indica,818707,False
Taterillus arenarius,Rodentia,Muridae,47.0,,,,,,,,16.51,-7.23,Taterillus arenarius,404794,False
Taterillus congicus,Rodentia,Muridae,,,,,,,,,8.08,22.36,Taterillus congicus,3608933,False
Taterillus emini,Rodentia,Muridae,52.0,,3.76,,,,,,5.37,32.49,Taterillus emini,342266,False
Taterillus gracilis,Rodentia,Muridae,49.9,28.11,4.0,,,467.68,,,14.29,-1.84,Taterillus gracilis,981026,False
Taterillus harringtoni,Rodentia,Muridae,,,,,,,,,5.62,34.34,Taterillus harringtoni,3608935,False
Taterillus lacustris,Rodentia,Muridae,,,,,,,,,12.37,13.9,Taterillus lacustris,3608931,False
Taterillus petteri,Rodentia,Muridae,,,,,,,,,14.26,0.26,Taterillus petteri,3608934,False
Taterillus pygargus,Rodentia,Muridae,60.19,26.34,4.47,0.000415138,,3000.0,20.92,1.0,15.13,-14.55,Taterillus pygargus,404792,False
Taterillus tranieri,Rodentia,Muridae,,,,,,,,,,,Taterillus tranieri,3608932,False
Taurotragus derbianus,Artiodactyla,Bovidae,646024.25,,,,194.04,0.74,,1.0,8.76,8.51,Taurotragus derbianus,147238,False
Taurotragus oryx,Artiodactyla,Bovidae,562592.69,271.0,1.0,195.15,300.0,1.64,128.68,1.0,-10.1,27.07,Tragelaphus oryx,70832,True
Taxidea taxus,Carnivora,Mustelidae,7842.15,43.8,2.76,3.44,312.0,1.94,41.99,3.0,38.45,-101.73,Taxidea taxus,754612,False
Tayassu pecari,Artiodactyla,Tayassuidae,31798.71,158.0,2.0,40.97,252.0,1.59,13.64,2.0,-5.72,-65.24,Tayassu pecari,906307,False
Tenrec ecaudatus,Afrosoricida,Tenrecidae,887.59,60.24,16.89,,75.6,,21.87,2.0,-18.96,46.82,Tenrec ecaudatus,680963,False
Tetracerus quadricornis,Artiodactyla,Bovidae,19282.12,207.31,1.65,,129.96,,,1.0,22.28,78.8,Tetracerus quadricornis,374283,False
Thallomys loringi,Rodentia,Muridae,,,,,,,,,-1.74,35.75,Thallomys loringi,1073173,False
Thallomys nigricauda,Rodentia,Muridae,124.49,,,,,,,,-21.81,20.5,Thallomys nigricauda,948855,False
Thallomys paedulcus,Rodentia,Muridae,77.7,26.34,3.2,,42.0,34.0,29.49,,-11.04,33.48,Thallomys paedulcus,400681,False
Thallomys shortridgei,Rodentia,Muridae,,,,,,,,,-28.53,20.08,Thallomys shortridgei,3608748,False
Thalpomys cerradensis,Rodentia,Cricetidae,23.99,,,,,,,,-14.54,-50.41,Thalpomys cerradensis,817140,False
Thalpomys lasiotis,Rodentia,Cricetidae,23.99,,,,,,,,-16.51,-46.06,Thalpomys lasiotis,1094984,False
Thamnomys kempi,Rodentia,Muridae,75.0,,,,,,,,-1.42,29.54,Thamnomys kempi,3610623,False
Thamnomys major,Rodentia,Muridae,,,,,,,,,,,Thamnomys major,3611206,False
Thamnomys venustus,Rodentia,Muridae,61.88,,1.33,,,,,,-1.08,29.32,Thamnomys venustus,3611156,False
Thaptomys nigrita,Rodentia,Cricetidae,19.9,,,,,,,,-20.53,-48.0,Thaptomys nigrita,375640,False
Theropithecus gelada,Primates,Cercopithecidae,15964.11,178.64,1.01,1.16,336.0,51.42,494.95,1.0,10.95,39.37,Theropithecus gelada,741053,False
Thomasomys apeco,Rodentia,Cricetidae,,,,,,,,,,,Thomasomys apeco,3608263,False
Thomasomys aureus,Rodentia,Cricetidae,87.99,,,,,,,1.0,-4.29,-71.95,Thomasomys aureus,835317,False
Thomasomys baeops,Rodentia,Cricetidae,77.0,,,,,,,,-1.62,-78.92,Thomasomys baeops,463859,False
Thomasomys bombycinus,Rodentia,Cricetidae,114.5,,,,,,,,6.83,-76.07,Thomasomys bombycinus,3608265,False
Thomasomys caudivarius,Rodentia,Cricetidae,,,,,,,,,,,Thomasomys caudivarius,40931,False
Thomasomys cinereiventer,Rodentia,Cricetidae,77.0,,,,,,,,,,Thomasomys cinereiventer,3608248,False
Thomasomys cinereus,Rodentia,Cricetidae,77.0,,,,,,,,,,Thomasomys cinereus,3608258,False
Thomasomys cinnameus,Rodentia,Cricetidae,,,,,,,,,,,Thomasomys cinnameus,40926,False
Thomasomys daphne,Rodentia,Cricetidae,77.0,,,,,,,,-14.87,-68.24,Thomasomys daphne,225545,False
Thomasomys eleusis,Rodentia,Cricetidae,77.0,,,,,,,,,,Thomasomys eleusis,3608245,False
Thomasomys erro,Rodentia,Cricetidae,,,,,,,,,,,Thomasomys erro,680099,False
Thomasomys gracilis,Rodentia,Cricetidae,77.0,,,,,,,,,,Thomasomys gracilis,770871,False
Thomasomys hudsoni,Rodentia,Cricetidae,,,,,,,,,,,Thomasomys hudsoni,3608246,False
Thomasomys hylophilus,Rodentia,Cricetidae,77.0,,,,,,,,7.49,-72.54,Thomasomys hylophilus,3608259,False
Thomasomys incanus,Rodentia,Cricetidae,77.0,,,,,,,,-11.81,-74.09,Thomasomys incanus,3608267,False
Thomasomys ischyrus,Rodentia,Cricetidae,77.0,,,,,,,,-7.98,-76.96,Thomasomys ischyurus,196737,True
Thomasomys kalinowskii,Rodentia,Cricetidae,77.0,,,,,,,,-9.39,-76.38,Thomasomys kalinowskii,3608251,False
Thomasomys ladewi,Rodentia,Cricetidae,77.0,,,,,,,,-15.62,-68.17,Thomasomys ladewi,40928,False
Thomasomys laniger,Rodentia,Cricetidae,35.74,,,,,,,,7.48,-71.89,Thomasomys laniger,3608254,False
Thomasomys macrotis,Rodentia,Cricetidae,,,,,,,,,,,Thomasomys macrotis,3608244,False
Thomasomys monochromos,Rodentia,Cricetidae,77.0,,,,,,,,,,Thomasomys monochromos,3608264,False
Thomasomys niveipes,Rodentia,Cricetidae,54.09,,,,,,,,4.82,-73.47,Thomasomys niveipes,3608260,False
Thomasomys notatus,Rodentia,Cricetidae,77.0,,,,,,,,-12.92,-72.45,Thomasomys notatus,196739,False
Thomasomys onkiro,Rodentia,Cricetidae,,,,,,,,,,,Thomasomys onkiro,3608250,False
Thomasomys oreas,Rodentia,Cricetidae,77.0,,,,,,,,-14.43,-68.28,Thomasomys oreas,196741,False
Thomasomys paramorum,Rodentia,Cricetidae,77.0,,,,,,,,-1.35,-78.36,Thomasomys paramorum,3608252,False
Thomasomys popayanus,Rodentia,Cricetidae,,,,,,,,,,,Thomasomys popayanus,3608247,False
Thomasomys praetor,Rodentia,Cricetidae,,,,,,,,,,,Thomasomys praetor,3608242,False
Thomasomys pyrrhonotus,Rodentia,Cricetidae,77.0,,,,,,,,-4.54,-79.32,Thomasomys pyrrhonotus,3608262,False
Thomasomys rhoadsi,Rodentia,Cricetidae,77.0,,,,,,,,-1.29,-78.36,Thomasomys rhoadsi,3608266,False
Thomasomys rosalinda,Rodentia,Cricetidae,77.0,,,,,,,,-7.69,-77.33,Thomasomys rosalinda,3608255,False
Thomasomys silvestris,Rodentia,Cricetidae,77.0,,,,,,,,-1.17,-78.62,Thomasomys silvestris,3608257,False
Thomasomys taczanowskii,Rodentia,Cricetidae,77.0,,,,,,,,-6.55,-78.9,Thomasomys taczanowskii,3608261,False
Thomasomys ucucha,Rodentia,Cricetidae,,,,,,,,,,,Thomasomys ucucha,3608243,False
Thomasomys vestitus,Rodentia,Cricetidae,76.5,,,,,,,,6.15,-70.79,Thomasomys vestitus,3608256,False
Thomasomys vulcani,Rodentia,Cricetidae,,,,,,,,,,,Thomasomys vulcani,3608253,False
Thomomys bottae,Rodentia,Geomyidae,122.7,23.87,4.61,9.89232e-05,54.0,5250.0,35.73,1.0,32.6,-111.75,Thomomys bottae,342237,False
Thomomys bulbivorus,Rodentia,Geomyidae,359.9,,4.99,,,,41.45,1.0,44.87,-123.09,Thomomys bulbivorus,554650,False
Thomomys clusius,Rodentia,Geomyidae,,,6.5,,,,,1.0,42.84,-110.94,Thomomys clusius,3609420,False
Thomomys idahoensis,Rodentia,Geomyidae,,,,,,,,1.0,44.41,-112.61,Thomomys idahoensis,910474,False
Thomomys mazama,Rodentia,Geomyidae,93.07,,3.79,9.05052e-05,,3578.84,,1.0,44.06,-122.66,Thomomys mazama,734897,False
Thomomys monticola,Rodentia,Geomyidae,80.99,,3.49,5.73596e-05,60.0,2814.0,,1.0,39.41,-120.6,Thomomys monticola,734902,False
Thomomys talpoides,Rodentia,Geomyidae,104.64,19.0,4.86,,45.0,2196.71,33.12,1.0,44.59,-109.79,Thomomys talpoides,791951,False
Thomomys townsendii,Rodentia,Geomyidae,263.35,,6.15,,,,,1.0,41.45,-116.96,Thomomys townsendii,342239,False
Thomomys umbrinus,Rodentia,Geomyidae,125.56,,2.2,,,,,1.0,25.48,-104.34,Thomomys umbrinus,734900,False
Thoopterus nigrescens,Chiroptera,Pteropodidae,66.12,,0.98,,,,,,0.73,123.95,Thoopterus nigrescens,164535,False
Thrichomys apereoides,Rodentia,Echimyidae,297.53,96.44,3.2,,,,34.16,,,,Thrichomys apereoides,504982,False
Thrichomys inermis,Rodentia,Echimyidae,,,,,,,,,,,Thrichomys inermis,699843,False
Thrichomys pachyurus,Rodentia,Echimyidae,,,,,,,,,,,Thrichomys pachyurus,699842,False
Thryonomys gregorianus,Rodentia,Thryonomyidae,2707.14,91.24,2.91,,,,,,-4.74,24.19,Thryonomys gregorianus,1009638,False
Thryonomys swinderianus,Rodentia,Thryonomyidae,3750.85,125.76,3.88,,51.6,,25.17,1.0,-8.62,12.02,Thryonomys swinderianus,692678,False
Thylacinus cynocephalus,Dasyuromorphia,Thylacinidae,29999.99,,3.0,,156.0,,,,,,Thylacinus cynocephalus,408120,False
Thylamys cinderella,Didelphimorphia,Didelphidae,,,,,,,,,,,Thylamys cinderella,322708,False
Thylamys elegans,Didelphimorphia,Didelphidae,28.9,,10.6,0.000705614,,703.01,,2.0,,,Thylamys elegans,282403,False
Thylamys karimii,Didelphimorphia,Didelphidae,,,,,,,,,,,Thylamys karimii,764425,False
Thylamys macrurus,Didelphimorphia,Didelphidae,34.43,,,,,,,,-22.63,-56.55,Thylamys macrura,594356,True
Thylamys pallidior,Didelphimorphia,Didelphidae,15.34,,,,,,,,-20.97,-65.94,Thylamys pallidior,793593,False
Thylamys pusillus,Didelphimorphia,Didelphidae,28.21,,,,,,,,,,Thylamys pusillus,594359,False
Thylamys sponsorius,Didelphimorphia,Didelphidae,,,,,,,,,,,Thylamys sponsorius,472498,False
Thylamys tatei,Didelphimorphia,Didelphidae,,,,,,,,,,,Thylamys tatei,79410,False
Thylamys velutinus,Didelphimorphia,Didelphidae,20.69,,,0.02,,54.99,,3.0,-20.78,-50.65,Thylamys velutinus,386907,False
Thylamys venustus,Didelphimorphia,Didelphidae,,,,,,,,,,,Thylamys venustus,621889,False
Thylogale billardierii,Diprotodontia,Macropodidae,5865.86,30.73,1.0,,120.0,250.0,289.17,,-41.61,146.15,Thylogale billardierii,897701,False
Thylogale browni,Diprotodontia,Macropodidae,5478.0,,1.02,,,,,,-4.83,144.26,Thylogale browni,1045055,False
Thylogale brunii,Diprotodontia,Macropodidae,,,1.0,,,,,,-7.59,140.4,Thylogale brunii,775041,False
Thylogale calabyi,Diprotodontia,Macropodidae,,,,,,,,,-7.29,145.97,Thylogale calabyi,946777,False
Thylogale lanatus,Diprotodontia,Macropodidae,,,,,,,,,-6.17,146.97,Thylogale browni lanatus,946801,True
Thylogale stigmatica,Diprotodontia,Macropodidae,4511.47,29.0,1.0,0.02,,313.68,250.0,1.0,-20.72,147.54,Thylogale stigmatica,988851,False
Thylogale thetis,Diprotodontia,Macropodidae,5399.95,,1.0,0.1,108.0,359.99,209.4,,-29.76,151.4,Thylogale thetis,479573,False
Thyroptera discifera,Chiroptera,Thyropteridae,3.13,,,,,,,,-1.21,-67.11,Thyroptera discifera,579473,False
Thyroptera lavali,Chiroptera,Thyropteridae,,,,,,,,,-1.38,-69.83,Thyroptera lavali,263938,False
Thyroptera tricolor,Chiroptera,Thyropteridae,4.52,154.24,0.98,,,,,3.0,-3.84,-64.3,Thyroptera tricolor,267977,False
Tlacuatzin canescens,Didelphimorphia,Didelphidae,47.73,,8.49,,,305.11,,,21.46,-99.02,Tlacuatzin canescens,392318,False
Tokudaia muenninki,Rodentia,Muridae,,,,,,,,,26.47,127.98,Tokudaia muenninki,98227,False
Tokudaia osimensis,Rodentia,Muridae,84.65,,,,,,,,28.31,129.43,Tokudaia osimensis,458647,False
Tolypeutes matacus,Cingulata,Dasypodidae,1303.47,125.14,1.0,,,7.0,71.79,2.0,-23.51,-61.26,Tolypeutes matacus,515354,False
Tolypeutes tricinctus,Cingulata,Dasypodidae,1465.72,,0.93,,,,,2.0,-10.39,-43.48,Tolypeutes tricinctus,476111,False
Tomopeas ravus,Chiroptera,Molossidae,,,,,,,,,-10.23,-77.56,Tomopeas ravus,876506,False
Tonatia bidens,Chiroptera,Phyllostomidae,27.7,,0.98,,,,,2.0,-15.02,-50.91,Tonatia bidens,761780,False
Tonatia saurophila,Chiroptera,Phyllostomidae,,,,,,,,,0.48,-64.45,Tonatia saurophila,1074690,False
Trachops cirrhosus,Chiroptera,Phyllostomidae,36.9,,0.98,,,,,3.0,-5.5,-65.57,Trachops cirrhosus,792613,False
Trachypithecus auratus,Primates,Cercopithecidae,9719.6,,,0.03,,41.99,,,-7.41,110.96,Trachypithecus auratus,240209,False
Trachypithecus barbei,Primates,Cercopithecidae,,,,,,,,,14.75,98.72,Trachypithecus barbei,597818,False
Trachypithecus cristatus,Primates,Cercopithecidae,7176.81,,1.01,0.12,373.2,36.63,362.93,,0.54,107.22,Trachypithecus cristatus,735418,False
Trachypithecus delacouri,Primates,Cercopithecidae,,,1.5,,,,,1.0,19.9,105.45,Trachypithecus delacouri,48788,False
Trachypithecus ebenus,Primates,Cercopithecidae,,,,,,,,,17.38,106.03,Trachypithecus ebenus,3607628,False
Trachypithecus francoisi,Primates,Cercopithecidae,8139.93,,,,,,391.76,1.0,22.9,107.12,Trachypithecus francoisi,43805,False
Trachypithecus geei,Primates,Cercopithecidae,8356.0,,1.02,2.22,,2.6,,,26.79,90.41,Trachypithecus geei,118937,False
Trachypithecus germaini,Primates,Cercopithecidae,,,,,,,,,12.84,103.59,Trachypithecus germaini,597815,False
Trachypithecus hatinhensis,Primates,Cercopithecidae,,,,,,,,,17.81,106.86,Trachypithecus hatinhensis,1038626,False
Trachypithecus johnii,Primates,Cercopithecidae,10595.08,,1.02,0.08,,71.0,,1.0,10.75,76.8,Trachypithecus johnii,514751,False
Trachypithecus laotum,Primates,Cercopithecidae,,,,,,,,,17.93,104.66,Trachypithecus laotum,250663,False
Trachypithecus obscurus,Primates,Cercopithecidae,7247.88,146.63,1.01,0.18,300.0,57.0,362.93,1.0,6.82,101.21,Trachypithecus obscurus,43798,False
Trachypithecus phayrei,Primates,Cercopithecidae,7681.72,180.61,1.0,0.17,,0.6,305.87,,20.48,99.69,Trachypithecus phayrei,703784,False
Trachypithecus pileatus,Primates,Cercopithecidae,11219.93,,,0.22,,81.49,,,24.83,93.81,Trachypithecus pileatus,118938,False
Trachypithecus poliocephalus,Primates,Cercopithecidae,,,,,,,,,21.38,107.42,Trachypithecus poliocephalus,250658,False
Trachypithecus shortridgei,Primates,Cercopithecidae,,,,,,,,,25.46,97.98,Trachypithecus shortridgei,514267,False
Trachypithecus vetulus,Primates,Cercopithecidae,7205.08,204.72,1.01,0.02,276.0,144.65,245.78,1.0,8.03,80.77,Trachypithecus vetulus,721477,False
Tragelaphus angasii,Artiodactyla,Bovidae,87616.76,219.99,1.0,1.63,192.0,126.94,212.91,1.0,-22.04,32.14,Tragelaphus angasii,40135,False
Tragelaphus buxtoni,Artiodactyla,Bovidae,215000.75,,1.0,,132.0,80.5,,1.0,7.76,40.2,Tragelaphus buxtoni,401061,False
Tragelaphus eurycerus,Artiodactyla,Bovidae,270998.37,284.99,1.0,,233.0,0.4,,1.0,2.08,12.58,Tragelaphus eurycerus,215885,False
Tragelaphus imberbis,Artiodactyla,Bovidae,94320.39,222.0,1.0,,227.0,0.35,,1.0,3.92,40.48,Tragelaphus imberbis,70829,False
Trinomys dimidiatus,Rodentia,Echimyidae,167.6,,2.0,,,,,,-22.53,-43.61,Trinomys dimidiatus,800923,False
Trinomys eliasi,Rodentia,Echimyidae,,,3.0,,,,,,,,Trinomys eliasi,419283,False
Trinomys gratiosus,Rodentia,Echimyidae,,,1.37,,,,,,,,Trinomys gratiosus,886379,False
Trinomys iheringi,Rodentia,Echimyidae,220.39,,0.97,0.01,,362.78,,,,,Trinomys iheringi,945054,False
Trinomys mirapitanga,Rodentia,Echimyidae,,,,,,,,,,,Trinomys mirapitanga,3609820,False
Trinomys moojeni,Rodentia,Echimyidae,,,,,,,,,,,Trinomys moojeni,3609819,False
Trinomys myosuros,Rodentia,Echimyidae,284.99,,,,,,,,,,Trinomys myosuros,3609821,False
Trinomys paratus,Rodentia,Echimyidae,,,,,,,,,,,Trinomys paratus,60787,False
Trinomys setosus,Rodentia,Echimyidae,284.99,,,,,,,,-19.53,-42.61,Trinomys setosus,504990,False
Trinomys yonenagae,Rodentia,Echimyidae,,,,,,,,,,,Trinomys yonenagae,282492,False
Trinycteris nicefori,Chiroptera,Phyllostomidae,8.25,,1.0,,,,,2.0,-1.17,-65.18,Micronycteris nicefori,218136,True
Trogopterus xanthipes,Rodentia,Sciuridae,,80.3,1.64,,144.0,,105.0,1.0,31.84,100.44,Trogopterus xanthipes,427305,False
Tryphomys adustus,Rodentia,Muridae,,,,,,,,,14.99,120.75,Tryphomys adustus,3611177,False
Tscherskia triton,Rodentia,Cricetidae,25.0,,4.24,,,,29.23,,39.04,119.66,Tscherskia triton,904702,False
Tupaia belangeri,Scandentia,Tupaiidae,200.0,,,,120.0,,,,19.43,101.11,Tupaia belangeri,106287,False
Tupaia chrysogaster,Scandentia,Tupaiidae,,,,,,,,,-2.68,99.99,Tupaia chrysogaster,337554,False
Tupaia dorsalis,Scandentia,Tupaiidae,168.05,,,,,,,2.0,2.0,113.91,Tupaia dorsalis,603407,False
Tupaia glis,Scandentia,Tupaiidae,132.43,45.99,2.22,0.008142403,149.0,406.3,34.27,2.0,0.24,104.89,Tupaia glis,574727,False
Tupaia gracilis,Scandentia,Tupaiidae,111.95,,,,,,,2.0,2.04,112.18,Tupaia gracilis,603401,False
Tupaia javanica,Scandentia,Tupaiidae,,,2.95,,,,,,-3.65,106.38,Tupaia javanica,603403,False
Tupaia longipes,Scandentia,Tupaiidae,168.05,,1.5,,144.0,,,2.0,1.42,113.95,Tupaia longipes,513961,False
Tupaia minor,Scandentia,Tupaiidae,70.0,,1.93,,,,,2.0,1.69,106.98,Tupaia minor,67360,False
Tupaia moellendorffi,Scandentia,Tupaiidae,,,,,,,,,11.56,120.46,Tupaia moellendorffi,337533,False
Tupaia montana,Scandentia,Tupaiidae,168.05,48.99,2.01,,,,27.84,2.0,5.44,115.87,Tupaia montana,513235,False
Tupaia nicobarica,Scandentia,Tupaiidae,170.25,,0.96,,,,,,7.09,93.78,Tupaia nicobarica,30084,False
Tupaia palawanensis,Scandentia,Tupaiidae,168.05,,,,,,,2.0,9.61,118.32,Tupaia palawanensis,30082,False
Tupaia picta,Scandentia,Tupaiidae,168.05,,,,,,,2.0,0.98,116.1,Tupaia picta,574859,False
Tupaia splendidula,Scandentia,Tupaiidae,168.05,,,,,,,2.0,0.29,112.23,Tupaia splendidula,551390,False
Tupaia tana,Scandentia,Tupaiidae,182.33,,2.51,,,,54.56,2.0,0.7,107.22,Tupaia tana,222037,False
Tursiops aduncus,Cetacea,Delphinidae,,365.0,,,,,638.75,3.0,,,Tursiops aduncus,257323,False
Tursiops truncatus,Cetacea,Delphinidae,281040.55,365.0,0.98,52.77,552.0,0.2,544.4,3.0,,,Tursiops truncatus,124230,False
Tylomys bullaris,Rodentia,Cricetidae,280.0,,,,,,,,16.75,-93.11,Tylomys bullaris,3608448,False
Tylomys fulviventer,Rodentia,Cricetidae,,,,,,,,,7.86,-77.39,Tylomys fulviventer,3608449,False
Tylomys mirae,Rodentia,Cricetidae,183.6,,,,,,,3.0,1.97,-76.48,Tylomys mirae,3608446,False
Tylomys nudicaudus,Rodentia,Cricetidae,181.65,39.51,2.47,,64.8,,26.29,,15.82,-92.09,Tylomys nudicaudus,799638,False
Tylomys panamensis,Rodentia,Cricetidae,,,,,,,,,7.66,-77.84,Tylomys panamensis,3608450,False
Tylomys tumbalensis,Rodentia,Cricetidae,280.0,,,,,,,,17.29,-92.31,Tylomys tumbalensis,3608447,False
Tylomys watsoni,Rodentia,Cricetidae,,,2.91,,,,,,9.04,-81.56,Tylomys watsoni,430460,False
Tylonycteris pachypus,Chiroptera,Vespertilionidae,4.1,90.88,1.92,,,,58.46,3.0,9.79,101.22,Tylonycteris pachypus,113461,False
Tylonycteris robustula,Chiroptera,Vespertilionidae,7.98,90.88,2.0,,,,,3.0,8.14,109.56,Tylonycteris robustula,981286,False
Tympanoctomys barrerae,Rodentia,Octodontidae,86.02,,,,,,,1.0,-35.64,-68.24,Tympanoctomys barrerae,587859,False
Typhlomys cinereus,Rodentia,Platacanthomyidae,,,,,,,,,27.69,110.29,Typhlomys cinereus,278585,False
Uncia uncia,Carnivora,Felidae,32500.0,100.95,2.12,22.72,216.0,0.07,101.42,3.0,40.19,86.14,Panthera uncia,532117,True
Uranomys ruddi,Rodentia,Muridae,35.48,,4.07,,,189.55,,,-4.09,9.98,Uranomys ruddi,759685,False
Urocyon cinereoargenteus,Carnivora,Canidae,3833.71,61.48,3.71,1.83,180.0,2.41,63.79,2.0,26.13,-94.96,Urocyon cinereoargenteus,685113,False
Urocyon littoralis,Carnivora,Canidae,1923.0,53.7,2.17,0.42,96.0,7.0,,2.0,33.98,-119.98,Urocyon littoralis,682591,False
Uroderma bilobatum,Chiroptera,Phyllostomidae,16.28,130.88,0.99,,,,40.58,2.0,-3.16,-65.09,Uroderma bilobatum,401290,False
Uroderma magnirostrum,Chiroptera,Phyllostomidae,17.3,,0.98,,,,,1.0,-0.56,-68.22,Uroderma magnirostrum,605658,False
Urogale everetti,Scandentia,Tupaiidae,300.79,55.49,1.69,,138.0,,30.24,2.0,8.01,124.24,Urogale everetti,768484,False
Uromys anak,Rodentia,Muridae,745.38,,4.3,,,,,1.0,-6.6,142.51,Uromys anak,399971,False
Uromys boeadii,Rodentia,Muridae,,,,,,,,,,,Uromys boeadii,3608787,False
Uromys caudimaculatus,Rodentia,Muridae,644.42,38.85,1.46,,,,40.0,2.0,-9.25,140.75,Uromys caudimaculatus,809498,False
Uromys emmae,Rodentia,Muridae,,,,,,,,,,,Uromys emmae,3608784,False
Uromys hadrourus,Rodentia,Muridae,149.11,,3.0,,,,18.6,1.0,-16.86,145.07,Uromys hadrourus,260139,False
Uromys imperator,Rodentia,Muridae,1000.0,,,,,,,,-9.59,160.2,Uromys imperator,3608789,False
Uromys neobritannicus,Rodentia,Muridae,612.49,,,,,,,,,,Uromys neobritannicus,3608786,False
Uromys porculus,Rodentia,Muridae,,,,,,,,,,,Uromys porculus,3608790,False
Uromys rex,Rodentia,Muridae,419.99,,,,,,,,-9.59,160.2,Meriones rex,404784,True
Uromys siebersi,Rodentia,Muridae,,,,,,,,,,,Uromys siebersi,3608785,False
Uropsilus andersoni,Soricomorpha,Talpidae,,,,,,,,,29.02,103.42,Uropsilus andersoni,3614212,False
Uropsilus gracilis,Soricomorpha,Talpidae,,,,,,,,,29.16,103.87,Uropsilus gracilis,225262,False
Uropsilus investigator,Soricomorpha,Talpidae,,,,,,,,,28.0,98.61,Uropsilus investigator,3614213,False
Uropsilus soricipes,Soricomorpha,Talpidae,16.0,,,,,,,3.0,29.96,104.8,Uropsilus soricipes,799579,False
Urotrichus talpoides,Soricomorpha,Talpidae,18.2,36.05,3.49,0.001791593,42.0,4999.99,27.79,2.0,36.26,135.81,Urotrichus talpoides,313470,False
Ursus americanus,Carnivora,Ursidae,110500.0,213.95,2.39,31.25,384.0,0.72,167.99,1.0,47.57,0.0,Ursus americanus,872577,False
Ursus arctos,Carnivora,Ursidae,196287.5,227.56,2.24,310.81,600.0,0.02,182.5,2.0,50.76,5.93,Ursus arctos,872567,False
Ursus maritimus,Carnivora,Ursidae,371703.81,64.66,1.66,77270.47,458.4,0.007048404,205.17,2.0,,,Ursus maritimus,10732,False
Ursus thibetanus,Carnivora,Ursidae,99714.19,199.92,1.5,0.7,422.0,,82.01,1.0,28.27,102.35,Ursus thibetanus,872580,False
Vampyressa bidens,Chiroptera,Phyllostomidae,11.91,,0.98,,,,,,-3.79,-63.18,Vampyressa bidens,842098,False
Vampyressa brocki,Chiroptera,Phyllostomidae,48.0,,,,,,,,0.76,-62.92,Vampyressa brocki,655347,False
Vampyressa melissa,Chiroptera,Phyllostomidae,16.58,,0.98,,,,,,0.26,-64.05,Vampyressa melissa,393952,False
Vampyressa nymphaea,Chiroptera,Phyllostomidae,69.0,,0.99,,,,,,9.82,-81.01,Vampyressa nymphaea,981726,False
Vampyressa pusilla,Chiroptera,Phyllostomidae,8.77,,0.98,,,,,1.0,,,Vampyressa pusilla,269233,False
Vampyressa thyone,Chiroptera,Phyllostomidae,7.17,,,,,,,,,,Vampyressa thyone,393959,False
Vampyrodes caraccioli,Chiroptera,Phyllostomidae,35.89,,0.98,,,,,1.0,0.28,-71.81,Vampyrodes caraccioli,269230,False
Vampyrum spectrum,Chiroptera,Phyllostomidae,171.61,,1.0,,78.0,,,2.0,-0.75,-73.14,Vampyrum spectrum,353066,False
Vandeleuria nilagirica,Rodentia,Muridae,,,,,,,,,,,Vandeleuria nilagirica,3610591,False
Vandeleuria nolthenii,Rodentia,Muridae,,,4.0,,,,,,7.14,81.02,Vandeleuria nolthenii,3610383,False
Vandeleuria oleracea,Rodentia,Muridae,,,3.24,,,,,,17.76,90.78,Vandeleuria oleracea,3610384,False
Varecia rubra,Primates,Lemuridae,3872.6,,,,,,,,-15.44,50.02,Varecia rubra,462792,False
Varecia variegata,Primates,Lemuridae,3849.99,102.5,2.16,1.39,384.0,27.83,90.73,1.0,-19.18,48.25,Varecia variegata,388420,False
Vernaya fulva,Rodentia,Muridae,,,,,,,,,29.69,103.24,Vernaya fulva,3610360,False
Vespadelus baverstocki,Chiroptera,Vespertilionidae,,,,,,,,,-29.24,134.11,Vespadelus baverstocki,3613796,False
Vespadelus caurinus,Chiroptera,Vespertilionidae,,,1.5,,,,36.41,,-15.18,130.35,Vespadelus caurinus,3614199,False
Vespadelus darlingtoni,Chiroptera,Vespertilionidae,6.06,,,,,,,3.0,-35.39,147.82,Eptesicus sagittula,739212,True
Vespadelus douglasorum,Chiroptera,Vespertilionidae,4.99,,,,,,,,-15.4,125.68,Vespadelus douglasorum,3613801,False
Vespadelus finlaysoni,Chiroptera,Vespertilionidae,,,,,,,,,-23.72,128.84,Vespadelus finlaysoni,3614139,False
Vespadelus pumilus,Chiroptera,Vespertilionidae,5.4,,1.21,,,,46.6,3.0,-25.37,151.71,Vespadelus pumilus,3613800,False
Vespadelus regulus,Chiroptera,Vespertilionidae,5.05,92.54,1.0,,,,60.41,3.0,-35.4,134.3,Eptesicus regulus,383887,True
Vespadelus troughtoni,Chiroptera,Vespertilionidae,,,,,,,,,-23.62,147.94,Vespadelus troughtoni,3614182,False
Vespadelus vulturnus,Chiroptera,Vespertilionidae,3.77,,1.0,,,,,3.0,-34.21,145.86,Eptesicus vulturnus,687559,True
Vespertilio murinus,Chiroptera,Vespertilionidae,15.42,52.14,1.5,,144.0,,94.29,3.0,47.75,71.29,Vespertilio murinus,190920,False
Vespertilio sinensis,Chiroptera,Vespertilionidae,24.3,52.14,2.0,,,,34.99,3.0,35.92,125.16,Vespertilio sinensis,389101,False
Vicugna vicugna,Artiodactyla,Camelidae,47499.61,345.45,1.0,0.12,297.6,3.1,309.89,1.0,-19.5,-71.69,Vicugna vicugna,986959,False
Viverra civettina,Carnivora,Viverridae,12061.27,,,,,,,2.0,10.87,76.27,Viverra civettina,3613145,False
Viverra megaspila,Carnivora,Viverridae,,,,,,,,,12.1,101.83,Viverra megaspila,373464,False
Viverra tangalunga,Carnivora,Viverridae,7349.99,,1.92,,144.0,,,2.0,0.54,107.22,Viverra tangalunga,561910,False
Viverra zibetha,Carnivora,Viverridae,9148.77,80.3,2.89,9.36,240.0,,,2.0,16.64,103.93,Viverra zibetha,445401,False
Viverricula indica,Carnivora,Viverridae,2918.88,,3.74,,126.0,,,2.0,11.89,94.37,Viverricula indica,194346,False
Voalavo gymnocaudus,Rodentia,Nesomyidae,,,,,,,,,,,Voalavo gymnocaudus,459975,False
Volemys millicens,Rodentia,Cricetidae,,,,,,,,,28.07,98.99,Volemys millicens,512350,False
Volemys musseri,Rodentia,Cricetidae,,,,,,,,,31.45,102.62,Volemys musseri,512351,False
Vombatus ursinus,Diprotodontia,Vombatidae,26000.0,30.0,1.0,0.08,313.2,25.92,447.45,1.0,-36.05,145.51,Vombatus ursinus,835328,False
Vormela peregusna,Carnivora,Mustelidae,594.13,60.83,5.07,,107.0,,,3.0,40.59,68.25,Vormela peregusna,1031807,False
Vulpes bengalensis,Carnivora,Canidae,2514.4,52.33,3.49,,120.0,,,2.0,21.27,78.36,Vulpes bengalensis,3612511,False
Vulpes cana,Carnivora,Canidae,988.5,57.35,2.0,1.17,120.0,1.25,44.74,2.0,27.06,49.02,Vulpes cana,996571,False
Vulpes chama,Carnivora,Canidae,2919.8,52.59,2.5,,120.0,,,2.0,-25.18,21.48,Vulpes chama,821968,False
Vulpes corsac,Carnivora,Canidae,2615.33,54.99,5.62,,,,54.56,2.0,41.96,92.4,Vulpes corsac,523960,False
Vulpes ferrilata,Carnivora,Canidae,5543.74,54.23,3.49,,,,55.68,3.0,32.4,91.71,Vulpes ferrilata,110766,False
Vulpes lagopus,Carnivora,Canidae,3584.37,52.99,7.65,14.1,180.0,0.1,49.5,3.0,65.45,0.0,Vulpes lagopus,775766,False
Vulpes macrotis,Carnivora,Canidae,4499.97,,4.5,8.1,240.0,0.19,,,32.77,-111.19,Vulpes macrotis,297453,False
Vulpes pallida,Carnivora,Canidae,2800.01,,4.0,,120.0,6.11,,2.0,15.0,11.84,Vulpes pallida,3612512,False
Vulpes rueppellii,Carnivora,Canidae,3249.97,,2.12,29.93,,,,3.0,24.61,27.22,Vulpes rueppellii,419501,False
Vulpes velox,Carnivora,Canidae,2088.0,53.7,4.25,4.59,240.0,0.41,47.08,3.0,38.43,-102.84,Vulpes velox,297455,False
Vulpes vulpes,Carnivora,Canidae,4820.36,52.5,4.59,3.5,180.0,1.1,50.71,3.0,43.1,0.0,Vulpes vulpes,821964,False
Vulpes zerda,Carnivora,Canidae,1317.13,51.0,2.36,,175.0,,65.56,2.0,25.73,15.99,Vulpes zerda,315465,False
Wallabia bicolor,Diprotodontia,Macropodidae,14999.95,35.88,1.04,0.11,180.0,32.0,447.45,1.0,-24.91,147.11,Wallabia bicolor,836770,False
Wiedomys pyrrhorhinos,Rodentia,Cricetidae,46.7,,3.8,,,,,2.0,-7.82,-40.37,Wiedomys pyrrhorhinos,247843,False
Wilfredomys oenax,Rodentia,Cricetidae,46.8,,,,,,,,-29.82,-51.96,Wilfredomys oenax,3608218,False
Wyulda squamicaudata,Diprotodontia,Phalangeridae,1799.21,,1.01,,72.0,345.0,240.97,1.0,-15.9,124.73,Wyulda squamicaudata,836537,False
Xenomys nelsoni,Rodentia,Cricetidae,129.99,,1.6,,,,,,20.82,-104.8,Xenomys nelsoni,15642,False
Xenuromys barbatus,Rodentia,Muridae,975.3,,,,,,,2.0,-6.58,144.51,Xenuromys barbatus,3609983,False
Xeromys myoides,Rodentia,Muridae,45.2,,2.0,,,,,3.0,-18.48,141.38,Xeromys myoides,156337,False
Xerus erythropus,Rodentia,Sciuridae,602.23,,3.45,0.09,72.0,,50.21,,12.21,10.52,Xerus erythropus,898084,False
Xerus inauris,Rodentia,Sciuridae,572.6,47.29,2.06,,156.0,,51.85,1.0,-24.11,21.48,Xerus inauris,373581,False
Xerus princeps,Rodentia,Sciuridae,624.9,45.5,2.0,,,,,1.0,-21.86,15.86,Xerus princeps,898086,False
Xerus rutilus,Rodentia,Sciuridae,316.96,,1.94,0.03,,798.09,,2.0,5.74,43.15,Xerus rutilus,953165,False
Zaedyus pichiy,Cingulata,Dasypodidae,1444.76,61.27,2.0,,108.0,,41.88,2.0,-40.89,-65.66,Zaedyus pichiy,1002419,False
Zaglossus attenboroughi,Monotremata,Tachyglossidae,,,,,,,,,-2.52,140.53,Zaglossus attenboroughi,3615204,False
Zaglossus bartoni,Monotremata,Tachyglossidae,,,,,,,,,-6.72,142.93,Zaglossus bartoni,3615201,False
Zaglossus bruijni,Monotremata,Tachyglossidae,8951.71,10.0,1.0,,372.0,1.6,90.73,3.0,-2.07,133.29,Zaglossus bruijni,565578,False
Zalophus californianus,Carnivora,Otariidae,137194.86,349.99,1.41,,360.0,0.5,319.01,2.0,,,Zalophus californianus,95364,False
Zalophus japonicus,Carnivora,Otariidae,,,,,,,,,,,Zalophus japonicus,916955,False
Zalophus wollebaeki,Carnivora,Otariidae,,,,,,,,,,,Zalophus wollebaeki,842211,False
Zapus hudsonius,Rodentia,Dipodidae,18.43,18.24,5.36,0.00185499,60.0,882.0,25.0,2.0,48.34,-109.5,Zapus hudsonius,1090614,False
Zapus princeps,Rodentia,Dipodidae,27.2,18.11,5.04,0.001944219,,292.3,29.04,2.0,47.4,-116.42,Zapus princeps,174407,False
Zapus trinotatus,Rodentia,Dipodidae,27.45,21.37,5.47,,,,30.18,2.0,43.73,-122.77,Zapus trinotatus,259968,False
Zelotomys hildegardeae,Rodentia,Muridae,55.22,,5.75,,,61.11,,,-4.15,27.29,Zelotomys hildegardeae,194428,False
Zelotomys woosnami,Rodentia,Muridae,54.1,30.99,4.99,,,,15.9,,-22.56,20.73,Zelotomys woosnami,3608750,False
Zenkerella insignis,Rodentia,Anomaluridae,200.0,,,,,,,,3.11,13.26,Zenkerella insignis,3609281,False
Ziphius cavirostris,Cetacea,Ziphiidae,4774999.99,,1.0,,432.0,,,3.0,,,Ziphius cavirostris,800311,False
Zygodontomys brevicauda,Rodentia,Cricetidae,52.22,25.39,4.23,,,1029.29,18.5,2.0,5.87,-67.7,Zygodontomys brevicauda,223404,False
Zygodontomys brunneus,Rodentia,Cricetidae,75.59,,,,,,,,4.31,-75.57,Zygodontomys brunneus,3608351,False
Zygogeomys trichopus,Rodentia,Geomyidae,473.54,,,,,,,1.0,19.5,-102.04,Zygogeomys trichopus,791961,False
Zyzomys argurus,Rodentia,Muridae,40.42,25.0,2.76,0.001039588,,535.51,34.99,,-18.3,131.09,Zyzomys argurus,730968,False
Zyzomys maini,Rodentia,Muridae,93.99,,,,,,,,-13.98,132.66,Zyzomys maini,399973,False
Zyzomys palatilis,Rodentia,Muridae,123.0,,,,,,,,-17.81,137.08,Zyzomys palatilis,399975,False
Zyzomys pedunculatus,Rodentia,Muridae,100.0,,,,,,,,-22.81,132.97,Zyzomys pedunculatus,399977,False
Zyzomys woodwardi,Rodentia,Muridae,95.02,,2.23,,,,34.99,,-15.54,125.55,Zyzomys woodwardi,399979,False
